solid OpenSCAD_Model
  facet normal 0.987689 -0.156431 0
    outer loop
      vertex 9.78148 -2.07912 0.649961
      vertex 9.94522 -1.04528 40
      vertex 9.78148 -2.07912 40
    endloop
  endfacet
  facet normal 0.987689 -0.156431 0
    outer loop
      vertex 9.94522 -1.04528 40
      vertex 9.78148 -2.07912 0.649961
      vertex 9.94522 -1.04528 0.635635
    endloop
  endfacet
  facet normal 0.987689 -0.156431 0
    outer loop
      vertex 9.78148 -2.07912 -40
      vertex 9.94522 -1.04528 -2.37582
      vertex 9.78148 -2.07912 -2.3615
    endloop
  endfacet
  facet normal 0.987689 -0.156431 0
    outer loop
      vertex 9.94522 -1.04528 -2.37582
      vertex 9.78148 -2.07912 -40
      vertex 9.94522 -1.04528 -40
    endloop
  endfacet
  facet normal 0.987689 0.156431 0
    outer loop
      vertex 9.94522 1.04528 -2.37582
      vertex 9.78148 2.07912 -40
      vertex 9.78148 2.07912 -2.3615
    endloop
  endfacet
  facet normal 0.987689 0.156431 0
    outer loop
      vertex 9.78148 2.07912 -40
      vertex 9.94522 1.04528 -2.37582
      vertex 9.94522 1.04528 -40
    endloop
  endfacet
  facet normal 0.987689 0.156431 0
    outer loop
      vertex 9.94522 1.04528 40
      vertex 9.78148 2.07912 0.649961
      vertex 9.78148 2.07912 40
    endloop
  endfacet
  facet normal 0.987689 0.156431 0
    outer loop
      vertex 9.78148 2.07912 0.649961
      vertex 9.94522 1.04528 40
      vertex 9.94522 1.04528 0.635635
    endloop
  endfacet
  facet normal 0.99863 0.0523352 0
    outer loop
      vertex 10 0 -2.38062
      vertex 9.94522 1.04528 -40
      vertex 9.94522 1.04528 -2.37582
    endloop
  endfacet
  facet normal 0.99863 0.0523352 0
    outer loop
      vertex 9.94522 1.04528 -40
      vertex 10 0 -2.38062
      vertex 10 0 -40
    endloop
  endfacet
  facet normal 0.99863 0.0523352 0
    outer loop
      vertex 10 0 40
      vertex 9.94522 1.04528 0.635635
      vertex 9.94522 1.04528 40
    endloop
  endfacet
  facet normal 0.99863 0.0523352 0
    outer loop
      vertex 9.94522 1.04528 0.635635
      vertex 10 0 40
      vertex 10 0 0.630843
    endloop
  endfacet
  facet normal 0.965923 0.258828 0
    outer loop
      vertex 9.78148 2.07912 -2.3615
      vertex 9.51056 3.09017 -40
      vertex 9.51056 3.09017 -2.3378
    endloop
  endfacet
  facet normal 0.965923 0.258828 0
    outer loop
      vertex 9.51056 3.09017 -40
      vertex 9.78148 2.07912 -2.3615
      vertex 9.78148 2.07912 -40
    endloop
  endfacet
  facet normal 0.965923 0.258828 0
    outer loop
      vertex 9.78148 2.07912 40
      vertex 9.51056 3.09017 0.673663
      vertex 9.51056 3.09017 40
    endloop
  endfacet
  facet normal 0.965923 0.258828 0
    outer loop
      vertex 9.51056 3.09017 0.673663
      vertex 9.78148 2.07912 40
      vertex 9.78148 2.07912 0.649961
    endloop
  endfacet
  facet normal 0.838672 0.544637 0
    outer loop
      vertex 8.66025 5 -2.2634
      vertex 8.09017 5.87785 -40
      vertex 8.09017 5.87785 -2.21353
    endloop
  endfacet
  facet normal 0.838672 0.544637 0
    outer loop
      vertex 8.09017 5.87785 -40
      vertex 8.66025 5 -2.2634
      vertex 8.66025 5 -40
    endloop
  endfacet
  facet normal 0.838672 0.544637 0
    outer loop
      vertex 8.66025 5 40
      vertex 8.09017 5.87785 0.797931
      vertex 8.09017 5.87785 40
    endloop
  endfacet
  facet normal 0.838672 0.544637 0
    outer loop
      vertex 8.09017 5.87785 0.797931
      vertex 8.66025 5 40
      vertex 8.66025 5 0.748055
    endloop
  endfacet
  facet normal -0.0523352 0.99863 0
    outer loop
      vertex -1.04528 9.94522 -40
      vertex 0 10 -1.50573
      vertex 0 10 -40
    endloop
  endfacet
  facet normal -0.0523352 0.99863 0
    outer loop
      vertex 0 10 -1.50573
      vertex -1.04528 9.94522 -40
      vertex -1.04528 9.94522 -1.41428
    endloop
  endfacet
  facet normal -0.0523352 0.99863 0
    outer loop
      vertex 0 10 40
      vertex -1.04528 9.94522 1.59718
      vertex -1.04528 9.94522 40
    endloop
  endfacet
  facet normal -0.0523352 0.99863 0
    outer loop
      vertex -1.04528 9.94522 1.59718
      vertex 0 10 40
      vertex 0 10 1.50573
    endloop
  endfacet
  facet normal 0.99863 -0.0523352 0
    outer loop
      vertex 9.94522 -1.04528 -2.37582
      vertex 10 0 -40
      vertex 10 0 -2.38062
    endloop
  endfacet
  facet normal 0.99863 -0.0523352 0
    outer loop
      vertex 10 0 -40
      vertex 9.94522 -1.04528 -2.37582
      vertex 9.94522 -1.04528 -40
    endloop
  endfacet
  facet normal 0.99863 -0.0523352 0
    outer loop
      vertex 9.94522 -1.04528 40
      vertex 10 0 0.630843
      vertex 10 0 40
    endloop
  endfacet
  facet normal 0.99863 -0.0523352 0
    outer loop
      vertex 10 0 0.630843
      vertex 9.94522 -1.04528 40
      vertex 9.94522 -1.04528 0.635635
    endloop
  endfacet
  facet normal 0.777149 0.629316 0
    outer loop
      vertex 8.09017 5.87785 -2.21353
      vertex 7.43145 6.69131 -40
      vertex 7.43145 6.69131 -2.1559
    endloop
  endfacet
  facet normal 0.777149 0.629316 0
    outer loop
      vertex 7.43145 6.69131 -40
      vertex 8.09017 5.87785 -2.21353
      vertex 8.09017 5.87785 -40
    endloop
  endfacet
  facet normal 0.777149 0.629316 0
    outer loop
      vertex 8.09017 5.87785 40
      vertex 7.43145 6.69131 0.855562
      vertex 7.43145 6.69131 40
    endloop
  endfacet
  facet normal 0.777149 0.629316 0
    outer loop
      vertex 7.43145 6.69131 0.855562
      vertex 8.09017 5.87785 40
      vertex 8.09017 5.87785 0.797931
    endloop
  endfacet
  facet normal -0.987689 -0.156431 -0
    outer loop
      vertex -9.78148 -2.07912 -0.649961
      vertex -9.94522 -1.04528 -40
      vertex -9.78148 -2.07912 -40
    endloop
  endfacet
  facet normal -0.987689 -0.156431 0
    outer loop
      vertex -9.94522 -1.04528 -40
      vertex -9.78148 -2.07912 -0.649961
      vertex -9.94522 -1.04528 -0.635635
    endloop
  endfacet
  facet normal -0.987689 -0.156431 -0
    outer loop
      vertex -9.78148 -2.07912 40
      vertex -9.94522 -1.04528 2.37582
      vertex -9.78148 -2.07912 2.3615
    endloop
  endfacet
  facet normal -0.987689 -0.156431 0
    outer loop
      vertex -9.94522 -1.04528 2.37582
      vertex -9.78148 -2.07912 40
      vertex -9.94522 -1.04528 40
    endloop
  endfacet
  facet normal -0.891006 0.453991 0
    outer loop
      vertex -9.13545 4.06737 -40
      vertex -8.66025 5 -0.748055
      vertex -8.66025 5 -40
    endloop
  endfacet
  facet normal -0.891006 0.453991 0
    outer loop
      vertex -8.66025 5 -0.748055
      vertex -9.13545 4.06737 -40
      vertex -9.13545 4.06737 -0.706481
    endloop
  endfacet
  facet normal -0.891006 0.453991 0
    outer loop
      vertex -9.13545 4.06737 2.30498
      vertex -8.66025 5 40
      vertex -8.66025 5 2.2634
    endloop
  endfacet
  facet normal -0.891006 0.453991 0
    outer loop
      vertex -8.66025 5 40
      vertex -9.13545 4.06737 2.30498
      vertex -9.13545 4.06737 40
    endloop
  endfacet
  facet normal 0.258828 0.965923 0
    outer loop
      vertex 2.07912 9.78148 -40
      vertex 3.09017 9.51056 -1.77608
      vertex 3.09017 9.51056 -40
    endloop
  endfacet
  facet normal 0.258828 0.965923 0
    outer loop
      vertex 3.09017 9.51056 -1.77608
      vertex 2.07912 9.78148 -40
      vertex 2.07912 9.78148 -1.68763
    endloop
  endfacet
  facet normal 0.258828 0.965923 0
    outer loop
      vertex 3.09017 9.51056 40
      vertex 2.07912 9.78148 1.32383
      vertex 2.07912 9.78148 40
    endloop
  endfacet
  facet normal 0.258828 0.965923 0
    outer loop
      vertex 2.07912 9.78148 1.32383
      vertex 3.09017 9.51056 40
      vertex 3.09017 9.51056 1.23537
    endloop
  endfacet
  facet normal 0.358366 0.933581 0
    outer loop
      vertex 3.09017 9.51056 -40
      vertex 4.06737 9.13545 -1.86158
      vertex 4.06737 9.13545 -40
    endloop
  endfacet
  facet normal 0.358366 0.933581 0
    outer loop
      vertex 4.06737 9.13545 -1.86158
      vertex 3.09017 9.51056 -40
      vertex 3.09017 9.51056 -1.77608
    endloop
  endfacet
  facet normal 0.358366 0.933581 0
    outer loop
      vertex 4.06737 9.13545 40
      vertex 3.09017 9.51056 1.23537
      vertex 3.09017 9.51056 40
    endloop
  endfacet
  facet normal 0.358366 0.933581 0
    outer loop
      vertex 3.09017 9.51056 1.23537
      vertex 4.06737 9.13545 40
      vertex 4.06737 9.13545 1.14988
    endloop
  endfacet
  facet normal -0.965923 -0.258828 -0
    outer loop
      vertex -9.51056 -3.09017 -0.673663
      vertex -9.78148 -2.07912 -40
      vertex -9.51056 -3.09017 -40
    endloop
  endfacet
  facet normal -0.965923 -0.258828 0
    outer loop
      vertex -9.78148 -2.07912 -40
      vertex -9.51056 -3.09017 -0.673663
      vertex -9.78148 -2.07912 -0.649961
    endloop
  endfacet
  facet normal -0.965923 -0.258828 -0
    outer loop
      vertex -9.51056 -3.09017 40
      vertex -9.78148 -2.07912 2.3615
      vertex -9.51056 -3.09017 2.3378
    endloop
  endfacet
  facet normal -0.965923 -0.258828 0
    outer loop
      vertex -9.78148 -2.07912 2.3615
      vertex -9.51056 -3.09017 40
      vertex -9.78148 -2.07912 40
    endloop
  endfacet
  facet normal 0.629316 0.777149 0
    outer loop
      vertex 5.87785 8.09017 -40
      vertex 6.69131 7.43145 -2.09114
      vertex 6.69131 7.43145 -40
    endloop
  endfacet
  facet normal 0.629316 0.777149 0
    outer loop
      vertex 6.69131 7.43145 -2.09114
      vertex 5.87785 8.09017 -40
      vertex 5.87785 8.09017 -2.01997
    endloop
  endfacet
  facet normal 0.629316 0.777149 0
    outer loop
      vertex 6.69131 7.43145 40
      vertex 5.87785 8.09017 0.991484
      vertex 5.87785 8.09017 40
    endloop
  endfacet
  facet normal 0.629316 0.777149 0
    outer loop
      vertex 5.87785 8.09017 0.991484
      vertex 6.69131 7.43145 40
      vertex 6.69131 7.43145 0.920316
    endloop
  endfacet
  facet normal 0.358366 -0.933581 0
    outer loop
      vertex 3.09017 -9.51056 -40
      vertex 4.06737 -9.13545 -1.86158
      vertex 3.09017 -9.51056 -1.77608
    endloop
  endfacet
  facet normal 0.358366 -0.933581 0
    outer loop
      vertex 4.06737 -9.13545 -1.86158
      vertex 3.09017 -9.51056 -40
      vertex 4.06737 -9.13545 -40
    endloop
  endfacet
  facet normal 0.358366 -0.933581 0
    outer loop
      vertex 3.09017 -9.51056 1.23537
      vertex 4.06737 -9.13545 40
      vertex 3.09017 -9.51056 40
    endloop
  endfacet
  facet normal 0.358366 -0.933581 0
    outer loop
      vertex 4.06737 -9.13545 40
      vertex 3.09017 -9.51056 1.23537
      vertex 4.06737 -9.13545 1.14988
    endloop
  endfacet
  facet normal -0.777149 0.629316 0
    outer loop
      vertex -8.09017 5.87785 2.21353
      vertex -7.43145 6.69131 40
      vertex -7.43145 6.69131 2.1559
    endloop
  endfacet
  facet normal -0.777149 0.629316 0
    outer loop
      vertex -7.43145 6.69131 40
      vertex -8.09017 5.87785 2.21353
      vertex -8.09017 5.87785 40
    endloop
  endfacet
  facet normal -0.777149 0.629316 0
    outer loop
      vertex -8.09017 5.87785 -40
      vertex -7.43145 6.69131 -0.855562
      vertex -7.43145 6.69131 -40
    endloop
  endfacet
  facet normal -0.777149 0.629316 0
    outer loop
      vertex -7.43145 6.69131 -0.855562
      vertex -8.09017 5.87785 -40
      vertex -8.09017 5.87785 -0.797931
    endloop
  endfacet
  facet normal -0.258828 0.965923 0
    outer loop
      vertex -2.07912 9.78148 40
      vertex -3.09017 9.51056 1.77608
      vertex -3.09017 9.51056 40
    endloop
  endfacet
  facet normal -0.258828 0.965923 0
    outer loop
      vertex -3.09017 9.51056 1.77608
      vertex -2.07912 9.78148 40
      vertex -2.07912 9.78148 1.68763
    endloop
  endfacet
  facet normal -0.258828 0.965923 0
    outer loop
      vertex -3.09017 9.51056 -40
      vertex -2.07912 9.78148 -1.32383
      vertex -2.07912 9.78148 -40
    endloop
  endfacet
  facet normal -0.258828 0.965923 0
    outer loop
      vertex -2.07912 9.78148 -1.32383
      vertex -3.09017 9.51056 -40
      vertex -3.09017 9.51056 -1.23537
    endloop
  endfacet
  facet normal -0.707107 0.707107 0
    outer loop
      vertex -7.43145 6.69131 2.1559
      vertex -6.69131 7.43145 40
      vertex -6.69131 7.43145 2.09114
    endloop
  endfacet
  facet normal -0.707107 0.707107 0
    outer loop
      vertex -6.69131 7.43145 40
      vertex -7.43145 6.69131 2.1559
      vertex -7.43145 6.69131 40
    endloop
  endfacet
  facet normal -0.707107 0.707107 0
    outer loop
      vertex -7.43145 6.69131 -40
      vertex -6.69131 7.43145 -0.920316
      vertex -6.69131 7.43145 -40
    endloop
  endfacet
  facet normal -0.707107 0.707107 0
    outer loop
      vertex -6.69131 7.43145 -0.920316
      vertex -7.43145 6.69131 -40
      vertex -7.43145 6.69131 -0.855562
    endloop
  endfacet
  facet normal -0.544637 0.838672 0
    outer loop
      vertex -5.87785 8.09017 -40
      vertex -5 8.66025 -1.06829
      vertex -5 8.66025 -40
    endloop
  endfacet
  facet normal -0.544637 0.838672 0
    outer loop
      vertex -5 8.66025 -1.06829
      vertex -5.87785 8.09017 -40
      vertex -5.87785 8.09017 -0.991484
    endloop
  endfacet
  facet normal -0.544637 0.838672 0
    outer loop
      vertex -5 8.66025 40
      vertex -5.87785 8.09017 2.01997
      vertex -5.87785 8.09017 40
    endloop
  endfacet
  facet normal -0.544637 0.838672 0
    outer loop
      vertex -5.87785 8.09017 2.01997
      vertex -5 8.66025 40
      vertex -5 8.66025 1.94317
    endloop
  endfacet
  facet normal 0.965923 -0.258828 0
    outer loop
      vertex 9.51056 -3.09017 0.673663
      vertex 9.78148 -2.07912 40
      vertex 9.51056 -3.09017 40
    endloop
  endfacet
  facet normal 0.965923 -0.258828 0
    outer loop
      vertex 9.78148 -2.07912 40
      vertex 9.51056 -3.09017 0.673663
      vertex 9.78148 -2.07912 0.649961
    endloop
  endfacet
  facet normal 0.965923 -0.258828 0
    outer loop
      vertex 9.51056 -3.09017 -40
      vertex 9.78148 -2.07912 -2.3615
      vertex 9.51056 -3.09017 -2.3378
    endloop
  endfacet
  facet normal 0.965923 -0.258828 0
    outer loop
      vertex 9.78148 -2.07912 -2.3615
      vertex 9.51056 -3.09017 -40
      vertex 9.78148 -2.07912 -40
    endloop
  endfacet
  facet normal 0.0523352 -0.99863 0
    outer loop
      vertex 0 -10 -40
      vertex 1.04528 -9.94522 -1.59718
      vertex 0 -10 -1.50573
    endloop
  endfacet
  facet normal 0.0523352 -0.99863 0
    outer loop
      vertex 1.04528 -9.94522 -1.59718
      vertex 0 -10 -40
      vertex 1.04528 -9.94522 -40
    endloop
  endfacet
  facet normal 0.0523352 -0.99863 0
    outer loop
      vertex 0 -10 1.50573
      vertex 1.04528 -9.94522 40
      vertex 0 -10 40
    endloop
  endfacet
  facet normal 0.0523352 -0.99863 0
    outer loop
      vertex 1.04528 -9.94522 40
      vertex 0 -10 1.50573
      vertex 1.04528 -9.94522 1.41428
    endloop
  endfacet
  facet normal 0.544637 0.838672 0
    outer loop
      vertex 5.87785 8.09017 40
      vertex 5 8.66025 1.06829
      vertex 5 8.66025 40
    endloop
  endfacet
  facet normal 0.544637 0.838672 0
    outer loop
      vertex 5 8.66025 1.06829
      vertex 5.87785 8.09017 40
      vertex 5.87785 8.09017 0.991484
    endloop
  endfacet
  facet normal 0.544637 0.838672 0
    outer loop
      vertex 5 8.66025 -40
      vertex 5.87785 8.09017 -2.01997
      vertex 5.87785 8.09017 -40
    endloop
  endfacet
  facet normal 0.544637 0.838672 0
    outer loop
      vertex 5.87785 8.09017 -2.01997
      vertex 5 8.66025 -40
      vertex 5 8.66025 -1.94317
    endloop
  endfacet
  facet normal -0.838672 -0.544637 -0
    outer loop
      vertex -8.09017 -5.87785 -0.797931
      vertex -8.66025 -5 -40
      vertex -8.09017 -5.87785 -40
    endloop
  endfacet
  facet normal -0.838672 -0.544637 0
    outer loop
      vertex -8.66025 -5 -40
      vertex -8.09017 -5.87785 -0.797931
      vertex -8.66025 -5 -0.748055
    endloop
  endfacet
  facet normal -0.838672 -0.544637 -0
    outer loop
      vertex -8.09017 -5.87785 40
      vertex -8.66025 -5 2.2634
      vertex -8.09017 -5.87785 2.21353
    endloop
  endfacet
  facet normal -0.838672 -0.544637 0
    outer loop
      vertex -8.66025 -5 2.2634
      vertex -8.09017 -5.87785 40
      vertex -8.66025 -5 40
    endloop
  endfacet
  facet normal 0.156431 -0.987689 0
    outer loop
      vertex 1.04528 -9.94522 1.41428
      vertex 2.07912 -9.78148 40
      vertex 1.04528 -9.94522 40
    endloop
  endfacet
  facet normal 0.156431 -0.987689 0
    outer loop
      vertex 2.07912 -9.78148 40
      vertex 1.04528 -9.94522 1.41428
      vertex 2.07912 -9.78148 1.32383
    endloop
  endfacet
  facet normal 0.156431 -0.987689 0
    outer loop
      vertex 1.04528 -9.94522 -40
      vertex 2.07912 -9.78148 -1.68763
      vertex 1.04528 -9.94522 -1.59718
    endloop
  endfacet
  facet normal 0.156431 -0.987689 0
    outer loop
      vertex 2.07912 -9.78148 -1.68763
      vertex 1.04528 -9.94522 -40
      vertex 2.07912 -9.78148 -40
    endloop
  endfacet
  facet normal -0.453991 -0.891006 0
    outer loop
      vertex -5 -8.66025 -40
      vertex -4.06737 -9.13545 -1.14988
      vertex -5 -8.66025 -1.06829
    endloop
  endfacet
  facet normal -0.453991 -0.891006 -0
    outer loop
      vertex -4.06737 -9.13545 -1.14988
      vertex -5 -8.66025 -40
      vertex -4.06737 -9.13545 -40
    endloop
  endfacet
  facet normal -0.453991 -0.891006 0
    outer loop
      vertex -5 -8.66025 1.94317
      vertex -4.06737 -9.13545 40
      vertex -5 -8.66025 40
    endloop
  endfacet
  facet normal -0.453991 -0.891006 -0
    outer loop
      vertex -4.06737 -9.13545 40
      vertex -5 -8.66025 1.94317
      vertex -4.06737 -9.13545 1.86158
    endloop
  endfacet
  facet normal 0 0 1
    outer loop
      vertex 9.94522 1.04528 40
      vertex 9.94522 -1.04528 40
      vertex 10 0 40
    endloop
  endfacet
  facet normal 0 0 1
    outer loop
      vertex 9.78148 2.07912 40
      vertex 9.94522 -1.04528 40
      vertex 9.94522 1.04528 40
    endloop
  endfacet
  facet normal 0 0 1
    outer loop
      vertex 9.78148 2.07912 40
      vertex 9.78148 -2.07912 40
      vertex 9.94522 -1.04528 40
    endloop
  endfacet
  facet normal 0 0 1
    outer loop
      vertex 9.51056 3.09017 40
      vertex 9.78148 -2.07912 40
      vertex 9.78148 2.07912 40
    endloop
  endfacet
  facet normal 0 0 1
    outer loop
      vertex 9.51056 3.09017 40
      vertex 9.51056 -3.09017 40
      vertex 9.78148 -2.07912 40
    endloop
  endfacet
  facet normal 0 0 1
    outer loop
      vertex 9.13545 4.06737 40
      vertex 9.51056 -3.09017 40
      vertex 9.51056 3.09017 40
    endloop
  endfacet
  facet normal 0 0 1
    outer loop
      vertex 9.13545 4.06737 40
      vertex 9.13545 -4.06737 40
      vertex 9.51056 -3.09017 40
    endloop
  endfacet
  facet normal 0 0 1
    outer loop
      vertex 8.66025 5 40
      vertex 9.13545 -4.06737 40
      vertex 9.13545 4.06737 40
    endloop
  endfacet
  facet normal 0 0 1
    outer loop
      vertex 8.66025 5 40
      vertex 8.66025 -5 40
      vertex 9.13545 -4.06737 40
    endloop
  endfacet
  facet normal 0 0 1
    outer loop
      vertex 8.09017 5.87785 40
      vertex 8.66025 -5 40
      vertex 8.66025 5 40
    endloop
  endfacet
  facet normal 0 0 1
    outer loop
      vertex 8.09017 5.87785 40
      vertex 8.09017 -5.87785 40
      vertex 8.66025 -5 40
    endloop
  endfacet
  facet normal 0 0 1
    outer loop
      vertex 7.43145 6.69131 40
      vertex 8.09017 -5.87785 40
      vertex 8.09017 5.87785 40
    endloop
  endfacet
  facet normal 0 0 1
    outer loop
      vertex 7.43145 6.69131 40
      vertex 7.43145 -6.69131 40
      vertex 8.09017 -5.87785 40
    endloop
  endfacet
  facet normal 0 0 1
    outer loop
      vertex 6.69131 7.43145 40
      vertex 7.43145 -6.69131 40
      vertex 7.43145 6.69131 40
    endloop
  endfacet
  facet normal 0 0 1
    outer loop
      vertex 6.69131 7.43145 40
      vertex 6.69131 -7.43145 40
      vertex 7.43145 -6.69131 40
    endloop
  endfacet
  facet normal 0 0 1
    outer loop
      vertex 5.87785 8.09017 40
      vertex 6.69131 -7.43145 40
      vertex 6.69131 7.43145 40
    endloop
  endfacet
  facet normal 0 0 1
    outer loop
      vertex 5.87785 8.09017 40
      vertex 5.87785 -8.09017 40
      vertex 6.69131 -7.43145 40
    endloop
  endfacet
  facet normal 0 0 1
    outer loop
      vertex 5 8.66025 40
      vertex 5.87785 -8.09017 40
      vertex 5.87785 8.09017 40
    endloop
  endfacet
  facet normal 0 0 1
    outer loop
      vertex 5 8.66025 40
      vertex 5 -8.66025 40
      vertex 5.87785 -8.09017 40
    endloop
  endfacet
  facet normal 0 0 1
    outer loop
      vertex 4.06737 9.13545 40
      vertex 5 -8.66025 40
      vertex 5 8.66025 40
    endloop
  endfacet
  facet normal 0 0 1
    outer loop
      vertex 4.06737 9.13545 40
      vertex 4.06737 -9.13545 40
      vertex 5 -8.66025 40
    endloop
  endfacet
  facet normal 0 0 1
    outer loop
      vertex 3.09017 9.51056 40
      vertex 4.06737 -9.13545 40
      vertex 4.06737 9.13545 40
    endloop
  endfacet
  facet normal 0 0 1
    outer loop
      vertex 3.09017 9.51056 40
      vertex 3.09017 -9.51056 40
      vertex 4.06737 -9.13545 40
    endloop
  endfacet
  facet normal 0 0 1
    outer loop
      vertex 2.07912 9.78148 40
      vertex 3.09017 -9.51056 40
      vertex 3.09017 9.51056 40
    endloop
  endfacet
  facet normal 0 0 1
    outer loop
      vertex 2.07912 9.78148 40
      vertex 2.07912 -9.78148 40
      vertex 3.09017 -9.51056 40
    endloop
  endfacet
  facet normal 0 0 1
    outer loop
      vertex 1.04528 9.94522 40
      vertex 2.07912 -9.78148 40
      vertex 2.07912 9.78148 40
    endloop
  endfacet
  facet normal 0 0 1
    outer loop
      vertex 1.04528 9.94522 40
      vertex 1.04528 -9.94522 40
      vertex 2.07912 -9.78148 40
    endloop
  endfacet
  facet normal 0 0 1
    outer loop
      vertex 0 10 40
      vertex 1.04528 -9.94522 40
      vertex 1.04528 9.94522 40
    endloop
  endfacet
  facet normal 0 0 1
    outer loop
      vertex 0 10 40
      vertex 0 -10 40
      vertex 1.04528 -9.94522 40
    endloop
  endfacet
  facet normal -0 0 1
    outer loop
      vertex -1.04528 9.94522 40
      vertex 0 -10 40
      vertex 0 10 40
    endloop
  endfacet
  facet normal 0 0 1
    outer loop
      vertex -1.04528 9.94522 40
      vertex -1.04528 -9.94522 40
      vertex 0 -10 40
    endloop
  endfacet
  facet normal -0 0 1
    outer loop
      vertex -2.07912 9.78148 40
      vertex -1.04528 -9.94522 40
      vertex -1.04528 9.94522 40
    endloop
  endfacet
  facet normal 0 0 1
    outer loop
      vertex -2.07912 9.78148 40
      vertex -2.07912 -9.78148 40
      vertex -1.04528 -9.94522 40
    endloop
  endfacet
  facet normal -0 0 1
    outer loop
      vertex -3.09017 9.51056 40
      vertex -2.07912 -9.78148 40
      vertex -2.07912 9.78148 40
    endloop
  endfacet
  facet normal 0 0 1
    outer loop
      vertex -3.09017 9.51056 40
      vertex -3.09017 -9.51056 40
      vertex -2.07912 -9.78148 40
    endloop
  endfacet
  facet normal -0 0 1
    outer loop
      vertex -4.06737 9.13545 40
      vertex -3.09017 -9.51056 40
      vertex -3.09017 9.51056 40
    endloop
  endfacet
  facet normal 0 0 1
    outer loop
      vertex -4.06737 9.13545 40
      vertex -4.06737 -9.13545 40
      vertex -3.09017 -9.51056 40
    endloop
  endfacet
  facet normal -0 0 1
    outer loop
      vertex -5 8.66025 40
      vertex -4.06737 -9.13545 40
      vertex -4.06737 9.13545 40
    endloop
  endfacet
  facet normal 0 0 1
    outer loop
      vertex -5 8.66025 40
      vertex -5 -8.66025 40
      vertex -4.06737 -9.13545 40
    endloop
  endfacet
  facet normal -0 0 1
    outer loop
      vertex -5.87785 8.09017 40
      vertex -5 -8.66025 40
      vertex -5 8.66025 40
    endloop
  endfacet
  facet normal 0 0 1
    outer loop
      vertex -5.87785 8.09017 40
      vertex -5.87785 -8.09017 40
      vertex -5 -8.66025 40
    endloop
  endfacet
  facet normal -0 0 1
    outer loop
      vertex -6.69131 7.43145 40
      vertex -5.87785 -8.09017 40
      vertex -5.87785 8.09017 40
    endloop
  endfacet
  facet normal 0 0 1
    outer loop
      vertex -6.69131 7.43145 40
      vertex -6.69131 -7.43145 40
      vertex -5.87785 -8.09017 40
    endloop
  endfacet
  facet normal -0 0 1
    outer loop
      vertex -7.43145 6.69131 40
      vertex -6.69131 -7.43145 40
      vertex -6.69131 7.43145 40
    endloop
  endfacet
  facet normal 0 0 1
    outer loop
      vertex -7.43145 6.69131 40
      vertex -7.43145 -6.69131 40
      vertex -6.69131 -7.43145 40
    endloop
  endfacet
  facet normal -0 0 1
    outer loop
      vertex -8.09017 5.87785 40
      vertex -7.43145 -6.69131 40
      vertex -7.43145 6.69131 40
    endloop
  endfacet
  facet normal 0 0 1
    outer loop
      vertex -8.09017 5.87785 40
      vertex -8.09017 -5.87785 40
      vertex -7.43145 -6.69131 40
    endloop
  endfacet
  facet normal -0 0 1
    outer loop
      vertex -8.66025 5 40
      vertex -8.09017 -5.87785 40
      vertex -8.09017 5.87785 40
    endloop
  endfacet
  facet normal 0 0 1
    outer loop
      vertex -8.66025 5 40
      vertex -8.66025 -5 40
      vertex -8.09017 -5.87785 40
    endloop
  endfacet
  facet normal -0 0 1
    outer loop
      vertex -9.13545 4.06737 40
      vertex -8.66025 -5 40
      vertex -8.66025 5 40
    endloop
  endfacet
  facet normal 0 0 1
    outer loop
      vertex -9.13545 4.06737 40
      vertex -9.13545 -4.06737 40
      vertex -8.66025 -5 40
    endloop
  endfacet
  facet normal -0 0 1
    outer loop
      vertex -9.51056 3.09017 40
      vertex -9.13545 -4.06737 40
      vertex -9.13545 4.06737 40
    endloop
  endfacet
  facet normal 0 0 1
    outer loop
      vertex -9.51056 3.09017 40
      vertex -9.51056 -3.09017 40
      vertex -9.13545 -4.06737 40
    endloop
  endfacet
  facet normal -0 0 1
    outer loop
      vertex -9.78148 2.07912 40
      vertex -9.51056 -3.09017 40
      vertex -9.51056 3.09017 40
    endloop
  endfacet
  facet normal 0 0 1
    outer loop
      vertex -9.78148 2.07912 40
      vertex -9.78148 -2.07912 40
      vertex -9.51056 -3.09017 40
    endloop
  endfacet
  facet normal -0 0 1
    outer loop
      vertex -9.94522 1.04528 40
      vertex -9.78148 -2.07912 40
      vertex -9.78148 2.07912 40
    endloop
  endfacet
  facet normal 0 0 1
    outer loop
      vertex -9.94522 1.04528 40
      vertex -9.94522 -1.04528 40
      vertex -9.78148 -2.07912 40
    endloop
  endfacet
  facet normal 0 -0 1
    outer loop
      vertex -9.94522 -1.04528 40
      vertex -9.94522 1.04528 40
      vertex -10 0 40
    endloop
  endfacet
  facet normal -0.358366 0.933581 0
    outer loop
      vertex -4.06737 9.13545 -40
      vertex -3.09017 9.51056 -1.23537
      vertex -3.09017 9.51056 -40
    endloop
  endfacet
  facet normal -0.358366 0.933581 0
    outer loop
      vertex -3.09017 9.51056 -1.23537
      vertex -4.06737 9.13545 -40
      vertex -4.06737 9.13545 -1.14988
    endloop
  endfacet
  facet normal -0.358366 0.933581 0
    outer loop
      vertex -3.09017 9.51056 40
      vertex -4.06737 9.13545 1.86158
      vertex -4.06737 9.13545 40
    endloop
  endfacet
  facet normal -0.358366 0.933581 0
    outer loop
      vertex -4.06737 9.13545 1.86158
      vertex -3.09017 9.51056 40
      vertex -3.09017 9.51056 1.77608
    endloop
  endfacet
  facet normal 0.453991 0.891006 0
    outer loop
      vertex 5 8.66025 40
      vertex 4.06737 9.13545 1.14988
      vertex 4.06737 9.13545 40
    endloop
  endfacet
  facet normal 0.453991 0.891006 0
    outer loop
      vertex 4.06737 9.13545 1.14988
      vertex 5 8.66025 40
      vertex 5 8.66025 1.06829
    endloop
  endfacet
  facet normal 0.453991 0.891006 0
    outer loop
      vertex 4.06737 9.13545 -40
      vertex 5 8.66025 -1.94317
      vertex 5 8.66025 -40
    endloop
  endfacet
  facet normal 0.453991 0.891006 0
    outer loop
      vertex 5 8.66025 -1.94317
      vertex 4.06737 9.13545 -40
      vertex 4.06737 9.13545 -1.86158
    endloop
  endfacet
  facet normal 0.891006 -0.453991 0
    outer loop
      vertex 8.66025 -5 -40
      vertex 9.13545 -4.06737 -2.30498
      vertex 8.66025 -5 -2.2634
    endloop
  endfacet
  facet normal 0.891006 -0.453991 0
    outer loop
      vertex 9.13545 -4.06737 -2.30498
      vertex 8.66025 -5 -40
      vertex 9.13545 -4.06737 -40
    endloop
  endfacet
  facet normal 0.891006 -0.453991 0
    outer loop
      vertex 8.66025 -5 0.748055
      vertex 9.13545 -4.06737 40
      vertex 8.66025 -5 40
    endloop
  endfacet
  facet normal 0.891006 -0.453991 0
    outer loop
      vertex 9.13545 -4.06737 40
      vertex 8.66025 -5 0.748055
      vertex 9.13545 -4.06737 0.706481
    endloop
  endfacet
  facet normal 0.707107 0.707107 0
    outer loop
      vertex 7.43145 6.69131 -2.1559
      vertex 6.69131 7.43145 -40
      vertex 6.69131 7.43145 -2.09114
    endloop
  endfacet
  facet normal 0.707107 0.707107 0
    outer loop
      vertex 6.69131 7.43145 -40
      vertex 7.43145 6.69131 -2.1559
      vertex 7.43145 6.69131 -40
    endloop
  endfacet
  facet normal 0.707107 0.707107 0
    outer loop
      vertex 7.43145 6.69131 40
      vertex 6.69131 7.43145 0.920316
      vertex 6.69131 7.43145 40
    endloop
  endfacet
  facet normal 0.707107 0.707107 0
    outer loop
      vertex 6.69131 7.43145 0.920316
      vertex 7.43145 6.69131 40
      vertex 7.43145 6.69131 0.855562
    endloop
  endfacet
  facet normal -0.629316 -0.777149 0
    outer loop
      vertex -6.69131 -7.43145 -40
      vertex -5.87785 -8.09017 -0.991484
      vertex -6.69131 -7.43145 -0.920316
    endloop
  endfacet
  facet normal -0.629316 -0.777149 -0
    outer loop
      vertex -5.87785 -8.09017 -0.991484
      vertex -6.69131 -7.43145 -40
      vertex -5.87785 -8.09017 -40
    endloop
  endfacet
  facet normal -0.629316 -0.777149 0
    outer loop
      vertex -6.69131 -7.43145 2.09114
      vertex -5.87785 -8.09017 40
      vertex -6.69131 -7.43145 40
    endloop
  endfacet
  facet normal -0.629316 -0.777149 -0
    outer loop
      vertex -5.87785 -8.09017 40
      vertex -6.69131 -7.43145 2.09114
      vertex -5.87785 -8.09017 2.01997
    endloop
  endfacet
  facet normal 0.838672 -0.544637 0
    outer loop
      vertex 8.09017 -5.87785 0.797931
      vertex 8.66025 -5 40
      vertex 8.09017 -5.87785 40
    endloop
  endfacet
  facet normal 0.838672 -0.544637 0
    outer loop
      vertex 8.66025 -5 40
      vertex 8.09017 -5.87785 0.797931
      vertex 8.66025 -5 0.748055
    endloop
  endfacet
  facet normal 0.838672 -0.544637 0
    outer loop
      vertex 8.09017 -5.87785 -40
      vertex 8.66025 -5 -2.2634
      vertex 8.09017 -5.87785 -2.21353
    endloop
  endfacet
  facet normal 0.838672 -0.544637 0
    outer loop
      vertex 8.66025 -5 -2.2634
      vertex 8.09017 -5.87785 -40
      vertex 8.66025 -5 -40
    endloop
  endfacet
  facet normal 0.453991 -0.891006 0
    outer loop
      vertex 4.06737 -9.13545 1.14988
      vertex 5 -8.66025 40
      vertex 4.06737 -9.13545 40
    endloop
  endfacet
  facet normal 0.453991 -0.891006 0
    outer loop
      vertex 5 -8.66025 40
      vertex 4.06737 -9.13545 1.14988
      vertex 5 -8.66025 1.06829
    endloop
  endfacet
  facet normal 0.453991 -0.891006 0
    outer loop
      vertex 4.06737 -9.13545 -40
      vertex 5 -8.66025 -1.94317
      vertex 4.06737 -9.13545 -1.86158
    endloop
  endfacet
  facet normal 0.453991 -0.891006 0
    outer loop
      vertex 5 -8.66025 -1.94317
      vertex 4.06737 -9.13545 -40
      vertex 5 -8.66025 -40
    endloop
  endfacet
  facet normal -0.156431 0.987689 0
    outer loop
      vertex -2.07912 9.78148 -40
      vertex -1.04528 9.94522 -1.41428
      vertex -1.04528 9.94522 -40
    endloop
  endfacet
  facet normal -0.156431 0.987689 0
    outer loop
      vertex -1.04528 9.94522 -1.41428
      vertex -2.07912 9.78148 -40
      vertex -2.07912 9.78148 -1.32383
    endloop
  endfacet
  facet normal -0.156431 0.987689 0
    outer loop
      vertex -1.04528 9.94522 40
      vertex -2.07912 9.78148 1.68763
      vertex -2.07912 9.78148 40
    endloop
  endfacet
  facet normal -0.156431 0.987689 0
    outer loop
      vertex -2.07912 9.78148 1.68763
      vertex -1.04528 9.94522 40
      vertex -1.04528 9.94522 1.59718
    endloop
  endfacet
  facet normal 0.933581 0.358366 0
    outer loop
      vertex 9.51056 3.09017 -2.3378
      vertex 9.13545 4.06737 -40
      vertex 9.13545 4.06737 -2.30498
    endloop
  endfacet
  facet normal 0.933581 0.358366 0
    outer loop
      vertex 9.13545 4.06737 -40
      vertex 9.51056 3.09017 -2.3378
      vertex 9.51056 3.09017 -40
    endloop
  endfacet
  facet normal 0.933581 0.358366 0
    outer loop
      vertex 9.51056 3.09017 40
      vertex 9.13545 4.06737 0.706481
      vertex 9.13545 4.06737 40
    endloop
  endfacet
  facet normal 0.933581 0.358366 0
    outer loop
      vertex 9.13545 4.06737 0.706481
      vertex 9.51056 3.09017 40
      vertex 9.51056 3.09017 0.673663
    endloop
  endfacet
  facet normal 0.777149 -0.629316 0
    outer loop
      vertex 7.43145 -6.69131 -40
      vertex 8.09017 -5.87785 -2.21353
      vertex 7.43145 -6.69131 -2.1559
    endloop
  endfacet
  facet normal 0.777149 -0.629316 0
    outer loop
      vertex 8.09017 -5.87785 -2.21353
      vertex 7.43145 -6.69131 -40
      vertex 8.09017 -5.87785 -40
    endloop
  endfacet
  facet normal 0.777149 -0.629316 0
    outer loop
      vertex 7.43145 -6.69131 0.855562
      vertex 8.09017 -5.87785 40
      vertex 7.43145 -6.69131 40
    endloop
  endfacet
  facet normal 0.777149 -0.629316 0
    outer loop
      vertex 8.09017 -5.87785 40
      vertex 7.43145 -6.69131 0.855562
      vertex 8.09017 -5.87785 0.797931
    endloop
  endfacet
  facet normal -0.933581 -0.358366 -0
    outer loop
      vertex -9.13545 -4.06737 40
      vertex -9.51056 -3.09017 2.3378
      vertex -9.13545 -4.06737 2.30498
    endloop
  endfacet
  facet normal -0.933581 -0.358366 0
    outer loop
      vertex -9.51056 -3.09017 2.3378
      vertex -9.13545 -4.06737 40
      vertex -9.51056 -3.09017 40
    endloop
  endfacet
  facet normal -0.933581 -0.358366 -0
    outer loop
      vertex -9.13545 -4.06737 -0.706481
      vertex -9.51056 -3.09017 -40
      vertex -9.13545 -4.06737 -40
    endloop
  endfacet
  facet normal -0.933581 -0.358366 0
    outer loop
      vertex -9.51056 -3.09017 -40
      vertex -9.13545 -4.06737 -0.706481
      vertex -9.51056 -3.09017 -0.673663
    endloop
  endfacet
  facet normal -0.987689 0.156431 0
    outer loop
      vertex -9.94522 1.04528 -40
      vertex -9.78148 2.07912 -0.649961
      vertex -9.78148 2.07912 -40
    endloop
  endfacet
  facet normal -0.987689 0.156431 0
    outer loop
      vertex -9.78148 2.07912 -0.649961
      vertex -9.94522 1.04528 -40
      vertex -9.94522 1.04528 -0.635635
    endloop
  endfacet
  facet normal -0.987689 0.156431 0
    outer loop
      vertex -9.94522 1.04528 2.37582
      vertex -9.78148 2.07912 40
      vertex -9.78148 2.07912 2.3615
    endloop
  endfacet
  facet normal -0.987689 0.156431 0
    outer loop
      vertex -9.78148 2.07912 40
      vertex -9.94522 1.04528 2.37582
      vertex -9.94522 1.04528 40
    endloop
  endfacet
  facet normal 0.0523352 0.99863 0
    outer loop
      vertex 1.04528 9.94522 40
      vertex 0 10 1.50573
      vertex 0 10 40
    endloop
  endfacet
  facet normal 0.0523352 0.99863 0
    outer loop
      vertex 0 10 1.50573
      vertex 1.04528 9.94522 40
      vertex 1.04528 9.94522 1.41428
    endloop
  endfacet
  facet normal 0.0523352 0.99863 0
    outer loop
      vertex 0 10 -40
      vertex 1.04528 9.94522 -1.59718
      vertex 1.04528 9.94522 -40
    endloop
  endfacet
  facet normal 0.0523352 0.99863 0
    outer loop
      vertex 1.04528 9.94522 -1.59718
      vertex 0 10 -40
      vertex 0 10 -1.50573
    endloop
  endfacet
  facet normal 0.891006 0.453991 0
    outer loop
      vertex 9.13545 4.06737 40
      vertex 8.66025 5 0.748055
      vertex 8.66025 5 40
    endloop
  endfacet
  facet normal 0.891006 0.453991 0
    outer loop
      vertex 8.66025 5 0.748055
      vertex 9.13545 4.06737 40
      vertex 9.13545 4.06737 0.706481
    endloop
  endfacet
  facet normal 0.891006 0.453991 0
    outer loop
      vertex 9.13545 4.06737 -2.30498
      vertex 8.66025 5 -40
      vertex 8.66025 5 -2.2634
    endloop
  endfacet
  facet normal 0.891006 0.453991 0
    outer loop
      vertex 8.66025 5 -40
      vertex 9.13545 4.06737 -2.30498
      vertex 9.13545 4.06737 -40
    endloop
  endfacet
  facet normal -0.838672 0.544637 0
    outer loop
      vertex -8.66025 5 -40
      vertex -8.09017 5.87785 -0.797931
      vertex -8.09017 5.87785 -40
    endloop
  endfacet
  facet normal -0.838672 0.544637 0
    outer loop
      vertex -8.09017 5.87785 -0.797931
      vertex -8.66025 5 -40
      vertex -8.66025 5 -0.748055
    endloop
  endfacet
  facet normal -0.838672 0.544637 0
    outer loop
      vertex -8.66025 5 2.2634
      vertex -8.09017 5.87785 40
      vertex -8.09017 5.87785 2.21353
    endloop
  endfacet
  facet normal -0.838672 0.544637 0
    outer loop
      vertex -8.09017 5.87785 40
      vertex -8.66025 5 2.2634
      vertex -8.66025 5 40
    endloop
  endfacet
  facet normal -0.629316 0.777149 0
    outer loop
      vertex -5.87785 8.09017 40
      vertex -6.69131 7.43145 2.09114
      vertex -6.69131 7.43145 40
    endloop
  endfacet
  facet normal -0.629316 0.777149 0
    outer loop
      vertex -6.69131 7.43145 2.09114
      vertex -5.87785 8.09017 40
      vertex -5.87785 8.09017 2.01997
    endloop
  endfacet
  facet normal -0.629316 0.777149 0
    outer loop
      vertex -6.69131 7.43145 -40
      vertex -5.87785 8.09017 -0.991484
      vertex -5.87785 8.09017 -40
    endloop
  endfacet
  facet normal -0.629316 0.777149 0
    outer loop
      vertex -5.87785 8.09017 -0.991484
      vertex -6.69131 7.43145 -40
      vertex -6.69131 7.43145 -0.920316
    endloop
  endfacet
  facet normal -0.933581 0.358366 0
    outer loop
      vertex -9.51056 3.09017 2.3378
      vertex -9.13545 4.06737 40
      vertex -9.13545 4.06737 2.30498
    endloop
  endfacet
  facet normal -0.933581 0.358366 0
    outer loop
      vertex -9.13545 4.06737 40
      vertex -9.51056 3.09017 2.3378
      vertex -9.51056 3.09017 40
    endloop
  endfacet
  facet normal -0.933581 0.358366 0
    outer loop
      vertex -9.51056 3.09017 -40
      vertex -9.13545 4.06737 -0.706481
      vertex -9.13545 4.06737 -40
    endloop
  endfacet
  facet normal -0.933581 0.358366 0
    outer loop
      vertex -9.13545 4.06737 -0.706481
      vertex -9.51056 3.09017 -40
      vertex -9.51056 3.09017 -0.673663
    endloop
  endfacet
  facet normal -0.891006 -0.453991 -0
    outer loop
      vertex -8.66025 -5 40
      vertex -9.13545 -4.06737 2.30498
      vertex -8.66025 -5 2.2634
    endloop
  endfacet
  facet normal -0.891006 -0.453991 0
    outer loop
      vertex -9.13545 -4.06737 2.30498
      vertex -8.66025 -5 40
      vertex -9.13545 -4.06737 40
    endloop
  endfacet
  facet normal -0.891006 -0.453991 -0
    outer loop
      vertex -8.66025 -5 -0.748055
      vertex -9.13545 -4.06737 -40
      vertex -8.66025 -5 -40
    endloop
  endfacet
  facet normal -0.891006 -0.453991 0
    outer loop
      vertex -9.13545 -4.06737 -40
      vertex -8.66025 -5 -0.748055
      vertex -9.13545 -4.06737 -0.706481
    endloop
  endfacet
  facet normal 0.258828 -0.965923 0
    outer loop
      vertex 2.07912 -9.78148 1.32383
      vertex 3.09017 -9.51056 40
      vertex 2.07912 -9.78148 40
    endloop
  endfacet
  facet normal 0.258828 -0.965923 0
    outer loop
      vertex 3.09017 -9.51056 40
      vertex 2.07912 -9.78148 1.32383
      vertex 3.09017 -9.51056 1.23537
    endloop
  endfacet
  facet normal 0.258828 -0.965923 0
    outer loop
      vertex 2.07912 -9.78148 -40
      vertex 3.09017 -9.51056 -1.77608
      vertex 2.07912 -9.78148 -1.68763
    endloop
  endfacet
  facet normal 0.258828 -0.965923 0
    outer loop
      vertex 3.09017 -9.51056 -1.77608
      vertex 2.07912 -9.78148 -40
      vertex 3.09017 -9.51056 -40
    endloop
  endfacet
  facet normal 0.629316 -0.777149 0
    outer loop
      vertex 5.87785 -8.09017 -40
      vertex 6.69131 -7.43145 -2.09114
      vertex 5.87785 -8.09017 -2.01997
    endloop
  endfacet
  facet normal 0.629316 -0.777149 0
    outer loop
      vertex 6.69131 -7.43145 -2.09114
      vertex 5.87785 -8.09017 -40
      vertex 6.69131 -7.43145 -40
    endloop
  endfacet
  facet normal 0.629316 -0.777149 0
    outer loop
      vertex 5.87785 -8.09017 0.991484
      vertex 6.69131 -7.43145 40
      vertex 5.87785 -8.09017 40
    endloop
  endfacet
  facet normal 0.629316 -0.777149 0
    outer loop
      vertex 6.69131 -7.43145 40
      vertex 5.87785 -8.09017 0.991484
      vertex 6.69131 -7.43145 0.920316
    endloop
  endfacet
  facet normal -0.258828 -0.965923 0
    outer loop
      vertex -3.09017 -9.51056 1.77608
      vertex -2.07912 -9.78148 40
      vertex -3.09017 -9.51056 40
    endloop
  endfacet
  facet normal -0.258828 -0.965923 -0
    outer loop
      vertex -2.07912 -9.78148 40
      vertex -3.09017 -9.51056 1.77608
      vertex -2.07912 -9.78148 1.68763
    endloop
  endfacet
  facet normal -0.258828 -0.965923 0
    outer loop
      vertex -3.09017 -9.51056 -40
      vertex -2.07912 -9.78148 -1.32383
      vertex -3.09017 -9.51056 -1.23537
    endloop
  endfacet
  facet normal -0.258828 -0.965923 -0
    outer loop
      vertex -2.07912 -9.78148 -1.32383
      vertex -3.09017 -9.51056 -40
      vertex -2.07912 -9.78148 -40
    endloop
  endfacet
  facet normal -0.99863 -0.0523352 0
    outer loop
      vertex -9.94522 -1.04528 2.37582
      vertex -10 0 40
      vertex -10 0 2.38062
    endloop
  endfacet
  facet normal -0.99863 -0.0523352 0
    outer loop
      vertex -10 0 40
      vertex -9.94522 -1.04528 2.37582
      vertex -9.94522 -1.04528 40
    endloop
  endfacet
  facet normal -0.99863 -0.0523352 0
    outer loop
      vertex -9.94522 -1.04528 -40
      vertex -10 0 -0.630843
      vertex -10 0 -40
    endloop
  endfacet
  facet normal -0.99863 -0.0523352 0
    outer loop
      vertex -10 0 -0.630843
      vertex -9.94522 -1.04528 -40
      vertex -9.94522 -1.04528 -0.635635
    endloop
  endfacet
  facet normal 0.156431 0.987689 0
    outer loop
      vertex 1.04528 9.94522 -40
      vertex 2.07912 9.78148 -1.68763
      vertex 2.07912 9.78148 -40
    endloop
  endfacet
  facet normal 0.156431 0.987689 0
    outer loop
      vertex 2.07912 9.78148 -1.68763
      vertex 1.04528 9.94522 -40
      vertex 1.04528 9.94522 -1.59718
    endloop
  endfacet
  facet normal 0.156431 0.987689 0
    outer loop
      vertex 2.07912 9.78148 40
      vertex 1.04528 9.94522 1.41428
      vertex 1.04528 9.94522 40
    endloop
  endfacet
  facet normal 0.156431 0.987689 0
    outer loop
      vertex 1.04528 9.94522 1.41428
      vertex 2.07912 9.78148 40
      vertex 2.07912 9.78148 1.32383
    endloop
  endfacet
  facet normal -0.777149 -0.629316 -0
    outer loop
      vertex -7.43145 -6.69131 -0.855562
      vertex -8.09017 -5.87785 -40
      vertex -7.43145 -6.69131 -40
    endloop
  endfacet
  facet normal -0.777149 -0.629316 0
    outer loop
      vertex -8.09017 -5.87785 -40
      vertex -7.43145 -6.69131 -0.855562
      vertex -8.09017 -5.87785 -0.797931
    endloop
  endfacet
  facet normal -0.777149 -0.629316 -0
    outer loop
      vertex -7.43145 -6.69131 40
      vertex -8.09017 -5.87785 2.21353
      vertex -7.43145 -6.69131 2.1559
    endloop
  endfacet
  facet normal -0.777149 -0.629316 0
    outer loop
      vertex -8.09017 -5.87785 2.21353
      vertex -7.43145 -6.69131 40
      vertex -8.09017 -5.87785 40
    endloop
  endfacet
  facet normal -0.453991 0.891006 0
    outer loop
      vertex -5 8.66025 -40
      vertex -4.06737 9.13545 -1.14988
      vertex -4.06737 9.13545 -40
    endloop
  endfacet
  facet normal -0.453991 0.891006 0
    outer loop
      vertex -4.06737 9.13545 -1.14988
      vertex -5 8.66025 -40
      vertex -5 8.66025 -1.06829
    endloop
  endfacet
  facet normal -0.453991 0.891006 0
    outer loop
      vertex -4.06737 9.13545 40
      vertex -5 8.66025 1.94317
      vertex -5 8.66025 40
    endloop
  endfacet
  facet normal -0.453991 0.891006 0
    outer loop
      vertex -5 8.66025 1.94317
      vertex -4.06737 9.13545 40
      vertex -4.06737 9.13545 1.86158
    endloop
  endfacet
  facet normal -0.965923 0.258828 0
    outer loop
      vertex -9.78148 2.07912 -40
      vertex -9.51056 3.09017 -0.673663
      vertex -9.51056 3.09017 -40
    endloop
  endfacet
  facet normal -0.965923 0.258828 0
    outer loop
      vertex -9.51056 3.09017 -0.673663
      vertex -9.78148 2.07912 -40
      vertex -9.78148 2.07912 -0.649961
    endloop
  endfacet
  facet normal -0.965923 0.258828 0
    outer loop
      vertex -9.78148 2.07912 2.3615
      vertex -9.51056 3.09017 40
      vertex -9.51056 3.09017 2.3378
    endloop
  endfacet
  facet normal -0.965923 0.258828 0
    outer loop
      vertex -9.51056 3.09017 40
      vertex -9.78148 2.07912 2.3615
      vertex -9.78148 2.07912 40
    endloop
  endfacet
  facet normal -0.707107 -0.707107 -0
    outer loop
      vertex -6.69131 -7.43145 -0.920316
      vertex -7.43145 -6.69131 -40
      vertex -6.69131 -7.43145 -40
    endloop
  endfacet
  facet normal -0.707107 -0.707107 0
    outer loop
      vertex -7.43145 -6.69131 -40
      vertex -6.69131 -7.43145 -0.920316
      vertex -7.43145 -6.69131 -0.855562
    endloop
  endfacet
  facet normal -0.707107 -0.707107 -0
    outer loop
      vertex -6.69131 -7.43145 40
      vertex -7.43145 -6.69131 2.1559
      vertex -6.69131 -7.43145 2.09114
    endloop
  endfacet
  facet normal -0.707107 -0.707107 0
    outer loop
      vertex -7.43145 -6.69131 2.1559
      vertex -6.69131 -7.43145 40
      vertex -7.43145 -6.69131 40
    endloop
  endfacet
  facet normal 0.544637 -0.838672 0
    outer loop
      vertex 5 -8.66025 1.06829
      vertex 5.87785 -8.09017 40
      vertex 5 -8.66025 40
    endloop
  endfacet
  facet normal 0.544637 -0.838672 0
    outer loop
      vertex 5.87785 -8.09017 40
      vertex 5 -8.66025 1.06829
      vertex 5.87785 -8.09017 0.991484
    endloop
  endfacet
  facet normal 0.544637 -0.838672 0
    outer loop
      vertex 5 -8.66025 -40
      vertex 5.87785 -8.09017 -2.01997
      vertex 5 -8.66025 -1.94317
    endloop
  endfacet
  facet normal 0.544637 -0.838672 0
    outer loop
      vertex 5.87785 -8.09017 -2.01997
      vertex 5 -8.66025 -40
      vertex 5.87785 -8.09017 -40
    endloop
  endfacet
  facet normal 0.933581 -0.358366 0
    outer loop
      vertex 9.13545 -4.06737 -40
      vertex 9.51056 -3.09017 -2.3378
      vertex 9.13545 -4.06737 -2.30498
    endloop
  endfacet
  facet normal 0.933581 -0.358366 0
    outer loop
      vertex 9.51056 -3.09017 -2.3378
      vertex 9.13545 -4.06737 -40
      vertex 9.51056 -3.09017 -40
    endloop
  endfacet
  facet normal 0.933581 -0.358366 0
    outer loop
      vertex 9.13545 -4.06737 0.706481
      vertex 9.51056 -3.09017 40
      vertex 9.13545 -4.06737 40
    endloop
  endfacet
  facet normal 0.933581 -0.358366 0
    outer loop
      vertex 9.51056 -3.09017 40
      vertex 9.13545 -4.06737 0.706481
      vertex 9.51056 -3.09017 0.673663
    endloop
  endfacet
  facet normal 0 0 -1
    outer loop
      vertex 9.94522 -1.04528 -40
      vertex 9.94522 1.04528 -40
      vertex 10 0 -40
    endloop
  endfacet
  facet normal 0 0 -1
    outer loop
      vertex 9.78148 -2.07912 -40
      vertex 9.94522 1.04528 -40
      vertex 9.94522 -1.04528 -40
    endloop
  endfacet
  facet normal 0 0 -1
    outer loop
      vertex 9.78148 -2.07912 -40
      vertex 9.78148 2.07912 -40
      vertex 9.94522 1.04528 -40
    endloop
  endfacet
  facet normal 0 0 -1
    outer loop
      vertex 9.51056 -3.09017 -40
      vertex 9.78148 2.07912 -40
      vertex 9.78148 -2.07912 -40
    endloop
  endfacet
  facet normal 0 0 -1
    outer loop
      vertex 9.51056 -3.09017 -40
      vertex 9.51056 3.09017 -40
      vertex 9.78148 2.07912 -40
    endloop
  endfacet
  facet normal 0 0 -1
    outer loop
      vertex 9.13545 -4.06737 -40
      vertex 9.51056 3.09017 -40
      vertex 9.51056 -3.09017 -40
    endloop
  endfacet
  facet normal 0 0 -1
    outer loop
      vertex 9.13545 -4.06737 -40
      vertex 9.13545 4.06737 -40
      vertex 9.51056 3.09017 -40
    endloop
  endfacet
  facet normal 0 0 -1
    outer loop
      vertex 8.66025 -5 -40
      vertex 9.13545 4.06737 -40
      vertex 9.13545 -4.06737 -40
    endloop
  endfacet
  facet normal 0 0 -1
    outer loop
      vertex 8.66025 -5 -40
      vertex 8.66025 5 -40
      vertex 9.13545 4.06737 -40
    endloop
  endfacet
  facet normal 0 0 -1
    outer loop
      vertex 8.09017 -5.87785 -40
      vertex 8.66025 5 -40
      vertex 8.66025 -5 -40
    endloop
  endfacet
  facet normal 0 0 -1
    outer loop
      vertex 8.09017 -5.87785 -40
      vertex 8.09017 5.87785 -40
      vertex 8.66025 5 -40
    endloop
  endfacet
  facet normal 0 0 -1
    outer loop
      vertex 7.43145 -6.69131 -40
      vertex 8.09017 5.87785 -40
      vertex 8.09017 -5.87785 -40
    endloop
  endfacet
  facet normal 0 0 -1
    outer loop
      vertex 7.43145 -6.69131 -40
      vertex 7.43145 6.69131 -40
      vertex 8.09017 5.87785 -40
    endloop
  endfacet
  facet normal 0 0 -1
    outer loop
      vertex 6.69131 -7.43145 -40
      vertex 7.43145 6.69131 -40
      vertex 7.43145 -6.69131 -40
    endloop
  endfacet
  facet normal 0 0 -1
    outer loop
      vertex 6.69131 -7.43145 -40
      vertex 6.69131 7.43145 -40
      vertex 7.43145 6.69131 -40
    endloop
  endfacet
  facet normal 0 0 -1
    outer loop
      vertex 5.87785 -8.09017 -40
      vertex 6.69131 7.43145 -40
      vertex 6.69131 -7.43145 -40
    endloop
  endfacet
  facet normal 0 0 -1
    outer loop
      vertex 5.87785 -8.09017 -40
      vertex 5.87785 8.09017 -40
      vertex 6.69131 7.43145 -40
    endloop
  endfacet
  facet normal 0 0 -1
    outer loop
      vertex 5 -8.66025 -40
      vertex 5.87785 8.09017 -40
      vertex 5.87785 -8.09017 -40
    endloop
  endfacet
  facet normal 0 0 -1
    outer loop
      vertex 5 -8.66025 -40
      vertex 5 8.66025 -40
      vertex 5.87785 8.09017 -40
    endloop
  endfacet
  facet normal 0 0 -1
    outer loop
      vertex 4.06737 -9.13545 -40
      vertex 5 8.66025 -40
      vertex 5 -8.66025 -40
    endloop
  endfacet
  facet normal 0 0 -1
    outer loop
      vertex 4.06737 -9.13545 -40
      vertex 4.06737 9.13545 -40
      vertex 5 8.66025 -40
    endloop
  endfacet
  facet normal 0 0 -1
    outer loop
      vertex 3.09017 -9.51056 -40
      vertex 4.06737 9.13545 -40
      vertex 4.06737 -9.13545 -40
    endloop
  endfacet
  facet normal 0 0 -1
    outer loop
      vertex 3.09017 -9.51056 -40
      vertex 3.09017 9.51056 -40
      vertex 4.06737 9.13545 -40
    endloop
  endfacet
  facet normal 0 0 -1
    outer loop
      vertex 2.07912 -9.78148 -40
      vertex 3.09017 9.51056 -40
      vertex 3.09017 -9.51056 -40
    endloop
  endfacet
  facet normal 0 0 -1
    outer loop
      vertex 2.07912 -9.78148 -40
      vertex 2.07912 9.78148 -40
      vertex 3.09017 9.51056 -40
    endloop
  endfacet
  facet normal 0 0 -1
    outer loop
      vertex 1.04528 -9.94522 -40
      vertex 2.07912 9.78148 -40
      vertex 2.07912 -9.78148 -40
    endloop
  endfacet
  facet normal 0 0 -1
    outer loop
      vertex 1.04528 -9.94522 -40
      vertex 1.04528 9.94522 -40
      vertex 2.07912 9.78148 -40
    endloop
  endfacet
  facet normal 0 0 -1
    outer loop
      vertex 0 -10 -40
      vertex 1.04528 9.94522 -40
      vertex 1.04528 -9.94522 -40
    endloop
  endfacet
  facet normal 0 0 -1
    outer loop
      vertex 0 -10 -40
      vertex 0 10 -40
      vertex 1.04528 9.94522 -40
    endloop
  endfacet
  facet normal 0 0 -1
    outer loop
      vertex -1.04528 -9.94522 -40
      vertex 0 10 -40
      vertex 0 -10 -40
    endloop
  endfacet
  facet normal 0 0 -1
    outer loop
      vertex -1.04528 -9.94522 -40
      vertex -1.04528 9.94522 -40
      vertex 0 10 -40
    endloop
  endfacet
  facet normal 0 0 -1
    outer loop
      vertex -2.07912 -9.78148 -40
      vertex -1.04528 9.94522 -40
      vertex -1.04528 -9.94522 -40
    endloop
  endfacet
  facet normal 0 0 -1
    outer loop
      vertex -2.07912 -9.78148 -40
      vertex -2.07912 9.78148 -40
      vertex -1.04528 9.94522 -40
    endloop
  endfacet
  facet normal 0 0 -1
    outer loop
      vertex -3.09017 -9.51056 -40
      vertex -2.07912 9.78148 -40
      vertex -2.07912 -9.78148 -40
    endloop
  endfacet
  facet normal 0 0 -1
    outer loop
      vertex -3.09017 -9.51056 -40
      vertex -3.09017 9.51056 -40
      vertex -2.07912 9.78148 -40
    endloop
  endfacet
  facet normal 0 0 -1
    outer loop
      vertex -4.06737 -9.13545 -40
      vertex -3.09017 9.51056 -40
      vertex -3.09017 -9.51056 -40
    endloop
  endfacet
  facet normal 0 0 -1
    outer loop
      vertex -4.06737 -9.13545 -40
      vertex -4.06737 9.13545 -40
      vertex -3.09017 9.51056 -40
    endloop
  endfacet
  facet normal 0 0 -1
    outer loop
      vertex -5 -8.66025 -40
      vertex -4.06737 9.13545 -40
      vertex -4.06737 -9.13545 -40
    endloop
  endfacet
  facet normal 0 0 -1
    outer loop
      vertex -5 -8.66025 -40
      vertex -5 8.66025 -40
      vertex -4.06737 9.13545 -40
    endloop
  endfacet
  facet normal 0 0 -1
    outer loop
      vertex -5.87785 -8.09017 -40
      vertex -5 8.66025 -40
      vertex -5 -8.66025 -40
    endloop
  endfacet
  facet normal 0 0 -1
    outer loop
      vertex -5.87785 -8.09017 -40
      vertex -5.87785 8.09017 -40
      vertex -5 8.66025 -40
    endloop
  endfacet
  facet normal 0 0 -1
    outer loop
      vertex -6.69131 -7.43145 -40
      vertex -5.87785 8.09017 -40
      vertex -5.87785 -8.09017 -40
    endloop
  endfacet
  facet normal 0 0 -1
    outer loop
      vertex -6.69131 -7.43145 -40
      vertex -6.69131 7.43145 -40
      vertex -5.87785 8.09017 -40
    endloop
  endfacet
  facet normal 0 0 -1
    outer loop
      vertex -7.43145 -6.69131 -40
      vertex -6.69131 7.43145 -40
      vertex -6.69131 -7.43145 -40
    endloop
  endfacet
  facet normal 0 0 -1
    outer loop
      vertex -7.43145 -6.69131 -40
      vertex -7.43145 6.69131 -40
      vertex -6.69131 7.43145 -40
    endloop
  endfacet
  facet normal 0 0 -1
    outer loop
      vertex -8.09017 -5.87785 -40
      vertex -7.43145 6.69131 -40
      vertex -7.43145 -6.69131 -40
    endloop
  endfacet
  facet normal 0 0 -1
    outer loop
      vertex -8.09017 -5.87785 -40
      vertex -8.09017 5.87785 -40
      vertex -7.43145 6.69131 -40
    endloop
  endfacet
  facet normal 0 0 -1
    outer loop
      vertex -8.66025 -5 -40
      vertex -8.09017 5.87785 -40
      vertex -8.09017 -5.87785 -40
    endloop
  endfacet
  facet normal 0 0 -1
    outer loop
      vertex -8.66025 -5 -40
      vertex -8.66025 5 -40
      vertex -8.09017 5.87785 -40
    endloop
  endfacet
  facet normal 0 0 -1
    outer loop
      vertex -9.13545 -4.06737 -40
      vertex -8.66025 5 -40
      vertex -8.66025 -5 -40
    endloop
  endfacet
  facet normal 0 0 -1
    outer loop
      vertex -9.13545 -4.06737 -40
      vertex -9.13545 4.06737 -40
      vertex -8.66025 5 -40
    endloop
  endfacet
  facet normal 0 0 -1
    outer loop
      vertex -9.51056 -3.09017 -40
      vertex -9.13545 4.06737 -40
      vertex -9.13545 -4.06737 -40
    endloop
  endfacet
  facet normal 0 0 -1
    outer loop
      vertex -9.51056 -3.09017 -40
      vertex -9.51056 3.09017 -40
      vertex -9.13545 4.06737 -40
    endloop
  endfacet
  facet normal 0 0 -1
    outer loop
      vertex -9.78148 -2.07912 -40
      vertex -9.51056 3.09017 -40
      vertex -9.51056 -3.09017 -40
    endloop
  endfacet
  facet normal 0 0 -1
    outer loop
      vertex -9.78148 -2.07912 -40
      vertex -9.78148 2.07912 -40
      vertex -9.51056 3.09017 -40
    endloop
  endfacet
  facet normal 0 0 -1
    outer loop
      vertex -9.94522 -1.04528 -40
      vertex -9.78148 2.07912 -40
      vertex -9.78148 -2.07912 -40
    endloop
  endfacet
  facet normal 0 0 -1
    outer loop
      vertex -9.94522 -1.04528 -40
      vertex -9.94522 1.04528 -40
      vertex -9.78148 2.07912 -40
    endloop
  endfacet
  facet normal 0 -0 -1
    outer loop
      vertex -9.94522 1.04528 -40
      vertex -9.94522 -1.04528 -40
      vertex -10 0 -40
    endloop
  endfacet
  facet normal -0.0523352 -0.99863 0
    outer loop
      vertex -1.04528 -9.94522 1.59718
      vertex 0 -10 40
      vertex -1.04528 -9.94522 40
    endloop
  endfacet
  facet normal -0.0523352 -0.99863 -0
    outer loop
      vertex 0 -10 40
      vertex -1.04528 -9.94522 1.59718
      vertex 0 -10 1.50573
    endloop
  endfacet
  facet normal -0.0523352 -0.99863 0
    outer loop
      vertex -1.04528 -9.94522 -40
      vertex 0 -10 -1.50573
      vertex -1.04528 -9.94522 -1.41428
    endloop
  endfacet
  facet normal -0.0523352 -0.99863 -0
    outer loop
      vertex 0 -10 -1.50573
      vertex -1.04528 -9.94522 -40
      vertex 0 -10 -40
    endloop
  endfacet
  facet normal -0.99863 0.0523352 0
    outer loop
      vertex -10 0 2.38062
      vertex -9.94522 1.04528 40
      vertex -9.94522 1.04528 2.37582
    endloop
  endfacet
  facet normal -0.99863 0.0523352 0
    outer loop
      vertex -9.94522 1.04528 40
      vertex -10 0 2.38062
      vertex -10 0 40
    endloop
  endfacet
  facet normal -0.99863 0.0523352 0
    outer loop
      vertex -10 0 -40
      vertex -9.94522 1.04528 -0.635635
      vertex -9.94522 1.04528 -40
    endloop
  endfacet
  facet normal -0.99863 0.0523352 0
    outer loop
      vertex -9.94522 1.04528 -0.635635
      vertex -10 0 -40
      vertex -10 0 -0.630843
    endloop
  endfacet
  facet normal -0.358366 -0.933581 0
    outer loop
      vertex -4.06737 -9.13545 -40
      vertex -3.09017 -9.51056 -1.23537
      vertex -4.06737 -9.13545 -1.14988
    endloop
  endfacet
  facet normal -0.358366 -0.933581 -0
    outer loop
      vertex -3.09017 -9.51056 -1.23537
      vertex -4.06737 -9.13545 -40
      vertex -3.09017 -9.51056 -40
    endloop
  endfacet
  facet normal -0.358366 -0.933581 0
    outer loop
      vertex -4.06737 -9.13545 1.86158
      vertex -3.09017 -9.51056 40
      vertex -4.06737 -9.13545 40
    endloop
  endfacet
  facet normal -0.358366 -0.933581 -0
    outer loop
      vertex -3.09017 -9.51056 40
      vertex -4.06737 -9.13545 1.86158
      vertex -3.09017 -9.51056 1.77608
    endloop
  endfacet
  facet normal -0.156431 -0.987689 0
    outer loop
      vertex -2.07912 -9.78148 1.68763
      vertex -1.04528 -9.94522 40
      vertex -2.07912 -9.78148 40
    endloop
  endfacet
  facet normal -0.156431 -0.987689 -0
    outer loop
      vertex -1.04528 -9.94522 40
      vertex -2.07912 -9.78148 1.68763
      vertex -1.04528 -9.94522 1.59718
    endloop
  endfacet
  facet normal -0.156431 -0.987689 0
    outer loop
      vertex -2.07912 -9.78148 -40
      vertex -1.04528 -9.94522 -1.41428
      vertex -2.07912 -9.78148 -1.32383
    endloop
  endfacet
  facet normal -0.156431 -0.987689 -0
    outer loop
      vertex -1.04528 -9.94522 -1.41428
      vertex -2.07912 -9.78148 -40
      vertex -1.04528 -9.94522 -40
    endloop
  endfacet
  facet normal -0.544637 -0.838672 0
    outer loop
      vertex -5.87785 -8.09017 -40
      vertex -5 -8.66025 -1.06829
      vertex -5.87785 -8.09017 -0.991484
    endloop
  endfacet
  facet normal -0.544637 -0.838672 -0
    outer loop
      vertex -5 -8.66025 -1.06829
      vertex -5.87785 -8.09017 -40
      vertex -5 -8.66025 -40
    endloop
  endfacet
  facet normal -0.544637 -0.838672 0
    outer loop
      vertex -5.87785 -8.09017 2.01997
      vertex -5 -8.66025 40
      vertex -5.87785 -8.09017 40
    endloop
  endfacet
  facet normal -0.544637 -0.838672 -0
    outer loop
      vertex -5 -8.66025 40
      vertex -5.87785 -8.09017 2.01997
      vertex -5 -8.66025 1.94317
    endloop
  endfacet
  facet normal 0.707107 -0.707107 0
    outer loop
      vertex 6.69131 -7.43145 -40
      vertex 7.43145 -6.69131 -2.1559
      vertex 6.69131 -7.43145 -2.09114
    endloop
  endfacet
  facet normal 0.707107 -0.707107 0
    outer loop
      vertex 7.43145 -6.69131 -2.1559
      vertex 6.69131 -7.43145 -40
      vertex 7.43145 -6.69131 -40
    endloop
  endfacet
  facet normal 0.707107 -0.707107 0
    outer loop
      vertex 6.69131 -7.43145 0.920316
      vertex 7.43145 -6.69131 40
      vertex 6.69131 -7.43145 40
    endloop
  endfacet
  facet normal 0.707107 -0.707107 0
    outer loop
      vertex 7.43145 -6.69131 40
      vertex 6.69131 -7.43145 0.920316
      vertex 7.43145 -6.69131 0.855562
    endloop
  endfacet
  facet normal -0.446723 0.0468228 -0.893446
    outer loop
      vertex -40 0 -10
      vertex -60 0 0
      vertex -40 1.04528 -9.94522
    endloop
  endfacet
  facet normal -0.446723 0.0468228 0.893446
    outer loop
      vertex -40 1.04528 9.94522
      vertex -60 0 0
      vertex -40 0 10
    endloop
  endfacet
  facet normal -0.446723 -0.0468228 -0.893446
    outer loop
      vertex -40 -1.04528 -9.94522
      vertex -60 0 0
      vertex -40 0 -10
    endloop
  endfacet
  facet normal -0.446723 0.893446 -0.0468228
    outer loop
      vertex -40 9.94522 -1.04528
      vertex -60 0 0
      vertex -40 10 0
    endloop
  endfacet
  facet normal -0.446723 -0.893446 0.0468228
    outer loop
      vertex -40 -9.94522 1.04528
      vertex -60 0 0
      vertex -40 -10 0
    endloop
  endfacet
  facet normal -0.446723 0.695294 0.563032
    outer loop
      vertex -40 8.09017 5.87785
      vertex -60 0 0
      vertex -40 7.43145 6.69131
    endloop
  endfacet
  facet normal -0.446723 0.632629 -0.632629
    outer loop
      vertex -40 6.69131 -7.43145
      vertex -60 0 0
      vertex -40 7.43145 -6.69131
    endloop
  endfacet
  facet normal -0.446723 -0.695294 -0.563032
    outer loop
      vertex -40 -8.09017 -5.87785
      vertex -60 0 0
      vertex -40 -7.43145 -6.69131
    endloop
  endfacet
  facet normal -0.446723 -0.563032 0.695294
    outer loop
      vertex -40 -5.87785 8.09017
      vertex -60 0 0
      vertex -40 -6.69131 7.43145
    endloop
  endfacet
  facet normal -0.446723 0.406174 0.797158
    outer loop
      vertex -40 5 8.66025
      vertex -60 0 0
      vertex -40 4.06737 9.13545
    endloop
  endfacet
  facet normal -0.446723 0.864185 0.231566
    outer loop
      vertex -40 9.78148 2.07912
      vertex -60 0 0
      vertex -40 9.51056 3.09017
    endloop
  endfacet
  facet normal -0.446723 0.835249 -0.32062
    outer loop
      vertex -40 9.13545 -4.06737
      vertex -60 0 0
      vertex -40 9.51056 -3.09017
    endloop
  endfacet
  facet normal -0.446723 0.406174 -0.797158
    outer loop
      vertex -40 4.06737 -9.13545
      vertex -60 0 0
      vertex -40 5 -8.66025
    endloop
  endfacet
  facet normal -0.446723 -0.406174 -0.797158
    outer loop
      vertex -40 -5 -8.66025
      vertex -60 0 0
      vertex -40 -4.06737 -9.13545
    endloop
  endfacet
  facet normal -0.446723 -0.864185 -0.231566
    outer loop
      vertex -40 -9.78148 -2.07912
      vertex -60 0 0
      vertex -40 -9.51056 -3.09017
    endloop
  endfacet
  facet normal -0.446723 -0.797158 0.406174
    outer loop
      vertex -40 -8.66025 5
      vertex -60 0 0
      vertex -40 -9.13545 4.06737
    endloop
  endfacet
  facet normal -0.446723 -0.231566 0.864185
    outer loop
      vertex -40 -2.07912 9.78148
      vertex -60 0 0
      vertex -40 -3.09017 9.51056
    endloop
  endfacet
  facet normal -0.446723 0.231566 0.864185
    outer loop
      vertex -40 3.09017 9.51056
      vertex -60 0 0
      vertex -40 2.07912 9.78148
    endloop
  endfacet
  facet normal -0.446723 0.563032 0.695294
    outer loop
      vertex -40 6.69131 7.43145
      vertex -60 0 0
      vertex -40 5.87785 8.09017
    endloop
  endfacet
  facet normal -0.446723 0.797158 0.406174
    outer loop
      vertex -40 9.13545 4.06737
      vertex -60 0 0
      vertex -40 8.66025 5
    endloop
  endfacet
  facet normal -0.446723 0.883658 0.139954
    outer loop
      vertex -40 9.94522 1.04528
      vertex -60 0 0
      vertex -40 9.78148 2.07912
    endloop
  endfacet
  facet normal -0.446723 0.864185 -0.231566
    outer loop
      vertex -40 9.51056 -3.09017
      vertex -60 0 0
      vertex -40 9.78148 -2.07912
    endloop
  endfacet
  facet normal -0.446723 0.750336 -0.487272
    outer loop
      vertex -40 8.09017 -5.87785
      vertex -60 0 0
      vertex -40 8.66025 -5
    endloop
  endfacet
  facet normal -0.446723 0.487272 -0.750336
    outer loop
      vertex -40 5 -8.66025
      vertex -60 0 0
      vertex -40 5.87785 -8.09017
    endloop
  endfacet
  facet normal -0.446723 0.231566 -0.864185
    outer loop
      vertex -40 2.07912 -9.78148
      vertex -60 0 0
      vertex -40 3.09017 -9.51056
    endloop
  endfacet
  facet normal -0.446723 -0.231566 -0.864185
    outer loop
      vertex -40 -3.09017 -9.51056
      vertex -60 0 0
      vertex -40 -2.07912 -9.78148
    endloop
  endfacet
  facet normal -0.446723 -0.563032 -0.695294
    outer loop
      vertex -40 -6.69131 -7.43145
      vertex -60 0 0
      vertex -40 -5.87785 -8.09017
    endloop
  endfacet
  facet normal -0.446723 -0.797158 -0.406174
    outer loop
      vertex -40 -9.13545 -4.06737
      vertex -60 0 0
      vertex -40 -8.66025 -5
    endloop
  endfacet
  facet normal -0.446723 -0.883658 -0.139954
    outer loop
      vertex -40 -9.94522 -1.04528
      vertex -60 0 0
      vertex -40 -9.78148 -2.07912
    endloop
  endfacet
  facet normal -0.446723 -0.864185 0.231566
    outer loop
      vertex -40 -9.51056 3.09017
      vertex -60 0 0
      vertex -40 -9.78148 2.07912
    endloop
  endfacet
  facet normal -0.446723 -0.695294 0.563032
    outer loop
      vertex -40 -7.43145 6.69131
      vertex -60 0 0
      vertex -40 -8.09017 5.87785
    endloop
  endfacet
  facet normal -0.446723 -0.406174 0.797158
    outer loop
      vertex -40 -4.06737 9.13545
      vertex -60 0 0
      vertex -40 -5 8.66025
    endloop
  endfacet
  facet normal -0.446723 -0.139954 0.883658
    outer loop
      vertex -40 -1.04528 9.94522
      vertex -60 0 0
      vertex -40 -2.07912 9.78148
    endloop
  endfacet
  facet normal -0.446723 0.139954 0.883658
    outer loop
      vertex -40 2.07912 9.78148
      vertex -60 0 0
      vertex -40 1.04528 9.94522
    endloop
  endfacet
  facet normal 1 0 0
    outer loop
      vertex -40 9.94522 1.04528
      vertex -40 9.94522 -1.04528
      vertex -40 10 0
    endloop
  endfacet
  facet normal 1 0 0
    outer loop
      vertex -40 9.78148 2.07912
      vertex -40 9.94522 -1.04528
      vertex -40 9.94522 1.04528
    endloop
  endfacet
  facet normal 1 0 0
    outer loop
      vertex -40 9.78148 2.07912
      vertex -40 9.78148 -2.07912
      vertex -40 9.94522 -1.04528
    endloop
  endfacet
  facet normal 1 0 0
    outer loop
      vertex -40 9.51056 3.09017
      vertex -40 9.78148 -2.07912
      vertex -40 9.78148 2.07912
    endloop
  endfacet
  facet normal 1 0 0
    outer loop
      vertex -40 9.51056 3.09017
      vertex -40 9.51056 -3.09017
      vertex -40 9.78148 -2.07912
    endloop
  endfacet
  facet normal 1 0 0
    outer loop
      vertex -40 9.13545 4.06737
      vertex -40 9.51056 -3.09017
      vertex -40 9.51056 3.09017
    endloop
  endfacet
  facet normal 1 0 0
    outer loop
      vertex -40 9.13545 4.06737
      vertex -40 9.13545 -4.06737
      vertex -40 9.51056 -3.09017
    endloop
  endfacet
  facet normal 1 0 0
    outer loop
      vertex -40 8.66025 5
      vertex -40 9.13545 -4.06737
      vertex -40 9.13545 4.06737
    endloop
  endfacet
  facet normal 1 0 0
    outer loop
      vertex -40 8.66025 5
      vertex -40 8.66025 -5
      vertex -40 9.13545 -4.06737
    endloop
  endfacet
  facet normal 1 0 0
    outer loop
      vertex -40 8.09017 5.87785
      vertex -40 8.66025 -5
      vertex -40 8.66025 5
    endloop
  endfacet
  facet normal 1 0 0
    outer loop
      vertex -40 8.09017 5.87785
      vertex -40 8.09017 -5.87785
      vertex -40 8.66025 -5
    endloop
  endfacet
  facet normal 1 0 0
    outer loop
      vertex -40 7.43145 6.69131
      vertex -40 8.09017 -5.87785
      vertex -40 8.09017 5.87785
    endloop
  endfacet
  facet normal 1 0 0
    outer loop
      vertex -40 7.43145 6.69131
      vertex -40 7.43145 -6.69131
      vertex -40 8.09017 -5.87785
    endloop
  endfacet
  facet normal 1 0 0
    outer loop
      vertex -40 6.69131 7.43145
      vertex -40 7.43145 -6.69131
      vertex -40 7.43145 6.69131
    endloop
  endfacet
  facet normal 1 0 0
    outer loop
      vertex -40 6.69131 7.43145
      vertex -40 6.69131 -7.43145
      vertex -40 7.43145 -6.69131
    endloop
  endfacet
  facet normal 1 0 0
    outer loop
      vertex -40 5.87785 8.09017
      vertex -40 6.69131 -7.43145
      vertex -40 6.69131 7.43145
    endloop
  endfacet
  facet normal 1 0 0
    outer loop
      vertex -40 5.87785 8.09017
      vertex -40 5.87785 -8.09017
      vertex -40 6.69131 -7.43145
    endloop
  endfacet
  facet normal 1 0 0
    outer loop
      vertex -40 5 8.66025
      vertex -40 5.87785 -8.09017
      vertex -40 5.87785 8.09017
    endloop
  endfacet
  facet normal 1 0 0
    outer loop
      vertex -40 5 8.66025
      vertex -40 5 -8.66025
      vertex -40 5.87785 -8.09017
    endloop
  endfacet
  facet normal 1 0 0
    outer loop
      vertex -40 4.06737 9.13545
      vertex -40 5 -8.66025
      vertex -40 5 8.66025
    endloop
  endfacet
  facet normal 1 0 0
    outer loop
      vertex -40 4.06737 9.13545
      vertex -40 4.06737 -9.13545
      vertex -40 5 -8.66025
    endloop
  endfacet
  facet normal 1 0 0
    outer loop
      vertex -40 3.09017 9.51056
      vertex -40 4.06737 -9.13545
      vertex -40 4.06737 9.13545
    endloop
  endfacet
  facet normal 1 0 0
    outer loop
      vertex -40 3.09017 9.51056
      vertex -40 3.09017 -9.51056
      vertex -40 4.06737 -9.13545
    endloop
  endfacet
  facet normal 1 0 0
    outer loop
      vertex -40 2.07912 9.78148
      vertex -40 3.09017 -9.51056
      vertex -40 3.09017 9.51056
    endloop
  endfacet
  facet normal 1 0 0
    outer loop
      vertex -40 2.07912 9.78148
      vertex -40 2.07912 -9.78148
      vertex -40 3.09017 -9.51056
    endloop
  endfacet
  facet normal 1 0 0
    outer loop
      vertex -40 1.04528 9.94522
      vertex -40 2.07912 -9.78148
      vertex -40 2.07912 9.78148
    endloop
  endfacet
  facet normal 1 0 0
    outer loop
      vertex -40 1.04528 9.94522
      vertex -40 1.04528 -9.94522
      vertex -40 2.07912 -9.78148
    endloop
  endfacet
  facet normal 1 0 0
    outer loop
      vertex -40 0 10
      vertex -40 1.04528 -9.94522
      vertex -40 1.04528 9.94522
    endloop
  endfacet
  facet normal 1 0 0
    outer loop
      vertex -40 0 10
      vertex -40 0 -10
      vertex -40 1.04528 -9.94522
    endloop
  endfacet
  facet normal 1 -0 0
    outer loop
      vertex -40 -1.04528 9.94522
      vertex -40 0 -10
      vertex -40 0 10
    endloop
  endfacet
  facet normal 1 0 0
    outer loop
      vertex -40 -1.04528 9.94522
      vertex -40 -1.04528 -9.94522
      vertex -40 0 -10
    endloop
  endfacet
  facet normal 1 -0 0
    outer loop
      vertex -40 -2.07912 9.78148
      vertex -40 -1.04528 -9.94522
      vertex -40 -1.04528 9.94522
    endloop
  endfacet
  facet normal 1 0 0
    outer loop
      vertex -40 -2.07912 9.78148
      vertex -40 -2.07912 -9.78148
      vertex -40 -1.04528 -9.94522
    endloop
  endfacet
  facet normal 1 -0 0
    outer loop
      vertex -40 -3.09017 9.51056
      vertex -40 -2.07912 -9.78148
      vertex -40 -2.07912 9.78148
    endloop
  endfacet
  facet normal 1 0 0
    outer loop
      vertex -40 -3.09017 9.51056
      vertex -40 -3.09017 -9.51056
      vertex -40 -2.07912 -9.78148
    endloop
  endfacet
  facet normal 1 -0 0
    outer loop
      vertex -40 -4.06737 9.13545
      vertex -40 -3.09017 -9.51056
      vertex -40 -3.09017 9.51056
    endloop
  endfacet
  facet normal 1 0 0
    outer loop
      vertex -40 -4.06737 9.13545
      vertex -40 -4.06737 -9.13545
      vertex -40 -3.09017 -9.51056
    endloop
  endfacet
  facet normal 1 -0 0
    outer loop
      vertex -40 -5 8.66025
      vertex -40 -4.06737 -9.13545
      vertex -40 -4.06737 9.13545
    endloop
  endfacet
  facet normal 1 0 0
    outer loop
      vertex -40 -5 8.66025
      vertex -40 -5 -8.66025
      vertex -40 -4.06737 -9.13545
    endloop
  endfacet
  facet normal 1 -0 0
    outer loop
      vertex -40 -5.87785 8.09017
      vertex -40 -5 -8.66025
      vertex -40 -5 8.66025
    endloop
  endfacet
  facet normal 1 0 0
    outer loop
      vertex -40 -5.87785 8.09017
      vertex -40 -5.87785 -8.09017
      vertex -40 -5 -8.66025
    endloop
  endfacet
  facet normal 1 -0 0
    outer loop
      vertex -40 -6.69131 7.43145
      vertex -40 -5.87785 -8.09017
      vertex -40 -5.87785 8.09017
    endloop
  endfacet
  facet normal 1 0 0
    outer loop
      vertex -40 -6.69131 7.43145
      vertex -40 -6.69131 -7.43145
      vertex -40 -5.87785 -8.09017
    endloop
  endfacet
  facet normal 1 -0 0
    outer loop
      vertex -40 -7.43145 6.69131
      vertex -40 -6.69131 -7.43145
      vertex -40 -6.69131 7.43145
    endloop
  endfacet
  facet normal 1 0 0
    outer loop
      vertex -40 -7.43145 6.69131
      vertex -40 -7.43145 -6.69131
      vertex -40 -6.69131 -7.43145
    endloop
  endfacet
  facet normal 1 -0 0
    outer loop
      vertex -40 -8.09017 5.87785
      vertex -40 -7.43145 -6.69131
      vertex -40 -7.43145 6.69131
    endloop
  endfacet
  facet normal 1 0 0
    outer loop
      vertex -40 -8.09017 5.87785
      vertex -40 -8.09017 -5.87785
      vertex -40 -7.43145 -6.69131
    endloop
  endfacet
  facet normal 1 -0 0
    outer loop
      vertex -40 -8.66025 5
      vertex -40 -8.09017 -5.87785
      vertex -40 -8.09017 5.87785
    endloop
  endfacet
  facet normal 1 0 0
    outer loop
      vertex -40 -8.66025 5
      vertex -40 -8.66025 -5
      vertex -40 -8.09017 -5.87785
    endloop
  endfacet
  facet normal 1 -0 0
    outer loop
      vertex -40 -9.13545 4.06737
      vertex -40 -8.66025 -5
      vertex -40 -8.66025 5
    endloop
  endfacet
  facet normal 1 0 0
    outer loop
      vertex -40 -9.13545 4.06737
      vertex -40 -9.13545 -4.06737
      vertex -40 -8.66025 -5
    endloop
  endfacet
  facet normal 1 -0 0
    outer loop
      vertex -40 -9.51056 3.09017
      vertex -40 -9.13545 -4.06737
      vertex -40 -9.13545 4.06737
    endloop
  endfacet
  facet normal 1 0 0
    outer loop
      vertex -40 -9.51056 3.09017
      vertex -40 -9.51056 -3.09017
      vertex -40 -9.13545 -4.06737
    endloop
  endfacet
  facet normal 1 -0 0
    outer loop
      vertex -40 -9.78148 2.07912
      vertex -40 -9.51056 -3.09017
      vertex -40 -9.51056 3.09017
    endloop
  endfacet
  facet normal 1 0 0
    outer loop
      vertex -40 -9.78148 2.07912
      vertex -40 -9.78148 -2.07912
      vertex -40 -9.51056 -3.09017
    endloop
  endfacet
  facet normal 1 -0 0
    outer loop
      vertex -40 -9.94522 1.04528
      vertex -40 -9.78148 -2.07912
      vertex -40 -9.78148 2.07912
    endloop
  endfacet
  facet normal 1 0 0
    outer loop
      vertex -40 -9.94522 1.04528
      vertex -40 -9.94522 -1.04528
      vertex -40 -9.78148 -2.07912
    endloop
  endfacet
  facet normal 1 0 -0
    outer loop
      vertex -40 -9.94522 -1.04528
      vertex -40 -9.94522 1.04528
      vertex -40 -10 0
    endloop
  endfacet
  facet normal -0.446723 0.32062 0.835249
    outer loop
      vertex -40 4.06737 9.13545
      vertex -60 0 0
      vertex -40 3.09017 9.51056
    endloop
  endfacet
  facet normal -0.446723 0.487272 0.750336
    outer loop
      vertex -40 5.87785 8.09017
      vertex -60 0 0
      vertex -40 5 8.66025
    endloop
  endfacet
  facet normal -0.446723 0.632629 0.632629
    outer loop
      vertex -40 7.43145 6.69131
      vertex -60 0 0
      vertex -40 6.69131 7.43145
    endloop
  endfacet
  facet normal -0.446723 0.750336 0.487272
    outer loop
      vertex -40 8.66025 5
      vertex -60 0 0
      vertex -40 8.09017 5.87785
    endloop
  endfacet
  facet normal -0.446723 0.835249 0.32062
    outer loop
      vertex -40 9.51056 3.09017
      vertex -60 0 0
      vertex -40 9.13545 4.06737
    endloop
  endfacet
  facet normal -0.446723 0.893446 0.0468228
    outer loop
      vertex -40 10 0
      vertex -60 0 0
      vertex -40 9.94522 1.04528
    endloop
  endfacet
  facet normal -0.446723 0.883658 -0.139954
    outer loop
      vertex -40 9.78148 -2.07912
      vertex -60 0 0
      vertex -40 9.94522 -1.04528
    endloop
  endfacet
  facet normal -0.446723 0.797158 -0.406174
    outer loop
      vertex -40 8.66025 -5
      vertex -60 0 0
      vertex -40 9.13545 -4.06737
    endloop
  endfacet
  facet normal -0.446723 0.695294 -0.563032
    outer loop
      vertex -40 7.43145 -6.69131
      vertex -60 0 0
      vertex -40 8.09017 -5.87785
    endloop
  endfacet
  facet normal -0.446723 0.563032 -0.695294
    outer loop
      vertex -40 5.87785 -8.09017
      vertex -60 0 0
      vertex -40 6.69131 -7.43145
    endloop
  endfacet
  facet normal -0.446723 0.32062 -0.835249
    outer loop
      vertex -40 3.09017 -9.51056
      vertex -60 0 0
      vertex -40 4.06737 -9.13545
    endloop
  endfacet
  facet normal -0.446723 0.139954 -0.883658
    outer loop
      vertex -40 1.04528 -9.94522
      vertex -60 0 0
      vertex -40 2.07912 -9.78148
    endloop
  endfacet
  facet normal -0.446723 -0.139954 -0.883658
    outer loop
      vertex -40 -2.07912 -9.78148
      vertex -60 0 0
      vertex -40 -1.04528 -9.94522
    endloop
  endfacet
  facet normal -0.446723 -0.32062 -0.835249
    outer loop
      vertex -40 -4.06737 -9.13545
      vertex -60 0 0
      vertex -40 -3.09017 -9.51056
    endloop
  endfacet
  facet normal -0.446723 -0.487272 -0.750336
    outer loop
      vertex -40 -5.87785 -8.09017
      vertex -60 0 0
      vertex -40 -5 -8.66025
    endloop
  endfacet
  facet normal -0.446723 -0.632629 -0.632629
    outer loop
      vertex -40 -7.43145 -6.69131
      vertex -60 0 0
      vertex -40 -6.69131 -7.43145
    endloop
  endfacet
  facet normal -0.446723 -0.750336 -0.487272
    outer loop
      vertex -40 -8.66025 -5
      vertex -60 0 0
      vertex -40 -8.09017 -5.87785
    endloop
  endfacet
  facet normal -0.446723 -0.835249 -0.32062
    outer loop
      vertex -40 -9.51056 -3.09017
      vertex -60 0 0
      vertex -40 -9.13545 -4.06737
    endloop
  endfacet
  facet normal -0.446723 -0.893446 -0.0468228
    outer loop
      vertex -40 -10 0
      vertex -60 0 0
      vertex -40 -9.94522 -1.04528
    endloop
  endfacet
  facet normal -0.446723 -0.883658 0.139954
    outer loop
      vertex -40 -9.78148 2.07912
      vertex -60 0 0
      vertex -40 -9.94522 1.04528
    endloop
  endfacet
  facet normal -0.446723 -0.835249 0.32062
    outer loop
      vertex -40 -9.13545 4.06737
      vertex -60 0 0
      vertex -40 -9.51056 3.09017
    endloop
  endfacet
  facet normal -0.446723 -0.750336 0.487272
    outer loop
      vertex -40 -8.09017 5.87785
      vertex -60 0 0
      vertex -40 -8.66025 5
    endloop
  endfacet
  facet normal -0.446723 -0.632629 0.632629
    outer loop
      vertex -40 -6.69131 7.43145
      vertex -60 0 0
      vertex -40 -7.43145 6.69131
    endloop
  endfacet
  facet normal -0.446723 -0.487272 0.750336
    outer loop
      vertex -40 -5 8.66025
      vertex -60 0 0
      vertex -40 -5.87785 8.09017
    endloop
  endfacet
  facet normal -0.446723 -0.32062 0.835249
    outer loop
      vertex -40 -3.09017 9.51056
      vertex -60 0 0
      vertex -40 -4.06737 9.13545
    endloop
  endfacet
  facet normal -0.446723 -0.0468228 0.893446
    outer loop
      vertex -40 0 10
      vertex -60 0 0
      vertex -40 -1.04528 9.94522
    endloop
  endfacet
  facet normal 0.257333 0.0505727 -0.964999
    outer loop
      vertex 70 0 -2
      vertex 40 0 -10
      vertex 40 1.04528 -9.94522
    endloop
  endfacet
  facet normal 0.257333 -0.902144 -0.34629
    outer loop
      vertex 70 -1.90211 -0.618033
      vertex 40 -9.13545 -4.06737
      vertex 70 -1.82709 -0.813473
    endloop
  endfacet
  facet normal 0.257333 0.34629 -0.902144
    outer loop
      vertex 70 0.618033 -1.90211
      vertex 40 4.06737 -9.13545
      vertex 70 0.813473 -1.82709
    endloop
  endfacet
  facet normal 0.257333 0.750982 0.608116
    outer loop
      vertex 70 1.61803 1.17557
      vertex 40 7.43145 6.69131
      vertex 70 1.48629 1.33826
    endloop
  endfacet
  facet normal 0.257333 0.438702 -0.860999
    outer loop
      vertex 70 1 -1.73205
      vertex 40 4.06737 -9.13545
      vertex 40 5 -8.66025
    endloop
  endfacet
  facet normal 0.257333 0.964997 -0.0505909
    outer loop
      vertex 70 1.98904 -0.209057
      vertex 40 9.94522 -1.04528
      vertex 70 2 0
    endloop
  endfacet
  facet normal 0.257333 0.250137 0.933387
    outer loop
      vertex 70 0.618033 1.90211
      vertex 40 3.09017 9.51056
      vertex 70 0.415823 1.9563
    endloop
  endfacet
  facet normal 0.257333 0.954426 -0.151162
    outer loop
      vertex 70 1.9563 -0.415823
      vertex 40 9.78148 -2.07912
      vertex 40 9.94522 -1.04528
    endloop
  endfacet
  facet normal 0.257333 0.250111 -0.933394
    outer loop
      vertex 70 0.415823 -1.9563
      vertex 40 2.07912 -9.78148
      vertex 40 3.09017 -9.51056
    endloop
  endfacet
  facet normal 0.257333 -0.438702 -0.860999
    outer loop
      vertex 70 -1 -1.73205
      vertex 40 -5 -8.66025
      vertex 40 -4.06737 -9.13545
    endloop
  endfacet
  facet normal 0.257334 -0.954432 0.151128
    outer loop
      vertex 70 -1.9563 0.415823
      vertex 40 -9.94522 1.04528
      vertex 70 -1.98904 0.209057
    endloop
  endfacet
  facet normal 0.257333 0.933394 -0.250111
    outer loop
      vertex 70 1.9563 -0.415823
      vertex 40 9.51056 -3.09017
      vertex 40 9.78148 -2.07912
    endloop
  endfacet
  facet normal 0.257333 -0.0505909 0.964997
    outer loop
      vertex 70 0 2
      vertex 40 -1.04528 9.94522
      vertex 70 -0.209057 1.98904
    endloop
  endfacet
  facet normal 0.257333 -0.608123 0.750977
    outer loop
      vertex 40 -5.87785 8.09017
      vertex 40 -6.69131 7.43145
      vertex 70 -1.17557 1.61803
    endloop
  endfacet
  facet normal 0.257333 0.810419 0.526309
    outer loop
      vertex 70 1.73205 1
      vertex 40 8.66025 5
      vertex 70 1.61803 1.17557
    endloop
  endfacet
  facet normal 0.257333 -0.346298 0.902141
    outer loop
      vertex 40 -3.09017 9.51056
      vertex 40 -4.06737 9.13545
      vertex 70 -0.618033 1.90211
    endloop
  endfacet
  facet normal 0.257333 0.964999 0.0505727
    outer loop
      vertex 40 10 0
      vertex 40 9.94522 1.04528
      vertex 70 2 0
    endloop
  endfacet
  facet normal 0.257333 -0.526309 -0.810419
    outer loop
      vertex 70 -1.17557 -1.61803
      vertex 40 -5 -8.66025
      vertex 70 -1 -1.73205
    endloop
  endfacet
  facet normal 0.257333 0.151162 -0.954426
    outer loop
      vertex 70 0.415823 -1.9563
      vertex 40 1.04528 -9.94522
      vertex 40 2.07912 -9.78148
    endloop
  endfacet
  facet normal 0.257333 -0.151162 -0.954426
    outer loop
      vertex 70 -0.415823 -1.9563
      vertex 40 -2.07912 -9.78148
      vertex 40 -1.04528 -9.94522
    endloop
  endfacet
  facet normal 0.257333 0.902144 -0.34629
    outer loop
      vertex 70 1.82709 -0.813473
      vertex 40 9.13545 -4.06737
      vertex 70 1.90211 -0.618033
    endloop
  endfacet
  facet normal 0.257333 -0.608116 0.750982
    outer loop
      vertex 70 -1.17557 1.61803
      vertex 40 -6.69131 7.43145
      vertex 70 -1.33826 1.48629
    endloop
  endfacet
  facet normal 0.257333 0.526296 -0.810428
    outer loop
      vertex 70 1.17557 -1.61803
      vertex 40 5 -8.66025
      vertex 40 5.87785 -8.09017
    endloop
  endfacet
  facet normal 0.257333 0.810419 -0.526309
    outer loop
      vertex 70 1.61803 -1.17557
      vertex 40 8.66025 -5
      vertex 70 1.73205 -1
    endloop
  endfacet
  facet normal 0.257333 0.526296 0.810428
    outer loop
      vertex 40 5.87785 8.09017
      vertex 40 5 8.66025
      vertex 70 1.17557 1.61803
    endloop
  endfacet
  facet normal 0.257333 -0.810428 0.526296
    outer loop
      vertex 40 -8.09017 5.87785
      vertex 40 -8.66025 5
      vertex 70 -1.61803 1.17557
    endloop
  endfacet
  facet normal 0.257333 0.526309 -0.810419
    outer loop
      vertex 70 1 -1.73205
      vertex 40 5 -8.66025
      vertex 70 1.17557 -1.61803
    endloop
  endfacet
  facet normal 0.257333 -0.964999 -0.0505727
    outer loop
      vertex 70 -2 0
      vertex 40 -10 0
      vertex 40 -9.94522 -1.04528
    endloop
  endfacet
  facet normal 0.257333 0.750977 0.608123
    outer loop
      vertex 40 8.09017 5.87785
      vertex 40 7.43145 6.69131
      vertex 70 1.61803 1.17557
    endloop
  endfacet
  facet normal 0.257333 0.608123 -0.750977
    outer loop
      vertex 70 1.17557 -1.61803
      vertex 40 5.87785 -8.09017
      vertex 40 6.69131 -7.43145
    endloop
  endfacet
  facet normal 0.257333 0.438702 0.860999
    outer loop
      vertex 40 5 8.66025
      vertex 40 4.06737 9.13545
      vertex 70 1 1.73205
    endloop
  endfacet
  facet normal 0.257333 -0.0505727 -0.964999
    outer loop
      vertex 70 0 -2
      vertex 40 -1.04528 -9.94522
      vertex 40 0 -10
    endloop
  endfacet
  facet normal 0.257333 -0.933394 -0.250111
    outer loop
      vertex 70 -1.9563 -0.415823
      vertex 40 -9.78148 -2.07912
      vertex 40 -9.51056 -3.09017
    endloop
  endfacet
  facet normal 0.257333 0.526309 0.810419
    outer loop
      vertex 70 1.17557 1.61803
      vertex 40 5 8.66025
      vertex 70 1 1.73205
    endloop
  endfacet
  facet normal 0.257333 -0.0505727 0.964999
    outer loop
      vertex 40 0 10
      vertex 40 -1.04528 9.94522
      vertex 70 0 2
    endloop
  endfacet
  facet normal 0.257333 0.0505909 -0.964997
    outer loop
      vertex 70 0 -2
      vertex 40 1.04528 -9.94522
      vertex 70 0.209057 -1.98904
    endloop
  endfacet
  facet normal 0.257333 0.810428 -0.526296
    outer loop
      vertex 70 1.61803 -1.17557
      vertex 40 8.09017 -5.87785
      vertex 40 8.66025 -5
    endloop
  endfacet
  facet normal 0.257333 0.750982 -0.608116
    outer loop
      vertex 70 1.48629 -1.33826
      vertex 40 7.43145 -6.69131
      vertex 70 1.61803 -1.17557
    endloop
  endfacet
  facet normal 0.257333 0.0505727 0.964999
    outer loop
      vertex 40 1.04528 9.94522
      vertex 40 0 10
      vertex 70 0 2
    endloop
  endfacet
  facet normal 0.257333 0.250111 0.933394
    outer loop
      vertex 40 3.09017 9.51056
      vertex 40 2.07912 9.78148
      vertex 70 0.415823 1.9563
    endloop
  endfacet
  facet normal 0.257333 0.608116 0.750982
    outer loop
      vertex 70 1.33826 1.48629
      vertex 40 6.69131 7.43145
      vertex 70 1.17557 1.61803
    endloop
  endfacet
  facet normal 0.257333 0.860999 -0.438702
    outer loop
      vertex 70 1.73205 -1
      vertex 40 8.66025 -5
      vertex 40 9.13545 -4.06737
    endloop
  endfacet
  facet normal 0.257333 -0.346298 -0.902141
    outer loop
      vertex 70 -0.618033 -1.90211
      vertex 40 -4.06737 -9.13545
      vertex 40 -3.09017 -9.51056
    endloop
  endfacet
  facet normal 0.257333 -0.250137 0.933387
    outer loop
      vertex 70 -0.415823 1.9563
      vertex 40 -3.09017 9.51056
      vertex 70 -0.618033 1.90211
    endloop
  endfacet
  facet normal 0.257333 0.861 0.4387
    outer loop
      vertex 70 1.82709 0.813473
      vertex 40 9.13545 4.06737
      vertex 70 1.73205 1
    endloop
  endfacet
  facet normal 0.257333 -0.861 -0.4387
    outer loop
      vertex 70 -1.82709 -0.813473
      vertex 40 -9.13545 -4.06737
      vertex 70 -1.73205 -1
    endloop
  endfacet
  facet normal 0.257333 0.933394 0.250111
    outer loop
      vertex 40 9.78148 2.07912
      vertex 40 9.51056 3.09017
      vertex 70 1.9563 0.415823
    endloop
  endfacet
  facet normal 0.257333 0.933387 0.250137
    outer loop
      vertex 70 1.9563 0.415823
      vertex 40 9.51056 3.09017
      vertex 70 1.90211 0.618033
    endloop
  endfacet
  facet normal 0.257333 0.954426 0.151162
    outer loop
      vertex 40 9.94522 1.04528
      vertex 40 9.78148 2.07912
      vertex 70 1.9563 0.415823
    endloop
  endfacet
  facet normal 0.257333 0.902141 -0.346298
    outer loop
      vertex 70 1.90211 -0.618033
      vertex 40 9.13545 -4.06737
      vertex 40 9.51056 -3.09017
    endloop
  endfacet
  facet normal 0.257333 0.964999 -0.0505727
    outer loop
      vertex 70 2 0
      vertex 40 9.94522 -1.04528
      vertex 40 10 0
    endloop
  endfacet
  facet normal 0.257333 0.861 -0.4387
    outer loop
      vertex 70 1.73205 -1
      vertex 40 9.13545 -4.06737
      vertex 70 1.82709 -0.813473
    endloop
  endfacet
  facet normal 0.257333 0.810428 0.526296
    outer loop
      vertex 40 8.66025 5
      vertex 40 8.09017 5.87785
      vertex 70 1.61803 1.17557
    endloop
  endfacet
  facet normal 0.257333 -0.683293 -0.683293
    outer loop
      vertex 40 -7.43145 -6.69131
      vertex 70 -1.33826 -1.48629
      vertex 70 -1.48629 -1.33826
    endloop
  endfacet
  facet normal 0.257333 -0.683293 -0.683293
    outer loop
      vertex 70 -1.33826 -1.48629
      vertex 40 -7.43145 -6.69131
      vertex 40 -6.69131 -7.43145
    endloop
  endfacet
  facet normal 0.257333 -0.151162 0.954426
    outer loop
      vertex 40 -1.04528 9.94522
      vertex 40 -2.07912 9.78148
      vertex 70 -0.415823 1.9563
    endloop
  endfacet
  facet normal 0.257333 -0.860999 0.438702
    outer loop
      vertex 40 -8.66025 5
      vertex 40 -9.13545 4.06737
      vertex 70 -1.73205 1
    endloop
  endfacet
  facet normal 0.257333 0.933387 -0.250137
    outer loop
      vertex 70 1.90211 -0.618033
      vertex 40 9.51056 -3.09017
      vertex 70 1.9563 -0.415823
    endloop
  endfacet
  facet normal 0.257333 -0.954426 0.151162
    outer loop
      vertex 40 -9.78148 2.07912
      vertex 40 -9.94522 1.04528
      vertex 70 -1.9563 0.415823
    endloop
  endfacet
  facet normal -1 0 0
    outer loop
      vertex 40 9.94522 -1.04528
      vertex 40 9.94522 1.04528
      vertex 40 10 0
    endloop
  endfacet
  facet normal -1 0 0
    outer loop
      vertex 40 9.78148 -2.07912
      vertex 40 9.94522 1.04528
      vertex 40 9.94522 -1.04528
    endloop
  endfacet
  facet normal -1 0 0
    outer loop
      vertex 40 9.78148 -2.07912
      vertex 40 9.78148 2.07912
      vertex 40 9.94522 1.04528
    endloop
  endfacet
  facet normal -1 0 0
    outer loop
      vertex 40 9.51056 -3.09017
      vertex 40 9.78148 2.07912
      vertex 40 9.78148 -2.07912
    endloop
  endfacet
  facet normal -1 0 0
    outer loop
      vertex 40 9.51056 -3.09017
      vertex 40 9.51056 3.09017
      vertex 40 9.78148 2.07912
    endloop
  endfacet
  facet normal -1 0 0
    outer loop
      vertex 40 9.13545 -4.06737
      vertex 40 9.51056 3.09017
      vertex 40 9.51056 -3.09017
    endloop
  endfacet
  facet normal -1 0 0
    outer loop
      vertex 40 9.13545 -4.06737
      vertex 40 9.13545 4.06737
      vertex 40 9.51056 3.09017
    endloop
  endfacet
  facet normal -1 0 0
    outer loop
      vertex 40 8.66025 -5
      vertex 40 9.13545 4.06737
      vertex 40 9.13545 -4.06737
    endloop
  endfacet
  facet normal -1 0 0
    outer loop
      vertex 40 8.66025 -5
      vertex 40 8.66025 5
      vertex 40 9.13545 4.06737
    endloop
  endfacet
  facet normal -1 0 0
    outer loop
      vertex 40 8.09017 -5.87785
      vertex 40 8.66025 5
      vertex 40 8.66025 -5
    endloop
  endfacet
  facet normal -1 0 0
    outer loop
      vertex 40 8.09017 -5.87785
      vertex 40 8.09017 5.87785
      vertex 40 8.66025 5
    endloop
  endfacet
  facet normal -1 0 0
    outer loop
      vertex 40 7.43145 -6.69131
      vertex 40 8.09017 5.87785
      vertex 40 8.09017 -5.87785
    endloop
  endfacet
  facet normal -1 0 0
    outer loop
      vertex 40 7.43145 -6.69131
      vertex 40 7.43145 6.69131
      vertex 40 8.09017 5.87785
    endloop
  endfacet
  facet normal -1 0 0
    outer loop
      vertex 40 6.69131 -7.43145
      vertex 40 7.43145 6.69131
      vertex 40 7.43145 -6.69131
    endloop
  endfacet
  facet normal -1 0 0
    outer loop
      vertex 40 6.69131 -7.43145
      vertex 40 6.69131 7.43145
      vertex 40 7.43145 6.69131
    endloop
  endfacet
  facet normal -1 0 0
    outer loop
      vertex 40 5.87785 -8.09017
      vertex 40 6.69131 7.43145
      vertex 40 6.69131 -7.43145
    endloop
  endfacet
  facet normal -1 0 0
    outer loop
      vertex 40 5.87785 -8.09017
      vertex 40 5.87785 8.09017
      vertex 40 6.69131 7.43145
    endloop
  endfacet
  facet normal -1 0 0
    outer loop
      vertex 40 5 -8.66025
      vertex 40 5.87785 8.09017
      vertex 40 5.87785 -8.09017
    endloop
  endfacet
  facet normal -1 0 0
    outer loop
      vertex 40 5 -8.66025
      vertex 40 5 8.66025
      vertex 40 5.87785 8.09017
    endloop
  endfacet
  facet normal -1 0 0
    outer loop
      vertex 40 4.06737 -9.13545
      vertex 40 5 8.66025
      vertex 40 5 -8.66025
    endloop
  endfacet
  facet normal -1 0 0
    outer loop
      vertex 40 4.06737 -9.13545
      vertex 40 4.06737 9.13545
      vertex 40 5 8.66025
    endloop
  endfacet
  facet normal -1 0 0
    outer loop
      vertex 40 3.09017 -9.51056
      vertex 40 4.06737 9.13545
      vertex 40 4.06737 -9.13545
    endloop
  endfacet
  facet normal -1 0 0
    outer loop
      vertex 40 3.09017 -9.51056
      vertex 40 3.09017 9.51056
      vertex 40 4.06737 9.13545
    endloop
  endfacet
  facet normal -1 0 0
    outer loop
      vertex 40 2.07912 -9.78148
      vertex 40 3.09017 9.51056
      vertex 40 3.09017 -9.51056
    endloop
  endfacet
  facet normal -1 0 0
    outer loop
      vertex 40 2.07912 -9.78148
      vertex 40 2.07912 9.78148
      vertex 40 3.09017 9.51056
    endloop
  endfacet
  facet normal -1 0 0
    outer loop
      vertex 40 1.04528 -9.94522
      vertex 40 2.07912 9.78148
      vertex 40 2.07912 -9.78148
    endloop
  endfacet
  facet normal -1 0 0
    outer loop
      vertex 40 1.04528 -9.94522
      vertex 40 1.04528 9.94522
      vertex 40 2.07912 9.78148
    endloop
  endfacet
  facet normal -1 0 0
    outer loop
      vertex 40 0 -10
      vertex 40 1.04528 9.94522
      vertex 40 1.04528 -9.94522
    endloop
  endfacet
  facet normal -1 0 0
    outer loop
      vertex 40 0 -10
      vertex 40 0 10
      vertex 40 1.04528 9.94522
    endloop
  endfacet
  facet normal -1 0 0
    outer loop
      vertex 40 -1.04528 -9.94522
      vertex 40 0 10
      vertex 40 0 -10
    endloop
  endfacet
  facet normal -1 0 0
    outer loop
      vertex 40 -1.04528 -9.94522
      vertex 40 -1.04528 9.94522
      vertex 40 0 10
    endloop
  endfacet
  facet normal -1 0 0
    outer loop
      vertex 40 -2.07912 -9.78148
      vertex 40 -1.04528 9.94522
      vertex 40 -1.04528 -9.94522
    endloop
  endfacet
  facet normal -1 0 0
    outer loop
      vertex 40 -2.07912 -9.78148
      vertex 40 -2.07912 9.78148
      vertex 40 -1.04528 9.94522
    endloop
  endfacet
  facet normal -1 0 0
    outer loop
      vertex 40 -3.09017 -9.51056
      vertex 40 -2.07912 9.78148
      vertex 40 -2.07912 -9.78148
    endloop
  endfacet
  facet normal -1 0 0
    outer loop
      vertex 40 -3.09017 -9.51056
      vertex 40 -3.09017 9.51056
      vertex 40 -2.07912 9.78148
    endloop
  endfacet
  facet normal -1 0 0
    outer loop
      vertex 40 -4.06737 -9.13545
      vertex 40 -3.09017 9.51056
      vertex 40 -3.09017 -9.51056
    endloop
  endfacet
  facet normal -1 0 0
    outer loop
      vertex 40 -4.06737 -9.13545
      vertex 40 -4.06737 9.13545
      vertex 40 -3.09017 9.51056
    endloop
  endfacet
  facet normal -1 0 0
    outer loop
      vertex 40 -5 -8.66025
      vertex 40 -4.06737 9.13545
      vertex 40 -4.06737 -9.13545
    endloop
  endfacet
  facet normal -1 0 0
    outer loop
      vertex 40 -5 -8.66025
      vertex 40 -5 8.66025
      vertex 40 -4.06737 9.13545
    endloop
  endfacet
  facet normal -1 0 0
    outer loop
      vertex 40 -5.87785 -8.09017
      vertex 40 -5 8.66025
      vertex 40 -5 -8.66025
    endloop
  endfacet
  facet normal -1 0 0
    outer loop
      vertex 40 -5.87785 -8.09017
      vertex 40 -5.87785 8.09017
      vertex 40 -5 8.66025
    endloop
  endfacet
  facet normal -1 0 0
    outer loop
      vertex 40 -6.69131 -7.43145
      vertex 40 -5.87785 8.09017
      vertex 40 -5.87785 -8.09017
    endloop
  endfacet
  facet normal -1 0 0
    outer loop
      vertex 40 -6.69131 -7.43145
      vertex 40 -6.69131 7.43145
      vertex 40 -5.87785 8.09017
    endloop
  endfacet
  facet normal -1 0 0
    outer loop
      vertex 40 -7.43145 -6.69131
      vertex 40 -6.69131 7.43145
      vertex 40 -6.69131 -7.43145
    endloop
  endfacet
  facet normal -1 0 0
    outer loop
      vertex 40 -7.43145 -6.69131
      vertex 40 -7.43145 6.69131
      vertex 40 -6.69131 7.43145
    endloop
  endfacet
  facet normal -1 0 0
    outer loop
      vertex 40 -8.09017 -5.87785
      vertex 40 -7.43145 6.69131
      vertex 40 -7.43145 -6.69131
    endloop
  endfacet
  facet normal -1 0 0
    outer loop
      vertex 40 -8.09017 -5.87785
      vertex 40 -8.09017 5.87785
      vertex 40 -7.43145 6.69131
    endloop
  endfacet
  facet normal -1 0 0
    outer loop
      vertex 40 -8.66025 -5
      vertex 40 -8.09017 5.87785
      vertex 40 -8.09017 -5.87785
    endloop
  endfacet
  facet normal -1 0 0
    outer loop
      vertex 40 -8.66025 -5
      vertex 40 -8.66025 5
      vertex 40 -8.09017 5.87785
    endloop
  endfacet
  facet normal -1 0 0
    outer loop
      vertex 40 -9.13545 -4.06737
      vertex 40 -8.66025 5
      vertex 40 -8.66025 -5
    endloop
  endfacet
  facet normal -1 0 0
    outer loop
      vertex 40 -9.13545 -4.06737
      vertex 40 -9.13545 4.06737
      vertex 40 -8.66025 5
    endloop
  endfacet
  facet normal -1 0 0
    outer loop
      vertex 40 -9.51056 -3.09017
      vertex 40 -9.13545 4.06737
      vertex 40 -9.13545 -4.06737
    endloop
  endfacet
  facet normal -1 0 0
    outer loop
      vertex 40 -9.51056 -3.09017
      vertex 40 -9.51056 3.09017
      vertex 40 -9.13545 4.06737
    endloop
  endfacet
  facet normal -1 0 0
    outer loop
      vertex 40 -9.78148 -2.07912
      vertex 40 -9.51056 3.09017
      vertex 40 -9.51056 -3.09017
    endloop
  endfacet
  facet normal -1 0 0
    outer loop
      vertex 40 -9.78148 -2.07912
      vertex 40 -9.78148 2.07912
      vertex 40 -9.51056 3.09017
    endloop
  endfacet
  facet normal -1 0 0
    outer loop
      vertex 40 -9.94522 -1.04528
      vertex 40 -9.78148 2.07912
      vertex 40 -9.78148 -2.07912
    endloop
  endfacet
  facet normal -1 0 0
    outer loop
      vertex 40 -9.94522 -1.04528
      vertex 40 -9.94522 1.04528
      vertex 40 -9.78148 2.07912
    endloop
  endfacet
  facet normal -1 0 -0
    outer loop
      vertex 40 -9.94522 1.04528
      vertex 40 -9.94522 -1.04528
      vertex 40 -10 0
    endloop
  endfacet
  facet normal 0.257333 -0.34629 -0.902144
    outer loop
      vertex 70 -0.813473 -1.82709
      vertex 40 -4.06737 -9.13545
      vertex 70 -0.618033 -1.90211
    endloop
  endfacet
  facet normal 0.257333 0.151162 0.954426
    outer loop
      vertex 40 2.07912 9.78148
      vertex 40 1.04528 9.94522
      vertex 70 0.415823 1.9563
    endloop
  endfacet
  facet normal 0.257333 0.346298 -0.902141
    outer loop
      vertex 70 0.618033 -1.90211
      vertex 40 3.09017 -9.51056
      vertex 40 4.06737 -9.13545
    endloop
  endfacet
  facet normal 0.257333 0.683293 0.683293
    outer loop
      vertex 70 1.33826 1.48629
      vertex 40 7.43145 6.69131
      vertex 40 6.69131 7.43145
    endloop
  endfacet
  facet normal 0.257333 0.683293 0.683293
    outer loop
      vertex 40 7.43145 6.69131
      vertex 70 1.33826 1.48629
      vertex 70 1.48629 1.33826
    endloop
  endfacet
  facet normal 0.257333 -0.4387 -0.861
    outer loop
      vertex 70 -1 -1.73205
      vertex 40 -4.06737 -9.13545
      vertex 70 -0.813473 -1.82709
    endloop
  endfacet
  facet normal 0.257333 -0.0505909 -0.964997
    outer loop
      vertex 70 -0.209057 -1.98904
      vertex 40 -1.04528 -9.94522
      vertex 70 0 -2
    endloop
  endfacet
  facet normal 0.257333 0.608116 -0.750982
    outer loop
      vertex 70 1.17557 -1.61803
      vertex 40 6.69131 -7.43145
      vertex 70 1.33826 -1.48629
    endloop
  endfacet
  facet normal 0.257334 -0.151128 0.954432
    outer loop
      vertex 70 -0.209057 1.98904
      vertex 40 -1.04528 9.94522
      vertex 70 -0.415823 1.9563
    endloop
  endfacet
  facet normal 0.257333 -0.250111 0.933394
    outer loop
      vertex 40 -2.07912 9.78148
      vertex 40 -3.09017 9.51056
      vertex 70 -0.415823 1.9563
    endloop
  endfacet
  facet normal 0.257333 -0.933387 -0.250137
    outer loop
      vertex 70 -1.9563 -0.415823
      vertex 40 -9.51056 -3.09017
      vertex 70 -1.90211 -0.618033
    endloop
  endfacet
  facet normal 0.257333 -0.964997 -0.0505909
    outer loop
      vertex 70 -2 0
      vertex 40 -9.94522 -1.04528
      vertex 70 -1.98904 -0.209057
    endloop
  endfacet
  facet normal 0.257333 -0.810419 -0.526309
    outer loop
      vertex 70 -1.73205 -1
      vertex 40 -8.66025 -5
      vertex 70 -1.61803 -1.17557
    endloop
  endfacet
  facet normal 0.257333 -0.750977 0.608123
    outer loop
      vertex 40 -7.43145 6.69131
      vertex 40 -8.09017 5.87785
      vertex 70 -1.61803 1.17557
    endloop
  endfacet
  facet normal 0.257333 -0.902141 -0.346298
    outer loop
      vertex 70 -1.90211 -0.618033
      vertex 40 -9.51056 -3.09017
      vertex 40 -9.13545 -4.06737
    endloop
  endfacet
  facet normal 0.257333 -0.438702 0.860999
    outer loop
      vertex 40 -4.06737 9.13545
      vertex 40 -5 8.66025
      vertex 70 -1 1.73205
    endloop
  endfacet
  facet normal 0.257334 0.954432 0.151128
    outer loop
      vertex 70 1.98904 0.209057
      vertex 40 9.94522 1.04528
      vertex 70 1.9563 0.415823
    endloop
  endfacet
  facet normal 0.257333 -0.750982 -0.608116
    outer loop
      vertex 70 -1.61803 -1.17557
      vertex 40 -7.43145 -6.69131
      vertex 70 -1.48629 -1.33826
    endloop
  endfacet
  facet normal 0.257333 -0.860999 -0.438702
    outer loop
      vertex 70 -1.73205 -1
      vertex 40 -9.13545 -4.06737
      vertex 40 -8.66025 -5
    endloop
  endfacet
  facet normal 0.257333 0.750977 -0.608123
    outer loop
      vertex 70 1.61803 -1.17557
      vertex 40 7.43145 -6.69131
      vertex 40 8.09017 -5.87785
    endloop
  endfacet
  facet normal 0.257333 -0.34629 0.902144
    outer loop
      vertex 70 -0.618033 1.90211
      vertex 40 -4.06737 9.13545
      vertex 70 -0.813473 1.82709
    endloop
  endfacet
  facet normal 0.257333 -0.526296 -0.810428
    outer loop
      vertex 70 -1.17557 -1.61803
      vertex 40 -5.87785 -8.09017
      vertex 40 -5 -8.66025
    endloop
  endfacet
  facet normal 0.257333 0.964997 0.0505909
    outer loop
      vertex 70 2 0
      vertex 40 9.94522 1.04528
      vertex 70 1.98904 0.209057
    endloop
  endfacet
  facet normal 0.257333 0.250137 -0.933387
    outer loop
      vertex 70 0.415823 -1.9563
      vertex 40 3.09017 -9.51056
      vertex 70 0.618033 -1.90211
    endloop
  endfacet
  facet normal 0.257333 -0.608123 -0.750977
    outer loop
      vertex 70 -1.17557 -1.61803
      vertex 40 -6.69131 -7.43145
      vertex 40 -5.87785 -8.09017
    endloop
  endfacet
  facet normal 0.257333 -0.750977 -0.608123
    outer loop
      vertex 70 -1.61803 -1.17557
      vertex 40 -8.09017 -5.87785
      vertex 40 -7.43145 -6.69131
    endloop
  endfacet
  facet normal 0.257333 -0.608116 -0.750982
    outer loop
      vertex 70 -1.33826 -1.48629
      vertex 40 -6.69131 -7.43145
      vertex 70 -1.17557 -1.61803
    endloop
  endfacet
  facet normal 0.257334 0.954432 -0.151128
    outer loop
      vertex 70 1.9563 -0.415823
      vertex 40 9.94522 -1.04528
      vertex 70 1.98904 -0.209057
    endloop
  endfacet
  facet normal 0.257333 -0.810428 -0.526296
    outer loop
      vertex 70 -1.61803 -1.17557
      vertex 40 -8.66025 -5
      vertex 40 -8.09017 -5.87785
    endloop
  endfacet
  facet normal 0.257333 -0.250137 -0.933387
    outer loop
      vertex 70 -0.618033 -1.90211
      vertex 40 -3.09017 -9.51056
      vertex 70 -0.415823 -1.9563
    endloop
  endfacet
  facet normal 0.257333 -0.250111 -0.933394
    outer loop
      vertex 70 -0.415823 -1.9563
      vertex 40 -3.09017 -9.51056
      vertex 40 -2.07912 -9.78148
    endloop
  endfacet
  facet normal 0.257333 0.608123 0.750977
    outer loop
      vertex 40 6.69131 7.43145
      vertex 40 5.87785 8.09017
      vertex 70 1.17557 1.61803
    endloop
  endfacet
  facet normal 0.257334 -0.151128 -0.954432
    outer loop
      vertex 70 -0.415823 -1.9563
      vertex 40 -1.04528 -9.94522
      vertex 70 -0.209057 -1.98904
    endloop
  endfacet
  facet normal 0.257333 -0.933387 0.250137
    outer loop
      vertex 70 -1.90211 0.618033
      vertex 40 -9.51056 3.09017
      vertex 70 -1.9563 0.415823
    endloop
  endfacet
  facet normal 0.257333 -0.954426 -0.151162
    outer loop
      vertex 70 -1.9563 -0.415823
      vertex 40 -9.94522 -1.04528
      vertex 40 -9.78148 -2.07912
    endloop
  endfacet
  facet normal 0.257333 0.683293 -0.683293
    outer loop
      vertex 70 1.33826 -1.48629
      vertex 40 7.43145 -6.69131
      vertex 70 1.48629 -1.33826
    endloop
  endfacet
  facet normal 0.257333 0.683293 -0.683293
    outer loop
      vertex 40 7.43145 -6.69131
      vertex 70 1.33826 -1.48629
      vertex 40 6.69131 -7.43145
    endloop
  endfacet
  facet normal 0.257333 0.4387 -0.861
    outer loop
      vertex 70 0.813473 -1.82709
      vertex 40 4.06737 -9.13545
      vertex 70 1 -1.73205
    endloop
  endfacet
  facet normal 0.257333 -0.964997 0.0505909
    outer loop
      vertex 70 -1.98904 0.209057
      vertex 40 -9.94522 1.04528
      vertex 70 -2 0
    endloop
  endfacet
  facet normal 0.257333 -0.526296 0.810428
    outer loop
      vertex 40 -5 8.66025
      vertex 40 -5.87785 8.09017
      vertex 70 -1.17557 1.61803
    endloop
  endfacet
  facet normal 0.257333 -0.861 0.4387
    outer loop
      vertex 70 -1.73205 1
      vertex 40 -9.13545 4.06737
      vertex 70 -1.82709 0.813473
    endloop
  endfacet
  facet normal 0.257333 -0.933394 0.250111
    outer loop
      vertex 40 -9.51056 3.09017
      vertex 40 -9.78148 2.07912
      vertex 70 -1.9563 0.415823
    endloop
  endfacet
  facet normal 0.257333 0.902141 0.346298
    outer loop
      vertex 40 9.51056 3.09017
      vertex 40 9.13545 4.06737
      vertex 70 1.90211 0.618033
    endloop
  endfacet
  facet normal 0.257333 -0.683293 0.683293
    outer loop
      vertex 40 -7.43145 6.69131
      vertex 70 -1.33826 1.48629
      vertex 40 -6.69131 7.43145
    endloop
  endfacet
  facet normal 0.257333 -0.683293 0.683293
    outer loop
      vertex 70 -1.33826 1.48629
      vertex 40 -7.43145 6.69131
      vertex 70 -1.48629 1.33826
    endloop
  endfacet
  facet normal 0.257333 0.346298 0.902141
    outer loop
      vertex 40 4.06737 9.13545
      vertex 40 3.09017 9.51056
      vertex 70 0.618033 1.90211
    endloop
  endfacet
  facet normal 0.257333 0.902144 0.34629
    outer loop
      vertex 70 1.90211 0.618033
      vertex 40 9.13545 4.06737
      vertex 70 1.82709 0.813473
    endloop
  endfacet
  facet normal 0.257333 0.860999 0.438702
    outer loop
      vertex 40 9.13545 4.06737
      vertex 40 8.66025 5
      vertex 70 1.73205 1
    endloop
  endfacet
  facet normal 0.257333 -0.964999 0.0505727
    outer loop
      vertex 40 -9.94522 1.04528
      vertex 40 -10 0
      vertex 70 -2 0
    endloop
  endfacet
  facet normal 0.257333 -0.902141 0.346298
    outer loop
      vertex 40 -9.13545 4.06737
      vertex 40 -9.51056 3.09017
      vertex 70 -1.90211 0.618033
    endloop
  endfacet
  facet normal 0.257334 0.151128 0.954432
    outer loop
      vertex 70 0.415823 1.9563
      vertex 40 1.04528 9.94522
      vertex 70 0.209057 1.98904
    endloop
  endfacet
  facet normal 0.257333 -0.526309 0.810419
    outer loop
      vertex 70 -1 1.73205
      vertex 40 -5 8.66025
      vertex 70 -1.17557 1.61803
    endloop
  endfacet
  facet normal 0.257333 -0.750982 0.608116
    outer loop
      vertex 70 -1.48629 1.33826
      vertex 40 -7.43145 6.69131
      vertex 70 -1.61803 1.17557
    endloop
  endfacet
  facet normal 0.257334 0.151128 -0.954432
    outer loop
      vertex 70 0.209057 -1.98904
      vertex 40 1.04528 -9.94522
      vertex 70 0.415823 -1.9563
    endloop
  endfacet
  facet normal 0.257333 -0.4387 0.861
    outer loop
      vertex 70 -0.813473 1.82709
      vertex 40 -4.06737 9.13545
      vertex 70 -1 1.73205
    endloop
  endfacet
  facet normal 0.257333 0.0505909 0.964997
    outer loop
      vertex 70 0.209057 1.98904
      vertex 40 1.04528 9.94522
      vertex 70 0 2
    endloop
  endfacet
  facet normal 0.257333 0.4387 0.861
    outer loop
      vertex 70 1 1.73205
      vertex 40 4.06737 9.13545
      vertex 70 0.813473 1.82709
    endloop
  endfacet
  facet normal 0.257333 0.34629 0.902144
    outer loop
      vertex 70 0.813473 1.82709
      vertex 40 4.06737 9.13545
      vertex 70 0.618033 1.90211
    endloop
  endfacet
  facet normal 0.257334 -0.954432 -0.151128
    outer loop
      vertex 70 -1.98904 -0.209057
      vertex 40 -9.94522 -1.04528
      vertex 70 -1.9563 -0.415823
    endloop
  endfacet
  facet normal 0.257333 -0.810419 0.526309
    outer loop
      vertex 70 -1.61803 1.17557
      vertex 40 -8.66025 5
      vertex 70 -1.73205 1
    endloop
  endfacet
  facet normal 1 0 0
    outer loop
      vertex 70 1.98904 0.209057
      vertex 70 1.98904 -0.209057
      vertex 70 2 0
    endloop
  endfacet
  facet normal 1 0 0
    outer loop
      vertex 70 1.9563 0.415823
      vertex 70 1.98904 -0.209057
      vertex 70 1.98904 0.209057
    endloop
  endfacet
  facet normal 1 0 0
    outer loop
      vertex 70 1.9563 0.415823
      vertex 70 1.9563 -0.415823
      vertex 70 1.98904 -0.209057
    endloop
  endfacet
  facet normal 1 0 0
    outer loop
      vertex 70 1.90211 0.618033
      vertex 70 1.9563 -0.415823
      vertex 70 1.9563 0.415823
    endloop
  endfacet
  facet normal 1 0 0
    outer loop
      vertex 70 1.90211 0.618033
      vertex 70 1.90211 -0.618033
      vertex 70 1.9563 -0.415823
    endloop
  endfacet
  facet normal 1 0 0
    outer loop
      vertex 70 1.82709 0.813473
      vertex 70 1.90211 -0.618033
      vertex 70 1.90211 0.618033
    endloop
  endfacet
  facet normal 1 0 0
    outer loop
      vertex 70 1.82709 0.813473
      vertex 70 1.82709 -0.813473
      vertex 70 1.90211 -0.618033
    endloop
  endfacet
  facet normal 1 0 0
    outer loop
      vertex 70 1.73205 1
      vertex 70 1.82709 -0.813473
      vertex 70 1.82709 0.813473
    endloop
  endfacet
  facet normal 1 0 0
    outer loop
      vertex 70 1.73205 1
      vertex 70 1.73205 -1
      vertex 70 1.82709 -0.813473
    endloop
  endfacet
  facet normal 1 0 0
    outer loop
      vertex 70 1.61803 1.17557
      vertex 70 1.73205 -1
      vertex 70 1.73205 1
    endloop
  endfacet
  facet normal 1 0 0
    outer loop
      vertex 70 1.61803 1.17557
      vertex 70 1.61803 -1.17557
      vertex 70 1.73205 -1
    endloop
  endfacet
  facet normal 1 0 0
    outer loop
      vertex 70 1.48629 1.33826
      vertex 70 1.61803 -1.17557
      vertex 70 1.61803 1.17557
    endloop
  endfacet
  facet normal 1 0 0
    outer loop
      vertex 70 1.48629 1.33826
      vertex 70 1.48629 -1.33826
      vertex 70 1.61803 -1.17557
    endloop
  endfacet
  facet normal 1 0 0
    outer loop
      vertex 70 1.33826 1.48629
      vertex 70 1.48629 -1.33826
      vertex 70 1.48629 1.33826
    endloop
  endfacet
  facet normal 1 0 0
    outer loop
      vertex 70 1.33826 1.48629
      vertex 70 1.33826 -1.48629
      vertex 70 1.48629 -1.33826
    endloop
  endfacet
  facet normal 1 0 0
    outer loop
      vertex 70 1.17557 1.61803
      vertex 70 1.33826 -1.48629
      vertex 70 1.33826 1.48629
    endloop
  endfacet
  facet normal 1 0 0
    outer loop
      vertex 70 1.17557 1.61803
      vertex 70 1.17557 -1.61803
      vertex 70 1.33826 -1.48629
    endloop
  endfacet
  facet normal 1 0 0
    outer loop
      vertex 70 1 1.73205
      vertex 70 1.17557 -1.61803
      vertex 70 1.17557 1.61803
    endloop
  endfacet
  facet normal 1 0 0
    outer loop
      vertex 70 1 1.73205
      vertex 70 1 -1.73205
      vertex 70 1.17557 -1.61803
    endloop
  endfacet
  facet normal 1 0 0
    outer loop
      vertex 70 0.813473 1.82709
      vertex 70 1 -1.73205
      vertex 70 1 1.73205
    endloop
  endfacet
  facet normal 1 0 0
    outer loop
      vertex 70 0.813473 1.82709
      vertex 70 0.813473 -1.82709
      vertex 70 1 -1.73205
    endloop
  endfacet
  facet normal 1 0 0
    outer loop
      vertex 70 0.618033 1.90211
      vertex 70 0.813473 -1.82709
      vertex 70 0.813473 1.82709
    endloop
  endfacet
  facet normal 1 0 0
    outer loop
      vertex 70 0.618033 1.90211
      vertex 70 0.618033 -1.90211
      vertex 70 0.813473 -1.82709
    endloop
  endfacet
  facet normal 1 0 0
    outer loop
      vertex 70 0.415823 1.9563
      vertex 70 0.618033 -1.90211
      vertex 70 0.618033 1.90211
    endloop
  endfacet
  facet normal 1 0 0
    outer loop
      vertex 70 0.415823 1.9563
      vertex 70 0.415823 -1.9563
      vertex 70 0.618033 -1.90211
    endloop
  endfacet
  facet normal 1 0 0
    outer loop
      vertex 70 0.209057 1.98904
      vertex 70 0.415823 -1.9563
      vertex 70 0.415823 1.9563
    endloop
  endfacet
  facet normal 1 0 0
    outer loop
      vertex 70 0.209057 1.98904
      vertex 70 0.209057 -1.98904
      vertex 70 0.415823 -1.9563
    endloop
  endfacet
  facet normal 1 0 0
    outer loop
      vertex 70 0 2
      vertex 70 0.209057 -1.98904
      vertex 70 0.209057 1.98904
    endloop
  endfacet
  facet normal 1 0 0
    outer loop
      vertex 70 0 2
      vertex 70 0 -2
      vertex 70 0.209057 -1.98904
    endloop
  endfacet
  facet normal 1 -0 0
    outer loop
      vertex 70 -0.209057 1.98904
      vertex 70 0 -2
      vertex 70 0 2
    endloop
  endfacet
  facet normal 1 0 0
    outer loop
      vertex 70 -0.209057 1.98904
      vertex 70 -0.209057 -1.98904
      vertex 70 0 -2
    endloop
  endfacet
  facet normal 1 -0 0
    outer loop
      vertex 70 -0.415823 1.9563
      vertex 70 -0.209057 -1.98904
      vertex 70 -0.209057 1.98904
    endloop
  endfacet
  facet normal 1 0 0
    outer loop
      vertex 70 -0.415823 1.9563
      vertex 70 -0.415823 -1.9563
      vertex 70 -0.209057 -1.98904
    endloop
  endfacet
  facet normal 1 -0 0
    outer loop
      vertex 70 -0.618033 1.90211
      vertex 70 -0.415823 -1.9563
      vertex 70 -0.415823 1.9563
    endloop
  endfacet
  facet normal 1 0 0
    outer loop
      vertex 70 -0.618033 1.90211
      vertex 70 -0.618033 -1.90211
      vertex 70 -0.415823 -1.9563
    endloop
  endfacet
  facet normal 1 -0 0
    outer loop
      vertex 70 -0.813473 1.82709
      vertex 70 -0.618033 -1.90211
      vertex 70 -0.618033 1.90211
    endloop
  endfacet
  facet normal 1 0 0
    outer loop
      vertex 70 -0.813473 1.82709
      vertex 70 -0.813473 -1.82709
      vertex 70 -0.618033 -1.90211
    endloop
  endfacet
  facet normal 1 -0 0
    outer loop
      vertex 70 -1 1.73205
      vertex 70 -0.813473 -1.82709
      vertex 70 -0.813473 1.82709
    endloop
  endfacet
  facet normal 1 0 0
    outer loop
      vertex 70 -1 1.73205
      vertex 70 -1 -1.73205
      vertex 70 -0.813473 -1.82709
    endloop
  endfacet
  facet normal 1 -0 0
    outer loop
      vertex 70 -1.17557 1.61803
      vertex 70 -1 -1.73205
      vertex 70 -1 1.73205
    endloop
  endfacet
  facet normal 1 0 0
    outer loop
      vertex 70 -1.17557 1.61803
      vertex 70 -1.17557 -1.61803
      vertex 70 -1 -1.73205
    endloop
  endfacet
  facet normal 1 -0 0
    outer loop
      vertex 70 -1.33826 1.48629
      vertex 70 -1.17557 -1.61803
      vertex 70 -1.17557 1.61803
    endloop
  endfacet
  facet normal 1 0 0
    outer loop
      vertex 70 -1.33826 1.48629
      vertex 70 -1.33826 -1.48629
      vertex 70 -1.17557 -1.61803
    endloop
  endfacet
  facet normal 1 -0 0
    outer loop
      vertex 70 -1.48629 1.33826
      vertex 70 -1.33826 -1.48629
      vertex 70 -1.33826 1.48629
    endloop
  endfacet
  facet normal 1 0 0
    outer loop
      vertex 70 -1.48629 1.33826
      vertex 70 -1.48629 -1.33826
      vertex 70 -1.33826 -1.48629
    endloop
  endfacet
  facet normal 1 -0 0
    outer loop
      vertex 70 -1.61803 1.17557
      vertex 70 -1.48629 -1.33826
      vertex 70 -1.48629 1.33826
    endloop
  endfacet
  facet normal 1 0 0
    outer loop
      vertex 70 -1.61803 1.17557
      vertex 70 -1.61803 -1.17557
      vertex 70 -1.48629 -1.33826
    endloop
  endfacet
  facet normal 1 -0 0
    outer loop
      vertex 70 -1.73205 1
      vertex 70 -1.61803 -1.17557
      vertex 70 -1.61803 1.17557
    endloop
  endfacet
  facet normal 1 0 0
    outer loop
      vertex 70 -1.73205 1
      vertex 70 -1.73205 -1
      vertex 70 -1.61803 -1.17557
    endloop
  endfacet
  facet normal 1 -0 0
    outer loop
      vertex 70 -1.82709 0.813473
      vertex 70 -1.73205 -1
      vertex 70 -1.73205 1
    endloop
  endfacet
  facet normal 1 0 0
    outer loop
      vertex 70 -1.82709 0.813473
      vertex 70 -1.82709 -0.813473
      vertex 70 -1.73205 -1
    endloop
  endfacet
  facet normal 1 -0 0
    outer loop
      vertex 70 -1.90211 0.618033
      vertex 70 -1.82709 -0.813473
      vertex 70 -1.82709 0.813473
    endloop
  endfacet
  facet normal 1 0 0
    outer loop
      vertex 70 -1.90211 0.618033
      vertex 70 -1.90211 -0.618033
      vertex 70 -1.82709 -0.813473
    endloop
  endfacet
  facet normal 1 -0 0
    outer loop
      vertex 70 -1.9563 0.415823
      vertex 70 -1.90211 -0.618033
      vertex 70 -1.90211 0.618033
    endloop
  endfacet
  facet normal 1 0 0
    outer loop
      vertex 70 -1.9563 0.415823
      vertex 70 -1.9563 -0.415823
      vertex 70 -1.90211 -0.618033
    endloop
  endfacet
  facet normal 1 -0 0
    outer loop
      vertex 70 -1.98904 0.209057
      vertex 70 -1.9563 -0.415823
      vertex 70 -1.9563 0.415823
    endloop
  endfacet
  facet normal 1 0 0
    outer loop
      vertex 70 -1.98904 0.209057
      vertex 70 -1.98904 -0.209057
      vertex 70 -1.9563 -0.415823
    endloop
  endfacet
  facet normal 1 0 -0
    outer loop
      vertex 70 -1.98904 -0.209057
      vertex 70 -1.98904 0.209057
      vertex 70 -2 0
    endloop
  endfacet
  facet normal 0.257333 -0.902144 0.34629
    outer loop
      vertex 70 -1.82709 0.813473
      vertex 40 -9.13545 4.06737
      vertex 70 -1.90211 0.618033
    endloop
  endfacet
  facet normal -1 0 0
    outer loop
      vertex -4.5 30.525 -10.2784
      vertex -4.5 36 -8
      vertex -4.5 35.9671 -8.62717
    endloop
  endfacet
  facet normal -1 0 0
    outer loop
      vertex -4.5 30.525 -10.2784
      vertex -4.5 35.9671 -8.62717
      vertex -4.5 35.8689 -9.24747
    endloop
  endfacet
  facet normal -1 0 0
    outer loop
      vertex -4.5 30.525 -5.72164
      vertex -4.5 36 -8
      vertex -4.5 30.525 -10.2784
    endloop
  endfacet
  facet normal -1 0 0
    outer loop
      vertex -4.5 30.525 -10.2784
      vertex -4.5 35.8689 -9.24747
      vertex -4.5 35.7063 -9.8541
    endloop
  endfacet
  facet normal -1 0 0
    outer loop
      vertex -4.5 36 -8
      vertex -4.5 30.525 -5.72164
      vertex -4.5 35.9671 -7.37283
    endloop
  endfacet
  facet normal -1 0 0
    outer loop
      vertex -4.5 30.525 -10.2784
      vertex -4.5 35.7063 -9.8541
      vertex -4.5 35.4813 -10.4404
    endloop
  endfacet
  facet normal -1 0 0
    outer loop
      vertex -4.5 35.9671 -7.37283
      vertex -4.5 30.525 -5.72164
      vertex -4.5 35.8689 -6.75253
    endloop
  endfacet
  facet normal -1 0 0
    outer loop
      vertex -4.5 30.525 -10.2784
      vertex -4.5 35.4813 -10.4404
      vertex -4.5 35.1962 -11
    endloop
  endfacet
  facet normal -1 0 0
    outer loop
      vertex -4.5 35.8689 -6.75253
      vertex -4.5 30.525 -5.72164
      vertex -4.5 35.7063 -6.1459
    endloop
  endfacet
  facet normal -1 0 0
    outer loop
      vertex -4.5 30.525 -10.2784
      vertex -4.5 35.1962 -11
      vertex -4.5 34.8541 -11.5267
    endloop
  endfacet
  facet normal -1 0 0
    outer loop
      vertex -4.5 35.7063 -6.1459
      vertex -4.5 30.525 -5.72164
      vertex -4.5 35.4813 -5.55958
    endloop
  endfacet
  facet normal -1 0 0
    outer loop
      vertex -4.5 30.525 -10.2784
      vertex -4.5 34.8541 -11.5267
      vertex -4.5 34.4589 -12.0148
    endloop
  endfacet
  facet normal -1 -0 0
    outer loop
      vertex -4.5 35.4813 -5.55958
      vertex -4.5 30.525 -5.72164
      vertex -4.5 35.1962 -5
    endloop
  endfacet
  facet normal -1 0 0
    outer loop
      vertex -4.5 30.525 -10.2784
      vertex -4.5 34.4589 -12.0148
      vertex -4.5 34.0148 -12.4589
    endloop
  endfacet
  facet normal -1 -0 0
    outer loop
      vertex -4.5 35.1962 -5
      vertex -4.5 30.525 -5.72164
      vertex -4.5 34.8541 -4.47329
    endloop
  endfacet
  facet normal -1 0 0
    outer loop
      vertex -4.5 30.525 -10.2784
      vertex -4.5 34.0148 -12.4589
      vertex -4.5 33.5267 -12.8541
    endloop
  endfacet
  facet normal -1 -0 0
    outer loop
      vertex -4.5 34.8541 -4.47329
      vertex -4.5 30.525 -5.72164
      vertex -4.5 34.4589 -3.98522
    endloop
  endfacet
  facet normal -1 0 0
    outer loop
      vertex -4.5 30.525 -10.2784
      vertex -4.5 33.5267 -12.8541
      vertex -4.5 33 -13.1962
    endloop
  endfacet
  facet normal -1 -0 0
    outer loop
      vertex -4.5 34.4589 -3.98522
      vertex -4.5 30.525 -5.72164
      vertex -4.5 34.0148 -3.54113
    endloop
  endfacet
  facet normal -1 0 0
    outer loop
      vertex -4.5 30.525 -10.2784
      vertex -4.5 33 -13.1962
      vertex -4.5 32.4404 -13.4813
    endloop
  endfacet
  facet normal -1 -0 0
    outer loop
      vertex -4.5 34.0148 -3.54113
      vertex -4.5 30.525 -5.72164
      vertex -4.5 33.5267 -3.1459
    endloop
  endfacet
  facet normal -1 0 0
    outer loop
      vertex -4.5 30.525 -10.2784
      vertex -4.5 32.4404 -13.4813
      vertex -4.5 31.8541 -13.7063
    endloop
  endfacet
  facet normal -1 -0 0
    outer loop
      vertex -4.5 33.5267 -3.1459
      vertex -4.5 30.525 -5.72164
      vertex -4.5 33 -2.80385
    endloop
  endfacet
  facet normal -1 0 0
    outer loop
      vertex -4.5 30.525 -10.2784
      vertex -4.5 31.8541 -13.7063
      vertex -4.5 31.2475 -13.8689
    endloop
  endfacet
  facet normal -1 -0 0
    outer loop
      vertex -4.5 33 -2.80385
      vertex -4.5 30.525 -5.72164
      vertex -4.5 32.4404 -2.51873
    endloop
  endfacet
  facet normal -1 0 0
    outer loop
      vertex -4.5 30.525 -10.2784
      vertex -4.5 31.2475 -13.8689
      vertex -4.5 30.6272 -13.9671
    endloop
  endfacet
  facet normal -1 -0 0
    outer loop
      vertex -4.5 32.4404 -2.51873
      vertex -4.5 30.525 -5.72164
      vertex -4.5 31.8541 -2.29366
    endloop
  endfacet
  facet normal -1 -0 0
    outer loop
      vertex -4.5 31.8541 -2.29366
      vertex -4.5 30.525 -5.72164
      vertex -4.5 31.2475 -2.13111
    endloop
  endfacet
  facet normal -1 0 0
    outer loop
      vertex -4.5 30 -14
      vertex -4.5 30.525 -10.2784
      vertex -4.5 30.6272 -13.9671
    endloop
  endfacet
  facet normal -1 0 0
    outer loop
      vertex -4.5 30 -14
      vertex -4.5 29.475 -10.2784
      vertex -4.5 30.525 -10.2784
    endloop
  endfacet
  facet normal -1 0 0
    outer loop
      vertex -4.5 28.7525 -13.8689
      vertex -4.5 29.475 -10.2784
      vertex -4.5 29.3728 -13.9671
    endloop
  endfacet
  facet normal -1 0 0
    outer loop
      vertex -4.5 29.3728 -13.9671
      vertex -4.5 29.475 -10.2784
      vertex -4.5 30 -14
    endloop
  endfacet
  facet normal -1 -0 0
    outer loop
      vertex -4.5 31.2475 -2.13111
      vertex -4.5 30.525 -5.72164
      vertex -4.5 30.6272 -2.03287
    endloop
  endfacet
  facet normal -1 0 0
    outer loop
      vertex -4.5 30.25 -5.72164
      vertex -4.5 30.6272 -2.03287
      vertex -4.5 30.525 -5.72164
    endloop
  endfacet
  facet normal -1 -0 0
    outer loop
      vertex -4.5 30.6272 -2.03287
      vertex -4.5 30.25 -5.72164
      vertex -4.5 30.25 -2.0131
    endloop
  endfacet
  facet normal -1 0 0
    outer loop
      vertex -4.5 29.3728 -2.03287
      vertex -4.5 29.75 -5.72164
      vertex -4.5 29.475 -5.72164
    endloop
  endfacet
  facet normal -1 0 0
    outer loop
      vertex -4.5 29.75 -5.72164
      vertex -4.5 29.3728 -2.03287
      vertex -4.5 29.75 -2.0131
    endloop
  endfacet
  facet normal -1 0 0
    outer loop
      vertex -4.5 28.1459 -13.7063
      vertex -4.5 29.475 -10.2784
      vertex -4.5 28.7525 -13.8689
    endloop
  endfacet
  facet normal -1 0 0
    outer loop
      vertex -4.5 27.5596 -13.4813
      vertex -4.5 29.475 -10.2784
      vertex -4.5 28.1459 -13.7063
    endloop
  endfacet
  facet normal -1 0 0
    outer loop
      vertex -4.5 29.475 -5.72164
      vertex -4.5 28.7525 -2.13111
      vertex -4.5 29.3728 -2.03287
    endloop
  endfacet
  facet normal -1 0 0
    outer loop
      vertex -4.5 27 -13.1962
      vertex -4.5 29.475 -10.2784
      vertex -4.5 27.5596 -13.4813
    endloop
  endfacet
  facet normal -1 0 0
    outer loop
      vertex -4.5 29.475 -5.72164
      vertex -4.5 28.1459 -2.29366
      vertex -4.5 28.7525 -2.13111
    endloop
  endfacet
  facet normal -1 0 0
    outer loop
      vertex -4.5 26.4733 -12.8541
      vertex -4.5 29.475 -10.2784
      vertex -4.5 27 -13.1962
    endloop
  endfacet
  facet normal -1 0 0
    outer loop
      vertex -4.5 29.475 -5.72164
      vertex -4.5 27.5596 -2.51873
      vertex -4.5 28.1459 -2.29366
    endloop
  endfacet
  facet normal -1 0 0
    outer loop
      vertex -4.5 25.9852 -12.4589
      vertex -4.5 29.475 -10.2784
      vertex -4.5 26.4733 -12.8541
    endloop
  endfacet
  facet normal -1 0 0
    outer loop
      vertex -4.5 29.475 -5.72164
      vertex -4.5 27 -2.80385
      vertex -4.5 27.5596 -2.51873
    endloop
  endfacet
  facet normal -1 0 0
    outer loop
      vertex -4.5 25.5411 -12.0148
      vertex -4.5 29.475 -10.2784
      vertex -4.5 25.9852 -12.4589
    endloop
  endfacet
  facet normal -1 0 0
    outer loop
      vertex -4.5 29.475 -5.72164
      vertex -4.5 26.4733 -3.1459
      vertex -4.5 27 -2.80385
    endloop
  endfacet
  facet normal -1 0 0
    outer loop
      vertex -4.5 25.1459 -11.5267
      vertex -4.5 29.475 -10.2784
      vertex -4.5 25.5411 -12.0148
    endloop
  endfacet
  facet normal -1 0 0
    outer loop
      vertex -4.5 29.475 -5.72164
      vertex -4.5 25.9852 -3.54113
      vertex -4.5 26.4733 -3.1459
    endloop
  endfacet
  facet normal -1 0 0
    outer loop
      vertex -4.5 24.8038 -11
      vertex -4.5 29.475 -10.2784
      vertex -4.5 25.1459 -11.5267
    endloop
  endfacet
  facet normal -1 0 0
    outer loop
      vertex -4.5 29.475 -5.72164
      vertex -4.5 25.5411 -3.98522
      vertex -4.5 25.9852 -3.54113
    endloop
  endfacet
  facet normal -1 0 0
    outer loop
      vertex -4.5 24.5187 -10.4404
      vertex -4.5 29.475 -10.2784
      vertex -4.5 24.8038 -11
    endloop
  endfacet
  facet normal -1 0 0
    outer loop
      vertex -4.5 29.475 -5.72164
      vertex -4.5 25.1459 -4.47329
      vertex -4.5 25.5411 -3.98522
    endloop
  endfacet
  facet normal -1 0 0
    outer loop
      vertex -4.5 24.2937 -9.8541
      vertex -4.5 29.475 -10.2784
      vertex -4.5 24.5187 -10.4404
    endloop
  endfacet
  facet normal -1 0 0
    outer loop
      vertex -4.5 29.475 -5.72164
      vertex -4.5 24.8038 -5
      vertex -4.5 25.1459 -4.47329
    endloop
  endfacet
  facet normal -1 0 0
    outer loop
      vertex -4.5 24.1311 -9.24747
      vertex -4.5 29.475 -10.2784
      vertex -4.5 24.2937 -9.8541
    endloop
  endfacet
  facet normal -1 0 0
    outer loop
      vertex -4.5 29.475 -5.72164
      vertex -4.5 24.5187 -5.55958
      vertex -4.5 24.8038 -5
    endloop
  endfacet
  facet normal -1 0 0
    outer loop
      vertex -4.5 24.0329 -8.62717
      vertex -4.5 29.475 -10.2784
      vertex -4.5 24.1311 -9.24747
    endloop
  endfacet
  facet normal -1 -0 0
    outer loop
      vertex -4.5 29.475 -5.72164
      vertex -4.5 24.2937 -6.1459
      vertex -4.5 24.5187 -5.55958
    endloop
  endfacet
  facet normal -1 0 0
    outer loop
      vertex -4.5 24 -8
      vertex -4.5 29.475 -10.2784
      vertex -4.5 24.0329 -8.62717
    endloop
  endfacet
  facet normal -1 0 0
    outer loop
      vertex -4.5 29.475 -5.72164
      vertex -4.5 24.1311 -6.75253
      vertex -4.5 24.2937 -6.1459
    endloop
  endfacet
  facet normal -1 0 0
    outer loop
      vertex -4.5 29.475 -10.2784
      vertex -4.5 24 -8
      vertex -4.5 29.475 -5.72164
    endloop
  endfacet
  facet normal -1 0 0
    outer loop
      vertex -4.5 29.475 -5.72164
      vertex -4.5 24.0329 -7.37283
      vertex -4.5 24.1311 -6.75253
    endloop
  endfacet
  facet normal -1 0 0
    outer loop
      vertex -4.5 29.475 -5.72164
      vertex -4.5 24 -8
      vertex -4.5 24.0329 -7.37283
    endloop
  endfacet
  facet normal 1 0 0
    outer loop
      vertex -4.5 30.25 -1.7
      vertex -4.5 30 -2
      vertex -4.5 30.25 -2.0131
    endloop
  endfacet
  facet normal 1 -0 0
    outer loop
      vertex -4.5 29.75 -1.7
      vertex -4.5 30 -2
      vertex -4.5 30.25 -1.7
    endloop
  endfacet
  facet normal 1 0 0
    outer loop
      vertex -4.5 30 -2
      vertex -4.5 29.75 -1.7
      vertex -4.5 29.75 -2.0131
    endloop
  endfacet
  facet normal 0 -1 0
    outer loop
      vertex -5.5 29.75 -1.7
      vertex -4.5 29.75 -2.0131
      vertex -4.5 29.75 -1.7
    endloop
  endfacet
  facet normal 0 -1 0
    outer loop
      vertex -5.2439 29.75 -5.67945
      vertex -4.5 29.75 -2.0131
      vertex -5.5 29.75 -1.7
    endloop
  endfacet
  facet normal 0 -1 0
    outer loop
      vertex -4.5 29.75 -2.0131
      vertex -5.2439 29.75 -5.67945
      vertex -5 29.75 -5.66667
    endloop
  endfacet
  facet normal 0 -1 0
    outer loop
      vertex -5.5 29.75 -1.7
      vertex -5.48513 29.75 -5.71766
      vertex -5.2439 29.75 -5.67945
    endloop
  endfacet
  facet normal -0 -1 0
    outer loop
      vertex -5.48513 29.75 -5.71766
      vertex -5.5 29.75 -1.7
      vertex -5.5 29.75 -5.72164
    endloop
  endfacet
  facet normal 0 -1 0
    outer loop
      vertex -4.7561 29.75 -5.67945
      vertex -4.5 29.75 -2.0131
      vertex -5 29.75 -5.66667
    endloop
  endfacet
  facet normal 0 -1 0
    outer loop
      vertex -4.51487 29.75 -5.71766
      vertex -4.5 29.75 -2.0131
      vertex -4.7561 29.75 -5.67945
    endloop
  endfacet
  facet normal 0 -1 -0
    outer loop
      vertex -4.5 29.75 -2.0131
      vertex -4.51487 29.75 -5.71766
      vertex -4.5 29.75 -5.72164
    endloop
  endfacet
  facet normal 0 1 0
    outer loop
      vertex -4.5 30.25 -2.0131
      vertex -4.7561 30.25 -5.67945
      vertex -5 30.25 -5.66667
    endloop
  endfacet
  facet normal 0 1 0
    outer loop
      vertex -4.5 30.25 -2.0131
      vertex -4.51487 30.25 -5.71766
      vertex -4.7561 30.25 -5.67945
    endloop
  endfacet
  facet normal -0 1 0
    outer loop
      vertex -4.51487 30.25 -5.71766
      vertex -4.5 30.25 -2.0131
      vertex -4.5 30.25 -5.72164
    endloop
  endfacet
  facet normal 0 1 -0
    outer loop
      vertex -4.5 30.25 -2.0131
      vertex -5.5 30.25 -1.7
      vertex -4.5 30.25 -1.7
    endloop
  endfacet
  facet normal 0 1 0
    outer loop
      vertex -5.2439 30.25 -5.67945
      vertex -4.5 30.25 -2.0131
      vertex -5 30.25 -5.66667
    endloop
  endfacet
  facet normal 0 1 0
    outer loop
      vertex -4.5 30.25 -2.0131
      vertex -5.2439 30.25 -5.67945
      vertex -5.5 30.25 -1.7
    endloop
  endfacet
  facet normal 0 1 -0
    outer loop
      vertex -5.48513 30.25 -5.71766
      vertex -5.5 30.25 -1.7
      vertex -5.2439 30.25 -5.67945
    endloop
  endfacet
  facet normal 0 1 0
    outer loop
      vertex -5.5 30.25 -1.7
      vertex -5.48513 30.25 -5.71766
      vertex -5.5 30.25 -5.72164
    endloop
  endfacet
  facet normal -1 0 0
    outer loop
      vertex -5.5 29.75 -5.72164
      vertex -5.5 30.25 -1.7
      vertex -5.5 30.25 -5.72164
    endloop
  endfacet
  facet normal -1 -0 0
    outer loop
      vertex -5.5 30.25 -1.7
      vertex -5.5 29.75 -5.72164
      vertex -5.5 29.75 -1.7
    endloop
  endfacet
  facet normal -0 0 1
    outer loop
      vertex -5.5 30.25 -1.7
      vertex -4.5 29.75 -1.7
      vertex -4.5 30.25 -1.7
    endloop
  endfacet
  facet normal 0 0 1
    outer loop
      vertex -4.5 29.75 -1.7
      vertex -5.5 30.25 -1.7
      vertex -5.5 29.75 -1.7
    endloop
  endfacet
  facet normal 0 -1 0
    outer loop
      vertex -10.706 29.75 -10.717
      vertex -7.21913 29.75 -8.72104
      vertex -7.22312 29.75 -8.70617
    endloop
  endfacet
  facet normal 0 -1 0
    outer loop
      vertex -10.706 29.75 -10.717
      vertex -7.13161 29.75 -8.94905
      vertex -7.21913 29.75 -8.72104
    endloop
  endfacet
  facet normal 0 -1 0
    outer loop
      vertex -10.706 29.75 -10.717
      vertex -7.02073 29.75 -9.16667
      vertex -7.13161 29.75 -8.94905
    endloop
  endfacet
  facet normal 0 -1 0
    outer loop
      vertex -10.206 29.75 -11.583
      vertex -7.02073 29.75 -9.16667
      vertex -10.706 29.75 -10.717
    endloop
  endfacet
  facet normal 0 -1 -0
    outer loop
      vertex -7.02073 29.75 -9.16667
      vertex -10.206 29.75 -11.583
      vertex -6.88771 29.75 -9.3715
    endloop
  endfacet
  facet normal 0 -1 -0
    outer loop
      vertex -6.88771 29.75 -9.3715
      vertex -10.206 29.75 -11.583
      vertex -6.734 29.75 -9.5613
    endloop
  endfacet
  facet normal 0 -1 -0
    outer loop
      vertex -6.734 29.75 -9.5613
      vertex -10.206 29.75 -11.583
      vertex -6.72312 29.75 -9.57219
    endloop
  endfacet
  facet normal 0.499994 0 -0.866029
    outer loop
      vertex -10.206 29.75 -11.583
      vertex -6.72312 30.25 -9.57219
      vertex -6.72312 29.75 -9.57219
    endloop
  endfacet
  facet normal 0.499994 0 -0.866029
    outer loop
      vertex -6.72312 30.25 -9.57219
      vertex -10.206 29.75 -11.583
      vertex -10.206 30.25 -11.583
    endloop
  endfacet
  facet normal -0.866019 0 -0.500011
    outer loop
      vertex -10.206 29.75 -11.583
      vertex -10.706 30.25 -10.717
      vertex -10.206 30.25 -11.583
    endloop
  endfacet
  facet normal -0.866019 -0 -0.500011
    outer loop
      vertex -10.706 30.25 -10.717
      vertex -10.206 29.75 -11.583
      vertex -10.706 29.75 -10.717
    endloop
  endfacet
  facet normal 0 1 0
    outer loop
      vertex -7.21913 30.25 -8.72104
      vertex -10.706 30.25 -10.717
      vertex -7.22312 30.25 -8.70617
    endloop
  endfacet
  facet normal 0 1 0
    outer loop
      vertex -7.13161 30.25 -8.94905
      vertex -10.706 30.25 -10.717
      vertex -7.21913 30.25 -8.72104
    endloop
  endfacet
  facet normal 0 1 0
    outer loop
      vertex -7.02073 30.25 -9.16667
      vertex -10.706 30.25 -10.717
      vertex -7.13161 30.25 -8.94905
    endloop
  endfacet
  facet normal 0 1 0
    outer loop
      vertex -10.206 30.25 -11.583
      vertex -7.02073 30.25 -9.16667
      vertex -6.88771 30.25 -9.3715
    endloop
  endfacet
  facet normal 0 1 0
    outer loop
      vertex -10.206 30.25 -11.583
      vertex -6.88771 30.25 -9.3715
      vertex -6.734 30.25 -9.5613
    endloop
  endfacet
  facet normal 0 1 0
    outer loop
      vertex -10.206 30.25 -11.583
      vertex -6.734 30.25 -9.5613
      vertex -6.72312 30.25 -9.57219
    endloop
  endfacet
  facet normal 0 1 0
    outer loop
      vertex -7.02073 30.25 -9.16667
      vertex -10.206 30.25 -11.583
      vertex -10.706 30.25 -10.717
    endloop
  endfacet
  facet normal -0.499998 0 0.866027
    outer loop
      vertex -10.706 30.25 -10.717
      vertex -7.22312 29.75 -8.70617
      vertex -7.22312 30.25 -8.70617
    endloop
  endfacet
  facet normal -0.499998 0 0.866027
    outer loop
      vertex -7.22312 29.75 -8.70617
      vertex -10.706 30.25 -10.717
      vertex -10.706 29.75 -10.717
    endloop
  endfacet
  facet normal -0.453981 0 0.891011
    outer loop
      vertex -6.16667 30.525 -5.97927
      vertex -5.94905 29.475 -5.86839
      vertex -5.94905 30.525 -5.86839
    endloop
  endfacet
  facet normal -0.453981 0 0.891011
    outer loop
      vertex -5.94905 29.475 -5.86839
      vertex -6.16667 30.525 -5.97927
      vertex -6.16667 29.475 -5.97927
    endloop
  endfacet
  facet normal -0.838667 0 -0.544644
    outer loop
      vertex -6.88771 29.475 -9.3715
      vertex -7.02073 29.75 -9.16667
      vertex -6.88771 29.75 -9.3715
    endloop
  endfacet
  facet normal -0.838667 -0 -0.544644
    outer loop
      vertex -7.02073 29.75 -9.16667
      vertex -6.88771 29.475 -9.3715
      vertex -7.02073 29.475 -9.16667
    endloop
  endfacet
  facet normal -0.838667 0 -0.544644
    outer loop
      vertex -6.88771 30.25 -9.3715
      vertex -7.02073 30.525 -9.16667
      vertex -6.88771 30.525 -9.3715
    endloop
  endfacet
  facet normal -0.838667 -0 -0.544644
    outer loop
      vertex -7.02073 30.525 -9.16667
      vertex -6.88771 30.25 -9.3715
      vertex -7.02073 30.25 -9.16667
    endloop
  endfacet
  facet normal 0.0520001 0 -0.998647
    outer loop
      vertex -5 29.475 -10.3333
      vertex -4.7561 30.525 -10.3206
      vertex -4.7561 29.475 -10.3206
    endloop
  endfacet
  facet normal 0.0520001 0 -0.998647
    outer loop
      vertex -4.7561 30.525 -10.3206
      vertex -5 29.475 -10.3333
      vertex -5 30.525 -10.3333
    endloop
  endfacet
  facet normal -0.544558 0 -0.838723
    outer loop
      vertex -6.3715 29.475 -9.88771
      vertex -6.16667 30.525 -10.0207
      vertex -6.16667 29.475 -10.0207
    endloop
  endfacet
  facet normal -0.544558 0 -0.838723
    outer loop
      vertex -6.16667 30.525 -10.0207
      vertex -6.3715 29.475 -9.88771
      vertex -6.3715 30.525 -9.88771
    endloop
  endfacet
  facet normal -0.965835 -0 -0.259158
    outer loop
      vertex -7.21913 29.75 -8.72104
      vertex -7.21913 29.475 -8.72104
      vertex -7.22312 29.75 -8.70617
    endloop
  endfacet
  facet normal -0.965835 0 -0.259158
    outer loop
      vertex -7.22312 30.25 -8.70617
      vertex -7.21913 30.525 -8.72104
      vertex -7.21913 30.25 -8.72104
    endloop
  endfacet
  facet normal -0.965928 2.00734e-05 -0.258812
    outer loop
      vertex -7.21913 30.525 -8.72104
      vertex -7.22312 30.25 -8.70617
      vertex -7.28234 30.525 -8.48513
    endloop
  endfacet
  facet normal -0.965934 0 -0.258789
    outer loop
      vertex -7.22312 29.75 -8.70617
      vertex -7.28234 30.525 -8.48513
      vertex -7.22312 30.25 -8.70617
    endloop
  endfacet
  facet normal -0.965928 -2.00734e-05 -0.258812
    outer loop
      vertex -7.28234 29.475 -8.48513
      vertex -7.22312 29.75 -8.70617
      vertex -7.21913 29.475 -8.72104
    endloop
  endfacet
  facet normal -0.965934 0 -0.258789
    outer loop
      vertex -7.22312 29.75 -8.70617
      vertex -7.28234 29.475 -8.48513
      vertex -7.28234 30.525 -8.48513
    endloop
  endfacet
  facet normal -0.99863 0 0.0523267
    outer loop
      vertex -7.33333 29.475 -8
      vertex -7.32055 30.525 -7.7561
      vertex -7.33333 30.525 -8
    endloop
  endfacet
  facet normal -0.99863 0 0.0523267
    outer loop
      vertex -7.32055 30.525 -7.7561
      vertex -7.33333 29.475 -8
      vertex -7.32055 29.475 -7.7561
    endloop
  endfacet
  facet normal 0.253693 0 -0.967285
    outer loop
      vertex -4.51487 29.475 -10.2823
      vertex -4.5 30.525 -10.2784
      vertex -4.5 29.475 -10.2784
    endloop
  endfacet
  facet normal 0.253693 0 -0.967285
    outer loop
      vertex -4.5 30.525 -10.2784
      vertex -4.51487 29.475 -10.2823
      vertex -4.51487 30.525 -10.2823
    endloop
  endfacet
  facet normal 0.156806 0 -0.987629
    outer loop
      vertex -4.7561 29.475 -10.3206
      vertex -4.51487 30.525 -10.2823
      vertex -4.51487 29.475 -10.2823
    endloop
  endfacet
  facet normal 0.156806 0 -0.987629
    outer loop
      vertex -4.51487 30.525 -10.2823
      vertex -4.7561 29.475 -10.3206
      vertex -4.7561 30.525 -10.3206
    endloop
  endfacet
  facet normal -0.258552 0 0.965997
    outer loop
      vertex -5.48513 30.525 -5.71766
      vertex -5.5 30.25 -5.72164
      vertex -5.48513 30.25 -5.71766
    endloop
  endfacet
  facet normal -0.258829 0 0.965923
    outer loop
      vertex -5.5 30.25 -5.72164
      vertex -5.72104 30.525 -5.78087
      vertex -5.5 29.75 -5.72164
    endloop
  endfacet
  facet normal -0.258812 1.50513e-05 0.965928
    outer loop
      vertex -5.72104 30.525 -5.78087
      vertex -5.5 30.25 -5.72164
      vertex -5.48513 30.525 -5.71766
    endloop
  endfacet
  facet normal -0.258552 0 0.965997
    outer loop
      vertex -5.5 29.75 -5.72164
      vertex -5.48513 29.475 -5.71766
      vertex -5.48513 29.75 -5.71766
    endloop
  endfacet
  facet normal -0.258829 0 0.965923
    outer loop
      vertex -5.72104 29.475 -5.78087
      vertex -5.5 29.75 -5.72164
      vertex -5.72104 30.525 -5.78087
    endloop
  endfacet
  facet normal -0.258812 -1.50513e-05 0.965928
    outer loop
      vertex -5.5 29.75 -5.72164
      vertex -5.72104 29.475 -5.78087
      vertex -5.48513 29.475 -5.71766
    endloop
  endfacet
  facet normal -0.99863 0 -0.0523267
    outer loop
      vertex -7.32055 29.475 -8.2439
      vertex -7.33333 30.525 -8
      vertex -7.32055 30.525 -8.2439
    endloop
  endfacet
  facet normal -0.99863 -0 -0.0523267
    outer loop
      vertex -7.33333 30.525 -8
      vertex -7.32055 29.475 -8.2439
      vertex -7.33333 29.475 -8
    endloop
  endfacet
  facet normal -0.933587 0 -0.358351
    outer loop
      vertex -7.13161 29.475 -8.94905
      vertex -7.21913 29.75 -8.72104
      vertex -7.13161 29.75 -8.94905
    endloop
  endfacet
  facet normal -0.933587 -0 -0.358351
    outer loop
      vertex -7.21913 29.75 -8.72104
      vertex -7.13161 29.475 -8.94905
      vertex -7.21913 29.475 -8.72104
    endloop
  endfacet
  facet normal -0.933587 0 -0.358351
    outer loop
      vertex -7.13161 30.25 -8.94905
      vertex -7.21913 30.525 -8.72104
      vertex -7.13161 30.525 -8.94905
    endloop
  endfacet
  facet normal -0.933587 -0 -0.358351
    outer loop
      vertex -7.21913 30.525 -8.72104
      vertex -7.13161 30.25 -8.94905
      vertex -7.21913 30.25 -8.72104
    endloop
  endfacet
  facet normal -0.156446 0 0.987686
    outer loop
      vertex -5.48513 30.525 -5.71766
      vertex -5.2439 30.25 -5.67945
      vertex -5.2439 30.525 -5.67945
    endloop
  endfacet
  facet normal -0.156446 0 0.987686
    outer loop
      vertex -5.2439 30.25 -5.67945
      vertex -5.48513 30.525 -5.71766
      vertex -5.48513 30.25 -5.71766
    endloop
  endfacet
  facet normal -0.156446 0 0.987686
    outer loop
      vertex -5.48513 29.75 -5.71766
      vertex -5.2439 29.475 -5.67945
      vertex -5.2439 29.75 -5.67945
    endloop
  endfacet
  facet normal -0.156446 0 0.987686
    outer loop
      vertex -5.2439 29.475 -5.67945
      vertex -5.48513 29.75 -5.71766
      vertex -5.48513 29.475 -5.71766
    endloop
  endfacet
  facet normal -0.838667 0 0.544644
    outer loop
      vertex -7.02073 29.475 -6.83333
      vertex -6.88771 30.525 -6.6285
      vertex -7.02073 30.525 -6.83333
    endloop
  endfacet
  facet normal -0.838667 0 0.544644
    outer loop
      vertex -6.88771 30.525 -6.6285
      vertex -7.02073 29.475 -6.83333
      vertex -6.88771 29.475 -6.6285
    endloop
  endfacet
  facet normal -0.707107 0 0.707107
    outer loop
      vertex -6.734 29.475 -6.4387
      vertex -6.5613 30.525 -6.266
      vertex -6.734 30.525 -6.4387
    endloop
  endfacet
  facet normal -0.707107 0 0.707107
    outer loop
      vertex -6.5613 30.525 -6.266
      vertex -6.734 29.475 -6.4387
      vertex -6.5613 29.475 -6.266
    endloop
  endfacet
  facet normal -0.544644 0 0.838667
    outer loop
      vertex -6.3715 30.525 -6.11229
      vertex -6.16667 29.475 -5.97927
      vertex -6.16667 30.525 -5.97927
    endloop
  endfacet
  facet normal -0.544644 0 0.838667
    outer loop
      vertex -6.16667 29.475 -5.97927
      vertex -6.3715 30.525 -6.11229
      vertex -6.3715 29.475 -6.11229
    endloop
  endfacet
  facet normal -0.77712 0 -0.629353
    outer loop
      vertex -6.734 29.475 -9.5613
      vertex -6.88771 29.75 -9.3715
      vertex -6.734 29.75 -9.5613
    endloop
  endfacet
  facet normal -0.77712 -0 -0.629353
    outer loop
      vertex -6.88771 29.75 -9.3715
      vertex -6.734 29.475 -9.5613
      vertex -6.88771 29.475 -9.3715
    endloop
  endfacet
  facet normal -0.77712 0 -0.629353
    outer loop
      vertex -6.734 30.25 -9.5613
      vertex -6.88771 30.525 -9.3715
      vertex -6.734 30.525 -9.5613
    endloop
  endfacet
  facet normal -0.77712 -0 -0.629353
    outer loop
      vertex -6.88771 30.525 -9.3715
      vertex -6.734 30.25 -9.5613
      vertex -6.88771 30.25 -9.3715
    endloop
  endfacet
  facet normal -0.358351 0 0.933587
    outer loop
      vertex -5.94905 30.525 -5.86839
      vertex -5.72104 29.475 -5.78087
      vertex -5.72104 30.525 -5.78087
    endloop
  endfacet
  facet normal -0.358351 0 0.933587
    outer loop
      vertex -5.72104 29.475 -5.78087
      vertex -5.94905 30.525 -5.86839
      vertex -5.94905 29.475 -5.86839
    endloop
  endfacet
  facet normal -0.965928 0 0.258812
    outer loop
      vertex -7.28234 29.475 -7.51487
      vertex -7.21913 30.525 -7.27896
      vertex -7.28234 30.525 -7.51487
    endloop
  endfacet
  facet normal -0.965928 0 0.258812
    outer loop
      vertex -7.21913 30.525 -7.27896
      vertex -7.28234 29.475 -7.51487
      vertex -7.21913 29.475 -7.27896
    endloop
  endfacet
  facet normal -0.891011 0 0.453981
    outer loop
      vertex -7.13161 29.475 -7.05095
      vertex -7.02073 30.525 -6.83333
      vertex -7.13161 30.525 -7.05095
    endloop
  endfacet
  facet normal -0.891011 0 0.453981
    outer loop
      vertex -7.02073 30.525 -6.83333
      vertex -7.13161 29.475 -7.05095
      vertex -7.02073 29.475 -6.83333
    endloop
  endfacet
  facet normal 0 -1 0
    outer loop
      vertex -5.2439 29.475 -5.67945
      vertex -4.7561 29.475 -5.67945
      vertex -5 29.475 -5.66667
    endloop
  endfacet
  facet normal 0 -1 0
    outer loop
      vertex -5.48513 29.475 -5.71766
      vertex -4.7561 29.475 -5.67945
      vertex -5.2439 29.475 -5.67945
    endloop
  endfacet
  facet normal 0 -1 0
    outer loop
      vertex -4.5 29.475 -5.72164
      vertex -4.7561 29.475 -5.67945
      vertex -5.48513 29.475 -5.71766
    endloop
  endfacet
  facet normal 0 -1 0
    outer loop
      vertex -4.7561 29.475 -5.67945
      vertex -4.5 29.475 -5.72164
      vertex -4.51487 29.475 -5.71766
    endloop
  endfacet
  facet normal 0 -1 0
    outer loop
      vertex -5.72104 29.475 -5.78087
      vertex -4.5 29.475 -5.72164
      vertex -5.48513 29.475 -5.71766
    endloop
  endfacet
  facet normal 0 -1 0
    outer loop
      vertex -5.94905 29.475 -5.86839
      vertex -4.5 29.475 -5.72164
      vertex -5.72104 29.475 -5.78087
    endloop
  endfacet
  facet normal 0 -1 0
    outer loop
      vertex -6.16667 29.475 -5.97927
      vertex -4.5 29.475 -5.72164
      vertex -5.94905 29.475 -5.86839
    endloop
  endfacet
  facet normal 0 -1 0
    outer loop
      vertex -6.3715 29.475 -6.11229
      vertex -4.5 29.475 -5.72164
      vertex -6.16667 29.475 -5.97927
    endloop
  endfacet
  facet normal 0 -1 0
    outer loop
      vertex -6.5613 29.475 -6.266
      vertex -4.5 29.475 -5.72164
      vertex -6.3715 29.475 -6.11229
    endloop
  endfacet
  facet normal 0 -1 0
    outer loop
      vertex -6.734 29.475 -6.4387
      vertex -4.5 29.475 -5.72164
      vertex -6.5613 29.475 -6.266
    endloop
  endfacet
  facet normal 0 -1 0
    outer loop
      vertex -6.88771 29.475 -6.6285
      vertex -4.5 29.475 -5.72164
      vertex -6.734 29.475 -6.4387
    endloop
  endfacet
  facet normal 0 -1 0
    outer loop
      vertex -7.02073 29.475 -6.83333
      vertex -4.5 29.475 -5.72164
      vertex -6.88771 29.475 -6.6285
    endloop
  endfacet
  facet normal 0 -1 0
    outer loop
      vertex -7.13161 29.475 -7.05095
      vertex -4.5 29.475 -5.72164
      vertex -7.02073 29.475 -6.83333
    endloop
  endfacet
  facet normal 0 -1 0
    outer loop
      vertex -7.21913 29.475 -7.27896
      vertex -4.5 29.475 -5.72164
      vertex -7.13161 29.475 -7.05095
    endloop
  endfacet
  facet normal 0 -1 0
    outer loop
      vertex -7.28234 29.475 -7.51487
      vertex -4.5 29.475 -5.72164
      vertex -7.21913 29.475 -7.27896
    endloop
  endfacet
  facet normal 0 -1 0
    outer loop
      vertex -7.32055 29.475 -7.7561
      vertex -4.5 29.475 -5.72164
      vertex -7.28234 29.475 -7.51487
    endloop
  endfacet
  facet normal 0 -1 0
    outer loop
      vertex -7.33333 29.475 -8
      vertex -4.5 29.475 -5.72164
      vertex -7.32055 29.475 -7.7561
    endloop
  endfacet
  facet normal 0 -1 0
    outer loop
      vertex -7.32055 29.475 -8.2439
      vertex -4.5 29.475 -5.72164
      vertex -7.33333 29.475 -8
    endloop
  endfacet
  facet normal 0 -1 0
    outer loop
      vertex -7.28234 29.475 -8.48513
      vertex -4.5 29.475 -5.72164
      vertex -7.32055 29.475 -8.2439
    endloop
  endfacet
  facet normal 0 -1 0
    outer loop
      vertex -7.21913 29.475 -8.72104
      vertex -4.5 29.475 -5.72164
      vertex -7.28234 29.475 -8.48513
    endloop
  endfacet
  facet normal 0 -1 0
    outer loop
      vertex -7.13161 29.475 -8.94905
      vertex -4.5 29.475 -5.72164
      vertex -7.21913 29.475 -8.72104
    endloop
  endfacet
  facet normal 0 -1 0
    outer loop
      vertex -7.02073 29.475 -9.16667
      vertex -4.5 29.475 -5.72164
      vertex -7.13161 29.475 -8.94905
    endloop
  endfacet
  facet normal 0 -1 0
    outer loop
      vertex -6.88771 29.475 -9.3715
      vertex -4.5 29.475 -5.72164
      vertex -7.02073 29.475 -9.16667
    endloop
  endfacet
  facet normal 0 -1 0
    outer loop
      vertex -6.734 29.475 -9.5613
      vertex -4.5 29.475 -5.72164
      vertex -6.88771 29.475 -9.3715
    endloop
  endfacet
  facet normal 0 -1 0
    outer loop
      vertex -6.5613 29.475 -9.734
      vertex -4.5 29.475 -5.72164
      vertex -6.734 29.475 -9.5613
    endloop
  endfacet
  facet normal 0 -1 0
    outer loop
      vertex -6.3715 29.475 -9.88771
      vertex -4.5 29.475 -5.72164
      vertex -6.5613 29.475 -9.734
    endloop
  endfacet
  facet normal 0 -1 0
    outer loop
      vertex -6.16667 29.475 -10.0207
      vertex -4.5 29.475 -5.72164
      vertex -6.3715 29.475 -9.88771
    endloop
  endfacet
  facet normal 0 -1 0
    outer loop
      vertex -5.94905 29.475 -10.1316
      vertex -4.5 29.475 -5.72164
      vertex -6.16667 29.475 -10.0207
    endloop
  endfacet
  facet normal 0 -1 0
    outer loop
      vertex -5.72104 29.475 -10.2191
      vertex -4.5 29.475 -5.72164
      vertex -5.94905 29.475 -10.1316
    endloop
  endfacet
  facet normal 0 -1 0
    outer loop
      vertex -5.72104 29.475 -10.2191
      vertex -4.5 29.475 -10.2784
      vertex -4.5 29.475 -5.72164
    endloop
  endfacet
  facet normal 0 -1 0
    outer loop
      vertex -5.48513 29.475 -10.2823
      vertex -4.5 29.475 -10.2784
      vertex -5.72104 29.475 -10.2191
    endloop
  endfacet
  facet normal 0 -1 0
    outer loop
      vertex -5.2439 29.475 -10.3206
      vertex -4.5 29.475 -10.2784
      vertex -5.48513 29.475 -10.2823
    endloop
  endfacet
  facet normal 0 -1 0
    outer loop
      vertex -4.7561 29.475 -10.3206
      vertex -4.5 29.475 -10.2784
      vertex -5.2439 29.475 -10.3206
    endloop
  endfacet
  facet normal 0 -1 0
    outer loop
      vertex -4.5 29.475 -10.2784
      vertex -4.7561 29.475 -10.3206
      vertex -4.51487 29.475 -10.2823
    endloop
  endfacet
  facet normal -0 -1 0
    outer loop
      vertex -4.7561 29.475 -10.3206
      vertex -5.2439 29.475 -10.3206
      vertex -5 29.475 -10.3333
    endloop
  endfacet
  facet normal -0.0523267 0 0.99863
    outer loop
      vertex -5.2439 30.525 -5.67945
      vertex -5 30.25 -5.66667
      vertex -5 30.525 -5.66667
    endloop
  endfacet
  facet normal -0.0523267 0 0.99863
    outer loop
      vertex -5 30.25 -5.66667
      vertex -5.2439 30.525 -5.67945
      vertex -5.2439 30.25 -5.67945
    endloop
  endfacet
  facet normal -0.0523267 0 0.99863
    outer loop
      vertex -5.2439 29.75 -5.67945
      vertex -5 29.475 -5.66667
      vertex -5 29.75 -5.66667
    endloop
  endfacet
  facet normal -0.0523267 0 0.99863
    outer loop
      vertex -5 29.475 -5.66667
      vertex -5.2439 29.75 -5.67945
      vertex -5.2439 29.475 -5.67945
    endloop
  endfacet
  facet normal -0.987686 0 0.156446
    outer loop
      vertex -7.32055 29.475 -7.7561
      vertex -7.28234 30.525 -7.51487
      vertex -7.32055 30.525 -7.7561
    endloop
  endfacet
  facet normal -0.987686 0 0.156446
    outer loop
      vertex -7.28234 30.525 -7.51487
      vertex -7.32055 29.475 -7.7561
      vertex -7.28234 29.475 -7.51487
    endloop
  endfacet
  facet normal 0.0523267 0 0.99863
    outer loop
      vertex -5 29.75 -5.66667
      vertex -4.7561 29.475 -5.67945
      vertex -4.7561 29.75 -5.67945
    endloop
  endfacet
  facet normal 0.0523267 0 0.99863
    outer loop
      vertex -4.7561 29.475 -5.67945
      vertex -5 29.75 -5.66667
      vertex -5 29.475 -5.66667
    endloop
  endfacet
  facet normal 0.0523267 0 0.99863
    outer loop
      vertex -5 30.525 -5.66667
      vertex -4.7561 30.25 -5.67945
      vertex -4.7561 30.525 -5.67945
    endloop
  endfacet
  facet normal 0.0523267 0 0.99863
    outer loop
      vertex -4.7561 30.25 -5.67945
      vertex -5 30.525 -5.66667
      vertex -5 30.25 -5.66667
    endloop
  endfacet
  facet normal -0.707107 2.5713e-05 -0.707107
    outer loop
      vertex -6.5613 30.525 -9.734
      vertex -6.72312 30.25 -9.57219
      vertex -6.734 30.525 -9.5613
    endloop
  endfacet
  facet normal -0.707085 0 -0.707129
    outer loop
      vertex -6.5613 30.525 -9.734
      vertex -6.72312 29.75 -9.57219
      vertex -6.72312 30.25 -9.57219
    endloop
  endfacet
  facet normal -0.707085 0 -0.707129
    outer loop
      vertex -6.5613 29.475 -9.734
      vertex -6.72312 29.75 -9.57219
      vertex -6.5613 30.525 -9.734
    endloop
  endfacet
  facet normal -0.707107 -2.5713e-05 -0.707107
    outer loop
      vertex -6.734 29.475 -9.5613
      vertex -6.72312 29.75 -9.57219
      vertex -6.5613 29.475 -9.734
    endloop
  endfacet
  facet normal -0.707432 0 -0.706782
    outer loop
      vertex -6.72312 29.75 -9.57219
      vertex -6.734 29.475 -9.5613
      vertex -6.734 29.75 -9.5613
    endloop
  endfacet
  facet normal -0.707432 -0 -0.706782
    outer loop
      vertex -6.734 30.525 -9.5613
      vertex -6.72312 30.25 -9.57219
      vertex -6.734 30.25 -9.5613
    endloop
  endfacet
  facet normal -0.987686 0 -0.156446
    outer loop
      vertex -7.28234 29.475 -8.48513
      vertex -7.32055 30.525 -8.2439
      vertex -7.28234 30.525 -8.48513
    endloop
  endfacet
  facet normal -0.987686 -0 -0.156446
    outer loop
      vertex -7.32055 30.525 -8.2439
      vertex -7.28234 29.475 -8.48513
      vertex -7.32055 29.475 -8.2439
    endloop
  endfacet
  facet normal -0.891011 0 -0.453981
    outer loop
      vertex -7.02073 29.475 -9.16667
      vertex -7.13161 29.75 -8.94905
      vertex -7.02073 29.75 -9.16667
    endloop
  endfacet
  facet normal -0.891011 -0 -0.453981
    outer loop
      vertex -7.13161 29.75 -8.94905
      vertex -7.02073 29.475 -9.16667
      vertex -7.13161 29.475 -8.94905
    endloop
  endfacet
  facet normal -0.891011 0 -0.453981
    outer loop
      vertex -7.02073 30.25 -9.16667
      vertex -7.13161 30.525 -8.94905
      vertex -7.02073 30.525 -9.16667
    endloop
  endfacet
  facet normal -0.891011 -0 -0.453981
    outer loop
      vertex -7.13161 30.525 -8.94905
      vertex -7.02073 30.25 -9.16667
      vertex -7.13161 30.25 -8.94905
    endloop
  endfacet
  facet normal -0.258774 0 -0.965938
    outer loop
      vertex -5.72104 29.475 -10.2191
      vertex -5.48513 30.525 -10.2823
      vertex -5.48513 29.475 -10.2823
    endloop
  endfacet
  facet normal -0.258774 0 -0.965938
    outer loop
      vertex -5.48513 30.525 -10.2823
      vertex -5.72104 29.475 -10.2191
      vertex -5.72104 30.525 -10.2191
    endloop
  endfacet
  facet normal 0.156446 0 0.987686
    outer loop
      vertex -4.7561 29.75 -5.67945
      vertex -4.51487 29.475 -5.71766
      vertex -4.51487 29.75 -5.71766
    endloop
  endfacet
  facet normal 0.156446 0 0.987686
    outer loop
      vertex -4.51487 29.475 -5.71766
      vertex -4.7561 29.75 -5.67945
      vertex -4.7561 29.475 -5.67945
    endloop
  endfacet
  facet normal 0.156446 0 0.987686
    outer loop
      vertex -4.7561 30.525 -5.67945
      vertex -4.51487 30.25 -5.71766
      vertex -4.51487 30.525 -5.71766
    endloop
  endfacet
  facet normal 0.156446 0 0.987686
    outer loop
      vertex -4.51487 30.25 -5.71766
      vertex -4.7561 30.525 -5.67945
      vertex -4.7561 30.25 -5.67945
    endloop
  endfacet
  facet normal -0.933587 0 0.358351
    outer loop
      vertex -7.21913 29.475 -7.27896
      vertex -7.13161 30.525 -7.05095
      vertex -7.21913 30.525 -7.27896
    endloop
  endfacet
  facet normal -0.933587 0 0.358351
    outer loop
      vertex -7.13161 30.525 -7.05095
      vertex -7.21913 29.475 -7.27896
      vertex -7.13161 29.475 -7.05095
    endloop
  endfacet
  facet normal -0.629353 0 -0.77712
    outer loop
      vertex -6.5613 29.475 -9.734
      vertex -6.3715 30.525 -9.88771
      vertex -6.3715 29.475 -9.88771
    endloop
  endfacet
  facet normal -0.629353 0 -0.77712
    outer loop
      vertex -6.3715 30.525 -9.88771
      vertex -6.5613 29.475 -9.734
      vertex -6.5613 30.525 -9.734
    endloop
  endfacet
  facet normal -0.156806 0 -0.987629
    outer loop
      vertex -5.48513 29.475 -10.2823
      vertex -5.2439 30.525 -10.3206
      vertex -5.2439 29.475 -10.3206
    endloop
  endfacet
  facet normal -0.156806 0 -0.987629
    outer loop
      vertex -5.2439 30.525 -10.3206
      vertex -5.48513 29.475 -10.2823
      vertex -5.48513 30.525 -10.2823
    endloop
  endfacet
  facet normal -0.0520001 0 -0.998647
    outer loop
      vertex -5.2439 29.475 -10.3206
      vertex -5 30.525 -10.3333
      vertex -5 29.475 -10.3333
    endloop
  endfacet
  facet normal -0.0520001 0 -0.998647
    outer loop
      vertex -5 30.525 -10.3333
      vertex -5.2439 29.475 -10.3206
      vertex -5.2439 30.525 -10.3206
    endloop
  endfacet
  facet normal -0.629353 0 0.77712
    outer loop
      vertex -6.5613 30.525 -6.266
      vertex -6.3715 29.475 -6.11229
      vertex -6.3715 30.525 -6.11229
    endloop
  endfacet
  facet normal -0.629353 0 0.77712
    outer loop
      vertex -6.3715 29.475 -6.11229
      vertex -6.5613 30.525 -6.266
      vertex -6.5613 29.475 -6.266
    endloop
  endfacet
  facet normal -0.358279 0 -0.933614
    outer loop
      vertex -5.94905 29.475 -10.1316
      vertex -5.72104 30.525 -10.2191
      vertex -5.72104 29.475 -10.2191
    endloop
  endfacet
  facet normal -0.358279 0 -0.933614
    outer loop
      vertex -5.72104 30.525 -10.2191
      vertex -5.94905 29.475 -10.1316
      vertex -5.94905 30.525 -10.1316
    endloop
  endfacet
  facet normal 0.258552 0 0.965997
    outer loop
      vertex -4.51487 30.525 -5.71766
      vertex -4.5 30.25 -5.72164
      vertex -4.5 30.525 -5.72164
    endloop
  endfacet
  facet normal 0.258552 0 0.965997
    outer loop
      vertex -4.5 30.25 -5.72164
      vertex -4.51487 30.525 -5.71766
      vertex -4.51487 30.25 -5.71766
    endloop
  endfacet
  facet normal 0.258552 0 0.965997
    outer loop
      vertex -4.51487 29.75 -5.71766
      vertex -4.5 29.475 -5.72164
      vertex -4.5 29.75 -5.72164
    endloop
  endfacet
  facet normal 0.258552 0 0.965997
    outer loop
      vertex -4.5 29.475 -5.72164
      vertex -4.51487 29.75 -5.71766
      vertex -4.51487 29.475 -5.71766
    endloop
  endfacet
  facet normal -0.77712 0 0.629353
    outer loop
      vertex -6.88771 29.475 -6.6285
      vertex -6.734 30.525 -6.4387
      vertex -6.88771 30.525 -6.6285
    endloop
  endfacet
  facet normal -0.77712 0 0.629353
    outer loop
      vertex -6.734 30.525 -6.4387
      vertex -6.88771 29.475 -6.6285
      vertex -6.734 29.475 -6.4387
    endloop
  endfacet
  facet normal -0.454046 0 -0.890978
    outer loop
      vertex -6.16667 29.475 -10.0207
      vertex -5.94905 30.525 -10.1316
      vertex -5.94905 29.475 -10.1316
    endloop
  endfacet
  facet normal -0.454046 0 -0.890978
    outer loop
      vertex -5.94905 30.525 -10.1316
      vertex -6.16667 29.475 -10.0207
      vertex -6.16667 30.525 -10.0207
    endloop
  endfacet
  facet normal 0 1 0
    outer loop
      vertex -4.7561 30.525 -5.67945
      vertex -5.2439 30.525 -5.67945
      vertex -5 30.525 -5.66667
    endloop
  endfacet
  facet normal 0 1 0
    outer loop
      vertex -4.5 30.525 -5.72164
      vertex -4.7561 30.525 -5.67945
      vertex -4.51487 30.525 -5.71766
    endloop
  endfacet
  facet normal 0 1 0
    outer loop
      vertex -4.7561 30.525 -5.67945
      vertex -4.5 30.525 -5.72164
      vertex -5.2439 30.525 -5.67945
    endloop
  endfacet
  facet normal 0 1 0
    outer loop
      vertex -5.2439 30.525 -5.67945
      vertex -4.5 30.525 -5.72164
      vertex -5.48513 30.525 -5.71766
    endloop
  endfacet
  facet normal 0 1 0
    outer loop
      vertex -4.5 30.525 -5.72164
      vertex -5.72104 30.525 -5.78087
      vertex -5.48513 30.525 -5.71766
    endloop
  endfacet
  facet normal 0 1 0
    outer loop
      vertex -4.5 30.525 -5.72164
      vertex -5.94905 30.525 -5.86839
      vertex -5.72104 30.525 -5.78087
    endloop
  endfacet
  facet normal 0 1 0
    outer loop
      vertex -4.5 30.525 -5.72164
      vertex -6.16667 30.525 -5.97927
      vertex -5.94905 30.525 -5.86839
    endloop
  endfacet
  facet normal 0 1 0
    outer loop
      vertex -4.5 30.525 -5.72164
      vertex -6.3715 30.525 -6.11229
      vertex -6.16667 30.525 -5.97927
    endloop
  endfacet
  facet normal 0 1 0
    outer loop
      vertex -4.5 30.525 -5.72164
      vertex -6.5613 30.525 -6.266
      vertex -6.3715 30.525 -6.11229
    endloop
  endfacet
  facet normal 0 1 0
    outer loop
      vertex -4.5 30.525 -5.72164
      vertex -6.734 30.525 -6.4387
      vertex -6.5613 30.525 -6.266
    endloop
  endfacet
  facet normal 0 1 0
    outer loop
      vertex -4.5 30.525 -5.72164
      vertex -6.88771 30.525 -6.6285
      vertex -6.734 30.525 -6.4387
    endloop
  endfacet
  facet normal 0 1 0
    outer loop
      vertex -4.5 30.525 -5.72164
      vertex -7.02073 30.525 -6.83333
      vertex -6.88771 30.525 -6.6285
    endloop
  endfacet
  facet normal 0 1 0
    outer loop
      vertex -4.5 30.525 -5.72164
      vertex -7.13161 30.525 -7.05095
      vertex -7.02073 30.525 -6.83333
    endloop
  endfacet
  facet normal 0 1 0
    outer loop
      vertex -4.5 30.525 -5.72164
      vertex -7.21913 30.525 -7.27896
      vertex -7.13161 30.525 -7.05095
    endloop
  endfacet
  facet normal 0 1 0
    outer loop
      vertex -4.5 30.525 -5.72164
      vertex -7.28234 30.525 -7.51487
      vertex -7.21913 30.525 -7.27896
    endloop
  endfacet
  facet normal 0 1 0
    outer loop
      vertex -4.5 30.525 -5.72164
      vertex -7.32055 30.525 -7.7561
      vertex -7.28234 30.525 -7.51487
    endloop
  endfacet
  facet normal 0 1 0
    outer loop
      vertex -4.5 30.525 -5.72164
      vertex -7.33333 30.525 -8
      vertex -7.32055 30.525 -7.7561
    endloop
  endfacet
  facet normal 0 1 0
    outer loop
      vertex -4.5 30.525 -5.72164
      vertex -7.32055 30.525 -8.2439
      vertex -7.33333 30.525 -8
    endloop
  endfacet
  facet normal 0 1 0
    outer loop
      vertex -4.5 30.525 -5.72164
      vertex -7.28234 30.525 -8.48513
      vertex -7.32055 30.525 -8.2439
    endloop
  endfacet
  facet normal 0 1 0
    outer loop
      vertex -4.5 30.525 -5.72164
      vertex -7.21913 30.525 -8.72104
      vertex -7.28234 30.525 -8.48513
    endloop
  endfacet
  facet normal 0 1 0
    outer loop
      vertex -4.5 30.525 -5.72164
      vertex -7.13161 30.525 -8.94905
      vertex -7.21913 30.525 -8.72104
    endloop
  endfacet
  facet normal 0 1 0
    outer loop
      vertex -4.5 30.525 -5.72164
      vertex -7.02073 30.525 -9.16667
      vertex -7.13161 30.525 -8.94905
    endloop
  endfacet
  facet normal 0 1 0
    outer loop
      vertex -4.5 30.525 -5.72164
      vertex -6.88771 30.525 -9.3715
      vertex -7.02073 30.525 -9.16667
    endloop
  endfacet
  facet normal 0 1 0
    outer loop
      vertex -4.5 30.525 -5.72164
      vertex -6.734 30.525 -9.5613
      vertex -6.88771 30.525 -9.3715
    endloop
  endfacet
  facet normal 0 1 0
    outer loop
      vertex -4.5 30.525 -5.72164
      vertex -6.5613 30.525 -9.734
      vertex -6.734 30.525 -9.5613
    endloop
  endfacet
  facet normal 0 1 0
    outer loop
      vertex -4.5 30.525 -5.72164
      vertex -6.3715 30.525 -9.88771
      vertex -6.5613 30.525 -9.734
    endloop
  endfacet
  facet normal 0 1 0
    outer loop
      vertex -4.5 30.525 -5.72164
      vertex -6.16667 30.525 -10.0207
      vertex -6.3715 30.525 -9.88771
    endloop
  endfacet
  facet normal 0 1 0
    outer loop
      vertex -4.5 30.525 -5.72164
      vertex -5.94905 30.525 -10.1316
      vertex -6.16667 30.525 -10.0207
    endloop
  endfacet
  facet normal 0 1 0
    outer loop
      vertex -4.5 30.525 -5.72164
      vertex -5.72104 30.525 -10.2191
      vertex -5.94905 30.525 -10.1316
    endloop
  endfacet
  facet normal 0 1 -0
    outer loop
      vertex -4.5 30.525 -10.2784
      vertex -5.72104 30.525 -10.2191
      vertex -4.5 30.525 -5.72164
    endloop
  endfacet
  facet normal 0 1 0
    outer loop
      vertex -4.7561 30.525 -10.3206
      vertex -4.5 30.525 -10.2784
      vertex -4.51487 30.525 -10.2823
    endloop
  endfacet
  facet normal 0 1 0
    outer loop
      vertex -4.5 30.525 -10.2784
      vertex -5.48513 30.525 -10.2823
      vertex -5.72104 30.525 -10.2191
    endloop
  endfacet
  facet normal 0 1 0
    outer loop
      vertex -4.5 30.525 -10.2784
      vertex -4.7561 30.525 -10.3206
      vertex -5.48513 30.525 -10.2823
    endloop
  endfacet
  facet normal 0 1 0
    outer loop
      vertex -4.7561 30.525 -10.3206
      vertex -5.2439 30.525 -10.3206
      vertex -5.48513 30.525 -10.2823
    endloop
  endfacet
  facet normal -0 1 0
    outer loop
      vertex -5.2439 30.525 -10.3206
      vertex -4.7561 30.525 -10.3206
      vertex -5 30.525 -10.3333
    endloop
  endfacet
  facet normal -1 0 0
    outer loop
      vertex -4.5 -29.475 -10.2784
      vertex -4.5 -24 -8
      vertex -4.5 -24.0329 -8.62717
    endloop
  endfacet
  facet normal -1 0 0
    outer loop
      vertex -4.5 -29.475 -10.2784
      vertex -4.5 -24.0329 -8.62717
      vertex -4.5 -24.1311 -9.24747
    endloop
  endfacet
  facet normal -1 0 0
    outer loop
      vertex -4.5 -29.475 -5.72164
      vertex -4.5 -24 -8
      vertex -4.5 -29.475 -10.2784
    endloop
  endfacet
  facet normal -1 0 0
    outer loop
      vertex -4.5 -29.475 -10.2784
      vertex -4.5 -24.1311 -9.24747
      vertex -4.5 -24.2937 -9.8541
    endloop
  endfacet
  facet normal -1 0 0
    outer loop
      vertex -4.5 -24 -8
      vertex -4.5 -29.475 -5.72164
      vertex -4.5 -24.0329 -7.37283
    endloop
  endfacet
  facet normal -1 0 0
    outer loop
      vertex -4.5 -29.475 -10.2784
      vertex -4.5 -24.2937 -9.8541
      vertex -4.5 -24.5187 -10.4404
    endloop
  endfacet
  facet normal -1 0 0
    outer loop
      vertex -4.5 -24.0329 -7.37283
      vertex -4.5 -29.475 -5.72164
      vertex -4.5 -24.1311 -6.75253
    endloop
  endfacet
  facet normal -1 0 0
    outer loop
      vertex -4.5 -29.475 -10.2784
      vertex -4.5 -24.5187 -10.4404
      vertex -4.5 -24.8038 -11
    endloop
  endfacet
  facet normal -1 0 0
    outer loop
      vertex -4.5 -24.1311 -6.75253
      vertex -4.5 -29.475 -5.72164
      vertex -4.5 -24.2937 -6.1459
    endloop
  endfacet
  facet normal -1 0 0
    outer loop
      vertex -4.5 -29.475 -10.2784
      vertex -4.5 -24.8038 -11
      vertex -4.5 -25.1459 -11.5267
    endloop
  endfacet
  facet normal -1 0 0
    outer loop
      vertex -4.5 -24.2937 -6.1459
      vertex -4.5 -29.475 -5.72164
      vertex -4.5 -24.5187 -5.55958
    endloop
  endfacet
  facet normal -1 0 0
    outer loop
      vertex -4.5 -29.475 -10.2784
      vertex -4.5 -25.1459 -11.5267
      vertex -4.5 -25.5411 -12.0148
    endloop
  endfacet
  facet normal -1 -0 0
    outer loop
      vertex -4.5 -24.5187 -5.55958
      vertex -4.5 -29.475 -5.72164
      vertex -4.5 -24.8038 -5
    endloop
  endfacet
  facet normal -1 0 0
    outer loop
      vertex -4.5 -29.475 -10.2784
      vertex -4.5 -25.5411 -12.0148
      vertex -4.5 -25.9852 -12.4589
    endloop
  endfacet
  facet normal -1 -0 0
    outer loop
      vertex -4.5 -24.8038 -5
      vertex -4.5 -29.475 -5.72164
      vertex -4.5 -25.1459 -4.47329
    endloop
  endfacet
  facet normal -1 0 0
    outer loop
      vertex -4.5 -29.475 -10.2784
      vertex -4.5 -25.9852 -12.4589
      vertex -4.5 -26.4733 -12.8541
    endloop
  endfacet
  facet normal -1 -0 0
    outer loop
      vertex -4.5 -25.1459 -4.47329
      vertex -4.5 -29.475 -5.72164
      vertex -4.5 -25.5411 -3.98522
    endloop
  endfacet
  facet normal -1 0 0
    outer loop
      vertex -4.5 -29.475 -10.2784
      vertex -4.5 -26.4733 -12.8541
      vertex -4.5 -27 -13.1962
    endloop
  endfacet
  facet normal -1 -0 0
    outer loop
      vertex -4.5 -25.5411 -3.98522
      vertex -4.5 -29.475 -5.72164
      vertex -4.5 -25.9852 -3.54113
    endloop
  endfacet
  facet normal -1 0 0
    outer loop
      vertex -4.5 -29.475 -10.2784
      vertex -4.5 -27 -13.1962
      vertex -4.5 -27.5596 -13.4813
    endloop
  endfacet
  facet normal -1 -0 0
    outer loop
      vertex -4.5 -25.9852 -3.54113
      vertex -4.5 -29.475 -5.72164
      vertex -4.5 -26.4733 -3.1459
    endloop
  endfacet
  facet normal -1 0 0
    outer loop
      vertex -4.5 -29.475 -10.2784
      vertex -4.5 -27.5596 -13.4813
      vertex -4.5 -28.1459 -13.7063
    endloop
  endfacet
  facet normal -1 -0 0
    outer loop
      vertex -4.5 -26.4733 -3.1459
      vertex -4.5 -29.475 -5.72164
      vertex -4.5 -27 -2.80385
    endloop
  endfacet
  facet normal -1 0 0
    outer loop
      vertex -4.5 -29.475 -10.2784
      vertex -4.5 -28.1459 -13.7063
      vertex -4.5 -28.7525 -13.8689
    endloop
  endfacet
  facet normal -1 -0 0
    outer loop
      vertex -4.5 -27 -2.80385
      vertex -4.5 -29.475 -5.72164
      vertex -4.5 -27.5596 -2.51873
    endloop
  endfacet
  facet normal -1 0 0
    outer loop
      vertex -4.5 -29.475 -10.2784
      vertex -4.5 -28.7525 -13.8689
      vertex -4.5 -29.3728 -13.9671
    endloop
  endfacet
  facet normal -1 -0 0
    outer loop
      vertex -4.5 -27.5596 -2.51873
      vertex -4.5 -29.475 -5.72164
      vertex -4.5 -28.1459 -2.29366
    endloop
  endfacet
  facet normal -1 -0 0
    outer loop
      vertex -4.5 -28.1459 -2.29366
      vertex -4.5 -29.475 -5.72164
      vertex -4.5 -28.7525 -2.13111
    endloop
  endfacet
  facet normal -1 0 0
    outer loop
      vertex -4.5 -30 -14
      vertex -4.5 -29.475 -10.2784
      vertex -4.5 -29.3728 -13.9671
    endloop
  endfacet
  facet normal -1 0 0
    outer loop
      vertex -4.5 -30 -14
      vertex -4.5 -30.525 -10.2784
      vertex -4.5 -29.475 -10.2784
    endloop
  endfacet
  facet normal -1 0 0
    outer loop
      vertex -4.5 -31.2475 -13.8689
      vertex -4.5 -30.525 -10.2784
      vertex -4.5 -30.6272 -13.9671
    endloop
  endfacet
  facet normal -1 0 0
    outer loop
      vertex -4.5 -30.6272 -13.9671
      vertex -4.5 -30.525 -10.2784
      vertex -4.5 -30 -14
    endloop
  endfacet
  facet normal -1 -0 0
    outer loop
      vertex -4.5 -28.7525 -2.13111
      vertex -4.5 -29.475 -5.72164
      vertex -4.5 -29.3728 -2.03287
    endloop
  endfacet
  facet normal -1 0 0
    outer loop
      vertex -4.5 -29.75 -5.72164
      vertex -4.5 -29.3728 -2.03287
      vertex -4.5 -29.475 -5.72164
    endloop
  endfacet
  facet normal -1 -0 0
    outer loop
      vertex -4.5 -29.3728 -2.03287
      vertex -4.5 -29.75 -5.72164
      vertex -4.5 -29.75 -2.0131
    endloop
  endfacet
  facet normal -1 0 0
    outer loop
      vertex -4.5 -30.6272 -2.03287
      vertex -4.5 -30.25 -5.72164
      vertex -4.5 -30.525 -5.72164
    endloop
  endfacet
  facet normal -1 0 0
    outer loop
      vertex -4.5 -30.25 -5.72164
      vertex -4.5 -30.6272 -2.03287
      vertex -4.5 -30.25 -2.0131
    endloop
  endfacet
  facet normal -1 0 0
    outer loop
      vertex -4.5 -31.8541 -13.7063
      vertex -4.5 -30.525 -10.2784
      vertex -4.5 -31.2475 -13.8689
    endloop
  endfacet
  facet normal -1 0 0
    outer loop
      vertex -4.5 -32.4404 -13.4813
      vertex -4.5 -30.525 -10.2784
      vertex -4.5 -31.8541 -13.7063
    endloop
  endfacet
  facet normal -1 0 0
    outer loop
      vertex -4.5 -30.525 -5.72164
      vertex -4.5 -31.2475 -2.13111
      vertex -4.5 -30.6272 -2.03287
    endloop
  endfacet
  facet normal -1 0 0
    outer loop
      vertex -4.5 -33 -13.1962
      vertex -4.5 -30.525 -10.2784
      vertex -4.5 -32.4404 -13.4813
    endloop
  endfacet
  facet normal -1 0 0
    outer loop
      vertex -4.5 -30.525 -5.72164
      vertex -4.5 -31.8541 -2.29366
      vertex -4.5 -31.2475 -2.13111
    endloop
  endfacet
  facet normal -1 0 0
    outer loop
      vertex -4.5 -33.5267 -12.8541
      vertex -4.5 -30.525 -10.2784
      vertex -4.5 -33 -13.1962
    endloop
  endfacet
  facet normal -1 0 0
    outer loop
      vertex -4.5 -30.525 -5.72164
      vertex -4.5 -32.4404 -2.51873
      vertex -4.5 -31.8541 -2.29366
    endloop
  endfacet
  facet normal -1 0 0
    outer loop
      vertex -4.5 -34.0148 -12.4589
      vertex -4.5 -30.525 -10.2784
      vertex -4.5 -33.5267 -12.8541
    endloop
  endfacet
  facet normal -1 0 0
    outer loop
      vertex -4.5 -30.525 -5.72164
      vertex -4.5 -33 -2.80385
      vertex -4.5 -32.4404 -2.51873
    endloop
  endfacet
  facet normal -1 0 0
    outer loop
      vertex -4.5 -34.4589 -12.0148
      vertex -4.5 -30.525 -10.2784
      vertex -4.5 -34.0148 -12.4589
    endloop
  endfacet
  facet normal -1 0 0
    outer loop
      vertex -4.5 -30.525 -5.72164
      vertex -4.5 -33.5267 -3.1459
      vertex -4.5 -33 -2.80385
    endloop
  endfacet
  facet normal -1 0 0
    outer loop
      vertex -4.5 -34.8541 -11.5267
      vertex -4.5 -30.525 -10.2784
      vertex -4.5 -34.4589 -12.0148
    endloop
  endfacet
  facet normal -1 0 0
    outer loop
      vertex -4.5 -30.525 -5.72164
      vertex -4.5 -34.0148 -3.54113
      vertex -4.5 -33.5267 -3.1459
    endloop
  endfacet
  facet normal -1 0 0
    outer loop
      vertex -4.5 -35.1962 -11
      vertex -4.5 -30.525 -10.2784
      vertex -4.5 -34.8541 -11.5267
    endloop
  endfacet
  facet normal -1 0 0
    outer loop
      vertex -4.5 -30.525 -5.72164
      vertex -4.5 -34.4589 -3.98522
      vertex -4.5 -34.0148 -3.54113
    endloop
  endfacet
  facet normal -1 0 0
    outer loop
      vertex -4.5 -35.4813 -10.4404
      vertex -4.5 -30.525 -10.2784
      vertex -4.5 -35.1962 -11
    endloop
  endfacet
  facet normal -1 0 0
    outer loop
      vertex -4.5 -30.525 -5.72164
      vertex -4.5 -34.8541 -4.47329
      vertex -4.5 -34.4589 -3.98522
    endloop
  endfacet
  facet normal -1 0 0
    outer loop
      vertex -4.5 -35.7063 -9.8541
      vertex -4.5 -30.525 -10.2784
      vertex -4.5 -35.4813 -10.4404
    endloop
  endfacet
  facet normal -1 0 0
    outer loop
      vertex -4.5 -30.525 -5.72164
      vertex -4.5 -35.1962 -5
      vertex -4.5 -34.8541 -4.47329
    endloop
  endfacet
  facet normal -1 0 0
    outer loop
      vertex -4.5 -35.8689 -9.24747
      vertex -4.5 -30.525 -10.2784
      vertex -4.5 -35.7063 -9.8541
    endloop
  endfacet
  facet normal -1 0 0
    outer loop
      vertex -4.5 -30.525 -5.72164
      vertex -4.5 -35.4813 -5.55958
      vertex -4.5 -35.1962 -5
    endloop
  endfacet
  facet normal -1 0 0
    outer loop
      vertex -4.5 -35.9671 -8.62717
      vertex -4.5 -30.525 -10.2784
      vertex -4.5 -35.8689 -9.24747
    endloop
  endfacet
  facet normal -1 -0 0
    outer loop
      vertex -4.5 -30.525 -5.72164
      vertex -4.5 -35.7063 -6.1459
      vertex -4.5 -35.4813 -5.55958
    endloop
  endfacet
  facet normal -1 0 0
    outer loop
      vertex -4.5 -36 -8
      vertex -4.5 -30.525 -10.2784
      vertex -4.5 -35.9671 -8.62717
    endloop
  endfacet
  facet normal -1 0 0
    outer loop
      vertex -4.5 -30.525 -5.72164
      vertex -4.5 -35.8689 -6.75253
      vertex -4.5 -35.7063 -6.1459
    endloop
  endfacet
  facet normal -1 0 0
    outer loop
      vertex -4.5 -30.525 -10.2784
      vertex -4.5 -36 -8
      vertex -4.5 -30.525 -5.72164
    endloop
  endfacet
  facet normal -1 0 0
    outer loop
      vertex -4.5 -30.525 -5.72164
      vertex -4.5 -35.9671 -7.37283
      vertex -4.5 -35.8689 -6.75253
    endloop
  endfacet
  facet normal -1 0 0
    outer loop
      vertex -4.5 -30.525 -5.72164
      vertex -4.5 -36 -8
      vertex -4.5 -35.9671 -7.37283
    endloop
  endfacet
  facet normal 1 0 0
    outer loop
      vertex -4.5 -29.75 -1.7
      vertex -4.5 -30 -2
      vertex -4.5 -29.75 -2.0131
    endloop
  endfacet
  facet normal 1 -0 0
    outer loop
      vertex -4.5 -30.25 -1.7
      vertex -4.5 -30 -2
      vertex -4.5 -29.75 -1.7
    endloop
  endfacet
  facet normal 1 0 0
    outer loop
      vertex -4.5 -30 -2
      vertex -4.5 -30.25 -1.7
      vertex -4.5 -30.25 -2.0131
    endloop
  endfacet
  facet normal 0 -1 0
    outer loop
      vertex -5.5 -30.25 -1.7
      vertex -4.5 -30.25 -2.0131
      vertex -4.5 -30.25 -1.7
    endloop
  endfacet
  facet normal 0 -1 0
    outer loop
      vertex -5.2439 -30.25 -5.67945
      vertex -4.5 -30.25 -2.0131
      vertex -5.5 -30.25 -1.7
    endloop
  endfacet
  facet normal 0 -1 0
    outer loop
      vertex -4.5 -30.25 -2.0131
      vertex -5.2439 -30.25 -5.67945
      vertex -5 -30.25 -5.66667
    endloop
  endfacet
  facet normal 0 -1 0
    outer loop
      vertex -5.5 -30.25 -1.7
      vertex -5.48513 -30.25 -5.71766
      vertex -5.2439 -30.25 -5.67945
    endloop
  endfacet
  facet normal -0 -1 0
    outer loop
      vertex -5.48513 -30.25 -5.71766
      vertex -5.5 -30.25 -1.7
      vertex -5.5 -30.25 -5.72164
    endloop
  endfacet
  facet normal 0 -1 0
    outer loop
      vertex -4.7561 -30.25 -5.67945
      vertex -4.5 -30.25 -2.0131
      vertex -5 -30.25 -5.66667
    endloop
  endfacet
  facet normal 0 -1 0
    outer loop
      vertex -4.51487 -30.25 -5.71766
      vertex -4.5 -30.25 -2.0131
      vertex -4.7561 -30.25 -5.67945
    endloop
  endfacet
  facet normal 0 -1 -0
    outer loop
      vertex -4.5 -30.25 -2.0131
      vertex -4.51487 -30.25 -5.71766
      vertex -4.5 -30.25 -5.72164
    endloop
  endfacet
  facet normal 0 1 0
    outer loop
      vertex -4.5 -29.75 -2.0131
      vertex -4.7561 -29.75 -5.67945
      vertex -5 -29.75 -5.66667
    endloop
  endfacet
  facet normal 0 1 0
    outer loop
      vertex -4.5 -29.75 -2.0131
      vertex -4.51487 -29.75 -5.71766
      vertex -4.7561 -29.75 -5.67945
    endloop
  endfacet
  facet normal -0 1 0
    outer loop
      vertex -4.51487 -29.75 -5.71766
      vertex -4.5 -29.75 -2.0131
      vertex -4.5 -29.75 -5.72164
    endloop
  endfacet
  facet normal 0 1 -0
    outer loop
      vertex -4.5 -29.75 -2.0131
      vertex -5.5 -29.75 -1.7
      vertex -4.5 -29.75 -1.7
    endloop
  endfacet
  facet normal 0 1 0
    outer loop
      vertex -5.2439 -29.75 -5.67945
      vertex -4.5 -29.75 -2.0131
      vertex -5 -29.75 -5.66667
    endloop
  endfacet
  facet normal 0 1 0
    outer loop
      vertex -4.5 -29.75 -2.0131
      vertex -5.2439 -29.75 -5.67945
      vertex -5.5 -29.75 -1.7
    endloop
  endfacet
  facet normal 0 1 -0
    outer loop
      vertex -5.48513 -29.75 -5.71766
      vertex -5.5 -29.75 -1.7
      vertex -5.2439 -29.75 -5.67945
    endloop
  endfacet
  facet normal 0 1 0
    outer loop
      vertex -5.5 -29.75 -1.7
      vertex -5.48513 -29.75 -5.71766
      vertex -5.5 -29.75 -5.72164
    endloop
  endfacet
  facet normal -1 0 0
    outer loop
      vertex -5.5 -30.25 -5.72164
      vertex -5.5 -29.75 -1.7
      vertex -5.5 -29.75 -5.72164
    endloop
  endfacet
  facet normal -1 -0 0
    outer loop
      vertex -5.5 -29.75 -1.7
      vertex -5.5 -30.25 -5.72164
      vertex -5.5 -30.25 -1.7
    endloop
  endfacet
  facet normal -0 0 1
    outer loop
      vertex -5.5 -29.75 -1.7
      vertex -4.5 -30.25 -1.7
      vertex -4.5 -29.75 -1.7
    endloop
  endfacet
  facet normal 0 0 1
    outer loop
      vertex -4.5 -30.25 -1.7
      vertex -5.5 -29.75 -1.7
      vertex -5.5 -30.25 -1.7
    endloop
  endfacet
  facet normal 0 -1 0
    outer loop
      vertex -10.706 -30.25 -10.717
      vertex -7.21913 -30.25 -8.72104
      vertex -7.22312 -30.25 -8.70617
    endloop
  endfacet
  facet normal 0 -1 0
    outer loop
      vertex -10.706 -30.25 -10.717
      vertex -7.13161 -30.25 -8.94905
      vertex -7.21913 -30.25 -8.72104
    endloop
  endfacet
  facet normal 0 -1 0
    outer loop
      vertex -10.706 -30.25 -10.717
      vertex -7.02073 -30.25 -9.16667
      vertex -7.13161 -30.25 -8.94905
    endloop
  endfacet
  facet normal 0 -1 0
    outer loop
      vertex -10.206 -30.25 -11.583
      vertex -7.02073 -30.25 -9.16667
      vertex -10.706 -30.25 -10.717
    endloop
  endfacet
  facet normal 0 -1 -0
    outer loop
      vertex -7.02073 -30.25 -9.16667
      vertex -10.206 -30.25 -11.583
      vertex -6.88771 -30.25 -9.3715
    endloop
  endfacet
  facet normal 0 -1 -0
    outer loop
      vertex -6.88771 -30.25 -9.3715
      vertex -10.206 -30.25 -11.583
      vertex -6.734 -30.25 -9.5613
    endloop
  endfacet
  facet normal 0 -1 -0
    outer loop
      vertex -6.734 -30.25 -9.5613
      vertex -10.206 -30.25 -11.583
      vertex -6.72312 -30.25 -9.57219
    endloop
  endfacet
  facet normal 0.499994 0 -0.866029
    outer loop
      vertex -10.206 -30.25 -11.583
      vertex -6.72312 -29.75 -9.57219
      vertex -6.72312 -30.25 -9.57219
    endloop
  endfacet
  facet normal 0.499994 0 -0.866029
    outer loop
      vertex -6.72312 -29.75 -9.57219
      vertex -10.206 -30.25 -11.583
      vertex -10.206 -29.75 -11.583
    endloop
  endfacet
  facet normal -0.866019 0 -0.500011
    outer loop
      vertex -10.206 -30.25 -11.583
      vertex -10.706 -29.75 -10.717
      vertex -10.206 -29.75 -11.583
    endloop
  endfacet
  facet normal -0.866019 -0 -0.500011
    outer loop
      vertex -10.706 -29.75 -10.717
      vertex -10.206 -30.25 -11.583
      vertex -10.706 -30.25 -10.717
    endloop
  endfacet
  facet normal 0 1 0
    outer loop
      vertex -7.21913 -29.75 -8.72104
      vertex -10.706 -29.75 -10.717
      vertex -7.22312 -29.75 -8.70617
    endloop
  endfacet
  facet normal 0 1 0
    outer loop
      vertex -7.13161 -29.75 -8.94905
      vertex -10.706 -29.75 -10.717
      vertex -7.21913 -29.75 -8.72104
    endloop
  endfacet
  facet normal 0 1 0
    outer loop
      vertex -7.02073 -29.75 -9.16667
      vertex -10.706 -29.75 -10.717
      vertex -7.13161 -29.75 -8.94905
    endloop
  endfacet
  facet normal 0 1 0
    outer loop
      vertex -10.206 -29.75 -11.583
      vertex -7.02073 -29.75 -9.16667
      vertex -6.88771 -29.75 -9.3715
    endloop
  endfacet
  facet normal 0 1 0
    outer loop
      vertex -10.206 -29.75 -11.583
      vertex -6.88771 -29.75 -9.3715
      vertex -6.734 -29.75 -9.5613
    endloop
  endfacet
  facet normal 0 1 0
    outer loop
      vertex -10.206 -29.75 -11.583
      vertex -6.734 -29.75 -9.5613
      vertex -6.72312 -29.75 -9.57219
    endloop
  endfacet
  facet normal 0 1 0
    outer loop
      vertex -7.02073 -29.75 -9.16667
      vertex -10.206 -29.75 -11.583
      vertex -10.706 -29.75 -10.717
    endloop
  endfacet
  facet normal -0.499998 0 0.866027
    outer loop
      vertex -10.706 -29.75 -10.717
      vertex -7.22312 -30.25 -8.70617
      vertex -7.22312 -29.75 -8.70617
    endloop
  endfacet
  facet normal -0.499998 0 0.866027
    outer loop
      vertex -7.22312 -30.25 -8.70617
      vertex -10.706 -29.75 -10.717
      vertex -10.706 -30.25 -10.717
    endloop
  endfacet
  facet normal -0.453981 0 0.891011
    outer loop
      vertex -6.16667 -29.475 -5.97927
      vertex -5.94905 -30.525 -5.86839
      vertex -5.94905 -29.475 -5.86839
    endloop
  endfacet
  facet normal -0.453981 0 0.891011
    outer loop
      vertex -5.94905 -30.525 -5.86839
      vertex -6.16667 -29.475 -5.97927
      vertex -6.16667 -30.525 -5.97927
    endloop
  endfacet
  facet normal -0.838667 0 -0.544644
    outer loop
      vertex -6.88771 -30.525 -9.3715
      vertex -7.02073 -30.25 -9.16667
      vertex -6.88771 -30.25 -9.3715
    endloop
  endfacet
  facet normal -0.838667 -0 -0.544644
    outer loop
      vertex -7.02073 -30.25 -9.16667
      vertex -6.88771 -30.525 -9.3715
      vertex -7.02073 -30.525 -9.16667
    endloop
  endfacet
  facet normal -0.838667 0 -0.544644
    outer loop
      vertex -6.88771 -29.75 -9.3715
      vertex -7.02073 -29.475 -9.16667
      vertex -6.88771 -29.475 -9.3715
    endloop
  endfacet
  facet normal -0.838667 -0 -0.544644
    outer loop
      vertex -7.02073 -29.475 -9.16667
      vertex -6.88771 -29.75 -9.3715
      vertex -7.02073 -29.75 -9.16667
    endloop
  endfacet
  facet normal 0.0520001 0 -0.998647
    outer loop
      vertex -5 -30.525 -10.3333
      vertex -4.7561 -29.475 -10.3206
      vertex -4.7561 -30.525 -10.3206
    endloop
  endfacet
  facet normal 0.0520001 0 -0.998647
    outer loop
      vertex -4.7561 -29.475 -10.3206
      vertex -5 -30.525 -10.3333
      vertex -5 -29.475 -10.3333
    endloop
  endfacet
  facet normal -0.544558 0 -0.838723
    outer loop
      vertex -6.3715 -30.525 -9.88771
      vertex -6.16667 -29.475 -10.0207
      vertex -6.16667 -30.525 -10.0207
    endloop
  endfacet
  facet normal -0.544558 0 -0.838723
    outer loop
      vertex -6.16667 -29.475 -10.0207
      vertex -6.3715 -30.525 -9.88771
      vertex -6.3715 -29.475 -9.88771
    endloop
  endfacet
  facet normal -0.965835 -0 -0.259158
    outer loop
      vertex -7.21913 -30.25 -8.72104
      vertex -7.21913 -30.525 -8.72104
      vertex -7.22312 -30.25 -8.70617
    endloop
  endfacet
  facet normal -0.965835 0 -0.259158
    outer loop
      vertex -7.22312 -29.75 -8.70617
      vertex -7.21913 -29.475 -8.72104
      vertex -7.21913 -29.75 -8.72104
    endloop
  endfacet
  facet normal -0.965928 2.00734e-05 -0.258812
    outer loop
      vertex -7.21913 -29.475 -8.72104
      vertex -7.22312 -29.75 -8.70617
      vertex -7.28234 -29.475 -8.48513
    endloop
  endfacet
  facet normal -0.965934 0 -0.258789
    outer loop
      vertex -7.22312 -30.25 -8.70617
      vertex -7.28234 -29.475 -8.48513
      vertex -7.22312 -29.75 -8.70617
    endloop
  endfacet
  facet normal -0.965928 -2.00734e-05 -0.258812
    outer loop
      vertex -7.28234 -30.525 -8.48513
      vertex -7.22312 -30.25 -8.70617
      vertex -7.21913 -30.525 -8.72104
    endloop
  endfacet
  facet normal -0.965934 0 -0.258789
    outer loop
      vertex -7.22312 -30.25 -8.70617
      vertex -7.28234 -30.525 -8.48513
      vertex -7.28234 -29.475 -8.48513
    endloop
  endfacet
  facet normal -0.99863 0 0.0523267
    outer loop
      vertex -7.33333 -30.525 -8
      vertex -7.32055 -29.475 -7.7561
      vertex -7.33333 -29.475 -8
    endloop
  endfacet
  facet normal -0.99863 0 0.0523267
    outer loop
      vertex -7.32055 -29.475 -7.7561
      vertex -7.33333 -30.525 -8
      vertex -7.32055 -30.525 -7.7561
    endloop
  endfacet
  facet normal 0.253693 0 -0.967285
    outer loop
      vertex -4.51487 -30.525 -10.2823
      vertex -4.5 -29.475 -10.2784
      vertex -4.5 -30.525 -10.2784
    endloop
  endfacet
  facet normal 0.253693 0 -0.967285
    outer loop
      vertex -4.5 -29.475 -10.2784
      vertex -4.51487 -30.525 -10.2823
      vertex -4.51487 -29.475 -10.2823
    endloop
  endfacet
  facet normal 0.156806 0 -0.987629
    outer loop
      vertex -4.7561 -30.525 -10.3206
      vertex -4.51487 -29.475 -10.2823
      vertex -4.51487 -30.525 -10.2823
    endloop
  endfacet
  facet normal 0.156806 0 -0.987629
    outer loop
      vertex -4.51487 -29.475 -10.2823
      vertex -4.7561 -30.525 -10.3206
      vertex -4.7561 -29.475 -10.3206
    endloop
  endfacet
  facet normal -0.258552 0 0.965997
    outer loop
      vertex -5.48513 -29.475 -5.71766
      vertex -5.5 -29.75 -5.72164
      vertex -5.48513 -29.75 -5.71766
    endloop
  endfacet
  facet normal -0.258829 0 0.965923
    outer loop
      vertex -5.5 -29.75 -5.72164
      vertex -5.72104 -29.475 -5.78087
      vertex -5.5 -30.25 -5.72164
    endloop
  endfacet
  facet normal -0.258812 1.50513e-05 0.965928
    outer loop
      vertex -5.72104 -29.475 -5.78087
      vertex -5.5 -29.75 -5.72164
      vertex -5.48513 -29.475 -5.71766
    endloop
  endfacet
  facet normal -0.258552 0 0.965997
    outer loop
      vertex -5.5 -30.25 -5.72164
      vertex -5.48513 -30.525 -5.71766
      vertex -5.48513 -30.25 -5.71766
    endloop
  endfacet
  facet normal -0.258829 0 0.965923
    outer loop
      vertex -5.72104 -30.525 -5.78087
      vertex -5.5 -30.25 -5.72164
      vertex -5.72104 -29.475 -5.78087
    endloop
  endfacet
  facet normal -0.258812 -1.50513e-05 0.965928
    outer loop
      vertex -5.5 -30.25 -5.72164
      vertex -5.72104 -30.525 -5.78087
      vertex -5.48513 -30.525 -5.71766
    endloop
  endfacet
  facet normal -0.99863 0 -0.0523267
    outer loop
      vertex -7.32055 -30.525 -8.2439
      vertex -7.33333 -29.475 -8
      vertex -7.32055 -29.475 -8.2439
    endloop
  endfacet
  facet normal -0.99863 -0 -0.0523267
    outer loop
      vertex -7.33333 -29.475 -8
      vertex -7.32055 -30.525 -8.2439
      vertex -7.33333 -30.525 -8
    endloop
  endfacet
  facet normal -0.933587 0 -0.358351
    outer loop
      vertex -7.13161 -30.525 -8.94905
      vertex -7.21913 -30.25 -8.72104
      vertex -7.13161 -30.25 -8.94905
    endloop
  endfacet
  facet normal -0.933587 -0 -0.358351
    outer loop
      vertex -7.21913 -30.25 -8.72104
      vertex -7.13161 -30.525 -8.94905
      vertex -7.21913 -30.525 -8.72104
    endloop
  endfacet
  facet normal -0.933587 0 -0.358351
    outer loop
      vertex -7.13161 -29.75 -8.94905
      vertex -7.21913 -29.475 -8.72104
      vertex -7.13161 -29.475 -8.94905
    endloop
  endfacet
  facet normal -0.933587 -0 -0.358351
    outer loop
      vertex -7.21913 -29.475 -8.72104
      vertex -7.13161 -29.75 -8.94905
      vertex -7.21913 -29.75 -8.72104
    endloop
  endfacet
  facet normal -0.156446 0 0.987686
    outer loop
      vertex -5.48513 -29.475 -5.71766
      vertex -5.2439 -29.75 -5.67945
      vertex -5.2439 -29.475 -5.67945
    endloop
  endfacet
  facet normal -0.156446 0 0.987686
    outer loop
      vertex -5.2439 -29.75 -5.67945
      vertex -5.48513 -29.475 -5.71766
      vertex -5.48513 -29.75 -5.71766
    endloop
  endfacet
  facet normal -0.156446 0 0.987686
    outer loop
      vertex -5.48513 -30.25 -5.71766
      vertex -5.2439 -30.525 -5.67945
      vertex -5.2439 -30.25 -5.67945
    endloop
  endfacet
  facet normal -0.156446 0 0.987686
    outer loop
      vertex -5.2439 -30.525 -5.67945
      vertex -5.48513 -30.25 -5.71766
      vertex -5.48513 -30.525 -5.71766
    endloop
  endfacet
  facet normal -0.838667 0 0.544644
    outer loop
      vertex -7.02073 -30.525 -6.83333
      vertex -6.88771 -29.475 -6.6285
      vertex -7.02073 -29.475 -6.83333
    endloop
  endfacet
  facet normal -0.838667 0 0.544644
    outer loop
      vertex -6.88771 -29.475 -6.6285
      vertex -7.02073 -30.525 -6.83333
      vertex -6.88771 -30.525 -6.6285
    endloop
  endfacet
  facet normal -0.707107 0 0.707107
    outer loop
      vertex -6.734 -30.525 -6.4387
      vertex -6.5613 -29.475 -6.266
      vertex -6.734 -29.475 -6.4387
    endloop
  endfacet
  facet normal -0.707107 0 0.707107
    outer loop
      vertex -6.5613 -29.475 -6.266
      vertex -6.734 -30.525 -6.4387
      vertex -6.5613 -30.525 -6.266
    endloop
  endfacet
  facet normal -0.544644 0 0.838667
    outer loop
      vertex -6.3715 -29.475 -6.11229
      vertex -6.16667 -30.525 -5.97927
      vertex -6.16667 -29.475 -5.97927
    endloop
  endfacet
  facet normal -0.544644 0 0.838667
    outer loop
      vertex -6.16667 -30.525 -5.97927
      vertex -6.3715 -29.475 -6.11229
      vertex -6.3715 -30.525 -6.11229
    endloop
  endfacet
  facet normal -0.77712 0 -0.629353
    outer loop
      vertex -6.734 -30.525 -9.5613
      vertex -6.88771 -30.25 -9.3715
      vertex -6.734 -30.25 -9.5613
    endloop
  endfacet
  facet normal -0.77712 -0 -0.629353
    outer loop
      vertex -6.88771 -30.25 -9.3715
      vertex -6.734 -30.525 -9.5613
      vertex -6.88771 -30.525 -9.3715
    endloop
  endfacet
  facet normal -0.77712 0 -0.629353
    outer loop
      vertex -6.734 -29.75 -9.5613
      vertex -6.88771 -29.475 -9.3715
      vertex -6.734 -29.475 -9.5613
    endloop
  endfacet
  facet normal -0.77712 -0 -0.629353
    outer loop
      vertex -6.88771 -29.475 -9.3715
      vertex -6.734 -29.75 -9.5613
      vertex -6.88771 -29.75 -9.3715
    endloop
  endfacet
  facet normal -0.358351 0 0.933587
    outer loop
      vertex -5.94905 -29.475 -5.86839
      vertex -5.72104 -30.525 -5.78087
      vertex -5.72104 -29.475 -5.78087
    endloop
  endfacet
  facet normal -0.358351 0 0.933587
    outer loop
      vertex -5.72104 -30.525 -5.78087
      vertex -5.94905 -29.475 -5.86839
      vertex -5.94905 -30.525 -5.86839
    endloop
  endfacet
  facet normal -0.965928 0 0.258812
    outer loop
      vertex -7.28234 -30.525 -7.51487
      vertex -7.21913 -29.475 -7.27896
      vertex -7.28234 -29.475 -7.51487
    endloop
  endfacet
  facet normal -0.965928 0 0.258812
    outer loop
      vertex -7.21913 -29.475 -7.27896
      vertex -7.28234 -30.525 -7.51487
      vertex -7.21913 -30.525 -7.27896
    endloop
  endfacet
  facet normal -0.891011 0 0.453981
    outer loop
      vertex -7.13161 -30.525 -7.05095
      vertex -7.02073 -29.475 -6.83333
      vertex -7.13161 -29.475 -7.05095
    endloop
  endfacet
  facet normal -0.891011 0 0.453981
    outer loop
      vertex -7.02073 -29.475 -6.83333
      vertex -7.13161 -30.525 -7.05095
      vertex -7.02073 -30.525 -6.83333
    endloop
  endfacet
  facet normal 0 -1 0
    outer loop
      vertex -5.2439 -30.525 -5.67945
      vertex -4.7561 -30.525 -5.67945
      vertex -5 -30.525 -5.66667
    endloop
  endfacet
  facet normal 0 -1 0
    outer loop
      vertex -5.48513 -30.525 -5.71766
      vertex -4.7561 -30.525 -5.67945
      vertex -5.2439 -30.525 -5.67945
    endloop
  endfacet
  facet normal 0 -1 0
    outer loop
      vertex -4.5 -30.525 -5.72164
      vertex -4.7561 -30.525 -5.67945
      vertex -5.48513 -30.525 -5.71766
    endloop
  endfacet
  facet normal 0 -1 0
    outer loop
      vertex -4.7561 -30.525 -5.67945
      vertex -4.5 -30.525 -5.72164
      vertex -4.51487 -30.525 -5.71766
    endloop
  endfacet
  facet normal 0 -1 0
    outer loop
      vertex -5.72104 -30.525 -5.78087
      vertex -4.5 -30.525 -5.72164
      vertex -5.48513 -30.525 -5.71766
    endloop
  endfacet
  facet normal 0 -1 0
    outer loop
      vertex -5.94905 -30.525 -5.86839
      vertex -4.5 -30.525 -5.72164
      vertex -5.72104 -30.525 -5.78087
    endloop
  endfacet
  facet normal 0 -1 0
    outer loop
      vertex -6.16667 -30.525 -5.97927
      vertex -4.5 -30.525 -5.72164
      vertex -5.94905 -30.525 -5.86839
    endloop
  endfacet
  facet normal 0 -1 0
    outer loop
      vertex -6.3715 -30.525 -6.11229
      vertex -4.5 -30.525 -5.72164
      vertex -6.16667 -30.525 -5.97927
    endloop
  endfacet
  facet normal 0 -1 0
    outer loop
      vertex -6.5613 -30.525 -6.266
      vertex -4.5 -30.525 -5.72164
      vertex -6.3715 -30.525 -6.11229
    endloop
  endfacet
  facet normal 0 -1 0
    outer loop
      vertex -6.734 -30.525 -6.4387
      vertex -4.5 -30.525 -5.72164
      vertex -6.5613 -30.525 -6.266
    endloop
  endfacet
  facet normal 0 -1 0
    outer loop
      vertex -6.88771 -30.525 -6.6285
      vertex -4.5 -30.525 -5.72164
      vertex -6.734 -30.525 -6.4387
    endloop
  endfacet
  facet normal 0 -1 0
    outer loop
      vertex -7.02073 -30.525 -6.83333
      vertex -4.5 -30.525 -5.72164
      vertex -6.88771 -30.525 -6.6285
    endloop
  endfacet
  facet normal 0 -1 0
    outer loop
      vertex -7.13161 -30.525 -7.05095
      vertex -4.5 -30.525 -5.72164
      vertex -7.02073 -30.525 -6.83333
    endloop
  endfacet
  facet normal 0 -1 0
    outer loop
      vertex -7.21913 -30.525 -7.27896
      vertex -4.5 -30.525 -5.72164
      vertex -7.13161 -30.525 -7.05095
    endloop
  endfacet
  facet normal 0 -1 0
    outer loop
      vertex -7.28234 -30.525 -7.51487
      vertex -4.5 -30.525 -5.72164
      vertex -7.21913 -30.525 -7.27896
    endloop
  endfacet
  facet normal 0 -1 0
    outer loop
      vertex -7.32055 -30.525 -7.7561
      vertex -4.5 -30.525 -5.72164
      vertex -7.28234 -30.525 -7.51487
    endloop
  endfacet
  facet normal 0 -1 0
    outer loop
      vertex -7.33333 -30.525 -8
      vertex -4.5 -30.525 -5.72164
      vertex -7.32055 -30.525 -7.7561
    endloop
  endfacet
  facet normal 0 -1 0
    outer loop
      vertex -7.32055 -30.525 -8.2439
      vertex -4.5 -30.525 -5.72164
      vertex -7.33333 -30.525 -8
    endloop
  endfacet
  facet normal 0 -1 0
    outer loop
      vertex -7.28234 -30.525 -8.48513
      vertex -4.5 -30.525 -5.72164
      vertex -7.32055 -30.525 -8.2439
    endloop
  endfacet
  facet normal 0 -1 0
    outer loop
      vertex -7.21913 -30.525 -8.72104
      vertex -4.5 -30.525 -5.72164
      vertex -7.28234 -30.525 -8.48513
    endloop
  endfacet
  facet normal 0 -1 0
    outer loop
      vertex -7.13161 -30.525 -8.94905
      vertex -4.5 -30.525 -5.72164
      vertex -7.21913 -30.525 -8.72104
    endloop
  endfacet
  facet normal 0 -1 0
    outer loop
      vertex -7.02073 -30.525 -9.16667
      vertex -4.5 -30.525 -5.72164
      vertex -7.13161 -30.525 -8.94905
    endloop
  endfacet
  facet normal 0 -1 0
    outer loop
      vertex -6.88771 -30.525 -9.3715
      vertex -4.5 -30.525 -5.72164
      vertex -7.02073 -30.525 -9.16667
    endloop
  endfacet
  facet normal 0 -1 0
    outer loop
      vertex -6.734 -30.525 -9.5613
      vertex -4.5 -30.525 -5.72164
      vertex -6.88771 -30.525 -9.3715
    endloop
  endfacet
  facet normal 0 -1 0
    outer loop
      vertex -6.5613 -30.525 -9.734
      vertex -4.5 -30.525 -5.72164
      vertex -6.734 -30.525 -9.5613
    endloop
  endfacet
  facet normal 0 -1 0
    outer loop
      vertex -6.3715 -30.525 -9.88771
      vertex -4.5 -30.525 -5.72164
      vertex -6.5613 -30.525 -9.734
    endloop
  endfacet
  facet normal 0 -1 0
    outer loop
      vertex -6.16667 -30.525 -10.0207
      vertex -4.5 -30.525 -5.72164
      vertex -6.3715 -30.525 -9.88771
    endloop
  endfacet
  facet normal 0 -1 0
    outer loop
      vertex -5.94905 -30.525 -10.1316
      vertex -4.5 -30.525 -5.72164
      vertex -6.16667 -30.525 -10.0207
    endloop
  endfacet
  facet normal 0 -1 0
    outer loop
      vertex -5.72104 -30.525 -10.2191
      vertex -4.5 -30.525 -5.72164
      vertex -5.94905 -30.525 -10.1316
    endloop
  endfacet
  facet normal 0 -1 0
    outer loop
      vertex -5.72104 -30.525 -10.2191
      vertex -4.5 -30.525 -10.2784
      vertex -4.5 -30.525 -5.72164
    endloop
  endfacet
  facet normal 0 -1 0
    outer loop
      vertex -5.48513 -30.525 -10.2823
      vertex -4.5 -30.525 -10.2784
      vertex -5.72104 -30.525 -10.2191
    endloop
  endfacet
  facet normal 0 -1 0
    outer loop
      vertex -5.2439 -30.525 -10.3206
      vertex -4.5 -30.525 -10.2784
      vertex -5.48513 -30.525 -10.2823
    endloop
  endfacet
  facet normal 0 -1 0
    outer loop
      vertex -4.7561 -30.525 -10.3206
      vertex -4.5 -30.525 -10.2784
      vertex -5.2439 -30.525 -10.3206
    endloop
  endfacet
  facet normal 0 -1 0
    outer loop
      vertex -4.5 -30.525 -10.2784
      vertex -4.7561 -30.525 -10.3206
      vertex -4.51487 -30.525 -10.2823
    endloop
  endfacet
  facet normal -0 -1 0
    outer loop
      vertex -4.7561 -30.525 -10.3206
      vertex -5.2439 -30.525 -10.3206
      vertex -5 -30.525 -10.3333
    endloop
  endfacet
  facet normal -0.0523267 0 0.99863
    outer loop
      vertex -5.2439 -29.475 -5.67945
      vertex -5 -29.75 -5.66667
      vertex -5 -29.475 -5.66667
    endloop
  endfacet
  facet normal -0.0523267 0 0.99863
    outer loop
      vertex -5 -29.75 -5.66667
      vertex -5.2439 -29.475 -5.67945
      vertex -5.2439 -29.75 -5.67945
    endloop
  endfacet
  facet normal -0.0523267 0 0.99863
    outer loop
      vertex -5.2439 -30.25 -5.67945
      vertex -5 -30.525 -5.66667
      vertex -5 -30.25 -5.66667
    endloop
  endfacet
  facet normal -0.0523267 0 0.99863
    outer loop
      vertex -5 -30.525 -5.66667
      vertex -5.2439 -30.25 -5.67945
      vertex -5.2439 -30.525 -5.67945
    endloop
  endfacet
  facet normal -0.987686 0 0.156446
    outer loop
      vertex -7.32055 -30.525 -7.7561
      vertex -7.28234 -29.475 -7.51487
      vertex -7.32055 -29.475 -7.7561
    endloop
  endfacet
  facet normal -0.987686 0 0.156446
    outer loop
      vertex -7.28234 -29.475 -7.51487
      vertex -7.32055 -30.525 -7.7561
      vertex -7.28234 -30.525 -7.51487
    endloop
  endfacet
  facet normal 0.0523267 0 0.99863
    outer loop
      vertex -5 -30.25 -5.66667
      vertex -4.7561 -30.525 -5.67945
      vertex -4.7561 -30.25 -5.67945
    endloop
  endfacet
  facet normal 0.0523267 0 0.99863
    outer loop
      vertex -4.7561 -30.525 -5.67945
      vertex -5 -30.25 -5.66667
      vertex -5 -30.525 -5.66667
    endloop
  endfacet
  facet normal 0.0523267 0 0.99863
    outer loop
      vertex -5 -29.475 -5.66667
      vertex -4.7561 -29.75 -5.67945
      vertex -4.7561 -29.475 -5.67945
    endloop
  endfacet
  facet normal 0.0523267 0 0.99863
    outer loop
      vertex -4.7561 -29.75 -5.67945
      vertex -5 -29.475 -5.66667
      vertex -5 -29.75 -5.66667
    endloop
  endfacet
  facet normal -0.707107 2.5713e-05 -0.707107
    outer loop
      vertex -6.5613 -29.475 -9.734
      vertex -6.72312 -29.75 -9.57219
      vertex -6.734 -29.475 -9.5613
    endloop
  endfacet
  facet normal -0.707085 0 -0.707129
    outer loop
      vertex -6.5613 -29.475 -9.734
      vertex -6.72312 -30.25 -9.57219
      vertex -6.72312 -29.75 -9.57219
    endloop
  endfacet
  facet normal -0.707085 0 -0.707129
    outer loop
      vertex -6.5613 -30.525 -9.734
      vertex -6.72312 -30.25 -9.57219
      vertex -6.5613 -29.475 -9.734
    endloop
  endfacet
  facet normal -0.707107 -2.5713e-05 -0.707107
    outer loop
      vertex -6.734 -30.525 -9.5613
      vertex -6.72312 -30.25 -9.57219
      vertex -6.5613 -30.525 -9.734
    endloop
  endfacet
  facet normal -0.707432 0 -0.706782
    outer loop
      vertex -6.72312 -30.25 -9.57219
      vertex -6.734 -30.525 -9.5613
      vertex -6.734 -30.25 -9.5613
    endloop
  endfacet
  facet normal -0.707432 -0 -0.706782
    outer loop
      vertex -6.734 -29.475 -9.5613
      vertex -6.72312 -29.75 -9.57219
      vertex -6.734 -29.75 -9.5613
    endloop
  endfacet
  facet normal -0.987686 0 -0.156446
    outer loop
      vertex -7.28234 -30.525 -8.48513
      vertex -7.32055 -29.475 -8.2439
      vertex -7.28234 -29.475 -8.48513
    endloop
  endfacet
  facet normal -0.987686 -0 -0.156446
    outer loop
      vertex -7.32055 -29.475 -8.2439
      vertex -7.28234 -30.525 -8.48513
      vertex -7.32055 -30.525 -8.2439
    endloop
  endfacet
  facet normal -0.891011 0 -0.453981
    outer loop
      vertex -7.02073 -30.525 -9.16667
      vertex -7.13161 -30.25 -8.94905
      vertex -7.02073 -30.25 -9.16667
    endloop
  endfacet
  facet normal -0.891011 -0 -0.453981
    outer loop
      vertex -7.13161 -30.25 -8.94905
      vertex -7.02073 -30.525 -9.16667
      vertex -7.13161 -30.525 -8.94905
    endloop
  endfacet
  facet normal -0.891011 0 -0.453981
    outer loop
      vertex -7.02073 -29.75 -9.16667
      vertex -7.13161 -29.475 -8.94905
      vertex -7.02073 -29.475 -9.16667
    endloop
  endfacet
  facet normal -0.891011 -0 -0.453981
    outer loop
      vertex -7.13161 -29.475 -8.94905
      vertex -7.02073 -29.75 -9.16667
      vertex -7.13161 -29.75 -8.94905
    endloop
  endfacet
  facet normal -0.258774 0 -0.965938
    outer loop
      vertex -5.72104 -30.525 -10.2191
      vertex -5.48513 -29.475 -10.2823
      vertex -5.48513 -30.525 -10.2823
    endloop
  endfacet
  facet normal -0.258774 0 -0.965938
    outer loop
      vertex -5.48513 -29.475 -10.2823
      vertex -5.72104 -30.525 -10.2191
      vertex -5.72104 -29.475 -10.2191
    endloop
  endfacet
  facet normal 0.156446 0 0.987686
    outer loop
      vertex -4.7561 -30.25 -5.67945
      vertex -4.51487 -30.525 -5.71766
      vertex -4.51487 -30.25 -5.71766
    endloop
  endfacet
  facet normal 0.156446 0 0.987686
    outer loop
      vertex -4.51487 -30.525 -5.71766
      vertex -4.7561 -30.25 -5.67945
      vertex -4.7561 -30.525 -5.67945
    endloop
  endfacet
  facet normal 0.156446 0 0.987686
    outer loop
      vertex -4.7561 -29.475 -5.67945
      vertex -4.51487 -29.75 -5.71766
      vertex -4.51487 -29.475 -5.71766
    endloop
  endfacet
  facet normal 0.156446 0 0.987686
    outer loop
      vertex -4.51487 -29.75 -5.71766
      vertex -4.7561 -29.475 -5.67945
      vertex -4.7561 -29.75 -5.67945
    endloop
  endfacet
  facet normal -0.933587 0 0.358351
    outer loop
      vertex -7.21913 -30.525 -7.27896
      vertex -7.13161 -29.475 -7.05095
      vertex -7.21913 -29.475 -7.27896
    endloop
  endfacet
  facet normal -0.933587 0 0.358351
    outer loop
      vertex -7.13161 -29.475 -7.05095
      vertex -7.21913 -30.525 -7.27896
      vertex -7.13161 -30.525 -7.05095
    endloop
  endfacet
  facet normal -0.629353 0 -0.77712
    outer loop
      vertex -6.5613 -30.525 -9.734
      vertex -6.3715 -29.475 -9.88771
      vertex -6.3715 -30.525 -9.88771
    endloop
  endfacet
  facet normal -0.629353 0 -0.77712
    outer loop
      vertex -6.3715 -29.475 -9.88771
      vertex -6.5613 -30.525 -9.734
      vertex -6.5613 -29.475 -9.734
    endloop
  endfacet
  facet normal -0.156806 0 -0.987629
    outer loop
      vertex -5.48513 -30.525 -10.2823
      vertex -5.2439 -29.475 -10.3206
      vertex -5.2439 -30.525 -10.3206
    endloop
  endfacet
  facet normal -0.156806 0 -0.987629
    outer loop
      vertex -5.2439 -29.475 -10.3206
      vertex -5.48513 -30.525 -10.2823
      vertex -5.48513 -29.475 -10.2823
    endloop
  endfacet
  facet normal -0.0520001 0 -0.998647
    outer loop
      vertex -5.2439 -30.525 -10.3206
      vertex -5 -29.475 -10.3333
      vertex -5 -30.525 -10.3333
    endloop
  endfacet
  facet normal -0.0520001 0 -0.998647
    outer loop
      vertex -5 -29.475 -10.3333
      vertex -5.2439 -30.525 -10.3206
      vertex -5.2439 -29.475 -10.3206
    endloop
  endfacet
  facet normal -0.629353 0 0.77712
    outer loop
      vertex -6.5613 -29.475 -6.266
      vertex -6.3715 -30.525 -6.11229
      vertex -6.3715 -29.475 -6.11229
    endloop
  endfacet
  facet normal -0.629353 0 0.77712
    outer loop
      vertex -6.3715 -30.525 -6.11229
      vertex -6.5613 -29.475 -6.266
      vertex -6.5613 -30.525 -6.266
    endloop
  endfacet
  facet normal -0.358279 0 -0.933614
    outer loop
      vertex -5.94905 -30.525 -10.1316
      vertex -5.72104 -29.475 -10.2191
      vertex -5.72104 -30.525 -10.2191
    endloop
  endfacet
  facet normal -0.358279 0 -0.933614
    outer loop
      vertex -5.72104 -29.475 -10.2191
      vertex -5.94905 -30.525 -10.1316
      vertex -5.94905 -29.475 -10.1316
    endloop
  endfacet
  facet normal 0.258552 0 0.965997
    outer loop
      vertex -4.51487 -29.475 -5.71766
      vertex -4.5 -29.75 -5.72164
      vertex -4.5 -29.475 -5.72164
    endloop
  endfacet
  facet normal 0.258552 0 0.965997
    outer loop
      vertex -4.5 -29.75 -5.72164
      vertex -4.51487 -29.475 -5.71766
      vertex -4.51487 -29.75 -5.71766
    endloop
  endfacet
  facet normal 0.258552 0 0.965997
    outer loop
      vertex -4.51487 -30.25 -5.71766
      vertex -4.5 -30.525 -5.72164
      vertex -4.5 -30.25 -5.72164
    endloop
  endfacet
  facet normal 0.258552 0 0.965997
    outer loop
      vertex -4.5 -30.525 -5.72164
      vertex -4.51487 -30.25 -5.71766
      vertex -4.51487 -30.525 -5.71766
    endloop
  endfacet
  facet normal -0.77712 0 0.629353
    outer loop
      vertex -6.88771 -30.525 -6.6285
      vertex -6.734 -29.475 -6.4387
      vertex -6.88771 -29.475 -6.6285
    endloop
  endfacet
  facet normal -0.77712 0 0.629353
    outer loop
      vertex -6.734 -29.475 -6.4387
      vertex -6.88771 -30.525 -6.6285
      vertex -6.734 -30.525 -6.4387
    endloop
  endfacet
  facet normal -0.454046 0 -0.890978
    outer loop
      vertex -6.16667 -30.525 -10.0207
      vertex -5.94905 -29.475 -10.1316
      vertex -5.94905 -30.525 -10.1316
    endloop
  endfacet
  facet normal -0.454046 0 -0.890978
    outer loop
      vertex -5.94905 -29.475 -10.1316
      vertex -6.16667 -30.525 -10.0207
      vertex -6.16667 -29.475 -10.0207
    endloop
  endfacet
  facet normal 0 1 0
    outer loop
      vertex -4.7561 -29.475 -5.67945
      vertex -5.2439 -29.475 -5.67945
      vertex -5 -29.475 -5.66667
    endloop
  endfacet
  facet normal 0 1 0
    outer loop
      vertex -4.5 -29.475 -5.72164
      vertex -4.7561 -29.475 -5.67945
      vertex -4.51487 -29.475 -5.71766
    endloop
  endfacet
  facet normal 0 1 0
    outer loop
      vertex -4.7561 -29.475 -5.67945
      vertex -4.5 -29.475 -5.72164
      vertex -5.2439 -29.475 -5.67945
    endloop
  endfacet
  facet normal 0 1 0
    outer loop
      vertex -5.2439 -29.475 -5.67945
      vertex -4.5 -29.475 -5.72164
      vertex -5.48513 -29.475 -5.71766
    endloop
  endfacet
  facet normal 0 1 0
    outer loop
      vertex -4.5 -29.475 -5.72164
      vertex -5.72104 -29.475 -5.78087
      vertex -5.48513 -29.475 -5.71766
    endloop
  endfacet
  facet normal 0 1 0
    outer loop
      vertex -4.5 -29.475 -5.72164
      vertex -5.94905 -29.475 -5.86839
      vertex -5.72104 -29.475 -5.78087
    endloop
  endfacet
  facet normal 0 1 0
    outer loop
      vertex -4.5 -29.475 -5.72164
      vertex -6.16667 -29.475 -5.97927
      vertex -5.94905 -29.475 -5.86839
    endloop
  endfacet
  facet normal 0 1 0
    outer loop
      vertex -4.5 -29.475 -5.72164
      vertex -6.3715 -29.475 -6.11229
      vertex -6.16667 -29.475 -5.97927
    endloop
  endfacet
  facet normal 0 1 0
    outer loop
      vertex -4.5 -29.475 -5.72164
      vertex -6.5613 -29.475 -6.266
      vertex -6.3715 -29.475 -6.11229
    endloop
  endfacet
  facet normal 0 1 0
    outer loop
      vertex -4.5 -29.475 -5.72164
      vertex -6.734 -29.475 -6.4387
      vertex -6.5613 -29.475 -6.266
    endloop
  endfacet
  facet normal 0 1 0
    outer loop
      vertex -4.5 -29.475 -5.72164
      vertex -6.88771 -29.475 -6.6285
      vertex -6.734 -29.475 -6.4387
    endloop
  endfacet
  facet normal 0 1 0
    outer loop
      vertex -4.5 -29.475 -5.72164
      vertex -7.02073 -29.475 -6.83333
      vertex -6.88771 -29.475 -6.6285
    endloop
  endfacet
  facet normal 0 1 0
    outer loop
      vertex -4.5 -29.475 -5.72164
      vertex -7.13161 -29.475 -7.05095
      vertex -7.02073 -29.475 -6.83333
    endloop
  endfacet
  facet normal 0 1 0
    outer loop
      vertex -4.5 -29.475 -5.72164
      vertex -7.21913 -29.475 -7.27896
      vertex -7.13161 -29.475 -7.05095
    endloop
  endfacet
  facet normal 0 1 0
    outer loop
      vertex -4.5 -29.475 -5.72164
      vertex -7.28234 -29.475 -7.51487
      vertex -7.21913 -29.475 -7.27896
    endloop
  endfacet
  facet normal 0 1 0
    outer loop
      vertex -4.5 -29.475 -5.72164
      vertex -7.32055 -29.475 -7.7561
      vertex -7.28234 -29.475 -7.51487
    endloop
  endfacet
  facet normal 0 1 0
    outer loop
      vertex -4.5 -29.475 -5.72164
      vertex -7.33333 -29.475 -8
      vertex -7.32055 -29.475 -7.7561
    endloop
  endfacet
  facet normal 0 1 0
    outer loop
      vertex -4.5 -29.475 -5.72164
      vertex -7.32055 -29.475 -8.2439
      vertex -7.33333 -29.475 -8
    endloop
  endfacet
  facet normal 0 1 0
    outer loop
      vertex -4.5 -29.475 -5.72164
      vertex -7.28234 -29.475 -8.48513
      vertex -7.32055 -29.475 -8.2439
    endloop
  endfacet
  facet normal 0 1 0
    outer loop
      vertex -4.5 -29.475 -5.72164
      vertex -7.21913 -29.475 -8.72104
      vertex -7.28234 -29.475 -8.48513
    endloop
  endfacet
  facet normal 0 1 0
    outer loop
      vertex -4.5 -29.475 -5.72164
      vertex -7.13161 -29.475 -8.94905
      vertex -7.21913 -29.475 -8.72104
    endloop
  endfacet
  facet normal 0 1 0
    outer loop
      vertex -4.5 -29.475 -5.72164
      vertex -7.02073 -29.475 -9.16667
      vertex -7.13161 -29.475 -8.94905
    endloop
  endfacet
  facet normal 0 1 0
    outer loop
      vertex -4.5 -29.475 -5.72164
      vertex -6.88771 -29.475 -9.3715
      vertex -7.02073 -29.475 -9.16667
    endloop
  endfacet
  facet normal 0 1 0
    outer loop
      vertex -4.5 -29.475 -5.72164
      vertex -6.734 -29.475 -9.5613
      vertex -6.88771 -29.475 -9.3715
    endloop
  endfacet
  facet normal 0 1 0
    outer loop
      vertex -4.5 -29.475 -5.72164
      vertex -6.5613 -29.475 -9.734
      vertex -6.734 -29.475 -9.5613
    endloop
  endfacet
  facet normal 0 1 0
    outer loop
      vertex -4.5 -29.475 -5.72164
      vertex -6.3715 -29.475 -9.88771
      vertex -6.5613 -29.475 -9.734
    endloop
  endfacet
  facet normal 0 1 0
    outer loop
      vertex -4.5 -29.475 -5.72164
      vertex -6.16667 -29.475 -10.0207
      vertex -6.3715 -29.475 -9.88771
    endloop
  endfacet
  facet normal 0 1 0
    outer loop
      vertex -4.5 -29.475 -5.72164
      vertex -5.94905 -29.475 -10.1316
      vertex -6.16667 -29.475 -10.0207
    endloop
  endfacet
  facet normal 0 1 0
    outer loop
      vertex -4.5 -29.475 -5.72164
      vertex -5.72104 -29.475 -10.2191
      vertex -5.94905 -29.475 -10.1316
    endloop
  endfacet
  facet normal 0 1 -0
    outer loop
      vertex -4.5 -29.475 -10.2784
      vertex -5.72104 -29.475 -10.2191
      vertex -4.5 -29.475 -5.72164
    endloop
  endfacet
  facet normal 0 1 0
    outer loop
      vertex -4.7561 -29.475 -10.3206
      vertex -4.5 -29.475 -10.2784
      vertex -4.51487 -29.475 -10.2823
    endloop
  endfacet
  facet normal 0 1 0
    outer loop
      vertex -4.5 -29.475 -10.2784
      vertex -5.48513 -29.475 -10.2823
      vertex -5.72104 -29.475 -10.2191
    endloop
  endfacet
  facet normal 0 1 0
    outer loop
      vertex -4.5 -29.475 -10.2784
      vertex -4.7561 -29.475 -10.3206
      vertex -5.48513 -29.475 -10.2823
    endloop
  endfacet
  facet normal 0 1 0
    outer loop
      vertex -4.7561 -29.475 -10.3206
      vertex -5.2439 -29.475 -10.3206
      vertex -5.48513 -29.475 -10.2823
    endloop
  endfacet
  facet normal -0 1 0
    outer loop
      vertex -5.2439 -29.475 -10.3206
      vertex -4.7561 -29.475 -10.3206
      vertex -5 -29.475 -10.3333
    endloop
  endfacet
  facet normal 0 0.965904 0.258899
    outer loop
      vertex 20.5 35.8689 -6.75253
      vertex -4.5 35.7063 -6.1459
      vertex 20.5 35.7063 -6.1459
    endloop
  endfacet
  facet normal 0 0.965904 0.258899
    outer loop
      vertex -4.5 35.7063 -6.1459
      vertex 20.5 35.8689 -6.75253
      vertex -4.5 35.8689 -6.75253
    endloop
  endfacet
  facet normal 0 -0.933612 -0.358285
    outer loop
      vertex -4.5 24.5187 -10.4404
      vertex 20.5 24.2937 -9.8541
      vertex -4.5 24.2937 -9.8541
    endloop
  endfacet
  facet normal 0 -0.933612 -0.358285
    outer loop
      vertex 20.5 24.2937 -9.8541
      vertex -4.5 24.5187 -10.4404
      vertex 20.5 24.5187 -10.4404
    endloop
  endfacet
  facet normal 0 -0.544703 -0.838629
    outer loop
      vertex -4.5 26.4733 -12.8541
      vertex 20.5 27 -13.1962
      vertex 20.5 26.4733 -12.8541
    endloop
  endfacet
  facet normal -0 -0.544703 -0.838629
    outer loop
      vertex 20.5 27 -13.1962
      vertex -4.5 26.4733 -12.8541
      vertex -4.5 27 -13.1962
    endloop
  endfacet
  facet normal 0 0.156363 -0.9877
    outer loop
      vertex -4.5 30.6272 -13.9671
      vertex 20.5 31.2475 -13.8689
      vertex 20.5 30.6272 -13.9671
    endloop
  endfacet
  facet normal 0 0.156363 -0.9877
    outer loop
      vertex 20.5 31.2475 -13.8689
      vertex -4.5 30.6272 -13.9671
      vertex -4.5 31.2475 -13.8689
    endloop
  endfacet
  facet normal 0 0.9877 0.156363
    outer loop
      vertex 20.5 35.9671 -7.37283
      vertex -4.5 35.8689 -6.75253
      vertex 20.5 35.8689 -6.75253
    endloop
  endfacet
  facet normal 0 0.9877 0.156363
    outer loop
      vertex -4.5 35.8689 -6.75253
      vertex 20.5 35.9671 -7.37283
      vertex -4.5 35.9671 -7.37283
    endloop
  endfacet
  facet normal 0 0.89102 0.453965
    outer loop
      vertex 20.5 35.4813 -5.55958
      vertex -4.5 35.1962 -5
      vertex 20.5 35.1962 -5
    endloop
  endfacet
  facet normal 0 0.89102 0.453965
    outer loop
      vertex -4.5 35.1962 -5
      vertex 20.5 35.4813 -5.55958
      vertex -4.5 35.4813 -5.55958
    endloop
  endfacet
  facet normal 0 -0.629296 0.777166
    outer loop
      vertex -4.5 26.4733 -3.1459
      vertex 20.5 25.9852 -3.54113
      vertex 20.5 26.4733 -3.1459
    endloop
  endfacet
  facet normal 0 -0.629296 0.777166
    outer loop
      vertex 20.5 25.9852 -3.54113
      vertex -4.5 26.4733 -3.1459
      vertex -4.5 25.9852 -3.54113
    endloop
  endfacet
  facet normal -0 0.707099 0.707115
    outer loop
      vertex -4.5 34.4589 -3.98522
      vertex 20.5 34.0148 -3.54113
      vertex 20.5 34.4589 -3.98522
    endloop
  endfacet
  facet normal 0 0.707099 0.707115
    outer loop
      vertex 20.5 34.0148 -3.54113
      vertex -4.5 34.4589 -3.98522
      vertex -4.5 34.0148 -3.54113
    endloop
  endfacet
  facet normal 0 0.358383 0.933575
    outer loop
      vertex 20.5 32.4404 -2.51873
      vertex 14.8566 31.8541 -2.29366
      vertex 20.5 31.8541 -2.29366
    endloop
  endfacet
  facet normal 0 0.358383 0.933575
    outer loop
      vertex 14.8566 31.8541 -2.29366
      vertex 20.5 32.4404 -2.51873
      vertex 14.8369 32.4404 -2.51873
    endloop
  endfacet
  facet normal -0 0.358383 0.933575
    outer loop
      vertex -4.5 32.4404 -2.51873
      vertex 9.00609 31.8541 -2.29366
      vertex 11.5786 32.4404 -2.51873
    endloop
  endfacet
  facet normal 0 0.358383 0.933575
    outer loop
      vertex 9.00609 31.8541 -2.29366
      vertex -4.5 32.4404 -2.51873
      vertex -4.5 31.8541 -2.29366
    endloop
  endfacet
  facet normal 0 -0.89102 0.453965
    outer loop
      vertex -4.5 24.5187 -5.55958
      vertex 20.5 24.8038 -5
      vertex -4.5 24.8038 -5
    endloop
  endfacet
  facet normal 0 -0.89102 0.453965
    outer loop
      vertex 20.5 24.8038 -5
      vertex -4.5 24.5187 -5.55958
      vertex 20.5 24.5187 -5.55958
    endloop
  endfacet
  facet normal 0 0.358285 -0.933612
    outer loop
      vertex -4.5 31.8541 -13.7063
      vertex 20.5 32.4404 -13.4813
      vertex 20.5 31.8541 -13.7063
    endloop
  endfacet
  facet normal 0 0.358285 -0.933612
    outer loop
      vertex 20.5 32.4404 -13.4813
      vertex -4.5 31.8541 -13.7063
      vertex -4.5 32.4404 -13.4813
    endloop
  endfacet
  facet normal 0 -0.156363 -0.9877
    outer loop
      vertex -4.5 28.7525 -13.8689
      vertex 20.5 29.3728 -13.9671
      vertex 20.5 28.7525 -13.8689
    endloop
  endfacet
  facet normal -0 -0.156363 -0.9877
    outer loop
      vertex 20.5 29.3728 -13.9671
      vertex -4.5 28.7525 -13.8689
      vertex -4.5 29.3728 -13.9671
    endloop
  endfacet
  facet normal 0 0.777189 -0.629267
    outer loop
      vertex 20.5 34.4589 -12.0148
      vertex -4.5 34.8541 -11.5267
      vertex 20.5 34.8541 -11.5267
    endloop
  endfacet
  facet normal 0 0.777189 -0.629267
    outer loop
      vertex -4.5 34.8541 -11.5267
      vertex 20.5 34.4589 -12.0148
      vertex -4.5 34.4589 -12.0148
    endloop
  endfacet
  facet normal 0 0.998627 -0.0523858
    outer loop
      vertex 20.5 35.9671 -8.62717
      vertex -4.5 36 -8
      vertex 20.5 36 -8
    endloop
  endfacet
  facet normal 0 0.998627 -0.0523858
    outer loop
      vertex -4.5 36 -8
      vertex 20.5 35.9671 -8.62717
      vertex -4.5 35.9671 -8.62717
    endloop
  endfacet
  facet normal 0 -0.358285 -0.933612
    outer loop
      vertex -4.5 27.5596 -13.4813
      vertex 20.5 28.1459 -13.7063
      vertex 20.5 27.5596 -13.4813
    endloop
  endfacet
  facet normal -0 -0.358285 -0.933612
    outer loop
      vertex 20.5 28.1459 -13.7063
      vertex -4.5 27.5596 -13.4813
      vertex -4.5 28.1459 -13.7063
    endloop
  endfacet
  facet normal 0 0.0523833 -0.998627
    outer loop
      vertex -4.5 30 -14
      vertex 20.5 30.6272 -13.9671
      vertex 20.5 30 -14
    endloop
  endfacet
  facet normal 0 0.0523833 -0.998627
    outer loop
      vertex 20.5 30.6272 -13.9671
      vertex -4.5 30 -14
      vertex -4.5 30.6272 -13.9671
    endloop
  endfacet
  facet normal 0 0.891026 -0.453952
    outer loop
      vertex 20.5 35.1962 -11
      vertex -4.5 35.4813 -10.4404
      vertex 20.5 35.4813 -10.4404
    endloop
  endfacet
  facet normal 0 0.891026 -0.453952
    outer loop
      vertex -4.5 35.4813 -10.4404
      vertex 20.5 35.1962 -11
      vertex -4.5 35.1962 -11
    endloop
  endfacet
  facet normal 0 0.998627 0.0523858
    outer loop
      vertex 20.5 36 -8
      vertex -4.5 35.9671 -7.37283
      vertex 20.5 35.9671 -7.37283
    endloop
  endfacet
  facet normal 0 0.998627 0.0523858
    outer loop
      vertex -4.5 35.9671 -7.37283
      vertex 20.5 36 -8
      vertex -4.5 36 -8
    endloop
  endfacet
  facet normal 0 0.258911 -0.965901
    outer loop
      vertex -4.5 31.2475 -13.8689
      vertex 20.5 31.8541 -13.7063
      vertex 20.5 31.2475 -13.8689
    endloop
  endfacet
  facet normal 0 0.258911 -0.965901
    outer loop
      vertex 20.5 31.8541 -13.7063
      vertex -4.5 31.2475 -13.8689
      vertex -4.5 31.8541 -13.7063
    endloop
  endfacet
  facet normal 0 0.453952 -0.891026
    outer loop
      vertex -4.5 32.4404 -13.4813
      vertex 20.5 33 -13.1962
      vertex 20.5 32.4404 -13.4813
    endloop
  endfacet
  facet normal 0 0.453952 -0.891026
    outer loop
      vertex 20.5 33 -13.1962
      vertex -4.5 32.4404 -13.4813
      vertex -4.5 33 -13.1962
    endloop
  endfacet
  facet normal 0 -0.998627 -0.0523858
    outer loop
      vertex -4.5 24.0329 -8.62717
      vertex 20.5 24 -8
      vertex -4.5 24 -8
    endloop
  endfacet
  facet normal 0 -0.998627 -0.0523858
    outer loop
      vertex 20.5 24 -8
      vertex -4.5 24.0329 -8.62717
      vertex 20.5 24.0329 -8.62717
    endloop
  endfacet
  facet normal 0 -0.838634 0.544696
    outer loop
      vertex -4.5 24.8038 -5
      vertex 20.5 25.1459 -4.47329
      vertex -4.5 25.1459 -4.47329
    endloop
  endfacet
  facet normal 0 -0.838634 0.544696
    outer loop
      vertex 20.5 25.1459 -4.47329
      vertex -4.5 24.8038 -5
      vertex 20.5 24.8038 -5
    endloop
  endfacet
  facet normal -0 0.629296 0.777166
    outer loop
      vertex -4.5 34.0148 -3.54113
      vertex 20.5 33.5267 -3.1459
      vertex 20.5 34.0148 -3.54113
    endloop
  endfacet
  facet normal 0 0.629296 0.777166
    outer loop
      vertex 20.5 33.5267 -3.1459
      vertex -4.5 34.0148 -3.54113
      vertex -4.5 33.5267 -3.1459
    endloop
  endfacet
  facet normal 0 -0.998627 0.0523858
    outer loop
      vertex -4.5 24 -8
      vertex 20.5 24.0329 -7.37283
      vertex -4.5 24.0329 -7.37283
    endloop
  endfacet
  facet normal 0 -0.998627 0.0523858
    outer loop
      vertex 20.5 24.0329 -7.37283
      vertex -4.5 24 -8
      vertex 20.5 24 -8
    endloop
  endfacet
  facet normal 0 0.933612 -0.358285
    outer loop
      vertex 20.5 35.4813 -10.4404
      vertex -4.5 35.7063 -9.8541
      vertex 20.5 35.7063 -9.8541
    endloop
  endfacet
  facet normal 0 0.933612 -0.358285
    outer loop
      vertex -4.5 35.7063 -9.8541
      vertex 20.5 35.4813 -10.4404
      vertex -4.5 35.4813 -10.4404
    endloop
  endfacet
  facet normal 0 -0.965904 -0.258899
    outer loop
      vertex -4.5 24.2937 -9.8541
      vertex 20.5 24.1311 -9.24747
      vertex -4.5 24.1311 -9.24747
    endloop
  endfacet
  facet normal 0 -0.965904 -0.258899
    outer loop
      vertex 20.5 24.1311 -9.24747
      vertex -4.5 24.2937 -9.8541
      vertex 20.5 24.2937 -9.8541
    endloop
  endfacet
  facet normal 0 -0.0523833 -0.998627
    outer loop
      vertex -4.5 29.3728 -13.9671
      vertex 20.5 30 -14
      vertex 20.5 29.3728 -13.9671
    endloop
  endfacet
  facet normal -0 -0.0523833 -0.998627
    outer loop
      vertex 20.5 30 -14
      vertex -4.5 29.3728 -13.9671
      vertex -4.5 30 -14
    endloop
  endfacet
  facet normal 0 -0.933616 0.358275
    outer loop
      vertex -4.5 24.2937 -6.1459
      vertex 20.5 24.5187 -5.55958
      vertex -4.5 24.5187 -5.55958
    endloop
  endfacet
  facet normal 0 -0.933616 0.358275
    outer loop
      vertex 20.5 24.5187 -5.55958
      vertex -4.5 24.2937 -6.1459
      vertex 20.5 24.2937 -6.1459
    endloop
  endfacet
  facet normal -0 0.544647 0.838665
    outer loop
      vertex -4.5 33.5267 -3.1459
      vertex 20.5 33 -2.80385
      vertex 20.5 33.5267 -3.1459
    endloop
  endfacet
  facet normal 0 0.544647 0.838665
    outer loop
      vertex 20.5 33 -2.80385
      vertex -4.5 33.5267 -3.1459
      vertex -4.5 33 -2.80385
    endloop
  endfacet
  facet normal 0 0.258837 0.965921
    outer loop
      vertex 20.5 31.8541 -2.29366
      vertex 14.8708 31.2475 -2.13111
      vertex 20.5 31.2475 -2.13111
    endloop
  endfacet
  facet normal 0 0.258837 0.965921
    outer loop
      vertex 14.8708 31.2475 -2.13111
      vertex 20.5 31.8541 -2.29366
      vertex 14.8566 31.8541 -2.29366
    endloop
  endfacet
  facet normal -0 0.258837 0.965921
    outer loop
      vertex -4.5 31.8541 -2.29366
      vertex 7.14818 31.2475 -2.13111
      vertex 9.00609 31.8541 -2.29366
    endloop
  endfacet
  facet normal 0 0.258837 0.965921
    outer loop
      vertex 7.14818 31.2475 -2.13111
      vertex -4.5 31.8541 -2.29366
      vertex -4.5 31.2475 -2.13111
    endloop
  endfacet
  facet normal 0 -0.0523357 0.99863
    outer loop
      vertex 14.8823 30 -2
      vertex 20.5 29.3728 -2.03287
      vertex 20.5 30 -2
    endloop
  endfacet
  facet normal 0 -0.0523357 0.99863
    outer loop
      vertex 20.5 29.3728 -2.03287
      vertex 14.8823 30 -2
      vertex 14.8794 29.3728 -2.03287
    endloop
  endfacet
  facet normal 0 -0.0523282 0.99863
    outer loop
      vertex -4.5 29.75 -2.0131
      vertex 5.64954 30 -2
      vertex -4.5 30 -2
    endloop
  endfacet
  facet normal 3.078e-07 -0.0523407 0.998629
    outer loop
      vertex -4.5 29.3728 -2.03287
      vertex 5.64954 30 -2
      vertex -4.5 29.75 -2.0131
    endloop
  endfacet
  facet normal 0 -0.0523357 0.99863
    outer loop
      vertex 5.64954 30 -2
      vertex -4.5 29.3728 -2.03287
      vertex 6.02522 29.3728 -2.03287
    endloop
  endfacet
  facet normal 0 -0.156425 0.98769
    outer loop
      vertex 14.8794 29.3728 -2.03287
      vertex 20.5 28.7525 -2.13111
      vertex 20.5 29.3728 -2.03287
    endloop
  endfacet
  facet normal 0 -0.156425 0.98769
    outer loop
      vertex 20.5 28.7525 -2.13111
      vertex 14.8794 29.3728 -2.03287
      vertex 14.8708 28.7525 -2.13111
    endloop
  endfacet
  facet normal 0 -0.156425 0.98769
    outer loop
      vertex -4.5 28.7525 -2.13111
      vertex 6.02522 29.3728 -2.03287
      vertex -4.5 29.3728 -2.03287
    endloop
  endfacet
  facet normal 0 -0.156425 0.98769
    outer loop
      vertex 6.02522 29.3728 -2.03287
      vertex -4.5 28.7525 -2.13111
      vertex 7.14818 28.7525 -2.13111
    endloop
  endfacet
  facet normal 0 -0.9877 -0.156363
    outer loop
      vertex -4.5 24.1311 -9.24747
      vertex 20.5 24.0329 -8.62717
      vertex -4.5 24.0329 -8.62717
    endloop
  endfacet
  facet normal 0 -0.9877 -0.156363
    outer loop
      vertex 20.5 24.0329 -8.62717
      vertex -4.5 24.1311 -9.24747
      vertex 20.5 24.1311 -9.24747
    endloop
  endfacet
  facet normal 0 -0.707099 0.707115
    outer loop
      vertex -4.5 25.9852 -3.54113
      vertex 20.5 25.5411 -3.98522
      vertex 20.5 25.9852 -3.54113
    endloop
  endfacet
  facet normal 0 -0.707099 0.707115
    outer loop
      vertex 20.5 25.5411 -3.98522
      vertex -4.5 25.9852 -3.54113
      vertex -4.5 25.5411 -3.98522
    endloop
  endfacet
  facet normal 0 0.0523357 0.99863
    outer loop
      vertex 20.5 30.6272 -2.03287
      vertex 14.8823 30 -2
      vertex 20.5 30 -2
    endloop
  endfacet
  facet normal 0 0.0523357 0.99863
    outer loop
      vertex 14.8823 30 -2
      vertex 20.5 30.6272 -2.03287
      vertex 14.8794 30.6272 -2.03287
    endloop
  endfacet
  facet normal -0 0.0523357 0.99863
    outer loop
      vertex -4.5 30.6272 -2.03287
      vertex 5.64954 30 -2
      vertex 6.02522 30.6272 -2.03287
    endloop
  endfacet
  facet normal 3.078e-07 0.0523407 0.998629
    outer loop
      vertex -4.5 30.25 -2.0131
      vertex 5.64954 30 -2
      vertex -4.5 30.6272 -2.03287
    endloop
  endfacet
  facet normal 0 0.0523282 0.99863
    outer loop
      vertex 5.64954 30 -2
      vertex -4.5 30.25 -2.0131
      vertex -4.5 30 -2
    endloop
  endfacet
  facet normal 0 -0.258911 -0.965901
    outer loop
      vertex -4.5 28.1459 -13.7063
      vertex 20.5 28.7525 -13.8689
      vertex 20.5 28.1459 -13.7063
    endloop
  endfacet
  facet normal -0 -0.258911 -0.965901
    outer loop
      vertex 20.5 28.7525 -13.8689
      vertex -4.5 28.1459 -13.7063
      vertex -4.5 28.7525 -13.8689
    endloop
  endfacet
  facet normal 0 0.544703 -0.838629
    outer loop
      vertex -4.5 33 -13.1962
      vertex 20.5 33.5267 -12.8541
      vertex 20.5 33 -13.1962
    endloop
  endfacet
  facet normal 0 0.544703 -0.838629
    outer loop
      vertex 20.5 33.5267 -12.8541
      vertex -4.5 33 -13.1962
      vertex -4.5 33.5267 -12.8541
    endloop
  endfacet
  facet normal 0 0.629267 -0.777189
    outer loop
      vertex -4.5 33.5267 -12.8541
      vertex 20.5 34.0148 -12.4589
      vertex 20.5 33.5267 -12.8541
    endloop
  endfacet
  facet normal 0 0.629267 -0.777189
    outer loop
      vertex 20.5 34.0148 -12.4589
      vertex -4.5 33.5267 -12.8541
      vertex -4.5 34.0148 -12.4589
    endloop
  endfacet
  facet normal 0 0.838629 -0.544703
    outer loop
      vertex 20.5 34.8541 -11.5267
      vertex -4.5 35.1962 -11
      vertex 20.5 35.1962 -11
    endloop
  endfacet
  facet normal 0 0.838629 -0.544703
    outer loop
      vertex -4.5 35.1962 -11
      vertex 20.5 34.8541 -11.5267
      vertex -4.5 34.8541 -11.5267
    endloop
  endfacet
  facet normal 0 -0.544647 0.838665
    outer loop
      vertex -4.5 27 -2.80385
      vertex 20.5 26.4733 -3.1459
      vertex 20.5 27 -2.80385
    endloop
  endfacet
  facet normal 0 -0.544647 0.838665
    outer loop
      vertex 20.5 26.4733 -3.1459
      vertex -4.5 27 -2.80385
      vertex -4.5 26.4733 -3.1459
    endloop
  endfacet
  facet normal 0 -0.707107 -0.707107
    outer loop
      vertex -4.5 25.5411 -12.0148
      vertex 20.5 25.9852 -12.4589
      vertex 20.5 25.5411 -12.0148
    endloop
  endfacet
  facet normal -0 -0.707107 -0.707107
    outer loop
      vertex 20.5 25.9852 -12.4589
      vertex -4.5 25.5411 -12.0148
      vertex -4.5 25.9852 -12.4589
    endloop
  endfacet
  facet normal 0 0.707107 -0.707107
    outer loop
      vertex -4.5 34.0148 -12.4589
      vertex 20.5 34.4589 -12.0148
      vertex 20.5 34.0148 -12.4589
    endloop
  endfacet
  facet normal 0 0.707107 -0.707107
    outer loop
      vertex 20.5 34.4589 -12.0148
      vertex -4.5 34.0148 -12.4589
      vertex -4.5 34.4589 -12.0148
    endloop
  endfacet
  facet normal 0 -0.358383 0.933575
    outer loop
      vertex 14.8566 28.1459 -2.29366
      vertex 20.5 27.5596 -2.51873
      vertex 20.5 28.1459 -2.29366
    endloop
  endfacet
  facet normal 0 -0.358383 0.933575
    outer loop
      vertex 20.5 27.5596 -2.51873
      vertex 14.8566 28.1459 -2.29366
      vertex 14.8369 27.5596 -2.51873
    endloop
  endfacet
  facet normal 0 -0.358383 0.933575
    outer loop
      vertex -4.5 27.5596 -2.51873
      vertex 9.00609 28.1459 -2.29366
      vertex -4.5 28.1459 -2.29366
    endloop
  endfacet
  facet normal 0 -0.358383 0.933575
    outer loop
      vertex 9.00609 28.1459 -2.29366
      vertex -4.5 27.5596 -2.51873
      vertex 11.5786 27.5596 -2.51873
    endloop
  endfacet
  facet normal 0 0.156425 0.98769
    outer loop
      vertex 20.5 31.2475 -2.13111
      vertex 14.8794 30.6272 -2.03287
      vertex 20.5 30.6272 -2.03287
    endloop
  endfacet
  facet normal 0 0.156425 0.98769
    outer loop
      vertex 14.8794 30.6272 -2.03287
      vertex 20.5 31.2475 -2.13111
      vertex 14.8708 31.2475 -2.13111
    endloop
  endfacet
  facet normal -0 0.156425 0.98769
    outer loop
      vertex -4.5 31.2475 -2.13111
      vertex 6.02522 30.6272 -2.03287
      vertex 7.14818 31.2475 -2.13111
    endloop
  endfacet
  facet normal 0 0.156425 0.98769
    outer loop
      vertex 6.02522 30.6272 -2.03287
      vertex -4.5 31.2475 -2.13111
      vertex -4.5 30.6272 -2.03287
    endloop
  endfacet
  facet normal 0 0.933616 0.358275
    outer loop
      vertex 20.5 35.7063 -6.1459
      vertex -4.5 35.4813 -5.55958
      vertex 20.5 35.4813 -5.55958
    endloop
  endfacet
  facet normal 0 0.933616 0.358275
    outer loop
      vertex -4.5 35.4813 -5.55958
      vertex 20.5 35.7063 -6.1459
      vertex -4.5 35.7063 -6.1459
    endloop
  endfacet
  facet normal 0 -0.453977 0.891013
    outer loop
      vertex 14.8369 27.5596 -2.51873
      vertex 20.5 27 -2.80385
      vertex 20.5 27.5596 -2.51873
    endloop
  endfacet
  facet normal -3.44665e-06 -0.454005 0.890999
    outer loop
      vertex 14.8122 27.0044 -2.80163
      vertex 20.5 27 -2.80385
      vertex 14.8369 27.5596 -2.51873
    endloop
  endfacet
  facet normal 0 -0.453977 0.891013
    outer loop
      vertex -4.5 27 -2.80385
      vertex 11.5786 27.5596 -2.51873
      vertex -4.5 27.5596 -2.51873
    endloop
  endfacet
  facet normal 0 -0.450457 0.892798
    outer loop
      vertex 14.8122 27.0044 -2.80163
      vertex -4.5 27 -2.80385
      vertex 20.5 27 -2.80385
    endloop
  endfacet
  facet normal 1.0138e-06 -0.454 0.891001
    outer loop
      vertex 11.5786 27.5596 -2.51873
      vertex -4.5 27 -2.80385
      vertex 14.8122 27.0044 -2.80163
    endloop
  endfacet
  facet normal 1 0 0
    outer loop
      vertex 20.5 35.9671 -7.37283
      vertex 20.5 35.9671 -8.62717
      vertex 20.5 36 -8
    endloop
  endfacet
  facet normal 1 0 0
    outer loop
      vertex 20.5 35.8689 -6.75253
      vertex 20.5 35.9671 -8.62717
      vertex 20.5 35.9671 -7.37283
    endloop
  endfacet
  facet normal 1 0 0
    outer loop
      vertex 20.5 35.8689 -6.75253
      vertex 20.5 35.8689 -9.24747
      vertex 20.5 35.9671 -8.62717
    endloop
  endfacet
  facet normal 1 0 0
    outer loop
      vertex 20.5 35.7063 -6.1459
      vertex 20.5 35.8689 -9.24747
      vertex 20.5 35.8689 -6.75253
    endloop
  endfacet
  facet normal 1 0 0
    outer loop
      vertex 20.5 35.7063 -6.1459
      vertex 20.5 35.7063 -9.8541
      vertex 20.5 35.8689 -9.24747
    endloop
  endfacet
  facet normal 1 0 0
    outer loop
      vertex 20.5 35.4813 -5.55958
      vertex 20.5 35.7063 -9.8541
      vertex 20.5 35.7063 -6.1459
    endloop
  endfacet
  facet normal 1 0 0
    outer loop
      vertex 20.5 35.4813 -5.55958
      vertex 20.5 35.4813 -10.4404
      vertex 20.5 35.7063 -9.8541
    endloop
  endfacet
  facet normal 1 0 0
    outer loop
      vertex 20.5 35.1962 -5
      vertex 20.5 35.4813 -10.4404
      vertex 20.5 35.4813 -5.55958
    endloop
  endfacet
  facet normal 1 0 0
    outer loop
      vertex 20.5 35.1962 -5
      vertex 20.5 35.1962 -11
      vertex 20.5 35.4813 -10.4404
    endloop
  endfacet
  facet normal 1 0 0
    outer loop
      vertex 20.5 34.8541 -4.47329
      vertex 20.5 35.1962 -11
      vertex 20.5 35.1962 -5
    endloop
  endfacet
  facet normal 1 0 0
    outer loop
      vertex 20.5 34.8541 -4.47329
      vertex 20.5 34.8541 -11.5267
      vertex 20.5 35.1962 -11
    endloop
  endfacet
  facet normal 1 0 0
    outer loop
      vertex 20.5 34.4589 -3.98522
      vertex 20.5 34.8541 -11.5267
      vertex 20.5 34.8541 -4.47329
    endloop
  endfacet
  facet normal 1 0 0
    outer loop
      vertex 20.5 34.4589 -3.98522
      vertex 20.5 34.4589 -12.0148
      vertex 20.5 34.8541 -11.5267
    endloop
  endfacet
  facet normal 1 0 0
    outer loop
      vertex 20.5 34.0148 -3.54113
      vertex 20.5 34.4589 -12.0148
      vertex 20.5 34.4589 -3.98522
    endloop
  endfacet
  facet normal 1 0 0
    outer loop
      vertex 20.5 34.0148 -3.54113
      vertex 20.5 34.0148 -12.4589
      vertex 20.5 34.4589 -12.0148
    endloop
  endfacet
  facet normal 1 0 0
    outer loop
      vertex 20.5 33.5267 -3.1459
      vertex 20.5 34.0148 -12.4589
      vertex 20.5 34.0148 -3.54113
    endloop
  endfacet
  facet normal 1 0 0
    outer loop
      vertex 20.5 33.5267 -3.1459
      vertex 20.5 33.5267 -12.8541
      vertex 20.5 34.0148 -12.4589
    endloop
  endfacet
  facet normal 1 0 0
    outer loop
      vertex 20.5 33 -2.80385
      vertex 20.5 33.5267 -12.8541
      vertex 20.5 33.5267 -3.1459
    endloop
  endfacet
  facet normal 1 0 0
    outer loop
      vertex 20.5 33 -2.80385
      vertex 20.5 33 -13.1962
      vertex 20.5 33.5267 -12.8541
    endloop
  endfacet
  facet normal 1 0 0
    outer loop
      vertex 20.5 32.4404 -2.51873
      vertex 20.5 33 -13.1962
      vertex 20.5 33 -2.80385
    endloop
  endfacet
  facet normal 1 0 0
    outer loop
      vertex 20.5 32.4404 -2.51873
      vertex 20.5 32.4404 -13.4813
      vertex 20.5 33 -13.1962
    endloop
  endfacet
  facet normal 1 0 0
    outer loop
      vertex 20.5 31.8541 -2.29366
      vertex 20.5 32.4404 -13.4813
      vertex 20.5 32.4404 -2.51873
    endloop
  endfacet
  facet normal 1 0 0
    outer loop
      vertex 20.5 31.8541 -2.29366
      vertex 20.5 31.8541 -13.7063
      vertex 20.5 32.4404 -13.4813
    endloop
  endfacet
  facet normal 1 0 0
    outer loop
      vertex 20.5 31.2475 -2.13111
      vertex 20.5 31.8541 -13.7063
      vertex 20.5 31.8541 -2.29366
    endloop
  endfacet
  facet normal 1 0 0
    outer loop
      vertex 20.5 31.2475 -2.13111
      vertex 20.5 31.2475 -13.8689
      vertex 20.5 31.8541 -13.7063
    endloop
  endfacet
  facet normal 1 0 0
    outer loop
      vertex 20.5 30.6272 -2.03287
      vertex 20.5 31.2475 -13.8689
      vertex 20.5 31.2475 -2.13111
    endloop
  endfacet
  facet normal 1 0 0
    outer loop
      vertex 20.5 30.6272 -2.03287
      vertex 20.5 30.6272 -13.9671
      vertex 20.5 31.2475 -13.8689
    endloop
  endfacet
  facet normal 1 0 0
    outer loop
      vertex 20.5 30 -2
      vertex 20.5 30.6272 -13.9671
      vertex 20.5 30.6272 -2.03287
    endloop
  endfacet
  facet normal 1 0 0
    outer loop
      vertex 20.5 30 -2
      vertex 20.5 30 -14
      vertex 20.5 30.6272 -13.9671
    endloop
  endfacet
  facet normal 1 -0 0
    outer loop
      vertex 20.5 29.3728 -2.03287
      vertex 20.5 30 -14
      vertex 20.5 30 -2
    endloop
  endfacet
  facet normal 1 0 0
    outer loop
      vertex 20.5 29.3728 -2.03287
      vertex 20.5 29.3728 -13.9671
      vertex 20.5 30 -14
    endloop
  endfacet
  facet normal 1 -0 0
    outer loop
      vertex 20.5 28.7525 -2.13111
      vertex 20.5 29.3728 -13.9671
      vertex 20.5 29.3728 -2.03287
    endloop
  endfacet
  facet normal 1 0 0
    outer loop
      vertex 20.5 28.7525 -2.13111
      vertex 20.5 28.7525 -13.8689
      vertex 20.5 29.3728 -13.9671
    endloop
  endfacet
  facet normal 1 -0 0
    outer loop
      vertex 20.5 28.1459 -2.29366
      vertex 20.5 28.7525 -13.8689
      vertex 20.5 28.7525 -2.13111
    endloop
  endfacet
  facet normal 1 0 0
    outer loop
      vertex 20.5 28.1459 -2.29366
      vertex 20.5 28.1459 -13.7063
      vertex 20.5 28.7525 -13.8689
    endloop
  endfacet
  facet normal 1 -0 0
    outer loop
      vertex 20.5 27.5596 -2.51873
      vertex 20.5 28.1459 -13.7063
      vertex 20.5 28.1459 -2.29366
    endloop
  endfacet
  facet normal 1 0 0
    outer loop
      vertex 20.5 27.5596 -2.51873
      vertex 20.5 27.5596 -13.4813
      vertex 20.5 28.1459 -13.7063
    endloop
  endfacet
  facet normal 1 -0 0
    outer loop
      vertex 20.5 27 -2.80385
      vertex 20.5 27.5596 -13.4813
      vertex 20.5 27.5596 -2.51873
    endloop
  endfacet
  facet normal 1 0 0
    outer loop
      vertex 20.5 27 -2.80385
      vertex 20.5 27 -13.1962
      vertex 20.5 27.5596 -13.4813
    endloop
  endfacet
  facet normal 1 -0 0
    outer loop
      vertex 20.5 26.4733 -3.1459
      vertex 20.5 27 -13.1962
      vertex 20.5 27 -2.80385
    endloop
  endfacet
  facet normal 1 0 0
    outer loop
      vertex 20.5 26.4733 -3.1459
      vertex 20.5 26.4733 -12.8541
      vertex 20.5 27 -13.1962
    endloop
  endfacet
  facet normal 1 -0 0
    outer loop
      vertex 20.5 25.9852 -3.54113
      vertex 20.5 26.4733 -12.8541
      vertex 20.5 26.4733 -3.1459
    endloop
  endfacet
  facet normal 1 0 0
    outer loop
      vertex 20.5 25.9852 -3.54113
      vertex 20.5 25.9852 -12.4589
      vertex 20.5 26.4733 -12.8541
    endloop
  endfacet
  facet normal 1 -0 0
    outer loop
      vertex 20.5 25.5411 -3.98522
      vertex 20.5 25.9852 -12.4589
      vertex 20.5 25.9852 -3.54113
    endloop
  endfacet
  facet normal 1 0 0
    outer loop
      vertex 20.5 25.5411 -3.98522
      vertex 20.5 25.5411 -12.0148
      vertex 20.5 25.9852 -12.4589
    endloop
  endfacet
  facet normal 1 -0 0
    outer loop
      vertex 20.5 25.1459 -4.47329
      vertex 20.5 25.5411 -12.0148
      vertex 20.5 25.5411 -3.98522
    endloop
  endfacet
  facet normal 1 0 0
    outer loop
      vertex 20.5 25.1459 -4.47329
      vertex 20.5 25.1459 -11.5267
      vertex 20.5 25.5411 -12.0148
    endloop
  endfacet
  facet normal 1 -0 0
    outer loop
      vertex 20.5 24.8038 -5
      vertex 20.5 25.1459 -11.5267
      vertex 20.5 25.1459 -4.47329
    endloop
  endfacet
  facet normal 1 0 0
    outer loop
      vertex 20.5 24.8038 -5
      vertex 20.5 24.8038 -11
      vertex 20.5 25.1459 -11.5267
    endloop
  endfacet
  facet normal 1 -0 0
    outer loop
      vertex 20.5 24.5187 -5.55958
      vertex 20.5 24.8038 -11
      vertex 20.5 24.8038 -5
    endloop
  endfacet
  facet normal 1 0 0
    outer loop
      vertex 20.5 24.5187 -5.55958
      vertex 20.5 24.5187 -10.4404
      vertex 20.5 24.8038 -11
    endloop
  endfacet
  facet normal 1 -0 0
    outer loop
      vertex 20.5 24.2937 -6.1459
      vertex 20.5 24.5187 -10.4404
      vertex 20.5 24.5187 -5.55958
    endloop
  endfacet
  facet normal 1 0 0
    outer loop
      vertex 20.5 24.2937 -6.1459
      vertex 20.5 24.2937 -9.8541
      vertex 20.5 24.5187 -10.4404
    endloop
  endfacet
  facet normal 1 -0 0
    outer loop
      vertex 20.5 24.1311 -6.75253
      vertex 20.5 24.2937 -9.8541
      vertex 20.5 24.2937 -6.1459
    endloop
  endfacet
  facet normal 1 0 0
    outer loop
      vertex 20.5 24.1311 -6.75253
      vertex 20.5 24.1311 -9.24747
      vertex 20.5 24.2937 -9.8541
    endloop
  endfacet
  facet normal 1 -0 0
    outer loop
      vertex 20.5 24.0329 -7.37283
      vertex 20.5 24.1311 -9.24747
      vertex 20.5 24.1311 -6.75253
    endloop
  endfacet
  facet normal 1 0 0
    outer loop
      vertex 20.5 24.0329 -7.37283
      vertex 20.5 24.0329 -8.62717
      vertex 20.5 24.1311 -9.24747
    endloop
  endfacet
  facet normal 1 0 -0
    outer loop
      vertex 20.5 24.0329 -8.62717
      vertex 20.5 24.0329 -7.37283
      vertex 20.5 24 -8
    endloop
  endfacet
  facet normal 0 -0.965904 0.258899
    outer loop
      vertex -4.5 24.1311 -6.75253
      vertex 20.5 24.2937 -6.1459
      vertex -4.5 24.2937 -6.1459
    endloop
  endfacet
  facet normal 0 -0.965904 0.258899
    outer loop
      vertex 20.5 24.2937 -6.1459
      vertex -4.5 24.1311 -6.75253
      vertex 20.5 24.1311 -6.75253
    endloop
  endfacet
  facet normal 0 0.965904 -0.258899
    outer loop
      vertex 20.5 35.7063 -9.8541
      vertex -4.5 35.8689 -9.24747
      vertex 20.5 35.8689 -9.24747
    endloop
  endfacet
  facet normal 0 0.965904 -0.258899
    outer loop
      vertex -4.5 35.8689 -9.24747
      vertex 20.5 35.7063 -9.8541
      vertex -4.5 35.7063 -9.8541
    endloop
  endfacet
  facet normal 0 -0.77717 0.62929
    outer loop
      vertex -4.5 25.1459 -4.47329
      vertex 20.5 25.5411 -3.98522
      vertex -4.5 25.5411 -3.98522
    endloop
  endfacet
  facet normal 0 -0.77717 0.62929
    outer loop
      vertex 20.5 25.5411 -3.98522
      vertex -4.5 25.1459 -4.47329
      vertex 20.5 25.1459 -4.47329
    endloop
  endfacet
  facet normal 0 -0.629267 -0.777189
    outer loop
      vertex -4.5 25.9852 -12.4589
      vertex 20.5 26.4733 -12.8541
      vertex 20.5 25.9852 -12.4589
    endloop
  endfacet
  facet normal -0 -0.629267 -0.777189
    outer loop
      vertex 20.5 26.4733 -12.8541
      vertex -4.5 25.9852 -12.4589
      vertex -4.5 26.4733 -12.8541
    endloop
  endfacet
  facet normal 0 0.9877 -0.156363
    outer loop
      vertex 20.5 35.8689 -9.24747
      vertex -4.5 35.9671 -8.62717
      vertex 20.5 35.9671 -8.62717
    endloop
  endfacet
  facet normal 0 0.9877 -0.156363
    outer loop
      vertex -4.5 35.9671 -8.62717
      vertex 20.5 35.8689 -9.24747
      vertex -4.5 35.8689 -9.24747
    endloop
  endfacet
  facet normal 0 -0.453952 -0.891026
    outer loop
      vertex -4.5 27 -13.1962
      vertex 20.5 27.5596 -13.4813
      vertex 20.5 27 -13.1962
    endloop
  endfacet
  facet normal -0 -0.453952 -0.891026
    outer loop
      vertex 20.5 27.5596 -13.4813
      vertex -4.5 27 -13.1962
      vertex -4.5 27.5596 -13.4813
    endloop
  endfacet
  facet normal 0 -0.258837 0.965921
    outer loop
      vertex 14.8708 28.7525 -2.13111
      vertex 20.5 28.1459 -2.29366
      vertex 20.5 28.7525 -2.13111
    endloop
  endfacet
  facet normal 0 -0.258837 0.965921
    outer loop
      vertex 20.5 28.1459 -2.29366
      vertex 14.8708 28.7525 -2.13111
      vertex 14.8566 28.1459 -2.29366
    endloop
  endfacet
  facet normal 0 -0.258837 0.965921
    outer loop
      vertex -4.5 28.1459 -2.29366
      vertex 7.14818 28.7525 -2.13111
      vertex -4.5 28.7525 -2.13111
    endloop
  endfacet
  facet normal 0 -0.258837 0.965921
    outer loop
      vertex 7.14818 28.7525 -2.13111
      vertex -4.5 28.1459 -2.29366
      vertex 9.00609 28.1459 -2.29366
    endloop
  endfacet
  facet normal 0 -0.891026 -0.453952
    outer loop
      vertex -4.5 24.8038 -11
      vertex 20.5 24.5187 -10.4404
      vertex -4.5 24.5187 -10.4404
    endloop
  endfacet
  facet normal 0 -0.891026 -0.453952
    outer loop
      vertex 20.5 24.5187 -10.4404
      vertex -4.5 24.8038 -11
      vertex 20.5 24.8038 -11
    endloop
  endfacet
  facet normal 0 -0.838629 -0.544703
    outer loop
      vertex -4.5 25.1459 -11.5267
      vertex 20.5 24.8038 -11
      vertex -4.5 24.8038 -11
    endloop
  endfacet
  facet normal 0 -0.838629 -0.544703
    outer loop
      vertex 20.5 24.8038 -11
      vertex -4.5 25.1459 -11.5267
      vertex 20.5 25.1459 -11.5267
    endloop
  endfacet
  facet normal 0 -0.777189 -0.629267
    outer loop
      vertex -4.5 25.5411 -12.0148
      vertex 20.5 25.1459 -11.5267
      vertex -4.5 25.1459 -11.5267
    endloop
  endfacet
  facet normal 0 -0.777189 -0.629267
    outer loop
      vertex 20.5 25.1459 -11.5267
      vertex -4.5 25.5411 -12.0148
      vertex 20.5 25.5411 -12.0148
    endloop
  endfacet
  facet normal 0 0.453977 0.891013
    outer loop
      vertex 20.5 33 -2.80385
      vertex 14.8369 32.4404 -2.51873
      vertex 20.5 32.4404 -2.51873
    endloop
  endfacet
  facet normal -3.44665e-06 0.454005 0.890999
    outer loop
      vertex 20.5 33 -2.80385
      vertex 14.8122 32.9956 -2.80163
      vertex 14.8369 32.4404 -2.51873
    endloop
  endfacet
  facet normal -0 0.450457 0.892798
    outer loop
      vertex -4.5 33 -2.80385
      vertex 14.8122 32.9956 -2.80163
      vertex 20.5 33 -2.80385
    endloop
  endfacet
  facet normal 1.0138e-06 0.454 0.891001
    outer loop
      vertex -4.5 33 -2.80385
      vertex 11.5786 32.4404 -2.51873
      vertex 14.8122 32.9956 -2.80163
    endloop
  endfacet
  facet normal 0 0.453977 0.891013
    outer loop
      vertex 11.5786 32.4404 -2.51873
      vertex -4.5 33 -2.80385
      vertex -4.5 32.4404 -2.51873
    endloop
  endfacet
  facet normal 0 0.77717 0.62929
    outer loop
      vertex 20.5 34.8541 -4.47329
      vertex -4.5 34.4589 -3.98522
      vertex 20.5 34.4589 -3.98522
    endloop
  endfacet
  facet normal 0 0.77717 0.62929
    outer loop
      vertex -4.5 34.4589 -3.98522
      vertex 20.5 34.8541 -4.47329
      vertex -4.5 34.8541 -4.47329
    endloop
  endfacet
  facet normal 0 0.838634 0.544696
    outer loop
      vertex 20.5 35.1962 -5
      vertex -4.5 34.8541 -4.47329
      vertex 20.5 34.8541 -4.47329
    endloop
  endfacet
  facet normal 0 0.838634 0.544696
    outer loop
      vertex -4.5 34.8541 -4.47329
      vertex 20.5 35.1962 -5
      vertex -4.5 35.1962 -5
    endloop
  endfacet
  facet normal 0 -0.9877 0.156363
    outer loop
      vertex -4.5 24.0329 -7.37283
      vertex 20.5 24.1311 -6.75253
      vertex -4.5 24.1311 -6.75253
    endloop
  endfacet
  facet normal 0 -0.9877 0.156363
    outer loop
      vertex 20.5 24.1311 -6.75253
      vertex -4.5 24.0329 -7.37283
      vertex 20.5 24.0329 -7.37283
    endloop
  endfacet
  facet normal 0 0.777189 -0.629267
    outer loop
      vertex 20.5 -25.5411 -12.0148
      vertex -4.5 -25.1459 -11.5267
      vertex 20.5 -25.1459 -11.5267
    endloop
  endfacet
  facet normal 0 0.777189 -0.629267
    outer loop
      vertex -4.5 -25.1459 -11.5267
      vertex 20.5 -25.5411 -12.0148
      vertex -4.5 -25.5411 -12.0148
    endloop
  endfacet
  facet normal 0 0.707107 -0.707107
    outer loop
      vertex -4.5 -25.9852 -12.4589
      vertex 20.5 -25.5411 -12.0148
      vertex 20.5 -25.9852 -12.4589
    endloop
  endfacet
  facet normal 0 0.707107 -0.707107
    outer loop
      vertex 20.5 -25.5411 -12.0148
      vertex -4.5 -25.9852 -12.4589
      vertex -4.5 -25.5411 -12.0148
    endloop
  endfacet
  facet normal 0 -0.258837 0.965921
    outer loop
      vertex -4.5 -31.8541 -2.29366
      vertex 7.14818 -31.2475 -2.13111
      vertex -4.5 -31.2475 -2.13111
    endloop
  endfacet
  facet normal 0 -0.258837 0.965921
    outer loop
      vertex 7.14818 -31.2475 -2.13111
      vertex -4.5 -31.8541 -2.29366
      vertex 9.00609 -31.8541 -2.29366
    endloop
  endfacet
  facet normal 0 -0.258837 0.965921
    outer loop
      vertex 14.8708 -31.2475 -2.13111
      vertex 20.5 -31.8541 -2.29366
      vertex 20.5 -31.2475 -2.13111
    endloop
  endfacet
  facet normal 0 -0.258837 0.965921
    outer loop
      vertex 20.5 -31.8541 -2.29366
      vertex 14.8708 -31.2475 -2.13111
      vertex 14.8566 -31.8541 -2.29366
    endloop
  endfacet
  facet normal 0 -0.965904 0.258899
    outer loop
      vertex -4.5 -35.8689 -6.75253
      vertex 20.5 -35.7063 -6.1459
      vertex -4.5 -35.7063 -6.1459
    endloop
  endfacet
  facet normal 0 -0.965904 0.258899
    outer loop
      vertex 20.5 -35.7063 -6.1459
      vertex -4.5 -35.8689 -6.75253
      vertex 20.5 -35.8689 -6.75253
    endloop
  endfacet
  facet normal 0 0.544703 -0.838629
    outer loop
      vertex -4.5 -27 -13.1962
      vertex 20.5 -26.4733 -12.8541
      vertex 20.5 -27 -13.1962
    endloop
  endfacet
  facet normal 0 0.544703 -0.838629
    outer loop
      vertex 20.5 -26.4733 -12.8541
      vertex -4.5 -27 -13.1962
      vertex -4.5 -26.4733 -12.8541
    endloop
  endfacet
  facet normal 0 -0.933616 0.358275
    outer loop
      vertex -4.5 -35.7063 -6.1459
      vertex 20.5 -35.4813 -5.55958
      vertex -4.5 -35.4813 -5.55958
    endloop
  endfacet
  facet normal 0 -0.933616 0.358275
    outer loop
      vertex 20.5 -35.4813 -5.55958
      vertex -4.5 -35.7063 -6.1459
      vertex 20.5 -35.7063 -6.1459
    endloop
  endfacet
  facet normal 0 -0.453952 -0.891026
    outer loop
      vertex -4.5 -33 -13.1962
      vertex 20.5 -32.4404 -13.4813
      vertex 20.5 -33 -13.1962
    endloop
  endfacet
  facet normal -0 -0.453952 -0.891026
    outer loop
      vertex 20.5 -32.4404 -13.4813
      vertex -4.5 -33 -13.1962
      vertex -4.5 -32.4404 -13.4813
    endloop
  endfacet
  facet normal 0 -0.891026 -0.453952
    outer loop
      vertex -4.5 -35.1962 -11
      vertex 20.5 -35.4813 -10.4404
      vertex -4.5 -35.4813 -10.4404
    endloop
  endfacet
  facet normal 0 -0.891026 -0.453952
    outer loop
      vertex 20.5 -35.4813 -10.4404
      vertex -4.5 -35.1962 -11
      vertex 20.5 -35.1962 -11
    endloop
  endfacet
  facet normal -0 0.629296 0.777166
    outer loop
      vertex -4.5 -25.9852 -3.54113
      vertex 20.5 -26.4733 -3.1459
      vertex 20.5 -25.9852 -3.54113
    endloop
  endfacet
  facet normal 0 0.629296 0.777166
    outer loop
      vertex 20.5 -26.4733 -3.1459
      vertex -4.5 -25.9852 -3.54113
      vertex -4.5 -26.4733 -3.1459
    endloop
  endfacet
  facet normal 0 -0.998627 -0.0523858
    outer loop
      vertex -4.5 -35.9671 -8.62717
      vertex 20.5 -36 -8
      vertex -4.5 -36 -8
    endloop
  endfacet
  facet normal 0 -0.998627 -0.0523858
    outer loop
      vertex 20.5 -36 -8
      vertex -4.5 -35.9671 -8.62717
      vertex 20.5 -35.9671 -8.62717
    endloop
  endfacet
  facet normal 0 -0.453977 0.891013
    outer loop
      vertex 14.8369 -32.4404 -2.51873
      vertex 20.5 -33 -2.80385
      vertex 20.5 -32.4404 -2.51873
    endloop
  endfacet
  facet normal -3.44665e-06 -0.454005 0.890999
    outer loop
      vertex 14.8122 -32.9956 -2.80163
      vertex 20.5 -33 -2.80385
      vertex 14.8369 -32.4404 -2.51873
    endloop
  endfacet
  facet normal 0 -0.453977 0.891013
    outer loop
      vertex -4.5 -33 -2.80385
      vertex 11.5786 -32.4404 -2.51873
      vertex -4.5 -32.4404 -2.51873
    endloop
  endfacet
  facet normal 0 -0.450457 0.892798
    outer loop
      vertex 14.8122 -32.9956 -2.80163
      vertex -4.5 -33 -2.80385
      vertex 20.5 -33 -2.80385
    endloop
  endfacet
  facet normal 1.0138e-06 -0.454 0.891001
    outer loop
      vertex 11.5786 -32.4404 -2.51873
      vertex -4.5 -33 -2.80385
      vertex 14.8122 -32.9956 -2.80163
    endloop
  endfacet
  facet normal 0 -0.707099 0.707115
    outer loop
      vertex -4.5 -34.0148 -3.54113
      vertex 20.5 -34.4589 -3.98522
      vertex 20.5 -34.0148 -3.54113
    endloop
  endfacet
  facet normal 0 -0.707099 0.707115
    outer loop
      vertex 20.5 -34.4589 -3.98522
      vertex -4.5 -34.0148 -3.54113
      vertex -4.5 -34.4589 -3.98522
    endloop
  endfacet
  facet normal 0 0.156363 -0.9877
    outer loop
      vertex -4.5 -29.3728 -13.9671
      vertex 20.5 -28.7525 -13.8689
      vertex 20.5 -29.3728 -13.9671
    endloop
  endfacet
  facet normal 0 0.156363 -0.9877
    outer loop
      vertex 20.5 -28.7525 -13.8689
      vertex -4.5 -29.3728 -13.9671
      vertex -4.5 -28.7525 -13.8689
    endloop
  endfacet
  facet normal 0 0.998627 0.0523858
    outer loop
      vertex 20.5 -24 -8
      vertex -4.5 -24.0329 -7.37283
      vertex 20.5 -24.0329 -7.37283
    endloop
  endfacet
  facet normal 0 0.998627 0.0523858
    outer loop
      vertex -4.5 -24.0329 -7.37283
      vertex 20.5 -24 -8
      vertex -4.5 -24 -8
    endloop
  endfacet
  facet normal 0 0.0523357 0.99863
    outer loop
      vertex 20.5 -29.3728 -2.03287
      vertex 14.8823 -30 -2
      vertex 20.5 -30 -2
    endloop
  endfacet
  facet normal 0 0.0523357 0.99863
    outer loop
      vertex 14.8823 -30 -2
      vertex 20.5 -29.3728 -2.03287
      vertex 14.8794 -29.3728 -2.03287
    endloop
  endfacet
  facet normal -0 0.0523357 0.99863
    outer loop
      vertex -4.5 -29.3728 -2.03287
      vertex 5.64954 -30 -2
      vertex 6.02522 -29.3728 -2.03287
    endloop
  endfacet
  facet normal 3.078e-07 0.0523407 0.998629
    outer loop
      vertex -4.5 -29.75 -2.0131
      vertex 5.64954 -30 -2
      vertex -4.5 -29.3728 -2.03287
    endloop
  endfacet
  facet normal 0 0.0523282 0.99863
    outer loop
      vertex 5.64954 -30 -2
      vertex -4.5 -29.75 -2.0131
      vertex -4.5 -30 -2
    endloop
  endfacet
  facet normal 0 -0.9877 0.156363
    outer loop
      vertex -4.5 -35.9671 -7.37283
      vertex 20.5 -35.8689 -6.75253
      vertex -4.5 -35.8689 -6.75253
    endloop
  endfacet
  facet normal 0 -0.9877 0.156363
    outer loop
      vertex 20.5 -35.8689 -6.75253
      vertex -4.5 -35.9671 -7.37283
      vertex 20.5 -35.9671 -7.37283
    endloop
  endfacet
  facet normal 0 0.0523833 -0.998627
    outer loop
      vertex -4.5 -30 -14
      vertex 20.5 -29.3728 -13.9671
      vertex 20.5 -30 -14
    endloop
  endfacet
  facet normal 0 0.0523833 -0.998627
    outer loop
      vertex 20.5 -29.3728 -13.9671
      vertex -4.5 -30 -14
      vertex -4.5 -29.3728 -13.9671
    endloop
  endfacet
  facet normal 0 0.453977 0.891013
    outer loop
      vertex 20.5 -27 -2.80385
      vertex 14.8369 -27.5596 -2.51873
      vertex 20.5 -27.5596 -2.51873
    endloop
  endfacet
  facet normal -3.44665e-06 0.454005 0.890999
    outer loop
      vertex 20.5 -27 -2.80385
      vertex 14.8122 -27.0044 -2.80163
      vertex 14.8369 -27.5596 -2.51873
    endloop
  endfacet
  facet normal -0 0.450457 0.892798
    outer loop
      vertex -4.5 -27 -2.80385
      vertex 14.8122 -27.0044 -2.80163
      vertex 20.5 -27 -2.80385
    endloop
  endfacet
  facet normal 1.0138e-06 0.454 0.891001
    outer loop
      vertex -4.5 -27 -2.80385
      vertex 11.5786 -27.5596 -2.51873
      vertex 14.8122 -27.0044 -2.80163
    endloop
  endfacet
  facet normal 0 0.453977 0.891013
    outer loop
      vertex 11.5786 -27.5596 -2.51873
      vertex -4.5 -27 -2.80385
      vertex -4.5 -27.5596 -2.51873
    endloop
  endfacet
  facet normal 0 -0.77717 0.62929
    outer loop
      vertex -4.5 -34.8541 -4.47329
      vertex 20.5 -34.4589 -3.98522
      vertex -4.5 -34.4589 -3.98522
    endloop
  endfacet
  facet normal 0 -0.77717 0.62929
    outer loop
      vertex 20.5 -34.4589 -3.98522
      vertex -4.5 -34.8541 -4.47329
      vertex 20.5 -34.8541 -4.47329
    endloop
  endfacet
  facet normal 0 -0.707107 -0.707107
    outer loop
      vertex -4.5 -34.4589 -12.0148
      vertex 20.5 -34.0148 -12.4589
      vertex 20.5 -34.4589 -12.0148
    endloop
  endfacet
  facet normal -0 -0.707107 -0.707107
    outer loop
      vertex 20.5 -34.0148 -12.4589
      vertex -4.5 -34.4589 -12.0148
      vertex -4.5 -34.0148 -12.4589
    endloop
  endfacet
  facet normal 0 0.965904 0.258899
    outer loop
      vertex 20.5 -24.1311 -6.75253
      vertex -4.5 -24.2937 -6.1459
      vertex 20.5 -24.2937 -6.1459
    endloop
  endfacet
  facet normal 0 0.965904 0.258899
    outer loop
      vertex -4.5 -24.2937 -6.1459
      vertex 20.5 -24.1311 -6.75253
      vertex -4.5 -24.1311 -6.75253
    endloop
  endfacet
  facet normal 0 -0.544647 0.838665
    outer loop
      vertex -4.5 -33 -2.80385
      vertex 20.5 -33.5267 -3.1459
      vertex 20.5 -33 -2.80385
    endloop
  endfacet
  facet normal 0 -0.544647 0.838665
    outer loop
      vertex 20.5 -33.5267 -3.1459
      vertex -4.5 -33 -2.80385
      vertex -4.5 -33.5267 -3.1459
    endloop
  endfacet
  facet normal 0 0.9877 0.156363
    outer loop
      vertex 20.5 -24.0329 -7.37283
      vertex -4.5 -24.1311 -6.75253
      vertex 20.5 -24.1311 -6.75253
    endloop
  endfacet
  facet normal 0 0.9877 0.156363
    outer loop
      vertex -4.5 -24.1311 -6.75253
      vertex 20.5 -24.0329 -7.37283
      vertex -4.5 -24.0329 -7.37283
    endloop
  endfacet
  facet normal 0 -0.0523833 -0.998627
    outer loop
      vertex -4.5 -30.6272 -13.9671
      vertex 20.5 -30 -14
      vertex 20.5 -30.6272 -13.9671
    endloop
  endfacet
  facet normal -0 -0.0523833 -0.998627
    outer loop
      vertex 20.5 -30 -14
      vertex -4.5 -30.6272 -13.9671
      vertex -4.5 -30 -14
    endloop
  endfacet
  facet normal 0 -0.838629 -0.544703
    outer loop
      vertex -4.5 -34.8541 -11.5267
      vertex 20.5 -35.1962 -11
      vertex -4.5 -35.1962 -11
    endloop
  endfacet
  facet normal 0 -0.838629 -0.544703
    outer loop
      vertex 20.5 -35.1962 -11
      vertex -4.5 -34.8541 -11.5267
      vertex 20.5 -34.8541 -11.5267
    endloop
  endfacet
  facet normal 0 -0.156363 -0.9877
    outer loop
      vertex -4.5 -31.2475 -13.8689
      vertex 20.5 -30.6272 -13.9671
      vertex 20.5 -31.2475 -13.8689
    endloop
  endfacet
  facet normal -0 -0.156363 -0.9877
    outer loop
      vertex 20.5 -30.6272 -13.9671
      vertex -4.5 -31.2475 -13.8689
      vertex -4.5 -30.6272 -13.9671
    endloop
  endfacet
  facet normal 0 -0.629267 -0.777189
    outer loop
      vertex -4.5 -34.0148 -12.4589
      vertex 20.5 -33.5267 -12.8541
      vertex 20.5 -34.0148 -12.4589
    endloop
  endfacet
  facet normal -0 -0.629267 -0.777189
    outer loop
      vertex 20.5 -33.5267 -12.8541
      vertex -4.5 -34.0148 -12.4589
      vertex -4.5 -33.5267 -12.8541
    endloop
  endfacet
  facet normal -0 0.707099 0.707115
    outer loop
      vertex -4.5 -25.5411 -3.98522
      vertex 20.5 -25.9852 -3.54113
      vertex 20.5 -25.5411 -3.98522
    endloop
  endfacet
  facet normal 0 0.707099 0.707115
    outer loop
      vertex 20.5 -25.9852 -3.54113
      vertex -4.5 -25.5411 -3.98522
      vertex -4.5 -25.9852 -3.54113
    endloop
  endfacet
  facet normal 0 0.258911 -0.965901
    outer loop
      vertex -4.5 -28.7525 -13.8689
      vertex 20.5 -28.1459 -13.7063
      vertex 20.5 -28.7525 -13.8689
    endloop
  endfacet
  facet normal 0 0.258911 -0.965901
    outer loop
      vertex 20.5 -28.1459 -13.7063
      vertex -4.5 -28.7525 -13.8689
      vertex -4.5 -28.1459 -13.7063
    endloop
  endfacet
  facet normal 0 0.933612 -0.358285
    outer loop
      vertex 20.5 -24.5187 -10.4404
      vertex -4.5 -24.2937 -9.8541
      vertex 20.5 -24.2937 -9.8541
    endloop
  endfacet
  facet normal 0 0.933612 -0.358285
    outer loop
      vertex -4.5 -24.2937 -9.8541
      vertex 20.5 -24.5187 -10.4404
      vertex -4.5 -24.5187 -10.4404
    endloop
  endfacet
  facet normal 0 -0.0523357 0.99863
    outer loop
      vertex 14.8823 -30 -2
      vertex 20.5 -30.6272 -2.03287
      vertex 20.5 -30 -2
    endloop
  endfacet
  facet normal 0 -0.0523357 0.99863
    outer loop
      vertex 20.5 -30.6272 -2.03287
      vertex 14.8823 -30 -2
      vertex 14.8794 -30.6272 -2.03287
    endloop
  endfacet
  facet normal 0 -0.0523282 0.99863
    outer loop
      vertex -4.5 -30.25 -2.0131
      vertex 5.64954 -30 -2
      vertex -4.5 -30 -2
    endloop
  endfacet
  facet normal 3.078e-07 -0.0523407 0.998629
    outer loop
      vertex -4.5 -30.6272 -2.03287
      vertex 5.64954 -30 -2
      vertex -4.5 -30.25 -2.0131
    endloop
  endfacet
  facet normal 0 -0.0523357 0.99863
    outer loop
      vertex 5.64954 -30 -2
      vertex -4.5 -30.6272 -2.03287
      vertex 6.02522 -30.6272 -2.03287
    endloop
  endfacet
  facet normal 0 0.453952 -0.891026
    outer loop
      vertex -4.5 -27.5596 -13.4813
      vertex 20.5 -27 -13.1962
      vertex 20.5 -27.5596 -13.4813
    endloop
  endfacet
  facet normal 0 0.453952 -0.891026
    outer loop
      vertex 20.5 -27 -13.1962
      vertex -4.5 -27.5596 -13.4813
      vertex -4.5 -27 -13.1962
    endloop
  endfacet
  facet normal 0 -0.933612 -0.358285
    outer loop
      vertex -4.5 -35.4813 -10.4404
      vertex 20.5 -35.7063 -9.8541
      vertex -4.5 -35.7063 -9.8541
    endloop
  endfacet
  facet normal 0 -0.933612 -0.358285
    outer loop
      vertex 20.5 -35.7063 -9.8541
      vertex -4.5 -35.4813 -10.4404
      vertex 20.5 -35.4813 -10.4404
    endloop
  endfacet
  facet normal 0 -0.998627 0.0523858
    outer loop
      vertex -4.5 -36 -8
      vertex 20.5 -35.9671 -7.37283
      vertex -4.5 -35.9671 -7.37283
    endloop
  endfacet
  facet normal 0 -0.998627 0.0523858
    outer loop
      vertex 20.5 -35.9671 -7.37283
      vertex -4.5 -36 -8
      vertex 20.5 -36 -8
    endloop
  endfacet
  facet normal 0 0.258837 0.965921
    outer loop
      vertex 20.5 -28.1459 -2.29366
      vertex 14.8708 -28.7525 -2.13111
      vertex 20.5 -28.7525 -2.13111
    endloop
  endfacet
  facet normal 0 0.258837 0.965921
    outer loop
      vertex 14.8708 -28.7525 -2.13111
      vertex 20.5 -28.1459 -2.29366
      vertex 14.8566 -28.1459 -2.29366
    endloop
  endfacet
  facet normal -0 0.258837 0.965921
    outer loop
      vertex -4.5 -28.1459 -2.29366
      vertex 7.14818 -28.7525 -2.13111
      vertex 9.00609 -28.1459 -2.29366
    endloop
  endfacet
  facet normal 0 0.258837 0.965921
    outer loop
      vertex 7.14818 -28.7525 -2.13111
      vertex -4.5 -28.1459 -2.29366
      vertex -4.5 -28.7525 -2.13111
    endloop
  endfacet
  facet normal 0 -0.358285 -0.933612
    outer loop
      vertex -4.5 -32.4404 -13.4813
      vertex 20.5 -31.8541 -13.7063
      vertex 20.5 -32.4404 -13.4813
    endloop
  endfacet
  facet normal -0 -0.358285 -0.933612
    outer loop
      vertex 20.5 -31.8541 -13.7063
      vertex -4.5 -32.4404 -13.4813
      vertex -4.5 -31.8541 -13.7063
    endloop
  endfacet
  facet normal 0 0.891026 -0.453952
    outer loop
      vertex 20.5 -24.8038 -11
      vertex -4.5 -24.5187 -10.4404
      vertex 20.5 -24.5187 -10.4404
    endloop
  endfacet
  facet normal 0 0.891026 -0.453952
    outer loop
      vertex -4.5 -24.5187 -10.4404
      vertex 20.5 -24.8038 -11
      vertex -4.5 -24.8038 -11
    endloop
  endfacet
  facet normal 0 -0.9877 -0.156363
    outer loop
      vertex -4.5 -35.8689 -9.24747
      vertex 20.5 -35.9671 -8.62717
      vertex -4.5 -35.9671 -8.62717
    endloop
  endfacet
  facet normal 0 -0.9877 -0.156363
    outer loop
      vertex 20.5 -35.9671 -8.62717
      vertex -4.5 -35.8689 -9.24747
      vertex 20.5 -35.8689 -9.24747
    endloop
  endfacet
  facet normal 0 0.358383 0.933575
    outer loop
      vertex 20.5 -27.5596 -2.51873
      vertex 14.8566 -28.1459 -2.29366
      vertex 20.5 -28.1459 -2.29366
    endloop
  endfacet
  facet normal 0 0.358383 0.933575
    outer loop
      vertex 14.8566 -28.1459 -2.29366
      vertex 20.5 -27.5596 -2.51873
      vertex 14.8369 -27.5596 -2.51873
    endloop
  endfacet
  facet normal -0 0.358383 0.933575
    outer loop
      vertex -4.5 -27.5596 -2.51873
      vertex 9.00609 -28.1459 -2.29366
      vertex 11.5786 -27.5596 -2.51873
    endloop
  endfacet
  facet normal 0 0.358383 0.933575
    outer loop
      vertex 9.00609 -28.1459 -2.29366
      vertex -4.5 -27.5596 -2.51873
      vertex -4.5 -28.1459 -2.29366
    endloop
  endfacet
  facet normal 0 0.838629 -0.544703
    outer loop
      vertex 20.5 -25.1459 -11.5267
      vertex -4.5 -24.8038 -11
      vertex 20.5 -24.8038 -11
    endloop
  endfacet
  facet normal 0 0.838629 -0.544703
    outer loop
      vertex -4.5 -24.8038 -11
      vertex 20.5 -25.1459 -11.5267
      vertex -4.5 -25.1459 -11.5267
    endloop
  endfacet
  facet normal 0 0.358285 -0.933612
    outer loop
      vertex -4.5 -28.1459 -13.7063
      vertex 20.5 -27.5596 -13.4813
      vertex 20.5 -28.1459 -13.7063
    endloop
  endfacet
  facet normal 0 0.358285 -0.933612
    outer loop
      vertex 20.5 -27.5596 -13.4813
      vertex -4.5 -28.1459 -13.7063
      vertex -4.5 -27.5596 -13.4813
    endloop
  endfacet
  facet normal 0 -0.89102 0.453965
    outer loop
      vertex -4.5 -35.4813 -5.55958
      vertex 20.5 -35.1962 -5
      vertex -4.5 -35.1962 -5
    endloop
  endfacet
  facet normal 0 -0.89102 0.453965
    outer loop
      vertex 20.5 -35.1962 -5
      vertex -4.5 -35.4813 -5.55958
      vertex 20.5 -35.4813 -5.55958
    endloop
  endfacet
  facet normal 0 0.629267 -0.777189
    outer loop
      vertex -4.5 -26.4733 -12.8541
      vertex 20.5 -25.9852 -12.4589
      vertex 20.5 -26.4733 -12.8541
    endloop
  endfacet
  facet normal 0 0.629267 -0.777189
    outer loop
      vertex 20.5 -25.9852 -12.4589
      vertex -4.5 -26.4733 -12.8541
      vertex -4.5 -25.9852 -12.4589
    endloop
  endfacet
  facet normal 0 -0.156425 0.98769
    outer loop
      vertex -4.5 -31.2475 -2.13111
      vertex 6.02522 -30.6272 -2.03287
      vertex -4.5 -30.6272 -2.03287
    endloop
  endfacet
  facet normal 0 -0.156425 0.98769
    outer loop
      vertex 6.02522 -30.6272 -2.03287
      vertex -4.5 -31.2475 -2.13111
      vertex 7.14818 -31.2475 -2.13111
    endloop
  endfacet
  facet normal 0 -0.156425 0.98769
    outer loop
      vertex 14.8794 -30.6272 -2.03287
      vertex 20.5 -31.2475 -2.13111
      vertex 20.5 -30.6272 -2.03287
    endloop
  endfacet
  facet normal 0 -0.156425 0.98769
    outer loop
      vertex 20.5 -31.2475 -2.13111
      vertex 14.8794 -30.6272 -2.03287
      vertex 14.8708 -31.2475 -2.13111
    endloop
  endfacet
  facet normal 0 -0.544703 -0.838629
    outer loop
      vertex -4.5 -33.5267 -12.8541
      vertex 20.5 -33 -13.1962
      vertex 20.5 -33.5267 -12.8541
    endloop
  endfacet
  facet normal -0 -0.544703 -0.838629
    outer loop
      vertex 20.5 -33 -13.1962
      vertex -4.5 -33.5267 -12.8541
      vertex -4.5 -33 -13.1962
    endloop
  endfacet
  facet normal -0 0.156425 0.98769
    outer loop
      vertex -4.5 -28.7525 -2.13111
      vertex 6.02522 -29.3728 -2.03287
      vertex 7.14818 -28.7525 -2.13111
    endloop
  endfacet
  facet normal 0 0.156425 0.98769
    outer loop
      vertex 6.02522 -29.3728 -2.03287
      vertex -4.5 -28.7525 -2.13111
      vertex -4.5 -29.3728 -2.03287
    endloop
  endfacet
  facet normal 0 0.156425 0.98769
    outer loop
      vertex 20.5 -28.7525 -2.13111
      vertex 14.8794 -29.3728 -2.03287
      vertex 20.5 -29.3728 -2.03287
    endloop
  endfacet
  facet normal 0 0.156425 0.98769
    outer loop
      vertex 14.8794 -29.3728 -2.03287
      vertex 20.5 -28.7525 -2.13111
      vertex 14.8708 -28.7525 -2.13111
    endloop
  endfacet
  facet normal 0 0.998627 -0.0523858
    outer loop
      vertex 20.5 -24.0329 -8.62717
      vertex -4.5 -24 -8
      vertex 20.5 -24 -8
    endloop
  endfacet
  facet normal 0 0.998627 -0.0523858
    outer loop
      vertex -4.5 -24 -8
      vertex 20.5 -24.0329 -8.62717
      vertex -4.5 -24.0329 -8.62717
    endloop
  endfacet
  facet normal 0 0.933616 0.358275
    outer loop
      vertex 20.5 -24.2937 -6.1459
      vertex -4.5 -24.5187 -5.55958
      vertex 20.5 -24.5187 -5.55958
    endloop
  endfacet
  facet normal 0 0.933616 0.358275
    outer loop
      vertex -4.5 -24.5187 -5.55958
      vertex 20.5 -24.2937 -6.1459
      vertex -4.5 -24.2937 -6.1459
    endloop
  endfacet
  facet normal 0 -0.777189 -0.629267
    outer loop
      vertex -4.5 -34.4589 -12.0148
      vertex 20.5 -34.8541 -11.5267
      vertex -4.5 -34.8541 -11.5267
    endloop
  endfacet
  facet normal 0 -0.777189 -0.629267
    outer loop
      vertex 20.5 -34.8541 -11.5267
      vertex -4.5 -34.4589 -12.0148
      vertex 20.5 -34.4589 -12.0148
    endloop
  endfacet
  facet normal -0 0.544647 0.838665
    outer loop
      vertex -4.5 -26.4733 -3.1459
      vertex 20.5 -27 -2.80385
      vertex 20.5 -26.4733 -3.1459
    endloop
  endfacet
  facet normal 0 0.544647 0.838665
    outer loop
      vertex 20.5 -27 -2.80385
      vertex -4.5 -26.4733 -3.1459
      vertex -4.5 -27 -2.80385
    endloop
  endfacet
  facet normal 0 -0.358383 0.933575
    outer loop
      vertex -4.5 -32.4404 -2.51873
      vertex 9.00609 -31.8541 -2.29366
      vertex -4.5 -31.8541 -2.29366
    endloop
  endfacet
  facet normal 0 -0.358383 0.933575
    outer loop
      vertex 9.00609 -31.8541 -2.29366
      vertex -4.5 -32.4404 -2.51873
      vertex 11.5786 -32.4404 -2.51873
    endloop
  endfacet
  facet normal 0 -0.358383 0.933575
    outer loop
      vertex 14.8566 -31.8541 -2.29366
      vertex 20.5 -32.4404 -2.51873
      vertex 20.5 -31.8541 -2.29366
    endloop
  endfacet
  facet normal 0 -0.358383 0.933575
    outer loop
      vertex 20.5 -32.4404 -2.51873
      vertex 14.8566 -31.8541 -2.29366
      vertex 14.8369 -32.4404 -2.51873
    endloop
  endfacet
  facet normal 0 0.89102 0.453965
    outer loop
      vertex 20.5 -24.5187 -5.55958
      vertex -4.5 -24.8038 -5
      vertex 20.5 -24.8038 -5
    endloop
  endfacet
  facet normal 0 0.89102 0.453965
    outer loop
      vertex -4.5 -24.8038 -5
      vertex 20.5 -24.5187 -5.55958
      vertex -4.5 -24.5187 -5.55958
    endloop
  endfacet
  facet normal 0 -0.629296 0.777166
    outer loop
      vertex -4.5 -33.5267 -3.1459
      vertex 20.5 -34.0148 -3.54113
      vertex 20.5 -33.5267 -3.1459
    endloop
  endfacet
  facet normal 0 -0.629296 0.777166
    outer loop
      vertex 20.5 -34.0148 -3.54113
      vertex -4.5 -33.5267 -3.1459
      vertex -4.5 -34.0148 -3.54113
    endloop
  endfacet
  facet normal 0 0.965904 -0.258899
    outer loop
      vertex 20.5 -24.2937 -9.8541
      vertex -4.5 -24.1311 -9.24747
      vertex 20.5 -24.1311 -9.24747
    endloop
  endfacet
  facet normal 0 0.965904 -0.258899
    outer loop
      vertex -4.5 -24.1311 -9.24747
      vertex 20.5 -24.2937 -9.8541
      vertex -4.5 -24.2937 -9.8541
    endloop
  endfacet
  facet normal 0 -0.258911 -0.965901
    outer loop
      vertex -4.5 -31.8541 -13.7063
      vertex 20.5 -31.2475 -13.8689
      vertex 20.5 -31.8541 -13.7063
    endloop
  endfacet
  facet normal -0 -0.258911 -0.965901
    outer loop
      vertex 20.5 -31.2475 -13.8689
      vertex -4.5 -31.8541 -13.7063
      vertex -4.5 -31.2475 -13.8689
    endloop
  endfacet
  facet normal 0 -0.838634 0.544696
    outer loop
      vertex -4.5 -35.1962 -5
      vertex 20.5 -34.8541 -4.47329
      vertex -4.5 -34.8541 -4.47329
    endloop
  endfacet
  facet normal 0 -0.838634 0.544696
    outer loop
      vertex 20.5 -34.8541 -4.47329
      vertex -4.5 -35.1962 -5
      vertex 20.5 -35.1962 -5
    endloop
  endfacet
  facet normal 0 -0.965904 -0.258899
    outer loop
      vertex -4.5 -35.7063 -9.8541
      vertex 20.5 -35.8689 -9.24747
      vertex -4.5 -35.8689 -9.24747
    endloop
  endfacet
  facet normal 0 -0.965904 -0.258899
    outer loop
      vertex 20.5 -35.8689 -9.24747
      vertex -4.5 -35.7063 -9.8541
      vertex 20.5 -35.7063 -9.8541
    endloop
  endfacet
  facet normal 0 0.9877 -0.156363
    outer loop
      vertex 20.5 -24.1311 -9.24747
      vertex -4.5 -24.0329 -8.62717
      vertex 20.5 -24.0329 -8.62717
    endloop
  endfacet
  facet normal 0 0.9877 -0.156363
    outer loop
      vertex -4.5 -24.0329 -8.62717
      vertex 20.5 -24.1311 -9.24747
      vertex -4.5 -24.1311 -9.24747
    endloop
  endfacet
  facet normal 0 0.77717 0.62929
    outer loop
      vertex 20.5 -25.1459 -4.47329
      vertex -4.5 -25.5411 -3.98522
      vertex 20.5 -25.5411 -3.98522
    endloop
  endfacet
  facet normal 0 0.77717 0.62929
    outer loop
      vertex -4.5 -25.5411 -3.98522
      vertex 20.5 -25.1459 -4.47329
      vertex -4.5 -25.1459 -4.47329
    endloop
  endfacet
  facet normal 0 0.838634 0.544696
    outer loop
      vertex 20.5 -24.8038 -5
      vertex -4.5 -25.1459 -4.47329
      vertex 20.5 -25.1459 -4.47329
    endloop
  endfacet
  facet normal 0 0.838634 0.544696
    outer loop
      vertex -4.5 -25.1459 -4.47329
      vertex 20.5 -24.8038 -5
      vertex -4.5 -24.8038 -5
    endloop
  endfacet
  facet normal 1 0 0
    outer loop
      vertex 20.5 -24.0329 -7.37283
      vertex 20.5 -24.0329 -8.62717
      vertex 20.5 -24 -8
    endloop
  endfacet
  facet normal 1 0 0
    outer loop
      vertex 20.5 -24.1311 -6.75253
      vertex 20.5 -24.0329 -8.62717
      vertex 20.5 -24.0329 -7.37283
    endloop
  endfacet
  facet normal 1 0 0
    outer loop
      vertex 20.5 -24.1311 -6.75253
      vertex 20.5 -24.1311 -9.24747
      vertex 20.5 -24.0329 -8.62717
    endloop
  endfacet
  facet normal 1 0 0
    outer loop
      vertex 20.5 -24.2937 -6.1459
      vertex 20.5 -24.1311 -9.24747
      vertex 20.5 -24.1311 -6.75253
    endloop
  endfacet
  facet normal 1 0 0
    outer loop
      vertex 20.5 -24.2937 -6.1459
      vertex 20.5 -24.2937 -9.8541
      vertex 20.5 -24.1311 -9.24747
    endloop
  endfacet
  facet normal 1 0 0
    outer loop
      vertex 20.5 -24.5187 -5.55958
      vertex 20.5 -24.2937 -9.8541
      vertex 20.5 -24.2937 -6.1459
    endloop
  endfacet
  facet normal 1 0 0
    outer loop
      vertex 20.5 -24.5187 -5.55958
      vertex 20.5 -24.5187 -10.4404
      vertex 20.5 -24.2937 -9.8541
    endloop
  endfacet
  facet normal 1 0 0
    outer loop
      vertex 20.5 -24.8038 -5
      vertex 20.5 -24.5187 -10.4404
      vertex 20.5 -24.5187 -5.55958
    endloop
  endfacet
  facet normal 1 0 0
    outer loop
      vertex 20.5 -24.8038 -5
      vertex 20.5 -24.8038 -11
      vertex 20.5 -24.5187 -10.4404
    endloop
  endfacet
  facet normal 1 0 0
    outer loop
      vertex 20.5 -25.1459 -4.47329
      vertex 20.5 -24.8038 -11
      vertex 20.5 -24.8038 -5
    endloop
  endfacet
  facet normal 1 0 0
    outer loop
      vertex 20.5 -25.1459 -4.47329
      vertex 20.5 -25.1459 -11.5267
      vertex 20.5 -24.8038 -11
    endloop
  endfacet
  facet normal 1 0 0
    outer loop
      vertex 20.5 -25.5411 -3.98522
      vertex 20.5 -25.1459 -11.5267
      vertex 20.5 -25.1459 -4.47329
    endloop
  endfacet
  facet normal 1 0 0
    outer loop
      vertex 20.5 -25.5411 -3.98522
      vertex 20.5 -25.5411 -12.0148
      vertex 20.5 -25.1459 -11.5267
    endloop
  endfacet
  facet normal 1 0 0
    outer loop
      vertex 20.5 -25.9852 -3.54113
      vertex 20.5 -25.5411 -12.0148
      vertex 20.5 -25.5411 -3.98522
    endloop
  endfacet
  facet normal 1 0 0
    outer loop
      vertex 20.5 -25.9852 -3.54113
      vertex 20.5 -25.9852 -12.4589
      vertex 20.5 -25.5411 -12.0148
    endloop
  endfacet
  facet normal 1 0 0
    outer loop
      vertex 20.5 -26.4733 -3.1459
      vertex 20.5 -25.9852 -12.4589
      vertex 20.5 -25.9852 -3.54113
    endloop
  endfacet
  facet normal 1 0 0
    outer loop
      vertex 20.5 -26.4733 -3.1459
      vertex 20.5 -26.4733 -12.8541
      vertex 20.5 -25.9852 -12.4589
    endloop
  endfacet
  facet normal 1 0 0
    outer loop
      vertex 20.5 -27 -2.80385
      vertex 20.5 -26.4733 -12.8541
      vertex 20.5 -26.4733 -3.1459
    endloop
  endfacet
  facet normal 1 0 0
    outer loop
      vertex 20.5 -27 -2.80385
      vertex 20.5 -27 -13.1962
      vertex 20.5 -26.4733 -12.8541
    endloop
  endfacet
  facet normal 1 0 0
    outer loop
      vertex 20.5 -27.5596 -2.51873
      vertex 20.5 -27 -13.1962
      vertex 20.5 -27 -2.80385
    endloop
  endfacet
  facet normal 1 0 0
    outer loop
      vertex 20.5 -27.5596 -2.51873
      vertex 20.5 -27.5596 -13.4813
      vertex 20.5 -27 -13.1962
    endloop
  endfacet
  facet normal 1 0 0
    outer loop
      vertex 20.5 -28.1459 -2.29366
      vertex 20.5 -27.5596 -13.4813
      vertex 20.5 -27.5596 -2.51873
    endloop
  endfacet
  facet normal 1 0 0
    outer loop
      vertex 20.5 -28.1459 -2.29366
      vertex 20.5 -28.1459 -13.7063
      vertex 20.5 -27.5596 -13.4813
    endloop
  endfacet
  facet normal 1 0 0
    outer loop
      vertex 20.5 -28.7525 -2.13111
      vertex 20.5 -28.1459 -13.7063
      vertex 20.5 -28.1459 -2.29366
    endloop
  endfacet
  facet normal 1 0 0
    outer loop
      vertex 20.5 -28.7525 -2.13111
      vertex 20.5 -28.7525 -13.8689
      vertex 20.5 -28.1459 -13.7063
    endloop
  endfacet
  facet normal 1 0 0
    outer loop
      vertex 20.5 -29.3728 -2.03287
      vertex 20.5 -28.7525 -13.8689
      vertex 20.5 -28.7525 -2.13111
    endloop
  endfacet
  facet normal 1 0 0
    outer loop
      vertex 20.5 -29.3728 -2.03287
      vertex 20.5 -29.3728 -13.9671
      vertex 20.5 -28.7525 -13.8689
    endloop
  endfacet
  facet normal 1 0 0
    outer loop
      vertex 20.5 -30 -2
      vertex 20.5 -29.3728 -13.9671
      vertex 20.5 -29.3728 -2.03287
    endloop
  endfacet
  facet normal 1 0 0
    outer loop
      vertex 20.5 -30 -2
      vertex 20.5 -30 -14
      vertex 20.5 -29.3728 -13.9671
    endloop
  endfacet
  facet normal 1 -0 0
    outer loop
      vertex 20.5 -30.6272 -2.03287
      vertex 20.5 -30 -14
      vertex 20.5 -30 -2
    endloop
  endfacet
  facet normal 1 0 0
    outer loop
      vertex 20.5 -30.6272 -2.03287
      vertex 20.5 -30.6272 -13.9671
      vertex 20.5 -30 -14
    endloop
  endfacet
  facet normal 1 -0 0
    outer loop
      vertex 20.5 -31.2475 -2.13111
      vertex 20.5 -30.6272 -13.9671
      vertex 20.5 -30.6272 -2.03287
    endloop
  endfacet
  facet normal 1 0 0
    outer loop
      vertex 20.5 -31.2475 -2.13111
      vertex 20.5 -31.2475 -13.8689
      vertex 20.5 -30.6272 -13.9671
    endloop
  endfacet
  facet normal 1 -0 0
    outer loop
      vertex 20.5 -31.8541 -2.29366
      vertex 20.5 -31.2475 -13.8689
      vertex 20.5 -31.2475 -2.13111
    endloop
  endfacet
  facet normal 1 0 0
    outer loop
      vertex 20.5 -31.8541 -2.29366
      vertex 20.5 -31.8541 -13.7063
      vertex 20.5 -31.2475 -13.8689
    endloop
  endfacet
  facet normal 1 -0 0
    outer loop
      vertex 20.5 -32.4404 -2.51873
      vertex 20.5 -31.8541 -13.7063
      vertex 20.5 -31.8541 -2.29366
    endloop
  endfacet
  facet normal 1 0 0
    outer loop
      vertex 20.5 -32.4404 -2.51873
      vertex 20.5 -32.4404 -13.4813
      vertex 20.5 -31.8541 -13.7063
    endloop
  endfacet
  facet normal 1 -0 0
    outer loop
      vertex 20.5 -33 -2.80385
      vertex 20.5 -32.4404 -13.4813
      vertex 20.5 -32.4404 -2.51873
    endloop
  endfacet
  facet normal 1 0 0
    outer loop
      vertex 20.5 -33 -2.80385
      vertex 20.5 -33 -13.1962
      vertex 20.5 -32.4404 -13.4813
    endloop
  endfacet
  facet normal 1 -0 0
    outer loop
      vertex 20.5 -33.5267 -3.1459
      vertex 20.5 -33 -13.1962
      vertex 20.5 -33 -2.80385
    endloop
  endfacet
  facet normal 1 0 0
    outer loop
      vertex 20.5 -33.5267 -3.1459
      vertex 20.5 -33.5267 -12.8541
      vertex 20.5 -33 -13.1962
    endloop
  endfacet
  facet normal 1 -0 0
    outer loop
      vertex 20.5 -34.0148 -3.54113
      vertex 20.5 -33.5267 -12.8541
      vertex 20.5 -33.5267 -3.1459
    endloop
  endfacet
  facet normal 1 0 0
    outer loop
      vertex 20.5 -34.0148 -3.54113
      vertex 20.5 -34.0148 -12.4589
      vertex 20.5 -33.5267 -12.8541
    endloop
  endfacet
  facet normal 1 -0 0
    outer loop
      vertex 20.5 -34.4589 -3.98522
      vertex 20.5 -34.0148 -12.4589
      vertex 20.5 -34.0148 -3.54113
    endloop
  endfacet
  facet normal 1 0 0
    outer loop
      vertex 20.5 -34.4589 -3.98522
      vertex 20.5 -34.4589 -12.0148
      vertex 20.5 -34.0148 -12.4589
    endloop
  endfacet
  facet normal 1 -0 0
    outer loop
      vertex 20.5 -34.8541 -4.47329
      vertex 20.5 -34.4589 -12.0148
      vertex 20.5 -34.4589 -3.98522
    endloop
  endfacet
  facet normal 1 0 0
    outer loop
      vertex 20.5 -34.8541 -4.47329
      vertex 20.5 -34.8541 -11.5267
      vertex 20.5 -34.4589 -12.0148
    endloop
  endfacet
  facet normal 1 -0 0
    outer loop
      vertex 20.5 -35.1962 -5
      vertex 20.5 -34.8541 -11.5267
      vertex 20.5 -34.8541 -4.47329
    endloop
  endfacet
  facet normal 1 0 0
    outer loop
      vertex 20.5 -35.1962 -5
      vertex 20.5 -35.1962 -11
      vertex 20.5 -34.8541 -11.5267
    endloop
  endfacet
  facet normal 1 -0 0
    outer loop
      vertex 20.5 -35.4813 -5.55958
      vertex 20.5 -35.1962 -11
      vertex 20.5 -35.1962 -5
    endloop
  endfacet
  facet normal 1 0 0
    outer loop
      vertex 20.5 -35.4813 -5.55958
      vertex 20.5 -35.4813 -10.4404
      vertex 20.5 -35.1962 -11
    endloop
  endfacet
  facet normal 1 -0 0
    outer loop
      vertex 20.5 -35.7063 -6.1459
      vertex 20.5 -35.4813 -10.4404
      vertex 20.5 -35.4813 -5.55958
    endloop
  endfacet
  facet normal 1 0 0
    outer loop
      vertex 20.5 -35.7063 -6.1459
      vertex 20.5 -35.7063 -9.8541
      vertex 20.5 -35.4813 -10.4404
    endloop
  endfacet
  facet normal 1 -0 0
    outer loop
      vertex 20.5 -35.8689 -6.75253
      vertex 20.5 -35.7063 -9.8541
      vertex 20.5 -35.7063 -6.1459
    endloop
  endfacet
  facet normal 1 0 0
    outer loop
      vertex 20.5 -35.8689 -6.75253
      vertex 20.5 -35.8689 -9.24747
      vertex 20.5 -35.7063 -9.8541
    endloop
  endfacet
  facet normal 1 -0 0
    outer loop
      vertex 20.5 -35.9671 -7.37283
      vertex 20.5 -35.8689 -9.24747
      vertex 20.5 -35.8689 -6.75253
    endloop
  endfacet
  facet normal 1 0 0
    outer loop
      vertex 20.5 -35.9671 -7.37283
      vertex 20.5 -35.9671 -8.62717
      vertex 20.5 -35.8689 -9.24747
    endloop
  endfacet
  facet normal 1 0 -0
    outer loop
      vertex 20.5 -35.9671 -8.62717
      vertex 20.5 -35.9671 -7.37283
      vertex 20.5 -36 -8
    endloop
  endfacet
  facet normal 0.987699 0.15637 0
    outer loop
      vertex 8.99452 40.1045 -10
      vertex 8.97815 40.2079 -25
      vertex 8.97815 40.2079 -10
    endloop
  endfacet
  facet normal 0.987699 0.15637 0
    outer loop
      vertex 8.97815 40.2079 -25
      vertex 8.99452 40.1045 -10
      vertex 8.99452 40.1045 -25
    endloop
  endfacet
  facet normal 0.998628 0.0523682 0
    outer loop
      vertex 9 40 -10
      vertex 8.99452 40.1045 -25
      vertex 8.99452 40.1045 -10
    endloop
  endfacet
  facet normal 0.998628 0.0523682 0
    outer loop
      vertex 8.99452 40.1045 -25
      vertex 9 40 -10
      vertex 9 40 -25
    endloop
  endfacet
  facet normal 0.965925 0.258822 0
    outer loop
      vertex 8.97815 40.2079 -10
      vertex 8.95106 40.309 -25
      vertex 8.95106 40.309 -10
    endloop
  endfacet
  facet normal 0.965925 0.258822 0
    outer loop
      vertex 8.95106 40.309 -25
      vertex 8.97815 40.2079 -10
      vertex 8.97815 40.2079 -25
    endloop
  endfacet
  facet normal 0.156679 -0.98765 0
    outer loop
      vertex 8.10453 39.0055 -25
      vertex 8.20791 39.0219 -10
      vertex 8.10453 39.0055 -10
    endloop
  endfacet
  facet normal 0.156679 -0.98765 0
    outer loop
      vertex 8.20791 39.0219 -10
      vertex 8.10453 39.0055 -25
      vertex 8.20791 39.0219 -25
    endloop
  endfacet
  facet normal -0.629506 0.776996 0
    outer loop
      vertex 7.41221 40.809 -25
      vertex 7.33087 40.7431 -10
      vertex 7.41221 40.809 -10
    endloop
  endfacet
  facet normal -0.629506 0.776996 0
    outer loop
      vertex 7.33087 40.7431 -10
      vertex 7.41221 40.809 -25
      vertex 7.33087 40.7431 -25
    endloop
  endfacet
  facet normal -0.891079 -0.453849 0
    outer loop
      vertex 7.13397 39.5 -25
      vertex 7.08645 39.5933 -10
      vertex 7.08645 39.5933 -25
    endloop
  endfacet
  facet normal -0.891079 -0.453849 0
    outer loop
      vertex 7.08645 39.5933 -10
      vertex 7.13397 39.5 -25
      vertex 7.13397 39.5 -10
    endloop
  endfacet
  facet normal 0.544605 -0.838692 0
    outer loop
      vertex 8.5 39.134 -25
      vertex 8.58778 39.191 -10
      vertex 8.5 39.134 -10
    endloop
  endfacet
  facet normal 0.544605 -0.838692 0
    outer loop
      vertex 8.58778 39.191 -10
      vertex 8.5 39.134 -25
      vertex 8.58778 39.191 -25
    endloop
  endfacet
  facet normal 0.156679 0.98765 -0
    outer loop
      vertex 8.20791 40.9781 -25
      vertex 8.10453 40.9945 -10
      vertex 8.20791 40.9781 -10
    endloop
  endfacet
  facet normal 0.156679 0.98765 0
    outer loop
      vertex 8.10453 40.9945 -10
      vertex 8.20791 40.9781 -25
      vertex 8.10453 40.9945 -25
    endloop
  endfacet
  facet normal 0.838749 -0.544518 0
    outer loop
      vertex 8.80902 39.4122 -10
      vertex 8.86602 39.5 -25
      vertex 8.86602 39.5 -10
    endloop
  endfacet
  facet normal 0.838749 -0.544518 0
    outer loop
      vertex 8.86602 39.5 -25
      vertex 8.80902 39.4122 -10
      vertex 8.80902 39.4122 -25
    endloop
  endfacet
  facet normal -0.838705 0.544585 0
    outer loop
      vertex 7.13397 40.5 -25
      vertex 7.19098 40.5878 -10
      vertex 7.19098 40.5878 -25
    endloop
  endfacet
  facet normal -0.838705 0.544585 0
    outer loop
      vertex 7.19098 40.5878 -10
      vertex 7.13397 40.5 -25
      vertex 7.13397 40.5 -10
    endloop
  endfacet
  facet normal 0.707059 0.707155 0
    outer loop
      vertex 8.74314 40.6691 -10
      vertex 8.66913 40.7431 -25
      vertex 8.66913 40.7431 -10
    endloop
  endfacet
  facet normal 0.707059 0.707155 0
    outer loop
      vertex 8.66913 40.7431 -25
      vertex 8.74314 40.6691 -10
      vertex 8.74314 40.6691 -25
    endloop
  endfacet
  facet normal 0.359107 0.933296 -0
    outer loop
      vertex 8.40674 40.9135 -25
      vertex 8.30902 40.9511 -10
      vertex 8.40674 40.9135 -10
    endloop
  endfacet
  facet normal 0.359107 0.933296 0
    outer loop
      vertex 8.30902 40.9511 -10
      vertex 8.40674 40.9135 -25
      vertex 8.30902 40.9511 -25
    endloop
  endfacet
  facet normal 0.987699 -0.15637 0
    outer loop
      vertex 8.97815 39.7921 -10
      vertex 8.99452 39.8955 -25
      vertex 8.99452 39.8955 -10
    endloop
  endfacet
  facet normal 0.987699 -0.15637 0
    outer loop
      vertex 8.99452 39.8955 -25
      vertex 8.97815 39.7921 -10
      vertex 8.97815 39.7921 -25
    endloop
  endfacet
  facet normal 0.629459 0.777034 -0
    outer loop
      vertex 8.66913 40.7431 -25
      vertex 8.58778 40.809 -10
      vertex 8.66913 40.7431 -10
    endloop
  endfacet
  facet normal 0.629459 0.777034 0
    outer loop
      vertex 8.58778 40.809 -10
      vertex 8.66913 40.7431 -25
      vertex 8.58778 40.809 -25
    endloop
  endfacet
  facet normal -0.707059 -0.707155 0
    outer loop
      vertex 7.25686 39.3309 -25
      vertex 7.33087 39.2569 -10
      vertex 7.25686 39.3309 -10
    endloop
  endfacet
  facet normal -0.707059 -0.707155 -0
    outer loop
      vertex 7.33087 39.2569 -10
      vertex 7.25686 39.3309 -25
      vertex 7.33087 39.2569 -25
    endloop
  endfacet
  facet normal -0.707059 0.707155 0
    outer loop
      vertex 7.25686 40.6691 -25
      vertex 7.33087 40.7431 -10
      vertex 7.33087 40.7431 -25
    endloop
  endfacet
  facet normal -0.707059 0.707155 0
    outer loop
      vertex 7.33087 40.7431 -10
      vertex 7.25686 40.6691 -25
      vertex 7.25686 40.6691 -10
    endloop
  endfacet
  facet normal 0.0525438 0.998619 -0
    outer loop
      vertex 8.10453 40.9945 -25
      vertex 8 41 -10
      vertex 8.10453 40.9945 -10
    endloop
  endfacet
  facet normal 0.0525438 0.998619 0
    outer loop
      vertex 8 41 -10
      vertex 8.10453 40.9945 -25
      vertex 8 41 -25
    endloop
  endfacet
  facet normal 0.838749 0.544518 0
    outer loop
      vertex 8.86602 40.5 -10
      vertex 8.80902 40.5878 -25
      vertex 8.80902 40.5878 -10
    endloop
  endfacet
  facet normal 0.838749 0.544518 0
    outer loop
      vertex 8.80902 40.5878 -25
      vertex 8.86602 40.5 -10
      vertex 8.86602 40.5 -25
    endloop
  endfacet
  facet normal 0.998628 -0.0523682 0
    outer loop
      vertex 8.99452 39.8955 -10
      vertex 9 40 -25
      vertex 9 40 -10
    endloop
  endfacet
  facet normal 0.998628 -0.0523682 0
    outer loop
      vertex 9 40 -25
      vertex 8.99452 39.8955 -10
      vertex 8.99452 39.8955 -25
    endloop
  endfacet
  facet normal 0.776938 -0.629578 0
    outer loop
      vertex 8.74314 39.3309 -10
      vertex 8.80902 39.4122 -25
      vertex 8.80902 39.4122 -10
    endloop
  endfacet
  facet normal 0.776938 -0.629578 0
    outer loop
      vertex 8.80902 39.4122 -25
      vertex 8.74314 39.3309 -10
      vertex 8.74314 39.3309 -25
    endloop
  endfacet
  facet normal -0.156679 -0.98765 0
    outer loop
      vertex 7.79209 39.0219 -25
      vertex 7.89547 39.0055 -10
      vertex 7.79209 39.0219 -10
    endloop
  endfacet
  facet normal -0.156679 -0.98765 -0
    outer loop
      vertex 7.89547 39.0055 -10
      vertex 7.79209 39.0219 -25
      vertex 7.89547 39.0055 -25
    endloop
  endfacet
  facet normal 0.965925 -0.258822 0
    outer loop
      vertex 8.95106 39.691 -10
      vertex 8.97815 39.7921 -25
      vertex 8.97815 39.7921 -10
    endloop
  endfacet
  facet normal 0.965925 -0.258822 0
    outer loop
      vertex 8.97815 39.7921 -25
      vertex 8.95106 39.691 -10
      vertex 8.95106 39.691 -25
    endloop
  endfacet
  facet normal 0.0525438 -0.998619 0
    outer loop
      vertex 8 39 -25
      vertex 8.10453 39.0055 -10
      vertex 8 39 -10
    endloop
  endfacet
  facet normal 0.0525438 -0.998619 0
    outer loop
      vertex 8.10453 39.0055 -10
      vertex 8 39 -25
      vertex 8.10453 39.0055 -25
    endloop
  endfacet
  facet normal -0.93356 0.358422 0
    outer loop
      vertex 7.04894 40.309 -25
      vertex 7.08645 40.4067 -10
      vertex 7.08645 40.4067 -25
    endloop
  endfacet
  facet normal -0.93356 0.358422 0
    outer loop
      vertex 7.08645 40.4067 -10
      vertex 7.04894 40.309 -25
      vertex 7.04894 40.309 -10
    endloop
  endfacet
  facet normal 0.707059 -0.707155 0
    outer loop
      vertex 8.66913 39.2569 -25
      vertex 8.74314 39.3309 -10
      vertex 8.66913 39.2569 -10
    endloop
  endfacet
  facet normal 0.707059 -0.707155 0
    outer loop
      vertex 8.74314 39.3309 -10
      vertex 8.66913 39.2569 -25
      vertex 8.74314 39.3309 -25
    endloop
  endfacet
  facet normal 0.629459 -0.777034 0
    outer loop
      vertex 8.58778 39.191 -25
      vertex 8.66913 39.2569 -10
      vertex 8.58778 39.191 -10
    endloop
  endfacet
  facet normal 0.629459 -0.777034 0
    outer loop
      vertex 8.66913 39.2569 -10
      vertex 8.58778 39.191 -25
      vertex 8.66913 39.2569 -25
    endloop
  endfacet
  facet normal -0.359107 0.933296 0
    outer loop
      vertex 7.69098 40.9511 -25
      vertex 7.59326 40.9135 -10
      vertex 7.69098 40.9511 -10
    endloop
  endfacet
  facet normal -0.359107 0.933296 0
    outer loop
      vertex 7.59326 40.9135 -10
      vertex 7.69098 40.9511 -25
      vertex 7.59326 40.9135 -25
    endloop
  endfacet
  facet normal 0.453851 0.891077 -0
    outer loop
      vertex 8.5 40.866 -25
      vertex 8.40674 40.9135 -10
      vertex 8.5 40.866 -10
    endloop
  endfacet
  facet normal 0.453851 0.891077 0
    outer loop
      vertex 8.40674 40.9135 -10
      vertex 8.5 40.866 -25
      vertex 8.40674 40.9135 -25
    endloop
  endfacet
  facet normal 0.891079 -0.453849 0
    outer loop
      vertex 8.86602 39.5 -10
      vertex 8.91354 39.5933 -25
      vertex 8.91354 39.5933 -10
    endloop
  endfacet
  facet normal 0.891079 -0.453849 0
    outer loop
      vertex 8.91354 39.5933 -25
      vertex 8.86602 39.5 -10
      vertex 8.86602 39.5 -25
    endloop
  endfacet
  facet normal 0.257996 -0.966146 0
    outer loop
      vertex 8.20791 39.0219 -25
      vertex 8.30902 39.0489 -10
      vertex 8.20791 39.0219 -10
    endloop
  endfacet
  facet normal 0.257996 -0.966146 0
    outer loop
      vertex 8.30902 39.0489 -10
      vertex 8.20791 39.0219 -25
      vertex 8.30902 39.0489 -25
    endloop
  endfacet
  facet normal -0.0525438 -0.998619 0
    outer loop
      vertex 7.89547 39.0055 -25
      vertex 8 39 -10
      vertex 7.89547 39.0055 -10
    endloop
  endfacet
  facet normal -0.0525438 -0.998619 -0
    outer loop
      vertex 8 39 -10
      vertex 7.89547 39.0055 -25
      vertex 8 39 -25
    endloop
  endfacet
  facet normal -0.93356 -0.358422 0
    outer loop
      vertex 7.08645 39.5933 -25
      vertex 7.04894 39.691 -10
      vertex 7.04894 39.691 -25
    endloop
  endfacet
  facet normal -0.93356 -0.358422 0
    outer loop
      vertex 7.04894 39.691 -10
      vertex 7.08645 39.5933 -25
      vertex 7.08645 39.5933 -10
    endloop
  endfacet
  facet normal -0.891079 0.453849 0
    outer loop
      vertex 7.08645 40.4067 -25
      vertex 7.13397 40.5 -10
      vertex 7.13397 40.5 -25
    endloop
  endfacet
  facet normal -0.891079 0.453849 0
    outer loop
      vertex 7.13397 40.5 -10
      vertex 7.08645 40.4067 -25
      vertex 7.08645 40.4067 -10
    endloop
  endfacet
  facet normal 0.776938 0.629578 0
    outer loop
      vertex 8.80902 40.5878 -10
      vertex 8.74314 40.6691 -25
      vertex 8.74314 40.6691 -10
    endloop
  endfacet
  facet normal 0.776938 0.629578 0
    outer loop
      vertex 8.74314 40.6691 -25
      vertex 8.80902 40.5878 -10
      vertex 8.80902 40.5878 -25
    endloop
  endfacet
  facet normal 0.544605 0.838692 -0
    outer loop
      vertex 8.58778 40.809 -25
      vertex 8.5 40.866 -10
      vertex 8.58778 40.809 -10
    endloop
  endfacet
  facet normal 0.544605 0.838692 0
    outer loop
      vertex 8.5 40.866 -10
      vertex 8.58778 40.809 -25
      vertex 8.5 40.866 -25
    endloop
  endfacet
  facet normal -0.257996 0.966146 0
    outer loop
      vertex 7.79209 40.9781 -25
      vertex 7.69098 40.9511 -10
      vertex 7.79209 40.9781 -10
    endloop
  endfacet
  facet normal -0.257996 0.966146 0
    outer loop
      vertex 7.69098 40.9511 -10
      vertex 7.79209 40.9781 -25
      vertex 7.69098 40.9511 -25
    endloop
  endfacet
  facet normal 0.453851 -0.891077 0
    outer loop
      vertex 8.40674 39.0865 -25
      vertex 8.5 39.134 -10
      vertex 8.40674 39.0865 -10
    endloop
  endfacet
  facet normal 0.453851 -0.891077 0
    outer loop
      vertex 8.5 39.134 -10
      vertex 8.40674 39.0865 -25
      vertex 8.5 39.134 -25
    endloop
  endfacet
  facet normal 0.933528 0.358505 0
    outer loop
      vertex 8.95106 40.309 -10
      vertex 8.91354 40.4067 -25
      vertex 8.91354 40.4067 -10
    endloop
  endfacet
  facet normal 0.933528 0.358505 0
    outer loop
      vertex 8.91354 40.4067 -25
      vertex 8.95106 40.309 -10
      vertex 8.95106 40.309 -25
    endloop
  endfacet
  facet normal 0.933528 -0.358505 0
    outer loop
      vertex 8.91354 39.5933 -10
      vertex 8.95106 39.691 -25
      vertex 8.95106 39.691 -10
    endloop
  endfacet
  facet normal 0.933528 -0.358505 0
    outer loop
      vertex 8.95106 39.691 -25
      vertex 8.91354 39.5933 -10
      vertex 8.91354 39.5933 -25
    endloop
  endfacet
  facet normal -0.156679 0.98765 0
    outer loop
      vertex 7.89547 40.9945 -25
      vertex 7.79209 40.9781 -10
      vertex 7.89547 40.9945 -10
    endloop
  endfacet
  facet normal -0.156679 0.98765 0
    outer loop
      vertex 7.79209 40.9781 -10
      vertex 7.89547 40.9945 -25
      vertex 7.79209 40.9781 -25
    endloop
  endfacet
  facet normal -0.544562 0.838721 0
    outer loop
      vertex 7.5 40.866 -25
      vertex 7.41221 40.809 -10
      vertex 7.5 40.866 -10
    endloop
  endfacet
  facet normal -0.544562 0.838721 0
    outer loop
      vertex 7.41221 40.809 -10
      vertex 7.5 40.866 -25
      vertex 7.41221 40.809 -25
    endloop
  endfacet
  facet normal -0.987699 0.15637 0
    outer loop
      vertex 7.00548 40.1045 -25
      vertex 7.02185 40.2079 -10
      vertex 7.02185 40.2079 -25
    endloop
  endfacet
  facet normal -0.987699 0.15637 0
    outer loop
      vertex 7.02185 40.2079 -10
      vertex 7.00548 40.1045 -25
      vertex 7.00548 40.1045 -10
    endloop
  endfacet
  facet normal 0.891079 0.453849 0
    outer loop
      vertex 8.91354 40.4067 -10
      vertex 8.86602 40.5 -25
      vertex 8.86602 40.5 -10
    endloop
  endfacet
  facet normal 0.891079 0.453849 0
    outer loop
      vertex 8.86602 40.5 -25
      vertex 8.91354 40.4067 -10
      vertex 8.91354 40.4067 -25
    endloop
  endfacet
  facet normal 0 0 1
    outer loop
      vertex 8.99452 40.1045 -10
      vertex 8.99452 39.8955 -10
      vertex 9 40 -10
    endloop
  endfacet
  facet normal 0 0 1
    outer loop
      vertex 8.97815 40.2079 -10
      vertex 8.99452 39.8955 -10
      vertex 8.99452 40.1045 -10
    endloop
  endfacet
  facet normal 0 0 1
    outer loop
      vertex 8.97815 40.2079 -10
      vertex 8.97815 39.7921 -10
      vertex 8.99452 39.8955 -10
    endloop
  endfacet
  facet normal 0 0 1
    outer loop
      vertex 8.95106 40.309 -10
      vertex 8.97815 39.7921 -10
      vertex 8.97815 40.2079 -10
    endloop
  endfacet
  facet normal 0 0 1
    outer loop
      vertex 8.95106 40.309 -10
      vertex 8.95106 39.691 -10
      vertex 8.97815 39.7921 -10
    endloop
  endfacet
  facet normal 0 0 1
    outer loop
      vertex 8.91354 40.4067 -10
      vertex 8.95106 39.691 -10
      vertex 8.95106 40.309 -10
    endloop
  endfacet
  facet normal 0 0 1
    outer loop
      vertex 8.91354 40.4067 -10
      vertex 8.91354 39.5933 -10
      vertex 8.95106 39.691 -10
    endloop
  endfacet
  facet normal 0 0 1
    outer loop
      vertex 8.86602 40.5 -10
      vertex 8.91354 39.5933 -10
      vertex 8.91354 40.4067 -10
    endloop
  endfacet
  facet normal 0 0 1
    outer loop
      vertex 8.86602 40.5 -10
      vertex 8.86602 39.5 -10
      vertex 8.91354 39.5933 -10
    endloop
  endfacet
  facet normal 0 0 1
    outer loop
      vertex 8.80902 40.5878 -10
      vertex 8.86602 39.5 -10
      vertex 8.86602 40.5 -10
    endloop
  endfacet
  facet normal 0 0 1
    outer loop
      vertex 8.80902 40.5878 -10
      vertex 8.80902 39.4122 -10
      vertex 8.86602 39.5 -10
    endloop
  endfacet
  facet normal 0 0 1
    outer loop
      vertex 8.74314 40.6691 -10
      vertex 8.80902 39.4122 -10
      vertex 8.80902 40.5878 -10
    endloop
  endfacet
  facet normal 0 0 1
    outer loop
      vertex 8.74314 40.6691 -10
      vertex 8.74314 39.3309 -10
      vertex 8.80902 39.4122 -10
    endloop
  endfacet
  facet normal 0 0 1
    outer loop
      vertex 8.66913 40.7431 -10
      vertex 8.74314 39.3309 -10
      vertex 8.74314 40.6691 -10
    endloop
  endfacet
  facet normal 0 0 1
    outer loop
      vertex 8.66913 40.7431 -10
      vertex 8.66913 39.2569 -10
      vertex 8.74314 39.3309 -10
    endloop
  endfacet
  facet normal 0 0 1
    outer loop
      vertex 8.58778 40.809 -10
      vertex 8.66913 39.2569 -10
      vertex 8.66913 40.7431 -10
    endloop
  endfacet
  facet normal 0 0 1
    outer loop
      vertex 8.58778 40.809 -10
      vertex 8.58778 39.191 -10
      vertex 8.66913 39.2569 -10
    endloop
  endfacet
  facet normal 0 0 1
    outer loop
      vertex 8.5 40.866 -10
      vertex 8.58778 39.191 -10
      vertex 8.58778 40.809 -10
    endloop
  endfacet
  facet normal 0 0 1
    outer loop
      vertex 8.5 40.866 -10
      vertex 8.5 39.134 -10
      vertex 8.58778 39.191 -10
    endloop
  endfacet
  facet normal 0 0 1
    outer loop
      vertex 8.40674 40.9135 -10
      vertex 8.5 39.134 -10
      vertex 8.5 40.866 -10
    endloop
  endfacet
  facet normal 0 0 1
    outer loop
      vertex 8.40674 40.9135 -10
      vertex 8.40674 39.0865 -10
      vertex 8.5 39.134 -10
    endloop
  endfacet
  facet normal 0 0 1
    outer loop
      vertex 8.30902 40.9511 -10
      vertex 8.40674 39.0865 -10
      vertex 8.40674 40.9135 -10
    endloop
  endfacet
  facet normal 0 0 1
    outer loop
      vertex 8.30902 40.9511 -10
      vertex 8.30902 39.0489 -10
      vertex 8.40674 39.0865 -10
    endloop
  endfacet
  facet normal 0 0 1
    outer loop
      vertex 8.20791 40.9781 -10
      vertex 8.30902 39.0489 -10
      vertex 8.30902 40.9511 -10
    endloop
  endfacet
  facet normal 0 0 1
    outer loop
      vertex 8.20791 40.9781 -10
      vertex 8.20791 39.0219 -10
      vertex 8.30902 39.0489 -10
    endloop
  endfacet
  facet normal 0 0 1
    outer loop
      vertex 8.10453 40.9945 -10
      vertex 8.20791 39.0219 -10
      vertex 8.20791 40.9781 -10
    endloop
  endfacet
  facet normal 0 0 1
    outer loop
      vertex 8.10453 40.9945 -10
      vertex 8.10453 39.0055 -10
      vertex 8.20791 39.0219 -10
    endloop
  endfacet
  facet normal 0 0 1
    outer loop
      vertex 8 41 -10
      vertex 8.10453 39.0055 -10
      vertex 8.10453 40.9945 -10
    endloop
  endfacet
  facet normal 0 0 1
    outer loop
      vertex 8 41 -10
      vertex 8 39 -10
      vertex 8.10453 39.0055 -10
    endloop
  endfacet
  facet normal -0 0 1
    outer loop
      vertex 7.89547 40.9945 -10
      vertex 8 39 -10
      vertex 8 41 -10
    endloop
  endfacet
  facet normal 0 0 1
    outer loop
      vertex 7.89547 40.9945 -10
      vertex 7.89547 39.0055 -10
      vertex 8 39 -10
    endloop
  endfacet
  facet normal -0 0 1
    outer loop
      vertex 7.79209 40.9781 -10
      vertex 7.89547 39.0055 -10
      vertex 7.89547 40.9945 -10
    endloop
  endfacet
  facet normal 0 0 1
    outer loop
      vertex 7.79209 40.9781 -10
      vertex 7.79209 39.0219 -10
      vertex 7.89547 39.0055 -10
    endloop
  endfacet
  facet normal -0 0 1
    outer loop
      vertex 7.69098 40.9511 -10
      vertex 7.79209 39.0219 -10
      vertex 7.79209 40.9781 -10
    endloop
  endfacet
  facet normal 0 0 1
    outer loop
      vertex 7.69098 40.9511 -10
      vertex 7.69098 39.0489 -10
      vertex 7.79209 39.0219 -10
    endloop
  endfacet
  facet normal -0 0 1
    outer loop
      vertex 7.59326 40.9135 -10
      vertex 7.69098 39.0489 -10
      vertex 7.69098 40.9511 -10
    endloop
  endfacet
  facet normal 0 0 1
    outer loop
      vertex 7.59326 40.9135 -10
      vertex 7.59326 39.0865 -10
      vertex 7.69098 39.0489 -10
    endloop
  endfacet
  facet normal -0 0 1
    outer loop
      vertex 7.5 40.866 -10
      vertex 7.59326 39.0865 -10
      vertex 7.59326 40.9135 -10
    endloop
  endfacet
  facet normal 0 0 1
    outer loop
      vertex 7.5 40.866 -10
      vertex 7.5 39.134 -10
      vertex 7.59326 39.0865 -10
    endloop
  endfacet
  facet normal -0 0 1
    outer loop
      vertex 7.41221 40.809 -10
      vertex 7.5 39.134 -10
      vertex 7.5 40.866 -10
    endloop
  endfacet
  facet normal 0 0 1
    outer loop
      vertex 7.41221 40.809 -10
      vertex 7.41221 39.191 -10
      vertex 7.5 39.134 -10
    endloop
  endfacet
  facet normal -0 0 1
    outer loop
      vertex 7.33087 40.7431 -10
      vertex 7.41221 39.191 -10
      vertex 7.41221 40.809 -10
    endloop
  endfacet
  facet normal 0 0 1
    outer loop
      vertex 7.33087 40.7431 -10
      vertex 7.33087 39.2569 -10
      vertex 7.41221 39.191 -10
    endloop
  endfacet
  facet normal -0 0 1
    outer loop
      vertex 7.25686 40.6691 -10
      vertex 7.33087 39.2569 -10
      vertex 7.33087 40.7431 -10
    endloop
  endfacet
  facet normal 0 0 1
    outer loop
      vertex 7.25686 40.6691 -10
      vertex 7.25686 39.3309 -10
      vertex 7.33087 39.2569 -10
    endloop
  endfacet
  facet normal -0 0 1
    outer loop
      vertex 7.19098 40.5878 -10
      vertex 7.25686 39.3309 -10
      vertex 7.25686 40.6691 -10
    endloop
  endfacet
  facet normal 0 0 1
    outer loop
      vertex 7.19098 40.5878 -10
      vertex 7.19098 39.4122 -10
      vertex 7.25686 39.3309 -10
    endloop
  endfacet
  facet normal -0 0 1
    outer loop
      vertex 7.13397 40.5 -10
      vertex 7.19098 39.4122 -10
      vertex 7.19098 40.5878 -10
    endloop
  endfacet
  facet normal 0 0 1
    outer loop
      vertex 7.13397 40.5 -10
      vertex 7.13397 39.5 -10
      vertex 7.19098 39.4122 -10
    endloop
  endfacet
  facet normal -0 0 1
    outer loop
      vertex 7.08645 40.4067 -10
      vertex 7.13397 39.5 -10
      vertex 7.13397 40.5 -10
    endloop
  endfacet
  facet normal 0 0 1
    outer loop
      vertex 7.08645 40.4067 -10
      vertex 7.08645 39.5933 -10
      vertex 7.13397 39.5 -10
    endloop
  endfacet
  facet normal -0 0 1
    outer loop
      vertex 7.04894 40.309 -10
      vertex 7.08645 39.5933 -10
      vertex 7.08645 40.4067 -10
    endloop
  endfacet
  facet normal 0 0 1
    outer loop
      vertex 7.04894 40.309 -10
      vertex 7.04894 39.691 -10
      vertex 7.08645 39.5933 -10
    endloop
  endfacet
  facet normal -0 0 1
    outer loop
      vertex 7.02185 40.2079 -10
      vertex 7.04894 39.691 -10
      vertex 7.04894 40.309 -10
    endloop
  endfacet
  facet normal 0 0 1
    outer loop
      vertex 7.02185 40.2079 -10
      vertex 7.02185 39.7921 -10
      vertex 7.04894 39.691 -10
    endloop
  endfacet
  facet normal -0 0 1
    outer loop
      vertex 7.00548 40.1045 -10
      vertex 7.02185 39.7921 -10
      vertex 7.02185 40.2079 -10
    endloop
  endfacet
  facet normal 0 0 1
    outer loop
      vertex 7.00548 40.1045 -10
      vertex 7.00548 39.8955 -10
      vertex 7.02185 39.7921 -10
    endloop
  endfacet
  facet normal 0 -0 1
    outer loop
      vertex 7.00548 39.8955 -10
      vertex 7.00548 40.1045 -10
      vertex 7 40 -10
    endloop
  endfacet
  facet normal -0.453851 0.891077 0
    outer loop
      vertex 7.59326 40.9135 -25
      vertex 7.5 40.866 -10
      vertex 7.59326 40.9135 -10
    endloop
  endfacet
  facet normal -0.453851 0.891077 0
    outer loop
      vertex 7.5 40.866 -10
      vertex 7.59326 40.9135 -25
      vertex 7.5 40.866 -25
    endloop
  endfacet
  facet normal -0.776938 -0.629578 0
    outer loop
      vertex 7.25686 39.3309 -25
      vertex 7.19098 39.4122 -10
      vertex 7.19098 39.4122 -25
    endloop
  endfacet
  facet normal -0.776938 -0.629578 0
    outer loop
      vertex 7.19098 39.4122 -10
      vertex 7.25686 39.3309 -25
      vertex 7.25686 39.3309 -10
    endloop
  endfacet
  facet normal 0.359107 -0.933296 0
    outer loop
      vertex 8.30902 39.0489 -25
      vertex 8.40674 39.0865 -10
      vertex 8.30902 39.0489 -10
    endloop
  endfacet
  facet normal 0.359107 -0.933296 0
    outer loop
      vertex 8.40674 39.0865 -10
      vertex 8.30902 39.0489 -25
      vertex 8.40674 39.0865 -25
    endloop
  endfacet
  facet normal -0.629506 -0.776996 0
    outer loop
      vertex 7.33087 39.2569 -25
      vertex 7.41221 39.191 -10
      vertex 7.33087 39.2569 -10
    endloop
  endfacet
  facet normal -0.629506 -0.776996 -0
    outer loop
      vertex 7.41221 39.191 -10
      vertex 7.33087 39.2569 -25
      vertex 7.41221 39.191 -25
    endloop
  endfacet
  facet normal -0.987699 -0.15637 0
    outer loop
      vertex 7.02185 39.7921 -25
      vertex 7.00548 39.8955 -10
      vertex 7.00548 39.8955 -25
    endloop
  endfacet
  facet normal -0.987699 -0.15637 0
    outer loop
      vertex 7.00548 39.8955 -10
      vertex 7.02185 39.7921 -25
      vertex 7.02185 39.7921 -10
    endloop
  endfacet
  facet normal -0.359107 -0.933296 0
    outer loop
      vertex 7.59326 39.0865 -25
      vertex 7.69098 39.0489 -10
      vertex 7.59326 39.0865 -10
    endloop
  endfacet
  facet normal -0.359107 -0.933296 -0
    outer loop
      vertex 7.69098 39.0489 -10
      vertex 7.59326 39.0865 -25
      vertex 7.69098 39.0489 -25
    endloop
  endfacet
  facet normal -0.965925 -0.258822 0
    outer loop
      vertex 7.04894 39.691 -25
      vertex 7.02185 39.7921 -10
      vertex 7.02185 39.7921 -25
    endloop
  endfacet
  facet normal -0.965925 -0.258822 0
    outer loop
      vertex 7.02185 39.7921 -10
      vertex 7.04894 39.691 -25
      vertex 7.04894 39.691 -10
    endloop
  endfacet
  facet normal -0.544562 -0.838721 0
    outer loop
      vertex 7.41221 39.191 -25
      vertex 7.5 39.134 -10
      vertex 7.41221 39.191 -10
    endloop
  endfacet
  facet normal -0.544562 -0.838721 -0
    outer loop
      vertex 7.5 39.134 -10
      vertex 7.41221 39.191 -25
      vertex 7.5 39.134 -25
    endloop
  endfacet
  facet normal -0.965925 0.258822 0
    outer loop
      vertex 7.02185 40.2079 -25
      vertex 7.04894 40.309 -10
      vertex 7.04894 40.309 -25
    endloop
  endfacet
  facet normal -0.965925 0.258822 0
    outer loop
      vertex 7.04894 40.309 -10
      vertex 7.02185 40.2079 -25
      vertex 7.02185 40.2079 -10
    endloop
  endfacet
  facet normal -0.776938 0.629578 0
    outer loop
      vertex 7.19098 40.5878 -25
      vertex 7.25686 40.6691 -10
      vertex 7.25686 40.6691 -25
    endloop
  endfacet
  facet normal -0.776938 0.629578 0
    outer loop
      vertex 7.25686 40.6691 -10
      vertex 7.19098 40.5878 -25
      vertex 7.19098 40.5878 -10
    endloop
  endfacet
  facet normal -0.0525438 0.998619 0
    outer loop
      vertex 8 41 -25
      vertex 7.89547 40.9945 -10
      vertex 8 41 -10
    endloop
  endfacet
  facet normal -0.0525438 0.998619 0
    outer loop
      vertex 7.89547 40.9945 -10
      vertex 8 41 -25
      vertex 7.89547 40.9945 -25
    endloop
  endfacet
  facet normal 0.257996 0.966146 -0
    outer loop
      vertex 8.30902 40.9511 -25
      vertex 8.20791 40.9781 -10
      vertex 8.30902 40.9511 -10
    endloop
  endfacet
  facet normal 0.257996 0.966146 0
    outer loop
      vertex 8.20791 40.9781 -10
      vertex 8.30902 40.9511 -25
      vertex 8.20791 40.9781 -25
    endloop
  endfacet
  facet normal -0.838705 -0.544585 0
    outer loop
      vertex 7.19098 39.4122 -25
      vertex 7.13397 39.5 -10
      vertex 7.13397 39.5 -25
    endloop
  endfacet
  facet normal -0.838705 -0.544585 0
    outer loop
      vertex 7.13397 39.5 -10
      vertex 7.19098 39.4122 -25
      vertex 7.19098 39.4122 -10
    endloop
  endfacet
  facet normal -0.998628 0.0523682 0
    outer loop
      vertex 7 40 -25
      vertex 7.00548 40.1045 -10
      vertex 7.00548 40.1045 -25
    endloop
  endfacet
  facet normal -0.998628 0.0523682 0
    outer loop
      vertex 7.00548 40.1045 -10
      vertex 7 40 -25
      vertex 7 40 -10
    endloop
  endfacet
  facet normal -0.998628 -0.0523682 0
    outer loop
      vertex 7.00548 39.8955 -25
      vertex 7 40 -10
      vertex 7 40 -25
    endloop
  endfacet
  facet normal -0.998628 -0.0523682 0
    outer loop
      vertex 7 40 -10
      vertex 7.00548 39.8955 -25
      vertex 7.00548 39.8955 -10
    endloop
  endfacet
  facet normal -0.257996 -0.966146 0
    outer loop
      vertex 7.69098 39.0489 -25
      vertex 7.79209 39.0219 -10
      vertex 7.69098 39.0489 -10
    endloop
  endfacet
  facet normal -0.257996 -0.966146 -0
    outer loop
      vertex 7.79209 39.0219 -10
      vertex 7.69098 39.0489 -25
      vertex 7.79209 39.0219 -25
    endloop
  endfacet
  facet normal 0 0 -1
    outer loop
      vertex 8.99452 39.8955 -25
      vertex 8.99452 40.1045 -25
      vertex 9 40 -25
    endloop
  endfacet
  facet normal 0 0 -1
    outer loop
      vertex 8.97815 39.7921 -25
      vertex 8.99452 40.1045 -25
      vertex 8.99452 39.8955 -25
    endloop
  endfacet
  facet normal 0 0 -1
    outer loop
      vertex 8.97815 39.7921 -25
      vertex 8.97815 40.2079 -25
      vertex 8.99452 40.1045 -25
    endloop
  endfacet
  facet normal 0 0 -1
    outer loop
      vertex 8.95106 39.691 -25
      vertex 8.97815 40.2079 -25
      vertex 8.97815 39.7921 -25
    endloop
  endfacet
  facet normal 0 0 -1
    outer loop
      vertex 8.95106 39.691 -25
      vertex 8.95106 40.309 -25
      vertex 8.97815 40.2079 -25
    endloop
  endfacet
  facet normal 0 0 -1
    outer loop
      vertex 8.91354 39.5933 -25
      vertex 8.95106 40.309 -25
      vertex 8.95106 39.691 -25
    endloop
  endfacet
  facet normal 0 0 -1
    outer loop
      vertex 8.91354 39.5933 -25
      vertex 8.91354 40.4067 -25
      vertex 8.95106 40.309 -25
    endloop
  endfacet
  facet normal 0 0 -1
    outer loop
      vertex 8.86602 39.5 -25
      vertex 8.91354 40.4067 -25
      vertex 8.91354 39.5933 -25
    endloop
  endfacet
  facet normal 0 0 -1
    outer loop
      vertex 8.86602 39.5 -25
      vertex 8.86602 40.5 -25
      vertex 8.91354 40.4067 -25
    endloop
  endfacet
  facet normal 0 0 -1
    outer loop
      vertex 8.80902 39.4122 -25
      vertex 8.86602 40.5 -25
      vertex 8.86602 39.5 -25
    endloop
  endfacet
  facet normal 0 0 -1
    outer loop
      vertex 8.80902 39.4122 -25
      vertex 8.80902 40.5878 -25
      vertex 8.86602 40.5 -25
    endloop
  endfacet
  facet normal 0 0 -1
    outer loop
      vertex 8.74314 39.3309 -25
      vertex 8.80902 40.5878 -25
      vertex 8.80902 39.4122 -25
    endloop
  endfacet
  facet normal 0 0 -1
    outer loop
      vertex 8.74314 39.3309 -25
      vertex 8.74314 40.6691 -25
      vertex 8.80902 40.5878 -25
    endloop
  endfacet
  facet normal 0 0 -1
    outer loop
      vertex 8.66913 39.2569 -25
      vertex 8.74314 40.6691 -25
      vertex 8.74314 39.3309 -25
    endloop
  endfacet
  facet normal 0 0 -1
    outer loop
      vertex 8.66913 39.2569 -25
      vertex 8.66913 40.7431 -25
      vertex 8.74314 40.6691 -25
    endloop
  endfacet
  facet normal 0 0 -1
    outer loop
      vertex 8.58778 39.191 -25
      vertex 8.66913 40.7431 -25
      vertex 8.66913 39.2569 -25
    endloop
  endfacet
  facet normal 0 0 -1
    outer loop
      vertex 8.58778 39.191 -25
      vertex 8.58778 40.809 -25
      vertex 8.66913 40.7431 -25
    endloop
  endfacet
  facet normal 0 0 -1
    outer loop
      vertex 8.5 39.134 -25
      vertex 8.58778 40.809 -25
      vertex 8.58778 39.191 -25
    endloop
  endfacet
  facet normal 0 0 -1
    outer loop
      vertex 8.5 39.134 -25
      vertex 8.5 40.866 -25
      vertex 8.58778 40.809 -25
    endloop
  endfacet
  facet normal 0 0 -1
    outer loop
      vertex 8.40674 39.0865 -25
      vertex 8.5 40.866 -25
      vertex 8.5 39.134 -25
    endloop
  endfacet
  facet normal 0 0 -1
    outer loop
      vertex 8.40674 39.0865 -25
      vertex 8.40674 40.9135 -25
      vertex 8.5 40.866 -25
    endloop
  endfacet
  facet normal 0 0 -1
    outer loop
      vertex 8.30902 39.0489 -25
      vertex 8.40674 40.9135 -25
      vertex 8.40674 39.0865 -25
    endloop
  endfacet
  facet normal 0 0 -1
    outer loop
      vertex 8.30902 39.0489 -25
      vertex 8.30902 40.9511 -25
      vertex 8.40674 40.9135 -25
    endloop
  endfacet
  facet normal 0 0 -1
    outer loop
      vertex 8.20791 39.0219 -25
      vertex 8.30902 40.9511 -25
      vertex 8.30902 39.0489 -25
    endloop
  endfacet
  facet normal 0 0 -1
    outer loop
      vertex 8.20791 39.0219 -25
      vertex 8.20791 40.9781 -25
      vertex 8.30902 40.9511 -25
    endloop
  endfacet
  facet normal 0 0 -1
    outer loop
      vertex 8.10453 39.0055 -25
      vertex 8.20791 40.9781 -25
      vertex 8.20791 39.0219 -25
    endloop
  endfacet
  facet normal 0 0 -1
    outer loop
      vertex 8.10453 39.0055 -25
      vertex 8.10453 40.9945 -25
      vertex 8.20791 40.9781 -25
    endloop
  endfacet
  facet normal 0 0 -1
    outer loop
      vertex 8 39 -25
      vertex 8.10453 40.9945 -25
      vertex 8.10453 39.0055 -25
    endloop
  endfacet
  facet normal -0 0 -1
    outer loop
      vertex 8.10453 40.9945 -25
      vertex 8 39 -25
      vertex 8 41 -25
    endloop
  endfacet
  facet normal 0 0 -1
    outer loop
      vertex 7.89547 39.0055 -25
      vertex 8 41 -25
      vertex 8 39 -25
    endloop
  endfacet
  facet normal 0 0 -1
    outer loop
      vertex 7.89547 39.0055 -25
      vertex 7.89547 40.9945 -25
      vertex 8 41 -25
    endloop
  endfacet
  facet normal 0 0 -1
    outer loop
      vertex 7.79209 39.0219 -25
      vertex 7.89547 40.9945 -25
      vertex 7.89547 39.0055 -25
    endloop
  endfacet
  facet normal 0 0 -1
    outer loop
      vertex 7.79209 39.0219 -25
      vertex 7.79209 40.9781 -25
      vertex 7.89547 40.9945 -25
    endloop
  endfacet
  facet normal 0 0 -1
    outer loop
      vertex 7.69098 39.0489 -25
      vertex 7.79209 40.9781 -25
      vertex 7.79209 39.0219 -25
    endloop
  endfacet
  facet normal 0 0 -1
    outer loop
      vertex 7.69098 39.0489 -25
      vertex 7.69098 40.9511 -25
      vertex 7.79209 40.9781 -25
    endloop
  endfacet
  facet normal 0 0 -1
    outer loop
      vertex 7.59326 39.0865 -25
      vertex 7.69098 40.9511 -25
      vertex 7.69098 39.0489 -25
    endloop
  endfacet
  facet normal 0 0 -1
    outer loop
      vertex 7.59326 39.0865 -25
      vertex 7.59326 40.9135 -25
      vertex 7.69098 40.9511 -25
    endloop
  endfacet
  facet normal 0 0 -1
    outer loop
      vertex 7.5 39.134 -25
      vertex 7.59326 40.9135 -25
      vertex 7.59326 39.0865 -25
    endloop
  endfacet
  facet normal 0 0 -1
    outer loop
      vertex 7.5 39.134 -25
      vertex 7.5 40.866 -25
      vertex 7.59326 40.9135 -25
    endloop
  endfacet
  facet normal 0 0 -1
    outer loop
      vertex 7.41221 39.191 -25
      vertex 7.5 40.866 -25
      vertex 7.5 39.134 -25
    endloop
  endfacet
  facet normal 0 0 -1
    outer loop
      vertex 7.41221 39.191 -25
      vertex 7.41221 40.809 -25
      vertex 7.5 40.866 -25
    endloop
  endfacet
  facet normal 0 0 -1
    outer loop
      vertex 7.33087 39.2569 -25
      vertex 7.41221 40.809 -25
      vertex 7.41221 39.191 -25
    endloop
  endfacet
  facet normal 0 0 -1
    outer loop
      vertex 7.33087 39.2569 -25
      vertex 7.33087 40.7431 -25
      vertex 7.41221 40.809 -25
    endloop
  endfacet
  facet normal 0 0 -1
    outer loop
      vertex 7.25686 39.3309 -25
      vertex 7.33087 40.7431 -25
      vertex 7.33087 39.2569 -25
    endloop
  endfacet
  facet normal 0 0 -1
    outer loop
      vertex 7.25686 39.3309 -25
      vertex 7.25686 40.6691 -25
      vertex 7.33087 40.7431 -25
    endloop
  endfacet
  facet normal 0 0 -1
    outer loop
      vertex 7.19098 39.4122 -25
      vertex 7.25686 40.6691 -25
      vertex 7.25686 39.3309 -25
    endloop
  endfacet
  facet normal 0 0 -1
    outer loop
      vertex 7.19098 39.4122 -25
      vertex 7.19098 40.5878 -25
      vertex 7.25686 40.6691 -25
    endloop
  endfacet
  facet normal 0 0 -1
    outer loop
      vertex 7.13397 39.5 -25
      vertex 7.19098 40.5878 -25
      vertex 7.19098 39.4122 -25
    endloop
  endfacet
  facet normal 0 0 -1
    outer loop
      vertex 7.13397 39.5 -25
      vertex 7.13397 40.5 -25
      vertex 7.19098 40.5878 -25
    endloop
  endfacet
  facet normal 0 0 -1
    outer loop
      vertex 7.08645 39.5933 -25
      vertex 7.13397 40.5 -25
      vertex 7.13397 39.5 -25
    endloop
  endfacet
  facet normal 0 0 -1
    outer loop
      vertex 7.08645 39.5933 -25
      vertex 7.08645 40.4067 -25
      vertex 7.13397 40.5 -25
    endloop
  endfacet
  facet normal 0 0 -1
    outer loop
      vertex 7.04894 39.691 -25
      vertex 7.08645 40.4067 -25
      vertex 7.08645 39.5933 -25
    endloop
  endfacet
  facet normal 0 0 -1
    outer loop
      vertex 7.04894 39.691 -25
      vertex 7.04894 40.309 -25
      vertex 7.08645 40.4067 -25
    endloop
  endfacet
  facet normal 0 0 -1
    outer loop
      vertex 7.02185 39.7921 -25
      vertex 7.04894 40.309 -25
      vertex 7.04894 39.691 -25
    endloop
  endfacet
  facet normal 0 0 -1
    outer loop
      vertex 7.02185 39.7921 -25
      vertex 7.02185 40.2079 -25
      vertex 7.04894 40.309 -25
    endloop
  endfacet
  facet normal 0 0 -1
    outer loop
      vertex 7.00548 39.8955 -25
      vertex 7.02185 40.2079 -25
      vertex 7.02185 39.7921 -25
    endloop
  endfacet
  facet normal 0 0 -1
    outer loop
      vertex 7.00548 39.8955 -25
      vertex 7.00548 40.1045 -25
      vertex 7.02185 40.2079 -25
    endloop
  endfacet
  facet normal 0 -0 -1
    outer loop
      vertex 7.00548 40.1045 -25
      vertex 7.00548 39.8955 -25
      vertex 7 40 -25
    endloop
  endfacet
  facet normal -0.453851 -0.891077 0
    outer loop
      vertex 7.5 39.134 -25
      vertex 7.59326 39.0865 -10
      vertex 7.5 39.134 -10
    endloop
  endfacet
  facet normal -0.453851 -0.891077 -0
    outer loop
      vertex 7.59326 39.0865 -10
      vertex 7.5 39.134 -25
      vertex 7.59326 39.0865 -25
    endloop
  endfacet
  facet normal -0.933552 0 0.358443
    outer loop
      vertex 4.19577 38 -27.7639
      vertex 4.34582 42 -27.3731
      vertex 4.19577 42 -27.7639
    endloop
  endfacet
  facet normal -0.933552 0 0.358443
    outer loop
      vertex 4.34582 42 -27.3731
      vertex 4.19577 38 -27.7639
      vertex 4.34582 38 -27.3731
    endloop
  endfacet
  facet normal 0.987685 -0 0.156453
    outer loop
      vertex 11.9126 38 -28.1684
      vertex 11.9781 42 -28.5819
      vertex 11.9126 42 -28.1684
    endloop
  endfacet
  facet normal 0.987685 0 0.156453
    outer loop
      vertex 11.9781 42 -28.5819
      vertex 11.9126 38 -28.1684
      vertex 11.9781 38 -28.5819
    endloop
  endfacet
  facet normal 0.998631 -0 0.0523081
    outer loop
      vertex 11.9781 38 -28.5819
      vertex 12 42 -29
      vertex 11.9781 42 -28.5819
    endloop
  endfacet
  facet normal 0.998631 0 0.0523081
    outer loop
      vertex 12 42 -29
      vertex 11.9781 38 -28.5819
      vertex 12 38 -29
    endloop
  endfacet
  facet normal 0.965917 -0 0.258851
    outer loop
      vertex 11.8042 38 -27.7639
      vertex 11.9126 42 -28.1684
      vertex 11.8042 42 -27.7639
    endloop
  endfacet
  facet normal 0.965917 0 0.258851
    outer loop
      vertex 11.9126 42 -28.1684
      vertex 11.8042 38 -27.7639
      vertex 11.9126 38 -28.1684
    endloop
  endfacet
  facet normal 0.358275 0 0.933616
    outer loop
      vertex 9.23607 42 -25.1958
      vertex 9.62695 38 -25.3458
      vertex 9.62695 42 -25.3458
    endloop
  endfacet
  facet normal 0.358275 0 0.933616
    outer loop
      vertex 9.62695 38 -25.3458
      vertex 9.23607 42 -25.1958
      vertex 9.23607 38 -25.1958
    endloop
  endfacet
  facet normal 0.77715 -0 0.629315
    outer loop
      vertex 10.9726 38 -26.3235
      vertex 11.2361 42 -26.6489
      vertex 10.9726 42 -26.3235
    endloop
  endfacet
  facet normal 0.77715 0 0.629315
    outer loop
      vertex 11.2361 42 -26.6489
      vertex 10.9726 38 -26.3235
      vertex 11.2361 38 -26.6489
    endloop
  endfacet
  facet normal -0.258899 0 -0.965904
    outer loop
      vertex 6.76393 38 -32.8042
      vertex 7.16835 42 -32.9126
      vertex 7.16835 38 -32.9126
    endloop
  endfacet
  facet normal -0.258899 0 -0.965904
    outer loop
      vertex 7.16835 42 -32.9126
      vertex 6.76393 38 -32.8042
      vertex 6.76393 42 -32.8042
    endloop
  endfacet
  facet normal 0.544627 0 -0.838678
    outer loop
      vertex 10 38 -32.4641
      vertex 10.3511 42 -32.2361
      vertex 10.3511 38 -32.2361
    endloop
  endfacet
  facet normal 0.544627 0 -0.838678
    outer loop
      vertex 10.3511 42 -32.2361
      vertex 10 38 -32.4641
      vertex 10 42 -32.4641
    endloop
  endfacet
  facet normal 0.454031 0 0.890986
    outer loop
      vertex 9.62695 42 -25.3458
      vertex 10 38 -25.5359
      vertex 10 42 -25.5359
    endloop
  endfacet
  facet normal 0.454031 0 0.890986
    outer loop
      vertex 10 38 -25.5359
      vertex 9.62695 42 -25.3458
      vertex 9.62695 38 -25.3458
    endloop
  endfacet
  facet normal 0.838678 0 -0.544627
    outer loop
      vertex 11.4641 38 -31
      vertex 11.2361 42 -31.3511
      vertex 11.4641 42 -31
    endloop
  endfacet
  facet normal 0.838678 0 -0.544627
    outer loop
      vertex 11.2361 42 -31.3511
      vertex 11.4641 38 -31
      vertex 11.2361 38 -31.3511
    endloop
  endfacet
  facet normal -0.89103 0 -0.453945
    outer loop
      vertex 4.5359 38 -31
      vertex 4.34582 42 -30.6269
      vertex 4.5359 42 -31
    endloop
  endfacet
  facet normal -0.89103 -0 -0.453945
    outer loop
      vertex 4.34582 42 -30.6269
      vertex 4.5359 38 -31
      vertex 4.34582 38 -30.6269
    endloop
  endfacet
  facet normal 0 1 0
    outer loop
      vertex 8.41811 42 -25.0219
      vertex 7.58189 42 -25.0219
      vertex 8 42 -25
    endloop
  endfacet
  facet normal 0 1 0
    outer loop
      vertex 8.83165 42 -25.0874
      vertex 7.58189 42 -25.0219
      vertex 8.41811 42 -25.0219
    endloop
  endfacet
  facet normal 0 1 0
    outer loop
      vertex 8.83165 42 -25.0874
      vertex 7.16835 42 -25.0874
      vertex 7.58189 42 -25.0219
    endloop
  endfacet
  facet normal 0 1 0
    outer loop
      vertex 9.23607 42 -25.1958
      vertex 7.16835 42 -25.0874
      vertex 8.83165 42 -25.0874
    endloop
  endfacet
  facet normal 0 1 0
    outer loop
      vertex 9.23607 42 -25.1958
      vertex 6.76393 42 -25.1958
      vertex 7.16835 42 -25.0874
    endloop
  endfacet
  facet normal 0 1 0
    outer loop
      vertex 9.62695 42 -25.3458
      vertex 6.76393 42 -25.1958
      vertex 9.23607 42 -25.1958
    endloop
  endfacet
  facet normal 0 1 0
    outer loop
      vertex 9.62695 42 -25.3458
      vertex 6.37305 42 -25.3458
      vertex 6.76393 42 -25.1958
    endloop
  endfacet
  facet normal 0 1 0
    outer loop
      vertex 10 42 -25.5359
      vertex 6.37305 42 -25.3458
      vertex 9.62695 42 -25.3458
    endloop
  endfacet
  facet normal 0 1 0
    outer loop
      vertex 10 42 -25.5359
      vertex 6 42 -25.5359
      vertex 6.37305 42 -25.3458
    endloop
  endfacet
  facet normal 0 1 0
    outer loop
      vertex 10.3511 42 -25.7639
      vertex 6 42 -25.5359
      vertex 10 42 -25.5359
    endloop
  endfacet
  facet normal 0 1 0
    outer loop
      vertex 10.3511 42 -25.7639
      vertex 5.64886 42 -25.7639
      vertex 6 42 -25.5359
    endloop
  endfacet
  facet normal 0 1 0
    outer loop
      vertex 10.6765 42 -26.0274
      vertex 5.64886 42 -25.7639
      vertex 10.3511 42 -25.7639
    endloop
  endfacet
  facet normal 0 1 0
    outer loop
      vertex 10.6765 42 -26.0274
      vertex 5.32348 42 -26.0274
      vertex 5.64886 42 -25.7639
    endloop
  endfacet
  facet normal 0 1 0
    outer loop
      vertex 10.9726 42 -26.3235
      vertex 5.32348 42 -26.0274
      vertex 10.6765 42 -26.0274
    endloop
  endfacet
  facet normal 0 1 0
    outer loop
      vertex 10.9726 42 -26.3235
      vertex 5.02742 42 -26.3235
      vertex 5.32348 42 -26.0274
    endloop
  endfacet
  facet normal 0 1 0
    outer loop
      vertex 11.2361 42 -26.6489
      vertex 5.02742 42 -26.3235
      vertex 10.9726 42 -26.3235
    endloop
  endfacet
  facet normal 0 1 0
    outer loop
      vertex 11.2361 42 -26.6489
      vertex 4.76393 42 -26.6489
      vertex 5.02742 42 -26.3235
    endloop
  endfacet
  facet normal 0 1 0
    outer loop
      vertex 11.4641 42 -27
      vertex 4.76393 42 -26.6489
      vertex 11.2361 42 -26.6489
    endloop
  endfacet
  facet normal 0 1 0
    outer loop
      vertex 11.4641 42 -27
      vertex 4.5359 42 -27
      vertex 4.76393 42 -26.6489
    endloop
  endfacet
  facet normal 0 1 0
    outer loop
      vertex 11.6542 42 -27.3731
      vertex 4.5359 42 -27
      vertex 11.4641 42 -27
    endloop
  endfacet
  facet normal 0 1 0
    outer loop
      vertex 11.6542 42 -27.3731
      vertex 4.34582 42 -27.3731
      vertex 4.5359 42 -27
    endloop
  endfacet
  facet normal 0 1 0
    outer loop
      vertex 11.8042 42 -27.7639
      vertex 4.34582 42 -27.3731
      vertex 11.6542 42 -27.3731
    endloop
  endfacet
  facet normal 0 1 0
    outer loop
      vertex 11.8042 42 -27.7639
      vertex 4.19577 42 -27.7639
      vertex 4.34582 42 -27.3731
    endloop
  endfacet
  facet normal 0 1 0
    outer loop
      vertex 11.9126 42 -28.1684
      vertex 4.19577 42 -27.7639
      vertex 11.8042 42 -27.7639
    endloop
  endfacet
  facet normal 0 1 0
    outer loop
      vertex 11.9126 42 -28.1684
      vertex 4.08741 42 -28.1684
      vertex 4.19577 42 -27.7639
    endloop
  endfacet
  facet normal 0 1 0
    outer loop
      vertex 11.9781 42 -28.5819
      vertex 4.08741 42 -28.1684
      vertex 11.9126 42 -28.1684
    endloop
  endfacet
  facet normal 0 1 0
    outer loop
      vertex 11.9781 42 -28.5819
      vertex 4.02191 42 -28.5819
      vertex 4.08741 42 -28.1684
    endloop
  endfacet
  facet normal 0 1 0
    outer loop
      vertex 12 42 -29
      vertex 4.02191 42 -28.5819
      vertex 11.9781 42 -28.5819
    endloop
  endfacet
  facet normal 0 1 0
    outer loop
      vertex 12 42 -29
      vertex 4 42 -29
      vertex 4.02191 42 -28.5819
    endloop
  endfacet
  facet normal 0 1 -0
    outer loop
      vertex 11.9781 42 -29.4181
      vertex 4 42 -29
      vertex 12 42 -29
    endloop
  endfacet
  facet normal 0 1 0
    outer loop
      vertex 11.9781 42 -29.4181
      vertex 4.02191 42 -29.4181
      vertex 4 42 -29
    endloop
  endfacet
  facet normal 0 1 -0
    outer loop
      vertex 11.9126 42 -29.8316
      vertex 4.02191 42 -29.4181
      vertex 11.9781 42 -29.4181
    endloop
  endfacet
  facet normal 0 1 0
    outer loop
      vertex 11.9126 42 -29.8316
      vertex 4.08741 42 -29.8316
      vertex 4.02191 42 -29.4181
    endloop
  endfacet
  facet normal 0 1 -0
    outer loop
      vertex 11.8042 42 -30.2361
      vertex 4.08741 42 -29.8316
      vertex 11.9126 42 -29.8316
    endloop
  endfacet
  facet normal 0 1 0
    outer loop
      vertex 11.8042 42 -30.2361
      vertex 4.19577 42 -30.2361
      vertex 4.08741 42 -29.8316
    endloop
  endfacet
  facet normal 0 1 -0
    outer loop
      vertex 11.6542 42 -30.6269
      vertex 4.19577 42 -30.2361
      vertex 11.8042 42 -30.2361
    endloop
  endfacet
  facet normal 0 1 0
    outer loop
      vertex 11.6542 42 -30.6269
      vertex 4.34582 42 -30.6269
      vertex 4.19577 42 -30.2361
    endloop
  endfacet
  facet normal 0 1 -0
    outer loop
      vertex 11.4641 42 -31
      vertex 4.34582 42 -30.6269
      vertex 11.6542 42 -30.6269
    endloop
  endfacet
  facet normal 0 1 0
    outer loop
      vertex 11.4641 42 -31
      vertex 4.5359 42 -31
      vertex 4.34582 42 -30.6269
    endloop
  endfacet
  facet normal 0 1 -0
    outer loop
      vertex 11.2361 42 -31.3511
      vertex 4.5359 42 -31
      vertex 11.4641 42 -31
    endloop
  endfacet
  facet normal 0 1 0
    outer loop
      vertex 11.2361 42 -31.3511
      vertex 4.76393 42 -31.3511
      vertex 4.5359 42 -31
    endloop
  endfacet
  facet normal 0 1 -0
    outer loop
      vertex 10.9726 42 -31.6765
      vertex 4.76393 42 -31.3511
      vertex 11.2361 42 -31.3511
    endloop
  endfacet
  facet normal 0 1 0
    outer loop
      vertex 10.9726 42 -31.6765
      vertex 5.02742 42 -31.6765
      vertex 4.76393 42 -31.3511
    endloop
  endfacet
  facet normal 0 1 -0
    outer loop
      vertex 10.6765 42 -31.9726
      vertex 5.02742 42 -31.6765
      vertex 10.9726 42 -31.6765
    endloop
  endfacet
  facet normal 0 1 0
    outer loop
      vertex 10.6765 42 -31.9726
      vertex 5.32348 42 -31.9726
      vertex 5.02742 42 -31.6765
    endloop
  endfacet
  facet normal 0 1 -0
    outer loop
      vertex 10.3511 42 -32.2361
      vertex 5.32348 42 -31.9726
      vertex 10.6765 42 -31.9726
    endloop
  endfacet
  facet normal 0 1 0
    outer loop
      vertex 10.3511 42 -32.2361
      vertex 5.64886 42 -32.2361
      vertex 5.32348 42 -31.9726
    endloop
  endfacet
  facet normal 0 1 -0
    outer loop
      vertex 10 42 -32.4641
      vertex 5.64886 42 -32.2361
      vertex 10.3511 42 -32.2361
    endloop
  endfacet
  facet normal 0 1 0
    outer loop
      vertex 10 42 -32.4641
      vertex 6 42 -32.4641
      vertex 5.64886 42 -32.2361
    endloop
  endfacet
  facet normal 0 1 -0
    outer loop
      vertex 9.62695 42 -32.6542
      vertex 6 42 -32.4641
      vertex 10 42 -32.4641
    endloop
  endfacet
  facet normal 0 1 0
    outer loop
      vertex 9.62695 42 -32.6542
      vertex 6.37305 42 -32.6542
      vertex 6 42 -32.4641
    endloop
  endfacet
  facet normal 0 1 -0
    outer loop
      vertex 9.23607 42 -32.8042
      vertex 6.37305 42 -32.6542
      vertex 9.62695 42 -32.6542
    endloop
  endfacet
  facet normal 0 1 0
    outer loop
      vertex 9.23607 42 -32.8042
      vertex 6.76393 42 -32.8042
      vertex 6.37305 42 -32.6542
    endloop
  endfacet
  facet normal 0 1 -0
    outer loop
      vertex 8.83165 42 -32.9126
      vertex 6.76393 42 -32.8042
      vertex 9.23607 42 -32.8042
    endloop
  endfacet
  facet normal 0 1 0
    outer loop
      vertex 8.83165 42 -32.9126
      vertex 7.16835 42 -32.9126
      vertex 6.76393 42 -32.8042
    endloop
  endfacet
  facet normal 0 1 -0
    outer loop
      vertex 8.41811 42 -32.9781
      vertex 7.16835 42 -32.9126
      vertex 8.83165 42 -32.9126
    endloop
  endfacet
  facet normal 0 1 0
    outer loop
      vertex 8.41811 42 -32.9781
      vertex 7.58189 42 -32.9781
      vertex 7.16835 42 -32.9126
    endloop
  endfacet
  facet normal -0 1 0
    outer loop
      vertex 7.58189 42 -32.9781
      vertex 8.41811 42 -32.9781
      vertex 8 42 -33
    endloop
  endfacet
  facet normal 0.629315 0 0.77715
    outer loop
      vertex 10.3511 42 -25.7639
      vertex 10.6765 38 -26.0274
      vertex 10.6765 42 -26.0274
    endloop
  endfacet
  facet normal 0.629315 0 0.77715
    outer loop
      vertex 10.6765 38 -26.0274
      vertex 10.3511 42 -25.7639
      vertex 10.3511 38 -25.7639
    endloop
  endfacet
  facet normal 0.454031 0 -0.890986
    outer loop
      vertex 9.62695 38 -32.6542
      vertex 10 42 -32.4641
      vertex 10 38 -32.4641
    endloop
  endfacet
  facet normal 0.454031 0 -0.890986
    outer loop
      vertex 10 42 -32.4641
      vertex 9.62695 38 -32.6542
      vertex 9.62695 42 -32.6542
    endloop
  endfacet
  facet normal 0.933592 -0 0.358339
    outer loop
      vertex 11.6542 38 -27.3731
      vertex 11.8042 42 -27.7639
      vertex 11.6542 42 -27.3731
    endloop
  endfacet
  facet normal 0.933592 0 0.358339
    outer loop
      vertex 11.8042 42 -27.7639
      vertex 11.6542 38 -27.3731
      vertex 11.8042 38 -27.7639
    endloop
  endfacet
  facet normal 0.358275 0 -0.933616
    outer loop
      vertex 9.23607 38 -32.8042
      vertex 9.62695 42 -32.6542
      vertex 9.62695 38 -32.6542
    endloop
  endfacet
  facet normal 0.358275 0 -0.933616
    outer loop
      vertex 9.62695 42 -32.6542
      vertex 9.23607 38 -32.8042
      vertex 9.23607 42 -32.8042
    endloop
  endfacet
  facet normal -0.544584 0 -0.838707
    outer loop
      vertex 5.64886 38 -32.2361
      vertex 6 42 -32.4641
      vertex 6 38 -32.4641
    endloop
  endfacet
  facet normal -0.544584 0 -0.838707
    outer loop
      vertex 6 42 -32.4641
      vertex 5.64886 38 -32.2361
      vertex 5.64886 42 -32.2361
    endloop
  endfacet
  facet normal -0.933552 0 -0.358443
    outer loop
      vertex 4.34582 38 -30.6269
      vertex 4.19577 42 -30.2361
      vertex 4.34582 42 -30.6269
    endloop
  endfacet
  facet normal -0.933552 -0 -0.358443
    outer loop
      vertex 4.19577 42 -30.2361
      vertex 4.34582 38 -30.6269
      vertex 4.19577 38 -30.2361
    endloop
  endfacet
  facet normal 0.0523069 -0 0.998631
    outer loop
      vertex 8 41 -25
      vertex 8.41811 42 -25.0219
      vertex 8 42 -25
    endloop
  endfacet
  facet normal 0.0523069 0 0.998631
    outer loop
      vertex 8.41811 42 -25.0219
      vertex 8 41 -25
      vertex 8.41811 38 -25.0219
    endloop
  endfacet
  facet normal 0.0523069 -0 0.998631
    outer loop
      vertex 8 39 -25
      vertex 8.41811 38 -25.0219
      vertex 8 41 -25
    endloop
  endfacet
  facet normal 0.0523069 0 0.998631
    outer loop
      vertex 8.41811 38 -25.0219
      vertex 8 39 -25
      vertex 8 38 -25
    endloop
  endfacet
  facet normal -0.965941 0 -0.258762
    outer loop
      vertex 4.19577 38 -30.2361
      vertex 4.08741 42 -29.8316
      vertex 4.19577 42 -30.2361
    endloop
  endfacet
  facet normal -0.965941 -0 -0.258762
    outer loop
      vertex 4.08741 42 -29.8316
      vertex 4.19577 38 -30.2361
      vertex 4.08741 38 -29.8316
    endloop
  endfacet
  facet normal 0.998631 0 -0.0523081
    outer loop
      vertex 12 38 -29
      vertex 11.9781 42 -29.4181
      vertex 12 42 -29
    endloop
  endfacet
  facet normal 0.998631 0 -0.0523081
    outer loop
      vertex 11.9781 42 -29.4181
      vertex 12 38 -29
      vertex 11.9781 38 -29.4181
    endloop
  endfacet
  facet normal -0.358275 0 0.933616
    outer loop
      vertex 6.37305 42 -25.3458
      vertex 6.76393 38 -25.1958
      vertex 6.76393 42 -25.1958
    endloop
  endfacet
  facet normal -0.358275 0 0.933616
    outer loop
      vertex 6.76393 38 -25.1958
      vertex 6.37305 42 -25.3458
      vertex 6.37305 38 -25.3458
    endloop
  endfacet
  facet normal -0.454031 0 0.890986
    outer loop
      vertex 6 42 -25.5359
      vertex 6.37305 38 -25.3458
      vertex 6.37305 42 -25.3458
    endloop
  endfacet
  facet normal -0.454031 0 0.890986
    outer loop
      vertex 6.37305 38 -25.3458
      vertex 6 42 -25.5359
      vertex 6 38 -25.5359
    endloop
  endfacet
  facet normal 0.89101 -0 0.453983
    outer loop
      vertex 11.4641 38 -27
      vertex 11.6542 42 -27.3731
      vertex 11.4641 42 -27
    endloop
  endfacet
  facet normal 0.89101 0 0.453983
    outer loop
      vertex 11.6542 42 -27.3731
      vertex 11.4641 38 -27
      vertex 11.6542 38 -27.3731
    endloop
  endfacet
  facet normal 0.629315 0 -0.77715
    outer loop
      vertex 10.3511 38 -32.2361
      vertex 10.6765 42 -31.9726
      vertex 10.6765 38 -31.9726
    endloop
  endfacet
  facet normal 0.629315 0 -0.77715
    outer loop
      vertex 10.6765 42 -31.9726
      vertex 10.3511 38 -32.2361
      vertex 10.3511 42 -32.2361
    endloop
  endfacet
  facet normal -0.0523069 0 0.998631
    outer loop
      vertex 7.58189 42 -25.0219
      vertex 8 41 -25
      vertex 8 42 -25
    endloop
  endfacet
  facet normal -0.0523069 0 0.998631
    outer loop
      vertex 8 41 -25
      vertex 7.58189 42 -25.0219
      vertex 8 39 -25
    endloop
  endfacet
  facet normal -0.0523069 0 0.998631
    outer loop
      vertex 7.58189 38 -25.0219
      vertex 8 39 -25
      vertex 7.58189 42 -25.0219
    endloop
  endfacet
  facet normal -0.0523069 0 0.998631
    outer loop
      vertex 8 39 -25
      vertex 7.58189 38 -25.0219
      vertex 8 38 -25
    endloop
  endfacet
  facet normal 0 -1 0
    outer loop
      vertex 7.58189 38 -25.0219
      vertex 8.41811 38 -25.0219
      vertex 8 38 -25
    endloop
  endfacet
  facet normal 0 -1 0
    outer loop
      vertex 7.16835 38 -25.0874
      vertex 8.41811 38 -25.0219
      vertex 7.58189 38 -25.0219
    endloop
  endfacet
  facet normal 0 -1 0
    outer loop
      vertex 7.16835 38 -25.0874
      vertex 8.83165 38 -25.0874
      vertex 8.41811 38 -25.0219
    endloop
  endfacet
  facet normal 0 -1 0
    outer loop
      vertex 6.76393 38 -25.1958
      vertex 8.83165 38 -25.0874
      vertex 7.16835 38 -25.0874
    endloop
  endfacet
  facet normal 0 -1 0
    outer loop
      vertex 6.76393 38 -25.1958
      vertex 9.23607 38 -25.1958
      vertex 8.83165 38 -25.0874
    endloop
  endfacet
  facet normal 0 -1 0
    outer loop
      vertex 6.37305 38 -25.3458
      vertex 9.23607 38 -25.1958
      vertex 6.76393 38 -25.1958
    endloop
  endfacet
  facet normal 0 -1 0
    outer loop
      vertex 6.37305 38 -25.3458
      vertex 9.62695 38 -25.3458
      vertex 9.23607 38 -25.1958
    endloop
  endfacet
  facet normal 0 -1 0
    outer loop
      vertex 6 38 -25.5359
      vertex 9.62695 38 -25.3458
      vertex 6.37305 38 -25.3458
    endloop
  endfacet
  facet normal 0 -1 0
    outer loop
      vertex 6 38 -25.5359
      vertex 10 38 -25.5359
      vertex 9.62695 38 -25.3458
    endloop
  endfacet
  facet normal 0 -1 0
    outer loop
      vertex 5.64886 38 -25.7639
      vertex 10 38 -25.5359
      vertex 6 38 -25.5359
    endloop
  endfacet
  facet normal 0 -1 0
    outer loop
      vertex 5.64886 38 -25.7639
      vertex 10.3511 38 -25.7639
      vertex 10 38 -25.5359
    endloop
  endfacet
  facet normal 0 -1 0
    outer loop
      vertex 5.32348 38 -26.0274
      vertex 10.3511 38 -25.7639
      vertex 5.64886 38 -25.7639
    endloop
  endfacet
  facet normal 0 -1 0
    outer loop
      vertex 5.32348 38 -26.0274
      vertex 10.6765 38 -26.0274
      vertex 10.3511 38 -25.7639
    endloop
  endfacet
  facet normal 0 -1 0
    outer loop
      vertex 5.02742 38 -26.3235
      vertex 10.6765 38 -26.0274
      vertex 5.32348 38 -26.0274
    endloop
  endfacet
  facet normal 0 -1 0
    outer loop
      vertex 5.02742 38 -26.3235
      vertex 10.9726 38 -26.3235
      vertex 10.6765 38 -26.0274
    endloop
  endfacet
  facet normal 0 -1 0
    outer loop
      vertex 4.76393 38 -26.6489
      vertex 10.9726 38 -26.3235
      vertex 5.02742 38 -26.3235
    endloop
  endfacet
  facet normal 0 -1 0
    outer loop
      vertex 4.76393 38 -26.6489
      vertex 11.2361 38 -26.6489
      vertex 10.9726 38 -26.3235
    endloop
  endfacet
  facet normal 0 -1 0
    outer loop
      vertex 4.5359 38 -27
      vertex 11.2361 38 -26.6489
      vertex 4.76393 38 -26.6489
    endloop
  endfacet
  facet normal 0 -1 0
    outer loop
      vertex 4.5359 38 -27
      vertex 11.4641 38 -27
      vertex 11.2361 38 -26.6489
    endloop
  endfacet
  facet normal 0 -1 0
    outer loop
      vertex 4.34582 38 -27.3731
      vertex 11.4641 38 -27
      vertex 4.5359 38 -27
    endloop
  endfacet
  facet normal 0 -1 0
    outer loop
      vertex 4.34582 38 -27.3731
      vertex 11.6542 38 -27.3731
      vertex 11.4641 38 -27
    endloop
  endfacet
  facet normal 0 -1 0
    outer loop
      vertex 4.19577 38 -27.7639
      vertex 11.6542 38 -27.3731
      vertex 4.34582 38 -27.3731
    endloop
  endfacet
  facet normal 0 -1 0
    outer loop
      vertex 4.19577 38 -27.7639
      vertex 11.8042 38 -27.7639
      vertex 11.6542 38 -27.3731
    endloop
  endfacet
  facet normal 0 -1 0
    outer loop
      vertex 4.08741 38 -28.1684
      vertex 11.8042 38 -27.7639
      vertex 4.19577 38 -27.7639
    endloop
  endfacet
  facet normal 0 -1 0
    outer loop
      vertex 4.08741 38 -28.1684
      vertex 11.9126 38 -28.1684
      vertex 11.8042 38 -27.7639
    endloop
  endfacet
  facet normal 0 -1 0
    outer loop
      vertex 4.02191 38 -28.5819
      vertex 11.9126 38 -28.1684
      vertex 4.08741 38 -28.1684
    endloop
  endfacet
  facet normal 0 -1 0
    outer loop
      vertex 4.02191 38 -28.5819
      vertex 11.9781 38 -28.5819
      vertex 11.9126 38 -28.1684
    endloop
  endfacet
  facet normal 0 -1 0
    outer loop
      vertex 4 38 -29
      vertex 11.9781 38 -28.5819
      vertex 4.02191 38 -28.5819
    endloop
  endfacet
  facet normal 0 -1 0
    outer loop
      vertex 4 38 -29
      vertex 12 38 -29
      vertex 11.9781 38 -28.5819
    endloop
  endfacet
  facet normal 0 -1 0
    outer loop
      vertex 4.02191 38 -29.4181
      vertex 12 38 -29
      vertex 4 38 -29
    endloop
  endfacet
  facet normal 0 -1 0
    outer loop
      vertex 4.02191 38 -29.4181
      vertex 11.9781 38 -29.4181
      vertex 12 38 -29
    endloop
  endfacet
  facet normal 0 -1 0
    outer loop
      vertex 4.08741 38 -29.8316
      vertex 11.9781 38 -29.4181
      vertex 4.02191 38 -29.4181
    endloop
  endfacet
  facet normal 0 -1 0
    outer loop
      vertex 4.08741 38 -29.8316
      vertex 11.9126 38 -29.8316
      vertex 11.9781 38 -29.4181
    endloop
  endfacet
  facet normal 0 -1 0
    outer loop
      vertex 4.19577 38 -30.2361
      vertex 11.9126 38 -29.8316
      vertex 4.08741 38 -29.8316
    endloop
  endfacet
  facet normal 0 -1 0
    outer loop
      vertex 4.19577 38 -30.2361
      vertex 11.8042 38 -30.2361
      vertex 11.9126 38 -29.8316
    endloop
  endfacet
  facet normal 0 -1 0
    outer loop
      vertex 4.34582 38 -30.6269
      vertex 11.8042 38 -30.2361
      vertex 4.19577 38 -30.2361
    endloop
  endfacet
  facet normal 0 -1 0
    outer loop
      vertex 4.34582 38 -30.6269
      vertex 11.6542 38 -30.6269
      vertex 11.8042 38 -30.2361
    endloop
  endfacet
  facet normal 0 -1 0
    outer loop
      vertex 4.5359 38 -31
      vertex 11.6542 38 -30.6269
      vertex 4.34582 38 -30.6269
    endloop
  endfacet
  facet normal 0 -1 0
    outer loop
      vertex 4.5359 38 -31
      vertex 11.4641 38 -31
      vertex 11.6542 38 -30.6269
    endloop
  endfacet
  facet normal 0 -1 0
    outer loop
      vertex 4.76393 38 -31.3511
      vertex 11.4641 38 -31
      vertex 4.5359 38 -31
    endloop
  endfacet
  facet normal 0 -1 0
    outer loop
      vertex 4.76393 38 -31.3511
      vertex 11.2361 38 -31.3511
      vertex 11.4641 38 -31
    endloop
  endfacet
  facet normal 0 -1 0
    outer loop
      vertex 5.02742 38 -31.6765
      vertex 11.2361 38 -31.3511
      vertex 4.76393 38 -31.3511
    endloop
  endfacet
  facet normal 0 -1 0
    outer loop
      vertex 5.02742 38 -31.6765
      vertex 10.9726 38 -31.6765
      vertex 11.2361 38 -31.3511
    endloop
  endfacet
  facet normal 0 -1 0
    outer loop
      vertex 5.32348 38 -31.9726
      vertex 10.9726 38 -31.6765
      vertex 5.02742 38 -31.6765
    endloop
  endfacet
  facet normal 0 -1 0
    outer loop
      vertex 5.32348 38 -31.9726
      vertex 10.6765 38 -31.9726
      vertex 10.9726 38 -31.6765
    endloop
  endfacet
  facet normal 0 -1 0
    outer loop
      vertex 5.64886 38 -32.2361
      vertex 10.6765 38 -31.9726
      vertex 5.32348 38 -31.9726
    endloop
  endfacet
  facet normal 0 -1 0
    outer loop
      vertex 5.64886 38 -32.2361
      vertex 10.3511 38 -32.2361
      vertex 10.6765 38 -31.9726
    endloop
  endfacet
  facet normal 0 -1 0
    outer loop
      vertex 6 38 -32.4641
      vertex 10.3511 38 -32.2361
      vertex 5.64886 38 -32.2361
    endloop
  endfacet
  facet normal 0 -1 0
    outer loop
      vertex 6 38 -32.4641
      vertex 10 38 -32.4641
      vertex 10.3511 38 -32.2361
    endloop
  endfacet
  facet normal 0 -1 0
    outer loop
      vertex 6.37305 38 -32.6542
      vertex 10 38 -32.4641
      vertex 6 38 -32.4641
    endloop
  endfacet
  facet normal 0 -1 0
    outer loop
      vertex 6.37305 38 -32.6542
      vertex 9.62695 38 -32.6542
      vertex 10 38 -32.4641
    endloop
  endfacet
  facet normal 0 -1 0
    outer loop
      vertex 6.76393 38 -32.8042
      vertex 9.62695 38 -32.6542
      vertex 6.37305 38 -32.6542
    endloop
  endfacet
  facet normal 0 -1 0
    outer loop
      vertex 6.76393 38 -32.8042
      vertex 9.23607 38 -32.8042
      vertex 9.62695 38 -32.6542
    endloop
  endfacet
  facet normal 0 -1 0
    outer loop
      vertex 7.16835 38 -32.9126
      vertex 9.23607 38 -32.8042
      vertex 6.76393 38 -32.8042
    endloop
  endfacet
  facet normal 0 -1 0
    outer loop
      vertex 7.16835 38 -32.9126
      vertex 8.83165 38 -32.9126
      vertex 9.23607 38 -32.8042
    endloop
  endfacet
  facet normal 0 -1 0
    outer loop
      vertex 7.58189 38 -32.9781
      vertex 8.83165 38 -32.9126
      vertex 7.16835 38 -32.9126
    endloop
  endfacet
  facet normal 0 -1 0
    outer loop
      vertex 7.58189 38 -32.9781
      vertex 8.41811 38 -32.9781
      vertex 8.83165 38 -32.9126
    endloop
  endfacet
  facet normal -0 -1 0
    outer loop
      vertex 8.41811 38 -32.9781
      vertex 7.58189 38 -32.9781
      vertex 8 38 -33
    endloop
  endfacet
  facet normal 0.707107 -0 0.707107
    outer loop
      vertex 10.6765 38 -26.0274
      vertex 10.9726 42 -26.3235
      vertex 10.6765 42 -26.0274
    endloop
  endfacet
  facet normal 0.707107 0 0.707107
    outer loop
      vertex 10.9726 42 -26.3235
      vertex 10.6765 38 -26.0274
      vertex 10.9726 38 -26.3235
    endloop
  endfacet
  facet normal -0.838645 0 -0.544678
    outer loop
      vertex 4.76393 38 -31.3511
      vertex 4.5359 42 -31
      vertex 4.76393 42 -31.3511
    endloop
  endfacet
  facet normal -0.838645 -0 -0.544678
    outer loop
      vertex 4.5359 42 -31
      vertex 4.76393 38 -31.3511
      vertex 4.5359 38 -31
    endloop
  endfacet
  facet normal 0.258899 0 -0.965904
    outer loop
      vertex 8.83165 38 -32.9126
      vertex 9.23607 42 -32.8042
      vertex 9.23607 38 -32.8042
    endloop
  endfacet
  facet normal 0.258899 0 -0.965904
    outer loop
      vertex 9.23607 42 -32.8042
      vertex 8.83165 38 -32.9126
      vertex 8.83165 42 -32.9126
    endloop
  endfacet
  facet normal 0.933592 0 -0.358339
    outer loop
      vertex 11.8042 38 -30.2361
      vertex 11.6542 42 -30.6269
      vertex 11.8042 42 -30.2361
    endloop
  endfacet
  facet normal 0.933592 0 -0.358339
    outer loop
      vertex 11.6542 42 -30.6269
      vertex 11.8042 38 -30.2361
      vertex 11.6542 38 -30.6269
    endloop
  endfacet
  facet normal 0.544627 0 0.838678
    outer loop
      vertex 10 42 -25.5359
      vertex 10.3511 38 -25.7639
      vertex 10.3511 42 -25.7639
    endloop
  endfacet
  facet normal 0.544627 0 0.838678
    outer loop
      vertex 10.3511 38 -25.7639
      vertex 10 42 -25.5359
      vertex 10 38 -25.5359
    endloop
  endfacet
  facet normal -0.965941 0 0.258762
    outer loop
      vertex 4.08741 38 -28.1684
      vertex 4.19577 42 -27.7639
      vertex 4.08741 42 -28.1684
    endloop
  endfacet
  facet normal -0.965941 0 0.258762
    outer loop
      vertex 4.19577 42 -27.7639
      vertex 4.08741 38 -28.1684
      vertex 4.19577 38 -27.7639
    endloop
  endfacet
  facet normal -0.707155 0 -0.707059
    outer loop
      vertex 5.32348 38 -31.9726
      vertex 5.02742 42 -31.6765
      vertex 5.32348 42 -31.9726
    endloop
  endfacet
  facet normal -0.707155 -0 -0.707059
    outer loop
      vertex 5.02742 42 -31.6765
      vertex 5.32348 38 -31.9726
      vertex 5.02742 38 -31.6765
    endloop
  endfacet
  facet normal -0.707155 0 0.707059
    outer loop
      vertex 5.02742 38 -26.3235
      vertex 5.32348 42 -26.0274
      vertex 5.02742 42 -26.3235
    endloop
  endfacet
  facet normal -0.707155 0 0.707059
    outer loop
      vertex 5.32348 42 -26.0274
      vertex 5.02742 38 -26.3235
      vertex 5.32348 38 -26.0274
    endloop
  endfacet
  facet normal -0.987685 0 0.156453
    outer loop
      vertex 4.02191 38 -28.5819
      vertex 4.08741 42 -28.1684
      vertex 4.02191 42 -28.5819
    endloop
  endfacet
  facet normal -0.987685 0 0.156453
    outer loop
      vertex 4.08741 42 -28.1684
      vertex 4.02191 38 -28.5819
      vertex 4.08741 38 -28.1684
    endloop
  endfacet
  facet normal -0.156438 0 0.987688
    outer loop
      vertex 7.16835 42 -25.0874
      vertex 7.58189 38 -25.0219
      vertex 7.58189 42 -25.0219
    endloop
  endfacet
  facet normal -0.156438 0 0.987688
    outer loop
      vertex 7.58189 38 -25.0219
      vertex 7.16835 42 -25.0874
      vertex 7.16835 38 -25.0874
    endloop
  endfacet
  facet normal 0.838678 -0 0.544627
    outer loop
      vertex 11.2361 38 -26.6489
      vertex 11.4641 42 -27
      vertex 11.2361 42 -26.6489
    endloop
  endfacet
  facet normal 0.838678 0 0.544627
    outer loop
      vertex 11.4641 42 -27
      vertex 11.2361 38 -26.6489
      vertex 11.4641 38 -27
    endloop
  endfacet
  facet normal 0.258899 0 0.965904
    outer loop
      vertex 8.83165 42 -25.0874
      vertex 9.23607 38 -25.1958
      vertex 9.23607 42 -25.1958
    endloop
  endfacet
  facet normal 0.258899 0 0.965904
    outer loop
      vertex 9.23607 38 -25.1958
      vertex 8.83165 42 -25.0874
      vertex 8.83165 38 -25.0874
    endloop
  endfacet
  facet normal -0.0523069 0 -0.998631
    outer loop
      vertex 7.58189 38 -32.9781
      vertex 8 42 -33
      vertex 8 38 -33
    endloop
  endfacet
  facet normal -0.0523069 0 -0.998631
    outer loop
      vertex 8 42 -33
      vertex 7.58189 38 -32.9781
      vertex 7.58189 42 -32.9781
    endloop
  endfacet
  facet normal -0.454031 0 -0.890986
    outer loop
      vertex 6 38 -32.4641
      vertex 6.37305 42 -32.6542
      vertex 6.37305 38 -32.6542
    endloop
  endfacet
  facet normal -0.454031 0 -0.890986
    outer loop
      vertex 6.37305 42 -32.6542
      vertex 6 38 -32.4641
      vertex 6 42 -32.4641
    endloop
  endfacet
  facet normal 0.89101 0 -0.453983
    outer loop
      vertex 11.6542 38 -30.6269
      vertex 11.4641 42 -31
      vertex 11.6542 42 -30.6269
    endloop
  endfacet
  facet normal 0.89101 0 -0.453983
    outer loop
      vertex 11.4641 42 -31
      vertex 11.6542 38 -30.6269
      vertex 11.4641 38 -31
    endloop
  endfacet
  facet normal -0.258899 0 0.965904
    outer loop
      vertex 6.76393 42 -25.1958
      vertex 7.16835 38 -25.0874
      vertex 7.16835 42 -25.0874
    endloop
  endfacet
  facet normal -0.258899 0 0.965904
    outer loop
      vertex 7.16835 38 -25.0874
      vertex 6.76393 42 -25.1958
      vertex 6.76393 38 -25.1958
    endloop
  endfacet
  facet normal -0.629338 0 0.777131
    outer loop
      vertex 5.32348 42 -26.0274
      vertex 5.64886 38 -25.7639
      vertex 5.64886 42 -25.7639
    endloop
  endfacet
  facet normal -0.629338 0 0.777131
    outer loop
      vertex 5.64886 38 -25.7639
      vertex 5.32348 42 -26.0274
      vertex 5.32348 38 -26.0274
    endloop
  endfacet
  facet normal -0.629338 0 -0.777131
    outer loop
      vertex 5.32348 38 -31.9726
      vertex 5.64886 42 -32.2361
      vertex 5.64886 38 -32.2361
    endloop
  endfacet
  facet normal -0.629338 0 -0.777131
    outer loop
      vertex 5.64886 42 -32.2361
      vertex 5.32348 38 -31.9726
      vertex 5.32348 42 -31.9726
    endloop
  endfacet
  facet normal -0.99863 0 -0.0523319
    outer loop
      vertex 4.02191 38 -29.4181
      vertex 4 42 -29
      vertex 4.02191 42 -29.4181
    endloop
  endfacet
  facet normal -0.99863 -0 -0.0523319
    outer loop
      vertex 4 42 -29
      vertex 4.02191 38 -29.4181
      vertex 4 38 -29
    endloop
  endfacet
  facet normal -0.777162 0 0.629301
    outer loop
      vertex 4.76393 38 -26.6489
      vertex 5.02742 42 -26.3235
      vertex 4.76393 42 -26.6489
    endloop
  endfacet
  facet normal -0.777162 0 0.629301
    outer loop
      vertex 5.02742 42 -26.3235
      vertex 4.76393 38 -26.6489
      vertex 5.02742 38 -26.3235
    endloop
  endfacet
  facet normal 0.0523069 0 -0.998631
    outer loop
      vertex 8 38 -33
      vertex 8.41811 42 -32.9781
      vertex 8.41811 38 -32.9781
    endloop
  endfacet
  facet normal 0.0523069 0 -0.998631
    outer loop
      vertex 8.41811 42 -32.9781
      vertex 8 38 -33
      vertex 8 42 -33
    endloop
  endfacet
  facet normal 0.965917 0 -0.258851
    outer loop
      vertex 11.9126 38 -29.8316
      vertex 11.8042 42 -30.2361
      vertex 11.9126 42 -29.8316
    endloop
  endfacet
  facet normal 0.965917 0 -0.258851
    outer loop
      vertex 11.8042 42 -30.2361
      vertex 11.9126 38 -29.8316
      vertex 11.8042 38 -30.2361
    endloop
  endfacet
  facet normal -0.838645 0 0.544678
    outer loop
      vertex 4.5359 38 -27
      vertex 4.76393 42 -26.6489
      vertex 4.5359 42 -27
    endloop
  endfacet
  facet normal -0.838645 0 0.544678
    outer loop
      vertex 4.76393 42 -26.6489
      vertex 4.5359 38 -27
      vertex 4.76393 38 -26.6489
    endloop
  endfacet
  facet normal -0.987685 0 -0.156453
    outer loop
      vertex 4.08741 38 -29.8316
      vertex 4.02191 42 -29.4181
      vertex 4.08741 42 -29.8316
    endloop
  endfacet
  facet normal -0.987685 -0 -0.156453
    outer loop
      vertex 4.02191 42 -29.4181
      vertex 4.08741 38 -29.8316
      vertex 4.02191 38 -29.4181
    endloop
  endfacet
  facet normal -0.156438 0 -0.987688
    outer loop
      vertex 7.16835 38 -32.9126
      vertex 7.58189 42 -32.9781
      vertex 7.58189 38 -32.9781
    endloop
  endfacet
  facet normal -0.156438 0 -0.987688
    outer loop
      vertex 7.58189 42 -32.9781
      vertex 7.16835 38 -32.9126
      vertex 7.16835 42 -32.9126
    endloop
  endfacet
  facet normal 0.156438 0 -0.987688
    outer loop
      vertex 8.41811 38 -32.9781
      vertex 8.83165 42 -32.9126
      vertex 8.83165 38 -32.9126
    endloop
  endfacet
  facet normal 0.156438 0 -0.987688
    outer loop
      vertex 8.83165 42 -32.9126
      vertex 8.41811 38 -32.9781
      vertex 8.41811 42 -32.9781
    endloop
  endfacet
  facet normal -0.777162 0 -0.629301
    outer loop
      vertex 5.02742 38 -31.6765
      vertex 4.76393 42 -31.3511
      vertex 5.02742 42 -31.6765
    endloop
  endfacet
  facet normal -0.777162 -0 -0.629301
    outer loop
      vertex 4.76393 42 -31.3511
      vertex 5.02742 38 -31.6765
      vertex 4.76393 38 -31.3511
    endloop
  endfacet
  facet normal -0.544584 0 0.838707
    outer loop
      vertex 5.64886 42 -25.7639
      vertex 6 38 -25.5359
      vertex 6 42 -25.5359
    endloop
  endfacet
  facet normal -0.544584 0 0.838707
    outer loop
      vertex 6 38 -25.5359
      vertex 5.64886 42 -25.7639
      vertex 5.64886 38 -25.7639
    endloop
  endfacet
  facet normal 0.987685 0 -0.156453
    outer loop
      vertex 11.9781 38 -29.4181
      vertex 11.9126 42 -29.8316
      vertex 11.9781 42 -29.4181
    endloop
  endfacet
  facet normal 0.987685 0 -0.156453
    outer loop
      vertex 11.9126 42 -29.8316
      vertex 11.9781 38 -29.4181
      vertex 11.9126 38 -29.8316
    endloop
  endfacet
  facet normal 0.707107 0 -0.707107
    outer loop
      vertex 10.9726 38 -31.6765
      vertex 10.6765 42 -31.9726
      vertex 10.9726 42 -31.6765
    endloop
  endfacet
  facet normal 0.707107 0 -0.707107
    outer loop
      vertex 10.6765 42 -31.9726
      vertex 10.9726 38 -31.6765
      vertex 10.6765 38 -31.9726
    endloop
  endfacet
  facet normal 0.77715 0 -0.629315
    outer loop
      vertex 11.2361 38 -31.3511
      vertex 10.9726 42 -31.6765
      vertex 11.2361 42 -31.3511
    endloop
  endfacet
  facet normal 0.77715 0 -0.629315
    outer loop
      vertex 10.9726 42 -31.6765
      vertex 11.2361 38 -31.3511
      vertex 10.9726 38 -31.6765
    endloop
  endfacet
  facet normal -0.99863 0 0.0523319
    outer loop
      vertex 4 38 -29
      vertex 4.02191 42 -28.5819
      vertex 4 42 -29
    endloop
  endfacet
  facet normal -0.99863 0 0.0523319
    outer loop
      vertex 4.02191 42 -28.5819
      vertex 4 38 -29
      vertex 4.02191 38 -28.5819
    endloop
  endfacet
  facet normal -0.358275 0 -0.933616
    outer loop
      vertex 6.37305 38 -32.6542
      vertex 6.76393 42 -32.8042
      vertex 6.76393 38 -32.8042
    endloop
  endfacet
  facet normal -0.358275 0 -0.933616
    outer loop
      vertex 6.76393 42 -32.8042
      vertex 6.37305 38 -32.6542
      vertex 6.37305 42 -32.6542
    endloop
  endfacet
  facet normal -0.89103 0 0.453945
    outer loop
      vertex 4.34582 38 -27.3731
      vertex 4.5359 42 -27
      vertex 4.34582 42 -27.3731
    endloop
  endfacet
  facet normal -0.89103 0 0.453945
    outer loop
      vertex 4.5359 42 -27
      vertex 4.34582 38 -27.3731
      vertex 4.5359 38 -27
    endloop
  endfacet
  facet normal 0.156438 0 0.987688
    outer loop
      vertex 8.41811 42 -25.0219
      vertex 8.83165 38 -25.0874
      vertex 8.83165 42 -25.0874
    endloop
  endfacet
  facet normal 0.156438 0 0.987688
    outer loop
      vertex 8.83165 38 -25.0874
      vertex 8.41811 42 -25.0219
      vertex 8.41811 38 -25.0219
    endloop
  endfacet
  facet normal 0.987699 0.15637 0
    outer loop
      vertex 8.99452 -39.8955 -10
      vertex 8.97815 -39.7921 -25
      vertex 8.97815 -39.7921 -10
    endloop
  endfacet
  facet normal 0.987699 0.15637 0
    outer loop
      vertex 8.97815 -39.7921 -25
      vertex 8.99452 -39.8955 -10
      vertex 8.99452 -39.8955 -25
    endloop
  endfacet
  facet normal 0.998628 0.0523682 0
    outer loop
      vertex 9 -40 -10
      vertex 8.99452 -39.8955 -25
      vertex 8.99452 -39.8955 -10
    endloop
  endfacet
  facet normal 0.998628 0.0523682 0
    outer loop
      vertex 8.99452 -39.8955 -25
      vertex 9 -40 -10
      vertex 9 -40 -25
    endloop
  endfacet
  facet normal 0.965925 0.258822 0
    outer loop
      vertex 8.97815 -39.7921 -10
      vertex 8.95106 -39.691 -25
      vertex 8.95106 -39.691 -10
    endloop
  endfacet
  facet normal 0.965925 0.258822 0
    outer loop
      vertex 8.95106 -39.691 -25
      vertex 8.97815 -39.7921 -10
      vertex 8.97815 -39.7921 -25
    endloop
  endfacet
  facet normal 0.998628 -0.0523682 0
    outer loop
      vertex 8.99452 -40.1045 -10
      vertex 9 -40 -25
      vertex 9 -40 -10
    endloop
  endfacet
  facet normal 0.998628 -0.0523682 0
    outer loop
      vertex 9 -40 -25
      vertex 8.99452 -40.1045 -10
      vertex 8.99452 -40.1045 -25
    endloop
  endfacet
  facet normal -0.93356 0.358422 0
    outer loop
      vertex 7.04894 -39.691 -25
      vertex 7.08645 -39.5933 -10
      vertex 7.08645 -39.5933 -25
    endloop
  endfacet
  facet normal -0.93356 0.358422 0
    outer loop
      vertex 7.08645 -39.5933 -10
      vertex 7.04894 -39.691 -25
      vertex 7.04894 -39.691 -10
    endloop
  endfacet
  facet normal -0.776938 0.629578 0
    outer loop
      vertex 7.19098 -39.4122 -25
      vertex 7.25686 -39.3309 -10
      vertex 7.25686 -39.3309 -25
    endloop
  endfacet
  facet normal -0.776938 0.629578 0
    outer loop
      vertex 7.25686 -39.3309 -10
      vertex 7.19098 -39.4122 -25
      vertex 7.19098 -39.4122 -10
    endloop
  endfacet
  facet normal -0.707059 0.707155 0
    outer loop
      vertex 7.33087 -39.2569 -25
      vertex 7.25686 -39.3309 -10
      vertex 7.33087 -39.2569 -10
    endloop
  endfacet
  facet normal -0.707059 0.707155 0
    outer loop
      vertex 7.25686 -39.3309 -10
      vertex 7.33087 -39.2569 -25
      vertex 7.25686 -39.3309 -25
    endloop
  endfacet
  facet normal 0.838749 0.544518 0
    outer loop
      vertex 8.86602 -39.5 -10
      vertex 8.80902 -39.4122 -25
      vertex 8.80902 -39.4122 -10
    endloop
  endfacet
  facet normal 0.838749 0.544518 0
    outer loop
      vertex 8.80902 -39.4122 -25
      vertex 8.86602 -39.5 -10
      vertex 8.86602 -39.5 -25
    endloop
  endfacet
  facet normal 0.965925 -0.258822 0
    outer loop
      vertex 8.95106 -40.309 -10
      vertex 8.97815 -40.2079 -25
      vertex 8.97815 -40.2079 -10
    endloop
  endfacet
  facet normal 0.965925 -0.258822 0
    outer loop
      vertex 8.97815 -40.2079 -25
      vertex 8.95106 -40.309 -10
      vertex 8.95106 -40.309 -25
    endloop
  endfacet
  facet normal 0.933528 -0.358505 0
    outer loop
      vertex 8.91354 -40.4067 -10
      vertex 8.95106 -40.309 -25
      vertex 8.95106 -40.309 -10
    endloop
  endfacet
  facet normal 0.933528 -0.358505 0
    outer loop
      vertex 8.95106 -40.309 -25
      vertex 8.91354 -40.4067 -10
      vertex 8.91354 -40.4067 -25
    endloop
  endfacet
  facet normal -0.359107 0.933296 0
    outer loop
      vertex 7.69098 -39.0489 -25
      vertex 7.59326 -39.0865 -10
      vertex 7.69098 -39.0489 -10
    endloop
  endfacet
  facet normal -0.359107 0.933296 0
    outer loop
      vertex 7.59326 -39.0865 -10
      vertex 7.69098 -39.0489 -25
      vertex 7.59326 -39.0865 -25
    endloop
  endfacet
  facet normal 0.156679 -0.98765 0
    outer loop
      vertex 8.10453 -40.9945 -25
      vertex 8.20791 -40.9781 -10
      vertex 8.10453 -40.9945 -10
    endloop
  endfacet
  facet normal 0.156679 -0.98765 0
    outer loop
      vertex 8.20791 -40.9781 -10
      vertex 8.10453 -40.9945 -25
      vertex 8.20791 -40.9781 -25
    endloop
  endfacet
  facet normal 0.776938 0.629578 0
    outer loop
      vertex 8.80902 -39.4122 -10
      vertex 8.74314 -39.3309 -25
      vertex 8.74314 -39.3309 -10
    endloop
  endfacet
  facet normal 0.776938 0.629578 0
    outer loop
      vertex 8.74314 -39.3309 -25
      vertex 8.80902 -39.4122 -10
      vertex 8.80902 -39.4122 -25
    endloop
  endfacet
  facet normal 0.453851 -0.891077 0
    outer loop
      vertex 8.40674 -40.9135 -25
      vertex 8.5 -40.866 -10
      vertex 8.40674 -40.9135 -10
    endloop
  endfacet
  facet normal 0.453851 -0.891077 0
    outer loop
      vertex 8.5 -40.866 -10
      vertex 8.40674 -40.9135 -25
      vertex 8.5 -40.866 -25
    endloop
  endfacet
  facet normal -0.965925 0.258822 0
    outer loop
      vertex 7.02185 -39.7921 -25
      vertex 7.04894 -39.691 -10
      vertex 7.04894 -39.691 -25
    endloop
  endfacet
  facet normal -0.965925 0.258822 0
    outer loop
      vertex 7.04894 -39.691 -10
      vertex 7.02185 -39.7921 -25
      vertex 7.02185 -39.7921 -10
    endloop
  endfacet
  facet normal -0.838705 0.544585 0
    outer loop
      vertex 7.13397 -39.5 -25
      vertex 7.19098 -39.4122 -10
      vertex 7.19098 -39.4122 -25
    endloop
  endfacet
  facet normal -0.838705 0.544585 0
    outer loop
      vertex 7.19098 -39.4122 -10
      vertex 7.13397 -39.5 -25
      vertex 7.13397 -39.5 -10
    endloop
  endfacet
  facet normal -0.707059 -0.707155 0
    outer loop
      vertex 7.33087 -40.7431 -25
      vertex 7.25686 -40.6691 -10
      vertex 7.25686 -40.6691 -25
    endloop
  endfacet
  facet normal -0.707059 -0.707155 0
    outer loop
      vertex 7.25686 -40.6691 -10
      vertex 7.33087 -40.7431 -25
      vertex 7.33087 -40.7431 -10
    endloop
  endfacet
  facet normal 0.629459 0.777034 -0
    outer loop
      vertex 8.66913 -39.2569 -25
      vertex 8.58778 -39.191 -10
      vertex 8.66913 -39.2569 -10
    endloop
  endfacet
  facet normal 0.629459 0.777034 0
    outer loop
      vertex 8.58778 -39.191 -10
      vertex 8.66913 -39.2569 -25
      vertex 8.58778 -39.191 -25
    endloop
  endfacet
  facet normal 0.707059 0.707155 -0
    outer loop
      vertex 8.74314 -39.3309 -25
      vertex 8.66913 -39.2569 -10
      vertex 8.74314 -39.3309 -10
    endloop
  endfacet
  facet normal 0.707059 0.707155 0
    outer loop
      vertex 8.66913 -39.2569 -10
      vertex 8.74314 -39.3309 -25
      vertex 8.66913 -39.2569 -25
    endloop
  endfacet
  facet normal -0.156679 -0.98765 0
    outer loop
      vertex 7.79209 -40.9781 -25
      vertex 7.89547 -40.9945 -10
      vertex 7.79209 -40.9781 -10
    endloop
  endfacet
  facet normal -0.156679 -0.98765 -0
    outer loop
      vertex 7.89547 -40.9945 -10
      vertex 7.79209 -40.9781 -25
      vertex 7.89547 -40.9945 -25
    endloop
  endfacet
  facet normal -0.544562 -0.838721 0
    outer loop
      vertex 7.41221 -40.809 -25
      vertex 7.5 -40.866 -10
      vertex 7.41221 -40.809 -10
    endloop
  endfacet
  facet normal -0.544562 -0.838721 -0
    outer loop
      vertex 7.5 -40.866 -10
      vertex 7.41221 -40.809 -25
      vertex 7.5 -40.866 -25
    endloop
  endfacet
  facet normal -0.156679 0.98765 0
    outer loop
      vertex 7.89547 -39.0055 -25
      vertex 7.79209 -39.0219 -10
      vertex 7.89547 -39.0055 -10
    endloop
  endfacet
  facet normal -0.156679 0.98765 0
    outer loop
      vertex 7.79209 -39.0219 -10
      vertex 7.89547 -39.0055 -25
      vertex 7.79209 -39.0219 -25
    endloop
  endfacet
  facet normal 0.156679 0.98765 -0
    outer loop
      vertex 8.20791 -39.0219 -25
      vertex 8.10453 -39.0055 -10
      vertex 8.20791 -39.0219 -10
    endloop
  endfacet
  facet normal 0.156679 0.98765 0
    outer loop
      vertex 8.10453 -39.0055 -10
      vertex 8.20791 -39.0219 -25
      vertex 8.10453 -39.0055 -25
    endloop
  endfacet
  facet normal -0.257996 0.966146 0
    outer loop
      vertex 7.79209 -39.0219 -25
      vertex 7.69098 -39.0489 -10
      vertex 7.79209 -39.0219 -10
    endloop
  endfacet
  facet normal -0.257996 0.966146 0
    outer loop
      vertex 7.69098 -39.0489 -10
      vertex 7.79209 -39.0219 -25
      vertex 7.69098 -39.0489 -25
    endloop
  endfacet
  facet normal 0.891079 0.453849 0
    outer loop
      vertex 8.91354 -39.5933 -10
      vertex 8.86602 -39.5 -25
      vertex 8.86602 -39.5 -10
    endloop
  endfacet
  facet normal 0.891079 0.453849 0
    outer loop
      vertex 8.86602 -39.5 -25
      vertex 8.91354 -39.5933 -10
      vertex 8.91354 -39.5933 -25
    endloop
  endfacet
  facet normal -0.987699 0.15637 0
    outer loop
      vertex 7.00548 -39.8955 -25
      vertex 7.02185 -39.7921 -10
      vertex 7.02185 -39.7921 -25
    endloop
  endfacet
  facet normal -0.987699 0.15637 0
    outer loop
      vertex 7.02185 -39.7921 -10
      vertex 7.00548 -39.8955 -25
      vertex 7.00548 -39.8955 -10
    endloop
  endfacet
  facet normal -0.776938 -0.629578 0
    outer loop
      vertex 7.25686 -40.6691 -25
      vertex 7.19098 -40.5878 -10
      vertex 7.19098 -40.5878 -25
    endloop
  endfacet
  facet normal -0.776938 -0.629578 0
    outer loop
      vertex 7.19098 -40.5878 -10
      vertex 7.25686 -40.6691 -25
      vertex 7.25686 -40.6691 -10
    endloop
  endfacet
  facet normal 0.0525438 0.998619 -0
    outer loop
      vertex 8.10453 -39.0055 -25
      vertex 8 -39 -10
      vertex 8.10453 -39.0055 -10
    endloop
  endfacet
  facet normal 0.0525438 0.998619 0
    outer loop
      vertex 8 -39 -10
      vertex 8.10453 -39.0055 -25
      vertex 8 -39 -25
    endloop
  endfacet
  facet normal -0.965925 -0.258822 0
    outer loop
      vertex 7.04894 -40.309 -25
      vertex 7.02185 -40.2079 -10
      vertex 7.02185 -40.2079 -25
    endloop
  endfacet
  facet normal -0.965925 -0.258822 0
    outer loop
      vertex 7.02185 -40.2079 -10
      vertex 7.04894 -40.309 -25
      vertex 7.04894 -40.309 -10
    endloop
  endfacet
  facet normal 0.544605 0.838692 -0
    outer loop
      vertex 8.58778 -39.191 -25
      vertex 8.5 -39.134 -10
      vertex 8.58778 -39.191 -10
    endloop
  endfacet
  facet normal 0.544605 0.838692 0
    outer loop
      vertex 8.5 -39.134 -10
      vertex 8.58778 -39.191 -25
      vertex 8.5 -39.134 -25
    endloop
  endfacet
  facet normal 0.257996 0.966146 -0
    outer loop
      vertex 8.30902 -39.0489 -25
      vertex 8.20791 -39.0219 -10
      vertex 8.30902 -39.0489 -10
    endloop
  endfacet
  facet normal 0.257996 0.966146 0
    outer loop
      vertex 8.20791 -39.0219 -10
      vertex 8.30902 -39.0489 -25
      vertex 8.20791 -39.0219 -25
    endloop
  endfacet
  facet normal 0.933528 0.358505 0
    outer loop
      vertex 8.95106 -39.691 -10
      vertex 8.91354 -39.5933 -25
      vertex 8.91354 -39.5933 -10
    endloop
  endfacet
  facet normal 0.933528 0.358505 0
    outer loop
      vertex 8.91354 -39.5933 -25
      vertex 8.95106 -39.691 -10
      vertex 8.95106 -39.691 -25
    endloop
  endfacet
  facet normal -0.93356 -0.358422 0
    outer loop
      vertex 7.08645 -40.4067 -25
      vertex 7.04894 -40.309 -10
      vertex 7.04894 -40.309 -25
    endloop
  endfacet
  facet normal -0.93356 -0.358422 0
    outer loop
      vertex 7.04894 -40.309 -10
      vertex 7.08645 -40.4067 -25
      vertex 7.08645 -40.4067 -10
    endloop
  endfacet
  facet normal 0.0525438 -0.998619 0
    outer loop
      vertex 8 -41 -25
      vertex 8.10453 -40.9945 -10
      vertex 8 -41 -10
    endloop
  endfacet
  facet normal 0.0525438 -0.998619 0
    outer loop
      vertex 8.10453 -40.9945 -10
      vertex 8 -41 -25
      vertex 8.10453 -40.9945 -25
    endloop
  endfacet
  facet normal 0.776938 -0.629578 0
    outer loop
      vertex 8.74314 -40.6691 -10
      vertex 8.80902 -40.5878 -25
      vertex 8.80902 -40.5878 -10
    endloop
  endfacet
  facet normal 0.776938 -0.629578 0
    outer loop
      vertex 8.80902 -40.5878 -25
      vertex 8.74314 -40.6691 -10
      vertex 8.74314 -40.6691 -25
    endloop
  endfacet
  facet normal -0.987699 -0.15637 0
    outer loop
      vertex 7.02185 -40.2079 -25
      vertex 7.00548 -40.1045 -10
      vertex 7.00548 -40.1045 -25
    endloop
  endfacet
  facet normal -0.987699 -0.15637 0
    outer loop
      vertex 7.00548 -40.1045 -10
      vertex 7.02185 -40.2079 -25
      vertex 7.02185 -40.2079 -10
    endloop
  endfacet
  facet normal -0.891079 0.453849 0
    outer loop
      vertex 7.08645 -39.5933 -25
      vertex 7.13397 -39.5 -10
      vertex 7.13397 -39.5 -25
    endloop
  endfacet
  facet normal -0.891079 0.453849 0
    outer loop
      vertex 7.13397 -39.5 -10
      vertex 7.08645 -39.5933 -25
      vertex 7.08645 -39.5933 -10
    endloop
  endfacet
  facet normal 0.987699 -0.15637 0
    outer loop
      vertex 8.97815 -40.2079 -10
      vertex 8.99452 -40.1045 -25
      vertex 8.99452 -40.1045 -10
    endloop
  endfacet
  facet normal 0.987699 -0.15637 0
    outer loop
      vertex 8.99452 -40.1045 -25
      vertex 8.97815 -40.2079 -10
      vertex 8.97815 -40.2079 -25
    endloop
  endfacet
  facet normal 0.707059 -0.707155 0
    outer loop
      vertex 8.66913 -40.7431 -10
      vertex 8.74314 -40.6691 -25
      vertex 8.74314 -40.6691 -10
    endloop
  endfacet
  facet normal 0.707059 -0.707155 0
    outer loop
      vertex 8.74314 -40.6691 -25
      vertex 8.66913 -40.7431 -10
      vertex 8.66913 -40.7431 -25
    endloop
  endfacet
  facet normal -0.453851 -0.891077 0
    outer loop
      vertex 7.5 -40.866 -25
      vertex 7.59326 -40.9135 -10
      vertex 7.5 -40.866 -10
    endloop
  endfacet
  facet normal -0.453851 -0.891077 -0
    outer loop
      vertex 7.59326 -40.9135 -10
      vertex 7.5 -40.866 -25
      vertex 7.59326 -40.9135 -25
    endloop
  endfacet
  facet normal 0.359107 -0.933296 0
    outer loop
      vertex 8.30902 -40.9511 -25
      vertex 8.40674 -40.9135 -10
      vertex 8.30902 -40.9511 -10
    endloop
  endfacet
  facet normal 0.359107 -0.933296 0
    outer loop
      vertex 8.40674 -40.9135 -10
      vertex 8.30902 -40.9511 -25
      vertex 8.40674 -40.9135 -25
    endloop
  endfacet
  facet normal 0.359107 0.933296 -0
    outer loop
      vertex 8.40674 -39.0865 -25
      vertex 8.30902 -39.0489 -10
      vertex 8.40674 -39.0865 -10
    endloop
  endfacet
  facet normal 0.359107 0.933296 0
    outer loop
      vertex 8.30902 -39.0489 -10
      vertex 8.40674 -39.0865 -25
      vertex 8.30902 -39.0489 -25
    endloop
  endfacet
  facet normal -0.629506 0.776996 0
    outer loop
      vertex 7.41221 -39.191 -25
      vertex 7.33087 -39.2569 -10
      vertex 7.41221 -39.191 -10
    endloop
  endfacet
  facet normal -0.629506 0.776996 0
    outer loop
      vertex 7.33087 -39.2569 -10
      vertex 7.41221 -39.191 -25
      vertex 7.33087 -39.2569 -25
    endloop
  endfacet
  facet normal 0.257996 -0.966146 0
    outer loop
      vertex 8.20791 -40.9781 -25
      vertex 8.30902 -40.9511 -10
      vertex 8.20791 -40.9781 -10
    endloop
  endfacet
  facet normal 0.257996 -0.966146 0
    outer loop
      vertex 8.30902 -40.9511 -10
      vertex 8.20791 -40.9781 -25
      vertex 8.30902 -40.9511 -25
    endloop
  endfacet
  facet normal -0.544562 0.838721 0
    outer loop
      vertex 7.5 -39.134 -25
      vertex 7.41221 -39.191 -10
      vertex 7.5 -39.134 -10
    endloop
  endfacet
  facet normal -0.544562 0.838721 0
    outer loop
      vertex 7.41221 -39.191 -10
      vertex 7.5 -39.134 -25
      vertex 7.41221 -39.191 -25
    endloop
  endfacet
  facet normal 0.453851 0.891077 -0
    outer loop
      vertex 8.5 -39.134 -25
      vertex 8.40674 -39.0865 -10
      vertex 8.5 -39.134 -10
    endloop
  endfacet
  facet normal 0.453851 0.891077 0
    outer loop
      vertex 8.40674 -39.0865 -10
      vertex 8.5 -39.134 -25
      vertex 8.40674 -39.0865 -25
    endloop
  endfacet
  facet normal 0.838749 -0.544518 0
    outer loop
      vertex 8.80902 -40.5878 -10
      vertex 8.86602 -40.5 -25
      vertex 8.86602 -40.5 -10
    endloop
  endfacet
  facet normal 0.838749 -0.544518 0
    outer loop
      vertex 8.86602 -40.5 -25
      vertex 8.80902 -40.5878 -10
      vertex 8.80902 -40.5878 -25
    endloop
  endfacet
  facet normal -0.453851 0.891077 0
    outer loop
      vertex 7.59326 -39.0865 -25
      vertex 7.5 -39.134 -10
      vertex 7.59326 -39.0865 -10
    endloop
  endfacet
  facet normal -0.453851 0.891077 0
    outer loop
      vertex 7.5 -39.134 -10
      vertex 7.59326 -39.0865 -25
      vertex 7.5 -39.134 -25
    endloop
  endfacet
  facet normal -0.891079 -0.453849 0
    outer loop
      vertex 7.13397 -40.5 -25
      vertex 7.08645 -40.4067 -10
      vertex 7.08645 -40.4067 -25
    endloop
  endfacet
  facet normal -0.891079 -0.453849 0
    outer loop
      vertex 7.08645 -40.4067 -10
      vertex 7.13397 -40.5 -25
      vertex 7.13397 -40.5 -10
    endloop
  endfacet
  facet normal 0.629459 -0.777034 0
    outer loop
      vertex 8.58778 -40.809 -25
      vertex 8.66913 -40.7431 -10
      vertex 8.58778 -40.809 -10
    endloop
  endfacet
  facet normal 0.629459 -0.777034 0
    outer loop
      vertex 8.66913 -40.7431 -10
      vertex 8.58778 -40.809 -25
      vertex 8.66913 -40.7431 -25
    endloop
  endfacet
  facet normal 0.544605 -0.838692 0
    outer loop
      vertex 8.5 -40.866 -25
      vertex 8.58778 -40.809 -10
      vertex 8.5 -40.866 -10
    endloop
  endfacet
  facet normal 0.544605 -0.838692 0
    outer loop
      vertex 8.58778 -40.809 -10
      vertex 8.5 -40.866 -25
      vertex 8.58778 -40.809 -25
    endloop
  endfacet
  facet normal -0.257996 -0.966146 0
    outer loop
      vertex 7.69098 -40.9511 -25
      vertex 7.79209 -40.9781 -10
      vertex 7.69098 -40.9511 -10
    endloop
  endfacet
  facet normal -0.257996 -0.966146 -0
    outer loop
      vertex 7.79209 -40.9781 -10
      vertex 7.69098 -40.9511 -25
      vertex 7.79209 -40.9781 -25
    endloop
  endfacet
  facet normal -0.0525438 -0.998619 0
    outer loop
      vertex 7.89547 -40.9945 -25
      vertex 8 -41 -10
      vertex 7.89547 -40.9945 -10
    endloop
  endfacet
  facet normal -0.0525438 -0.998619 -0
    outer loop
      vertex 8 -41 -10
      vertex 7.89547 -40.9945 -25
      vertex 8 -41 -25
    endloop
  endfacet
  facet normal 0.891079 -0.453849 0
    outer loop
      vertex 8.86602 -40.5 -10
      vertex 8.91354 -40.4067 -25
      vertex 8.91354 -40.4067 -10
    endloop
  endfacet
  facet normal 0.891079 -0.453849 0
    outer loop
      vertex 8.91354 -40.4067 -25
      vertex 8.86602 -40.5 -10
      vertex 8.86602 -40.5 -25
    endloop
  endfacet
  facet normal -0.838705 -0.544585 0
    outer loop
      vertex 7.19098 -40.5878 -25
      vertex 7.13397 -40.5 -10
      vertex 7.13397 -40.5 -25
    endloop
  endfacet
  facet normal -0.838705 -0.544585 0
    outer loop
      vertex 7.13397 -40.5 -10
      vertex 7.19098 -40.5878 -25
      vertex 7.19098 -40.5878 -10
    endloop
  endfacet
  facet normal -0.0525438 0.998619 0
    outer loop
      vertex 8 -39 -25
      vertex 7.89547 -39.0055 -10
      vertex 8 -39 -10
    endloop
  endfacet
  facet normal -0.0525438 0.998619 0
    outer loop
      vertex 7.89547 -39.0055 -10
      vertex 8 -39 -25
      vertex 7.89547 -39.0055 -25
    endloop
  endfacet
  facet normal -0.998628 0.0523682 0
    outer loop
      vertex 7 -40 -25
      vertex 7.00548 -39.8955 -10
      vertex 7.00548 -39.8955 -25
    endloop
  endfacet
  facet normal -0.998628 0.0523682 0
    outer loop
      vertex 7.00548 -39.8955 -10
      vertex 7 -40 -25
      vertex 7 -40 -10
    endloop
  endfacet
  facet normal -0.998628 -0.0523682 0
    outer loop
      vertex 7.00548 -40.1045 -25
      vertex 7 -40 -10
      vertex 7 -40 -25
    endloop
  endfacet
  facet normal -0.998628 -0.0523682 0
    outer loop
      vertex 7 -40 -10
      vertex 7.00548 -40.1045 -25
      vertex 7.00548 -40.1045 -10
    endloop
  endfacet
  facet normal -0.629506 -0.776996 0
    outer loop
      vertex 7.33087 -40.7431 -25
      vertex 7.41221 -40.809 -10
      vertex 7.33087 -40.7431 -10
    endloop
  endfacet
  facet normal -0.629506 -0.776996 -0
    outer loop
      vertex 7.41221 -40.809 -10
      vertex 7.33087 -40.7431 -25
      vertex 7.41221 -40.809 -25
    endloop
  endfacet
  facet normal -0.359107 -0.933296 0
    outer loop
      vertex 7.59326 -40.9135 -25
      vertex 7.69098 -40.9511 -10
      vertex 7.59326 -40.9135 -10
    endloop
  endfacet
  facet normal -0.359107 -0.933296 -0
    outer loop
      vertex 7.69098 -40.9511 -10
      vertex 7.59326 -40.9135 -25
      vertex 7.69098 -40.9511 -25
    endloop
  endfacet
  facet normal 0 0 -1
    outer loop
      vertex 7.89547 -40.9945 -25
      vertex 8 -39 -25
      vertex 8 -41 -25
    endloop
  endfacet
  facet normal 0 0 -1
    outer loop
      vertex 7.89547 -40.9945 -25
      vertex 7.89547 -39.0055 -25
      vertex 8 -39 -25
    endloop
  endfacet
  facet normal 0 0 -1
    outer loop
      vertex 7.79209 -40.9781 -25
      vertex 7.89547 -39.0055 -25
      vertex 7.89547 -40.9945 -25
    endloop
  endfacet
  facet normal 0 0 -1
    outer loop
      vertex 7.79209 -40.9781 -25
      vertex 7.79209 -39.0219 -25
      vertex 7.89547 -39.0055 -25
    endloop
  endfacet
  facet normal 0 0 -1
    outer loop
      vertex 7.69098 -40.9511 -25
      vertex 7.79209 -39.0219 -25
      vertex 7.79209 -40.9781 -25
    endloop
  endfacet
  facet normal 0 0 -1
    outer loop
      vertex 7.69098 -40.9511 -25
      vertex 7.69098 -39.0489 -25
      vertex 7.79209 -39.0219 -25
    endloop
  endfacet
  facet normal 0 0 -1
    outer loop
      vertex 7.59326 -40.9135 -25
      vertex 7.69098 -39.0489 -25
      vertex 7.69098 -40.9511 -25
    endloop
  endfacet
  facet normal 0 0 -1
    outer loop
      vertex 7.59326 -40.9135 -25
      vertex 7.59326 -39.0865 -25
      vertex 7.69098 -39.0489 -25
    endloop
  endfacet
  facet normal 0 0 -1
    outer loop
      vertex 7.5 -40.866 -25
      vertex 7.59326 -39.0865 -25
      vertex 7.59326 -40.9135 -25
    endloop
  endfacet
  facet normal 0 0 -1
    outer loop
      vertex 7.5 -40.866 -25
      vertex 7.5 -39.134 -25
      vertex 7.59326 -39.0865 -25
    endloop
  endfacet
  facet normal 0 0 -1
    outer loop
      vertex 7.41221 -40.809 -25
      vertex 7.5 -39.134 -25
      vertex 7.5 -40.866 -25
    endloop
  endfacet
  facet normal 0 0 -1
    outer loop
      vertex 7.41221 -40.809 -25
      vertex 7.41221 -39.191 -25
      vertex 7.5 -39.134 -25
    endloop
  endfacet
  facet normal 0 0 -1
    outer loop
      vertex 7.33087 -40.7431 -25
      vertex 7.41221 -39.191 -25
      vertex 7.41221 -40.809 -25
    endloop
  endfacet
  facet normal 0 0 -1
    outer loop
      vertex 7.33087 -40.7431 -25
      vertex 7.33087 -39.2569 -25
      vertex 7.41221 -39.191 -25
    endloop
  endfacet
  facet normal 0 0 -1
    outer loop
      vertex 7.25686 -40.6691 -25
      vertex 7.33087 -39.2569 -25
      vertex 7.33087 -40.7431 -25
    endloop
  endfacet
  facet normal 0 0 -1
    outer loop
      vertex 7.25686 -40.6691 -25
      vertex 7.25686 -39.3309 -25
      vertex 7.33087 -39.2569 -25
    endloop
  endfacet
  facet normal 0 0 -1
    outer loop
      vertex 7.19098 -40.5878 -25
      vertex 7.25686 -39.3309 -25
      vertex 7.25686 -40.6691 -25
    endloop
  endfacet
  facet normal 0 0 -1
    outer loop
      vertex 7.19098 -40.5878 -25
      vertex 7.19098 -39.4122 -25
      vertex 7.25686 -39.3309 -25
    endloop
  endfacet
  facet normal 0 0 -1
    outer loop
      vertex 7.13397 -40.5 -25
      vertex 7.19098 -39.4122 -25
      vertex 7.19098 -40.5878 -25
    endloop
  endfacet
  facet normal 0 0 -1
    outer loop
      vertex 7.13397 -40.5 -25
      vertex 7.13397 -39.5 -25
      vertex 7.19098 -39.4122 -25
    endloop
  endfacet
  facet normal 0 0 -1
    outer loop
      vertex 7.08645 -40.4067 -25
      vertex 7.13397 -39.5 -25
      vertex 7.13397 -40.5 -25
    endloop
  endfacet
  facet normal 0 0 -1
    outer loop
      vertex 7.08645 -40.4067 -25
      vertex 7.08645 -39.5933 -25
      vertex 7.13397 -39.5 -25
    endloop
  endfacet
  facet normal 0 0 -1
    outer loop
      vertex 7.04894 -40.309 -25
      vertex 7.08645 -39.5933 -25
      vertex 7.08645 -40.4067 -25
    endloop
  endfacet
  facet normal 0 0 -1
    outer loop
      vertex 7.04894 -40.309 -25
      vertex 7.04894 -39.691 -25
      vertex 7.08645 -39.5933 -25
    endloop
  endfacet
  facet normal 0 0 -1
    outer loop
      vertex 7.02185 -40.2079 -25
      vertex 7.04894 -39.691 -25
      vertex 7.04894 -40.309 -25
    endloop
  endfacet
  facet normal 0 0 -1
    outer loop
      vertex 7.02185 -40.2079 -25
      vertex 7.02185 -39.7921 -25
      vertex 7.04894 -39.691 -25
    endloop
  endfacet
  facet normal 0 0 -1
    outer loop
      vertex 7.00548 -40.1045 -25
      vertex 7.02185 -39.7921 -25
      vertex 7.02185 -40.2079 -25
    endloop
  endfacet
  facet normal 0 0 -1
    outer loop
      vertex 7.00548 -40.1045 -25
      vertex 7.00548 -39.8955 -25
      vertex 7.02185 -39.7921 -25
    endloop
  endfacet
  facet normal 0 -0 -1
    outer loop
      vertex 7.00548 -39.8955 -25
      vertex 7.00548 -40.1045 -25
      vertex 7 -40 -25
    endloop
  endfacet
  facet normal 0 0 -1
    outer loop
      vertex 8.99452 -40.1045 -25
      vertex 8.99452 -39.8955 -25
      vertex 9 -40 -25
    endloop
  endfacet
  facet normal 0 0 -1
    outer loop
      vertex 8.97815 -40.2079 -25
      vertex 8.99452 -39.8955 -25
      vertex 8.99452 -40.1045 -25
    endloop
  endfacet
  facet normal 0 0 -1
    outer loop
      vertex 8.97815 -40.2079 -25
      vertex 8.97815 -39.7921 -25
      vertex 8.99452 -39.8955 -25
    endloop
  endfacet
  facet normal 0 0 -1
    outer loop
      vertex 8.95106 -40.309 -25
      vertex 8.97815 -39.7921 -25
      vertex 8.97815 -40.2079 -25
    endloop
  endfacet
  facet normal 0 0 -1
    outer loop
      vertex 8.95106 -40.309 -25
      vertex 8.95106 -39.691 -25
      vertex 8.97815 -39.7921 -25
    endloop
  endfacet
  facet normal 0 0 -1
    outer loop
      vertex 8.91354 -40.4067 -25
      vertex 8.95106 -39.691 -25
      vertex 8.95106 -40.309 -25
    endloop
  endfacet
  facet normal 0 0 -1
    outer loop
      vertex 8.91354 -40.4067 -25
      vertex 8.91354 -39.5933 -25
      vertex 8.95106 -39.691 -25
    endloop
  endfacet
  facet normal 0 0 -1
    outer loop
      vertex 8.86602 -40.5 -25
      vertex 8.91354 -39.5933 -25
      vertex 8.91354 -40.4067 -25
    endloop
  endfacet
  facet normal 0 0 -1
    outer loop
      vertex 8.86602 -40.5 -25
      vertex 8.86602 -39.5 -25
      vertex 8.91354 -39.5933 -25
    endloop
  endfacet
  facet normal 0 0 -1
    outer loop
      vertex 8.80902 -40.5878 -25
      vertex 8.86602 -39.5 -25
      vertex 8.86602 -40.5 -25
    endloop
  endfacet
  facet normal 0 0 -1
    outer loop
      vertex 8.80902 -40.5878 -25
      vertex 8.80902 -39.4122 -25
      vertex 8.86602 -39.5 -25
    endloop
  endfacet
  facet normal 0 0 -1
    outer loop
      vertex 8.74314 -40.6691 -25
      vertex 8.80902 -39.4122 -25
      vertex 8.80902 -40.5878 -25
    endloop
  endfacet
  facet normal 0 0 -1
    outer loop
      vertex 8.74314 -40.6691 -25
      vertex 8.74314 -39.3309 -25
      vertex 8.80902 -39.4122 -25
    endloop
  endfacet
  facet normal 0 0 -1
    outer loop
      vertex 8.66913 -40.7431 -25
      vertex 8.74314 -39.3309 -25
      vertex 8.74314 -40.6691 -25
    endloop
  endfacet
  facet normal 0 0 -1
    outer loop
      vertex 8.66913 -40.7431 -25
      vertex 8.66913 -39.2569 -25
      vertex 8.74314 -39.3309 -25
    endloop
  endfacet
  facet normal 0 0 -1
    outer loop
      vertex 8.58778 -40.809 -25
      vertex 8.66913 -39.2569 -25
      vertex 8.66913 -40.7431 -25
    endloop
  endfacet
  facet normal 0 0 -1
    outer loop
      vertex 8.58778 -40.809 -25
      vertex 8.58778 -39.191 -25
      vertex 8.66913 -39.2569 -25
    endloop
  endfacet
  facet normal 0 0 -1
    outer loop
      vertex 8.5 -40.866 -25
      vertex 8.58778 -39.191 -25
      vertex 8.58778 -40.809 -25
    endloop
  endfacet
  facet normal 0 0 -1
    outer loop
      vertex 8.5 -40.866 -25
      vertex 8.5 -39.134 -25
      vertex 8.58778 -39.191 -25
    endloop
  endfacet
  facet normal 0 0 -1
    outer loop
      vertex 8.40674 -40.9135 -25
      vertex 8.5 -39.134 -25
      vertex 8.5 -40.866 -25
    endloop
  endfacet
  facet normal 0 0 -1
    outer loop
      vertex 8.40674 -40.9135 -25
      vertex 8.40674 -39.0865 -25
      vertex 8.5 -39.134 -25
    endloop
  endfacet
  facet normal 0 0 -1
    outer loop
      vertex 8.30902 -40.9511 -25
      vertex 8.40674 -39.0865 -25
      vertex 8.40674 -40.9135 -25
    endloop
  endfacet
  facet normal 0 0 -1
    outer loop
      vertex 8.30902 -40.9511 -25
      vertex 8.30902 -39.0489 -25
      vertex 8.40674 -39.0865 -25
    endloop
  endfacet
  facet normal 0 0 -1
    outer loop
      vertex 8.20791 -40.9781 -25
      vertex 8.30902 -39.0489 -25
      vertex 8.30902 -40.9511 -25
    endloop
  endfacet
  facet normal 0 0 -1
    outer loop
      vertex 8.20791 -40.9781 -25
      vertex 8.20791 -39.0219 -25
      vertex 8.30902 -39.0489 -25
    endloop
  endfacet
  facet normal 0 0 -1
    outer loop
      vertex 8.10453 -40.9945 -25
      vertex 8.20791 -39.0219 -25
      vertex 8.20791 -40.9781 -25
    endloop
  endfacet
  facet normal 0 0 -1
    outer loop
      vertex 8.10453 -40.9945 -25
      vertex 8.10453 -39.0055 -25
      vertex 8.20791 -39.0219 -25
    endloop
  endfacet
  facet normal 0 0 -1
    outer loop
      vertex 8 -41 -25
      vertex 8.10453 -39.0055 -25
      vertex 8.10453 -40.9945 -25
    endloop
  endfacet
  facet normal -0 0 -1
    outer loop
      vertex 8.10453 -39.0055 -25
      vertex 8 -41 -25
      vertex 8 -39 -25
    endloop
  endfacet
  facet normal 0 0 1
    outer loop
      vertex 8.99452 -39.8955 -10
      vertex 8.99452 -40.1045 -10
      vertex 9 -40 -10
    endloop
  endfacet
  facet normal 0 0 1
    outer loop
      vertex 8.97815 -39.7921 -10
      vertex 8.99452 -40.1045 -10
      vertex 8.99452 -39.8955 -10
    endloop
  endfacet
  facet normal 0 0 1
    outer loop
      vertex 8.97815 -39.7921 -10
      vertex 8.97815 -40.2079 -10
      vertex 8.99452 -40.1045 -10
    endloop
  endfacet
  facet normal 0 0 1
    outer loop
      vertex 8.95106 -39.691 -10
      vertex 8.97815 -40.2079 -10
      vertex 8.97815 -39.7921 -10
    endloop
  endfacet
  facet normal 0 0 1
    outer loop
      vertex 8.95106 -39.691 -10
      vertex 8.95106 -40.309 -10
      vertex 8.97815 -40.2079 -10
    endloop
  endfacet
  facet normal 0 0 1
    outer loop
      vertex 8.91354 -39.5933 -10
      vertex 8.95106 -40.309 -10
      vertex 8.95106 -39.691 -10
    endloop
  endfacet
  facet normal 0 0 1
    outer loop
      vertex 8.91354 -39.5933 -10
      vertex 8.91354 -40.4067 -10
      vertex 8.95106 -40.309 -10
    endloop
  endfacet
  facet normal 0 0 1
    outer loop
      vertex 8.86602 -39.5 -10
      vertex 8.91354 -40.4067 -10
      vertex 8.91354 -39.5933 -10
    endloop
  endfacet
  facet normal 0 0 1
    outer loop
      vertex 8.86602 -39.5 -10
      vertex 8.86602 -40.5 -10
      vertex 8.91354 -40.4067 -10
    endloop
  endfacet
  facet normal 0 0 1
    outer loop
      vertex 8.80902 -39.4122 -10
      vertex 8.86602 -40.5 -10
      vertex 8.86602 -39.5 -10
    endloop
  endfacet
  facet normal 0 0 1
    outer loop
      vertex 8.80902 -39.4122 -10
      vertex 8.80902 -40.5878 -10
      vertex 8.86602 -40.5 -10
    endloop
  endfacet
  facet normal 0 0 1
    outer loop
      vertex 8.74314 -39.3309 -10
      vertex 8.80902 -40.5878 -10
      vertex 8.80902 -39.4122 -10
    endloop
  endfacet
  facet normal 0 0 1
    outer loop
      vertex 8.74314 -39.3309 -10
      vertex 8.74314 -40.6691 -10
      vertex 8.80902 -40.5878 -10
    endloop
  endfacet
  facet normal 0 0 1
    outer loop
      vertex 8.66913 -39.2569 -10
      vertex 8.74314 -40.6691 -10
      vertex 8.74314 -39.3309 -10
    endloop
  endfacet
  facet normal 0 0 1
    outer loop
      vertex 8.66913 -39.2569 -10
      vertex 8.66913 -40.7431 -10
      vertex 8.74314 -40.6691 -10
    endloop
  endfacet
  facet normal 0 0 1
    outer loop
      vertex 8.58778 -39.191 -10
      vertex 8.66913 -40.7431 -10
      vertex 8.66913 -39.2569 -10
    endloop
  endfacet
  facet normal 0 0 1
    outer loop
      vertex 8.58778 -39.191 -10
      vertex 8.58778 -40.809 -10
      vertex 8.66913 -40.7431 -10
    endloop
  endfacet
  facet normal 0 0 1
    outer loop
      vertex 8.5 -39.134 -10
      vertex 8.58778 -40.809 -10
      vertex 8.58778 -39.191 -10
    endloop
  endfacet
  facet normal 0 0 1
    outer loop
      vertex 8.5 -39.134 -10
      vertex 8.5 -40.866 -10
      vertex 8.58778 -40.809 -10
    endloop
  endfacet
  facet normal 0 0 1
    outer loop
      vertex 8.40674 -39.0865 -10
      vertex 8.5 -40.866 -10
      vertex 8.5 -39.134 -10
    endloop
  endfacet
  facet normal 0 0 1
    outer loop
      vertex 8.40674 -39.0865 -10
      vertex 8.40674 -40.9135 -10
      vertex 8.5 -40.866 -10
    endloop
  endfacet
  facet normal 0 0 1
    outer loop
      vertex 8.30902 -39.0489 -10
      vertex 8.40674 -40.9135 -10
      vertex 8.40674 -39.0865 -10
    endloop
  endfacet
  facet normal 0 0 1
    outer loop
      vertex 8.30902 -39.0489 -10
      vertex 8.30902 -40.9511 -10
      vertex 8.40674 -40.9135 -10
    endloop
  endfacet
  facet normal 0 0 1
    outer loop
      vertex 8.20791 -39.0219 -10
      vertex 8.30902 -40.9511 -10
      vertex 8.30902 -39.0489 -10
    endloop
  endfacet
  facet normal 0 0 1
    outer loop
      vertex 8.20791 -39.0219 -10
      vertex 8.20791 -40.9781 -10
      vertex 8.30902 -40.9511 -10
    endloop
  endfacet
  facet normal 0 0 1
    outer loop
      vertex 8.10453 -39.0055 -10
      vertex 8.20791 -40.9781 -10
      vertex 8.20791 -39.0219 -10
    endloop
  endfacet
  facet normal 0 0 1
    outer loop
      vertex 8.10453 -39.0055 -10
      vertex 8.10453 -40.9945 -10
      vertex 8.20791 -40.9781 -10
    endloop
  endfacet
  facet normal 0 0 1
    outer loop
      vertex 8 -39 -10
      vertex 8.10453 -40.9945 -10
      vertex 8.10453 -39.0055 -10
    endloop
  endfacet
  facet normal 0 0 1
    outer loop
      vertex 8 -39 -10
      vertex 8 -41 -10
      vertex 8.10453 -40.9945 -10
    endloop
  endfacet
  facet normal -0 0 1
    outer loop
      vertex 7.89547 -39.0055 -10
      vertex 8 -41 -10
      vertex 8 -39 -10
    endloop
  endfacet
  facet normal 0 0 1
    outer loop
      vertex 7.89547 -39.0055 -10
      vertex 7.89547 -40.9945 -10
      vertex 8 -41 -10
    endloop
  endfacet
  facet normal -0 0 1
    outer loop
      vertex 7.79209 -39.0219 -10
      vertex 7.89547 -40.9945 -10
      vertex 7.89547 -39.0055 -10
    endloop
  endfacet
  facet normal 0 0 1
    outer loop
      vertex 7.79209 -39.0219 -10
      vertex 7.79209 -40.9781 -10
      vertex 7.89547 -40.9945 -10
    endloop
  endfacet
  facet normal -0 0 1
    outer loop
      vertex 7.69098 -39.0489 -10
      vertex 7.79209 -40.9781 -10
      vertex 7.79209 -39.0219 -10
    endloop
  endfacet
  facet normal 0 0 1
    outer loop
      vertex 7.69098 -39.0489 -10
      vertex 7.69098 -40.9511 -10
      vertex 7.79209 -40.9781 -10
    endloop
  endfacet
  facet normal -0 0 1
    outer loop
      vertex 7.59326 -39.0865 -10
      vertex 7.69098 -40.9511 -10
      vertex 7.69098 -39.0489 -10
    endloop
  endfacet
  facet normal 0 0 1
    outer loop
      vertex 7.59326 -39.0865 -10
      vertex 7.59326 -40.9135 -10
      vertex 7.69098 -40.9511 -10
    endloop
  endfacet
  facet normal -0 0 1
    outer loop
      vertex 7.5 -39.134 -10
      vertex 7.59326 -40.9135 -10
      vertex 7.59326 -39.0865 -10
    endloop
  endfacet
  facet normal 0 0 1
    outer loop
      vertex 7.5 -39.134 -10
      vertex 7.5 -40.866 -10
      vertex 7.59326 -40.9135 -10
    endloop
  endfacet
  facet normal -0 0 1
    outer loop
      vertex 7.41221 -39.191 -10
      vertex 7.5 -40.866 -10
      vertex 7.5 -39.134 -10
    endloop
  endfacet
  facet normal 0 0 1
    outer loop
      vertex 7.41221 -39.191 -10
      vertex 7.41221 -40.809 -10
      vertex 7.5 -40.866 -10
    endloop
  endfacet
  facet normal -0 0 1
    outer loop
      vertex 7.33087 -39.2569 -10
      vertex 7.41221 -40.809 -10
      vertex 7.41221 -39.191 -10
    endloop
  endfacet
  facet normal 0 0 1
    outer loop
      vertex 7.33087 -39.2569 -10
      vertex 7.33087 -40.7431 -10
      vertex 7.41221 -40.809 -10
    endloop
  endfacet
  facet normal -0 0 1
    outer loop
      vertex 7.25686 -39.3309 -10
      vertex 7.33087 -40.7431 -10
      vertex 7.33087 -39.2569 -10
    endloop
  endfacet
  facet normal 0 0 1
    outer loop
      vertex 7.25686 -39.3309 -10
      vertex 7.25686 -40.6691 -10
      vertex 7.33087 -40.7431 -10
    endloop
  endfacet
  facet normal -0 0 1
    outer loop
      vertex 7.19098 -39.4122 -10
      vertex 7.25686 -40.6691 -10
      vertex 7.25686 -39.3309 -10
    endloop
  endfacet
  facet normal 0 0 1
    outer loop
      vertex 7.19098 -39.4122 -10
      vertex 7.19098 -40.5878 -10
      vertex 7.25686 -40.6691 -10
    endloop
  endfacet
  facet normal -0 0 1
    outer loop
      vertex 7.13397 -39.5 -10
      vertex 7.19098 -40.5878 -10
      vertex 7.19098 -39.4122 -10
    endloop
  endfacet
  facet normal 0 0 1
    outer loop
      vertex 7.13397 -39.5 -10
      vertex 7.13397 -40.5 -10
      vertex 7.19098 -40.5878 -10
    endloop
  endfacet
  facet normal -0 0 1
    outer loop
      vertex 7.08645 -39.5933 -10
      vertex 7.13397 -40.5 -10
      vertex 7.13397 -39.5 -10
    endloop
  endfacet
  facet normal 0 0 1
    outer loop
      vertex 7.08645 -39.5933 -10
      vertex 7.08645 -40.4067 -10
      vertex 7.13397 -40.5 -10
    endloop
  endfacet
  facet normal -0 0 1
    outer loop
      vertex 7.04894 -39.691 -10
      vertex 7.08645 -40.4067 -10
      vertex 7.08645 -39.5933 -10
    endloop
  endfacet
  facet normal 0 0 1
    outer loop
      vertex 7.04894 -39.691 -10
      vertex 7.04894 -40.309 -10
      vertex 7.08645 -40.4067 -10
    endloop
  endfacet
  facet normal -0 0 1
    outer loop
      vertex 7.02185 -39.7921 -10
      vertex 7.04894 -40.309 -10
      vertex 7.04894 -39.691 -10
    endloop
  endfacet
  facet normal 0 0 1
    outer loop
      vertex 7.02185 -39.7921 -10
      vertex 7.02185 -40.2079 -10
      vertex 7.04894 -40.309 -10
    endloop
  endfacet
  facet normal -0 0 1
    outer loop
      vertex 7.00548 -39.8955 -10
      vertex 7.02185 -40.2079 -10
      vertex 7.02185 -39.7921 -10
    endloop
  endfacet
  facet normal 0 0 1
    outer loop
      vertex 7.00548 -39.8955 -10
      vertex 7.00548 -40.1045 -10
      vertex 7.02185 -40.2079 -10
    endloop
  endfacet
  facet normal 0 -0 1
    outer loop
      vertex 7.00548 -40.1045 -10
      vertex 7.00548 -39.8955 -10
      vertex 7 -40 -10
    endloop
  endfacet
  facet normal -0.933552 0 0.358443
    outer loop
      vertex 4.19577 -42 -27.7639
      vertex 4.34582 -38 -27.3731
      vertex 4.19577 -38 -27.7639
    endloop
  endfacet
  facet normal -0.933552 0 0.358443
    outer loop
      vertex 4.34582 -38 -27.3731
      vertex 4.19577 -42 -27.7639
      vertex 4.34582 -42 -27.3731
    endloop
  endfacet
  facet normal 0.987685 -0 0.156453
    outer loop
      vertex 11.9126 -42 -28.1684
      vertex 11.9781 -38 -28.5819
      vertex 11.9126 -38 -28.1684
    endloop
  endfacet
  facet normal 0.987685 0 0.156453
    outer loop
      vertex 11.9781 -38 -28.5819
      vertex 11.9126 -42 -28.1684
      vertex 11.9781 -42 -28.5819
    endloop
  endfacet
  facet normal 0.998631 -0 0.0523081
    outer loop
      vertex 11.9781 -42 -28.5819
      vertex 12 -38 -29
      vertex 11.9781 -38 -28.5819
    endloop
  endfacet
  facet normal 0.998631 0 0.0523081
    outer loop
      vertex 12 -38 -29
      vertex 11.9781 -42 -28.5819
      vertex 12 -42 -29
    endloop
  endfacet
  facet normal 0.965917 -0 0.258851
    outer loop
      vertex 11.8042 -42 -27.7639
      vertex 11.9126 -38 -28.1684
      vertex 11.8042 -38 -27.7639
    endloop
  endfacet
  facet normal 0.965917 0 0.258851
    outer loop
      vertex 11.9126 -38 -28.1684
      vertex 11.8042 -42 -27.7639
      vertex 11.9126 -42 -28.1684
    endloop
  endfacet
  facet normal 0.358275 0 0.933616
    outer loop
      vertex 9.23607 -38 -25.1958
      vertex 9.62695 -42 -25.3458
      vertex 9.62695 -38 -25.3458
    endloop
  endfacet
  facet normal 0.358275 0 0.933616
    outer loop
      vertex 9.62695 -42 -25.3458
      vertex 9.23607 -38 -25.1958
      vertex 9.23607 -42 -25.1958
    endloop
  endfacet
  facet normal 0.77715 -0 0.629315
    outer loop
      vertex 10.9726 -42 -26.3235
      vertex 11.2361 -38 -26.6489
      vertex 10.9726 -38 -26.3235
    endloop
  endfacet
  facet normal 0.77715 0 0.629315
    outer loop
      vertex 11.2361 -38 -26.6489
      vertex 10.9726 -42 -26.3235
      vertex 11.2361 -42 -26.6489
    endloop
  endfacet
  facet normal -0.258899 0 -0.965904
    outer loop
      vertex 6.76393 -42 -32.8042
      vertex 7.16835 -38 -32.9126
      vertex 7.16835 -42 -32.9126
    endloop
  endfacet
  facet normal -0.258899 0 -0.965904
    outer loop
      vertex 7.16835 -38 -32.9126
      vertex 6.76393 -42 -32.8042
      vertex 6.76393 -38 -32.8042
    endloop
  endfacet
  facet normal 0.544627 0 -0.838678
    outer loop
      vertex 10 -42 -32.4641
      vertex 10.3511 -38 -32.2361
      vertex 10.3511 -42 -32.2361
    endloop
  endfacet
  facet normal 0.544627 0 -0.838678
    outer loop
      vertex 10.3511 -38 -32.2361
      vertex 10 -42 -32.4641
      vertex 10 -38 -32.4641
    endloop
  endfacet
  facet normal 0.454031 0 0.890986
    outer loop
      vertex 9.62695 -38 -25.3458
      vertex 10 -42 -25.5359
      vertex 10 -38 -25.5359
    endloop
  endfacet
  facet normal 0.454031 0 0.890986
    outer loop
      vertex 10 -42 -25.5359
      vertex 9.62695 -38 -25.3458
      vertex 9.62695 -42 -25.3458
    endloop
  endfacet
  facet normal 0.838678 0 -0.544627
    outer loop
      vertex 11.4641 -42 -31
      vertex 11.2361 -38 -31.3511
      vertex 11.4641 -38 -31
    endloop
  endfacet
  facet normal 0.838678 0 -0.544627
    outer loop
      vertex 11.2361 -38 -31.3511
      vertex 11.4641 -42 -31
      vertex 11.2361 -42 -31.3511
    endloop
  endfacet
  facet normal -0.89103 0 -0.453945
    outer loop
      vertex 4.5359 -42 -31
      vertex 4.34582 -38 -30.6269
      vertex 4.5359 -38 -31
    endloop
  endfacet
  facet normal -0.89103 -0 -0.453945
    outer loop
      vertex 4.34582 -38 -30.6269
      vertex 4.5359 -42 -31
      vertex 4.34582 -42 -30.6269
    endloop
  endfacet
  facet normal 0 1 0
    outer loop
      vertex 8.41811 -38 -25.0219
      vertex 7.58189 -38 -25.0219
      vertex 8 -38 -25
    endloop
  endfacet
  facet normal 0 1 0
    outer loop
      vertex 8.83165 -38 -25.0874
      vertex 7.58189 -38 -25.0219
      vertex 8.41811 -38 -25.0219
    endloop
  endfacet
  facet normal 0 1 0
    outer loop
      vertex 8.83165 -38 -25.0874
      vertex 7.16835 -38 -25.0874
      vertex 7.58189 -38 -25.0219
    endloop
  endfacet
  facet normal 0 1 0
    outer loop
      vertex 9.23607 -38 -25.1958
      vertex 7.16835 -38 -25.0874
      vertex 8.83165 -38 -25.0874
    endloop
  endfacet
  facet normal 0 1 0
    outer loop
      vertex 9.23607 -38 -25.1958
      vertex 6.76393 -38 -25.1958
      vertex 7.16835 -38 -25.0874
    endloop
  endfacet
  facet normal 0 1 0
    outer loop
      vertex 9.62695 -38 -25.3458
      vertex 6.76393 -38 -25.1958
      vertex 9.23607 -38 -25.1958
    endloop
  endfacet
  facet normal 0 1 0
    outer loop
      vertex 9.62695 -38 -25.3458
      vertex 6.37305 -38 -25.3458
      vertex 6.76393 -38 -25.1958
    endloop
  endfacet
  facet normal 0 1 0
    outer loop
      vertex 10 -38 -25.5359
      vertex 6.37305 -38 -25.3458
      vertex 9.62695 -38 -25.3458
    endloop
  endfacet
  facet normal 0 1 0
    outer loop
      vertex 10 -38 -25.5359
      vertex 6 -38 -25.5359
      vertex 6.37305 -38 -25.3458
    endloop
  endfacet
  facet normal 0 1 0
    outer loop
      vertex 10.3511 -38 -25.7639
      vertex 6 -38 -25.5359
      vertex 10 -38 -25.5359
    endloop
  endfacet
  facet normal 0 1 0
    outer loop
      vertex 10.3511 -38 -25.7639
      vertex 5.64886 -38 -25.7639
      vertex 6 -38 -25.5359
    endloop
  endfacet
  facet normal 0 1 0
    outer loop
      vertex 10.6765 -38 -26.0274
      vertex 5.64886 -38 -25.7639
      vertex 10.3511 -38 -25.7639
    endloop
  endfacet
  facet normal 0 1 0
    outer loop
      vertex 10.6765 -38 -26.0274
      vertex 5.32348 -38 -26.0274
      vertex 5.64886 -38 -25.7639
    endloop
  endfacet
  facet normal 0 1 0
    outer loop
      vertex 10.9726 -38 -26.3235
      vertex 5.32348 -38 -26.0274
      vertex 10.6765 -38 -26.0274
    endloop
  endfacet
  facet normal 0 1 0
    outer loop
      vertex 10.9726 -38 -26.3235
      vertex 5.02742 -38 -26.3235
      vertex 5.32348 -38 -26.0274
    endloop
  endfacet
  facet normal 0 1 0
    outer loop
      vertex 11.2361 -38 -26.6489
      vertex 5.02742 -38 -26.3235
      vertex 10.9726 -38 -26.3235
    endloop
  endfacet
  facet normal 0 1 0
    outer loop
      vertex 11.2361 -38 -26.6489
      vertex 4.76393 -38 -26.6489
      vertex 5.02742 -38 -26.3235
    endloop
  endfacet
  facet normal 0 1 0
    outer loop
      vertex 11.4641 -38 -27
      vertex 4.76393 -38 -26.6489
      vertex 11.2361 -38 -26.6489
    endloop
  endfacet
  facet normal 0 1 0
    outer loop
      vertex 11.4641 -38 -27
      vertex 4.5359 -38 -27
      vertex 4.76393 -38 -26.6489
    endloop
  endfacet
  facet normal 0 1 0
    outer loop
      vertex 11.6542 -38 -27.3731
      vertex 4.5359 -38 -27
      vertex 11.4641 -38 -27
    endloop
  endfacet
  facet normal 0 1 0
    outer loop
      vertex 11.6542 -38 -27.3731
      vertex 4.34582 -38 -27.3731
      vertex 4.5359 -38 -27
    endloop
  endfacet
  facet normal 0 1 0
    outer loop
      vertex 11.8042 -38 -27.7639
      vertex 4.34582 -38 -27.3731
      vertex 11.6542 -38 -27.3731
    endloop
  endfacet
  facet normal 0 1 0
    outer loop
      vertex 11.8042 -38 -27.7639
      vertex 4.19577 -38 -27.7639
      vertex 4.34582 -38 -27.3731
    endloop
  endfacet
  facet normal 0 1 0
    outer loop
      vertex 11.9126 -38 -28.1684
      vertex 4.19577 -38 -27.7639
      vertex 11.8042 -38 -27.7639
    endloop
  endfacet
  facet normal 0 1 0
    outer loop
      vertex 11.9126 -38 -28.1684
      vertex 4.08741 -38 -28.1684
      vertex 4.19577 -38 -27.7639
    endloop
  endfacet
  facet normal 0 1 0
    outer loop
      vertex 11.9781 -38 -28.5819
      vertex 4.08741 -38 -28.1684
      vertex 11.9126 -38 -28.1684
    endloop
  endfacet
  facet normal 0 1 0
    outer loop
      vertex 11.9781 -38 -28.5819
      vertex 4.02191 -38 -28.5819
      vertex 4.08741 -38 -28.1684
    endloop
  endfacet
  facet normal 0 1 0
    outer loop
      vertex 12 -38 -29
      vertex 4.02191 -38 -28.5819
      vertex 11.9781 -38 -28.5819
    endloop
  endfacet
  facet normal 0 1 0
    outer loop
      vertex 12 -38 -29
      vertex 4 -38 -29
      vertex 4.02191 -38 -28.5819
    endloop
  endfacet
  facet normal 0 1 -0
    outer loop
      vertex 11.9781 -38 -29.4181
      vertex 4 -38 -29
      vertex 12 -38 -29
    endloop
  endfacet
  facet normal 0 1 0
    outer loop
      vertex 11.9781 -38 -29.4181
      vertex 4.02191 -38 -29.4181
      vertex 4 -38 -29
    endloop
  endfacet
  facet normal 0 1 -0
    outer loop
      vertex 11.9126 -38 -29.8316
      vertex 4.02191 -38 -29.4181
      vertex 11.9781 -38 -29.4181
    endloop
  endfacet
  facet normal 0 1 0
    outer loop
      vertex 11.9126 -38 -29.8316
      vertex 4.08741 -38 -29.8316
      vertex 4.02191 -38 -29.4181
    endloop
  endfacet
  facet normal 0 1 -0
    outer loop
      vertex 11.8042 -38 -30.2361
      vertex 4.08741 -38 -29.8316
      vertex 11.9126 -38 -29.8316
    endloop
  endfacet
  facet normal 0 1 0
    outer loop
      vertex 11.8042 -38 -30.2361
      vertex 4.19577 -38 -30.2361
      vertex 4.08741 -38 -29.8316
    endloop
  endfacet
  facet normal 0 1 -0
    outer loop
      vertex 11.6542 -38 -30.6269
      vertex 4.19577 -38 -30.2361
      vertex 11.8042 -38 -30.2361
    endloop
  endfacet
  facet normal 0 1 0
    outer loop
      vertex 11.6542 -38 -30.6269
      vertex 4.34582 -38 -30.6269
      vertex 4.19577 -38 -30.2361
    endloop
  endfacet
  facet normal 0 1 -0
    outer loop
      vertex 11.4641 -38 -31
      vertex 4.34582 -38 -30.6269
      vertex 11.6542 -38 -30.6269
    endloop
  endfacet
  facet normal 0 1 0
    outer loop
      vertex 11.4641 -38 -31
      vertex 4.5359 -38 -31
      vertex 4.34582 -38 -30.6269
    endloop
  endfacet
  facet normal 0 1 -0
    outer loop
      vertex 11.2361 -38 -31.3511
      vertex 4.5359 -38 -31
      vertex 11.4641 -38 -31
    endloop
  endfacet
  facet normal 0 1 0
    outer loop
      vertex 11.2361 -38 -31.3511
      vertex 4.76393 -38 -31.3511
      vertex 4.5359 -38 -31
    endloop
  endfacet
  facet normal 0 1 -0
    outer loop
      vertex 10.9726 -38 -31.6765
      vertex 4.76393 -38 -31.3511
      vertex 11.2361 -38 -31.3511
    endloop
  endfacet
  facet normal 0 1 0
    outer loop
      vertex 10.9726 -38 -31.6765
      vertex 5.02742 -38 -31.6765
      vertex 4.76393 -38 -31.3511
    endloop
  endfacet
  facet normal 0 1 -0
    outer loop
      vertex 10.6765 -38 -31.9726
      vertex 5.02742 -38 -31.6765
      vertex 10.9726 -38 -31.6765
    endloop
  endfacet
  facet normal 0 1 0
    outer loop
      vertex 10.6765 -38 -31.9726
      vertex 5.32348 -38 -31.9726
      vertex 5.02742 -38 -31.6765
    endloop
  endfacet
  facet normal 0 1 -0
    outer loop
      vertex 10.3511 -38 -32.2361
      vertex 5.32348 -38 -31.9726
      vertex 10.6765 -38 -31.9726
    endloop
  endfacet
  facet normal 0 1 0
    outer loop
      vertex 10.3511 -38 -32.2361
      vertex 5.64886 -38 -32.2361
      vertex 5.32348 -38 -31.9726
    endloop
  endfacet
  facet normal 0 1 -0
    outer loop
      vertex 10 -38 -32.4641
      vertex 5.64886 -38 -32.2361
      vertex 10.3511 -38 -32.2361
    endloop
  endfacet
  facet normal 0 1 0
    outer loop
      vertex 10 -38 -32.4641
      vertex 6 -38 -32.4641
      vertex 5.64886 -38 -32.2361
    endloop
  endfacet
  facet normal 0 1 -0
    outer loop
      vertex 9.62695 -38 -32.6542
      vertex 6 -38 -32.4641
      vertex 10 -38 -32.4641
    endloop
  endfacet
  facet normal 0 1 0
    outer loop
      vertex 9.62695 -38 -32.6542
      vertex 6.37305 -38 -32.6542
      vertex 6 -38 -32.4641
    endloop
  endfacet
  facet normal 0 1 -0
    outer loop
      vertex 9.23607 -38 -32.8042
      vertex 6.37305 -38 -32.6542
      vertex 9.62695 -38 -32.6542
    endloop
  endfacet
  facet normal 0 1 0
    outer loop
      vertex 9.23607 -38 -32.8042
      vertex 6.76393 -38 -32.8042
      vertex 6.37305 -38 -32.6542
    endloop
  endfacet
  facet normal 0 1 -0
    outer loop
      vertex 8.83165 -38 -32.9126
      vertex 6.76393 -38 -32.8042
      vertex 9.23607 -38 -32.8042
    endloop
  endfacet
  facet normal 0 1 0
    outer loop
      vertex 8.83165 -38 -32.9126
      vertex 7.16835 -38 -32.9126
      vertex 6.76393 -38 -32.8042
    endloop
  endfacet
  facet normal 0 1 -0
    outer loop
      vertex 8.41811 -38 -32.9781
      vertex 7.16835 -38 -32.9126
      vertex 8.83165 -38 -32.9126
    endloop
  endfacet
  facet normal 0 1 0
    outer loop
      vertex 8.41811 -38 -32.9781
      vertex 7.58189 -38 -32.9781
      vertex 7.16835 -38 -32.9126
    endloop
  endfacet
  facet normal -0 1 0
    outer loop
      vertex 7.58189 -38 -32.9781
      vertex 8.41811 -38 -32.9781
      vertex 8 -38 -33
    endloop
  endfacet
  facet normal 0.629315 0 0.77715
    outer loop
      vertex 10.3511 -38 -25.7639
      vertex 10.6765 -42 -26.0274
      vertex 10.6765 -38 -26.0274
    endloop
  endfacet
  facet normal 0.629315 0 0.77715
    outer loop
      vertex 10.6765 -42 -26.0274
      vertex 10.3511 -38 -25.7639
      vertex 10.3511 -42 -25.7639
    endloop
  endfacet
  facet normal 0.454031 0 -0.890986
    outer loop
      vertex 9.62695 -42 -32.6542
      vertex 10 -38 -32.4641
      vertex 10 -42 -32.4641
    endloop
  endfacet
  facet normal 0.454031 0 -0.890986
    outer loop
      vertex 10 -38 -32.4641
      vertex 9.62695 -42 -32.6542
      vertex 9.62695 -38 -32.6542
    endloop
  endfacet
  facet normal 0.933592 -0 0.358339
    outer loop
      vertex 11.6542 -42 -27.3731
      vertex 11.8042 -38 -27.7639
      vertex 11.6542 -38 -27.3731
    endloop
  endfacet
  facet normal 0.933592 0 0.358339
    outer loop
      vertex 11.8042 -38 -27.7639
      vertex 11.6542 -42 -27.3731
      vertex 11.8042 -42 -27.7639
    endloop
  endfacet
  facet normal 0.358275 0 -0.933616
    outer loop
      vertex 9.23607 -42 -32.8042
      vertex 9.62695 -38 -32.6542
      vertex 9.62695 -42 -32.6542
    endloop
  endfacet
  facet normal 0.358275 0 -0.933616
    outer loop
      vertex 9.62695 -38 -32.6542
      vertex 9.23607 -42 -32.8042
      vertex 9.23607 -38 -32.8042
    endloop
  endfacet
  facet normal -0.544584 0 -0.838707
    outer loop
      vertex 5.64886 -42 -32.2361
      vertex 6 -38 -32.4641
      vertex 6 -42 -32.4641
    endloop
  endfacet
  facet normal -0.544584 0 -0.838707
    outer loop
      vertex 6 -38 -32.4641
      vertex 5.64886 -42 -32.2361
      vertex 5.64886 -38 -32.2361
    endloop
  endfacet
  facet normal -0.933552 0 -0.358443
    outer loop
      vertex 4.34582 -42 -30.6269
      vertex 4.19577 -38 -30.2361
      vertex 4.34582 -38 -30.6269
    endloop
  endfacet
  facet normal -0.933552 -0 -0.358443
    outer loop
      vertex 4.19577 -38 -30.2361
      vertex 4.34582 -42 -30.6269
      vertex 4.19577 -42 -30.2361
    endloop
  endfacet
  facet normal 0.0523069 -0 0.998631
    outer loop
      vertex 8 -39 -25
      vertex 8.41811 -38 -25.0219
      vertex 8 -38 -25
    endloop
  endfacet
  facet normal 0.0523069 0 0.998631
    outer loop
      vertex 8.41811 -38 -25.0219
      vertex 8 -39 -25
      vertex 8.41811 -42 -25.0219
    endloop
  endfacet
  facet normal 0.0523069 -0 0.998631
    outer loop
      vertex 8 -41 -25
      vertex 8.41811 -42 -25.0219
      vertex 8 -39 -25
    endloop
  endfacet
  facet normal 0.0523069 0 0.998631
    outer loop
      vertex 8.41811 -42 -25.0219
      vertex 8 -41 -25
      vertex 8 -42 -25
    endloop
  endfacet
  facet normal -0.965941 0 -0.258762
    outer loop
      vertex 4.19577 -42 -30.2361
      vertex 4.08741 -38 -29.8316
      vertex 4.19577 -38 -30.2361
    endloop
  endfacet
  facet normal -0.965941 -0 -0.258762
    outer loop
      vertex 4.08741 -38 -29.8316
      vertex 4.19577 -42 -30.2361
      vertex 4.08741 -42 -29.8316
    endloop
  endfacet
  facet normal 0.998631 0 -0.0523081
    outer loop
      vertex 12 -42 -29
      vertex 11.9781 -38 -29.4181
      vertex 12 -38 -29
    endloop
  endfacet
  facet normal 0.998631 0 -0.0523081
    outer loop
      vertex 11.9781 -38 -29.4181
      vertex 12 -42 -29
      vertex 11.9781 -42 -29.4181
    endloop
  endfacet
  facet normal -0.358275 0 0.933616
    outer loop
      vertex 6.37305 -38 -25.3458
      vertex 6.76393 -42 -25.1958
      vertex 6.76393 -38 -25.1958
    endloop
  endfacet
  facet normal -0.358275 0 0.933616
    outer loop
      vertex 6.76393 -42 -25.1958
      vertex 6.37305 -38 -25.3458
      vertex 6.37305 -42 -25.3458
    endloop
  endfacet
  facet normal -0.454031 0 0.890986
    outer loop
      vertex 6 -38 -25.5359
      vertex 6.37305 -42 -25.3458
      vertex 6.37305 -38 -25.3458
    endloop
  endfacet
  facet normal -0.454031 0 0.890986
    outer loop
      vertex 6.37305 -42 -25.3458
      vertex 6 -38 -25.5359
      vertex 6 -42 -25.5359
    endloop
  endfacet
  facet normal 0.89101 -0 0.453983
    outer loop
      vertex 11.4641 -42 -27
      vertex 11.6542 -38 -27.3731
      vertex 11.4641 -38 -27
    endloop
  endfacet
  facet normal 0.89101 0 0.453983
    outer loop
      vertex 11.6542 -38 -27.3731
      vertex 11.4641 -42 -27
      vertex 11.6542 -42 -27.3731
    endloop
  endfacet
  facet normal 0.629315 0 -0.77715
    outer loop
      vertex 10.3511 -42 -32.2361
      vertex 10.6765 -38 -31.9726
      vertex 10.6765 -42 -31.9726
    endloop
  endfacet
  facet normal 0.629315 0 -0.77715
    outer loop
      vertex 10.6765 -38 -31.9726
      vertex 10.3511 -42 -32.2361
      vertex 10.3511 -38 -32.2361
    endloop
  endfacet
  facet normal -0.0523069 0 0.998631
    outer loop
      vertex 7.58189 -38 -25.0219
      vertex 8 -39 -25
      vertex 8 -38 -25
    endloop
  endfacet
  facet normal -0.0523069 0 0.998631
    outer loop
      vertex 8 -39 -25
      vertex 7.58189 -38 -25.0219
      vertex 8 -41 -25
    endloop
  endfacet
  facet normal -0.0523069 0 0.998631
    outer loop
      vertex 7.58189 -42 -25.0219
      vertex 8 -41 -25
      vertex 7.58189 -38 -25.0219
    endloop
  endfacet
  facet normal -0.0523069 0 0.998631
    outer loop
      vertex 8 -41 -25
      vertex 7.58189 -42 -25.0219
      vertex 8 -42 -25
    endloop
  endfacet
  facet normal 0 -1 0
    outer loop
      vertex 7.58189 -42 -25.0219
      vertex 8.41811 -42 -25.0219
      vertex 8 -42 -25
    endloop
  endfacet
  facet normal 0 -1 0
    outer loop
      vertex 7.16835 -42 -25.0874
      vertex 8.41811 -42 -25.0219
      vertex 7.58189 -42 -25.0219
    endloop
  endfacet
  facet normal 0 -1 0
    outer loop
      vertex 7.16835 -42 -25.0874
      vertex 8.83165 -42 -25.0874
      vertex 8.41811 -42 -25.0219
    endloop
  endfacet
  facet normal 0 -1 0
    outer loop
      vertex 6.76393 -42 -25.1958
      vertex 8.83165 -42 -25.0874
      vertex 7.16835 -42 -25.0874
    endloop
  endfacet
  facet normal 0 -1 0
    outer loop
      vertex 6.76393 -42 -25.1958
      vertex 9.23607 -42 -25.1958
      vertex 8.83165 -42 -25.0874
    endloop
  endfacet
  facet normal 0 -1 0
    outer loop
      vertex 6.37305 -42 -25.3458
      vertex 9.23607 -42 -25.1958
      vertex 6.76393 -42 -25.1958
    endloop
  endfacet
  facet normal 0 -1 0
    outer loop
      vertex 6.37305 -42 -25.3458
      vertex 9.62695 -42 -25.3458
      vertex 9.23607 -42 -25.1958
    endloop
  endfacet
  facet normal 0 -1 0
    outer loop
      vertex 6 -42 -25.5359
      vertex 9.62695 -42 -25.3458
      vertex 6.37305 -42 -25.3458
    endloop
  endfacet
  facet normal 0 -1 0
    outer loop
      vertex 6 -42 -25.5359
      vertex 10 -42 -25.5359
      vertex 9.62695 -42 -25.3458
    endloop
  endfacet
  facet normal 0 -1 0
    outer loop
      vertex 5.64886 -42 -25.7639
      vertex 10 -42 -25.5359
      vertex 6 -42 -25.5359
    endloop
  endfacet
  facet normal 0 -1 0
    outer loop
      vertex 5.64886 -42 -25.7639
      vertex 10.3511 -42 -25.7639
      vertex 10 -42 -25.5359
    endloop
  endfacet
  facet normal 0 -1 0
    outer loop
      vertex 5.32348 -42 -26.0274
      vertex 10.3511 -42 -25.7639
      vertex 5.64886 -42 -25.7639
    endloop
  endfacet
  facet normal 0 -1 0
    outer loop
      vertex 5.32348 -42 -26.0274
      vertex 10.6765 -42 -26.0274
      vertex 10.3511 -42 -25.7639
    endloop
  endfacet
  facet normal 0 -1 0
    outer loop
      vertex 5.02742 -42 -26.3235
      vertex 10.6765 -42 -26.0274
      vertex 5.32348 -42 -26.0274
    endloop
  endfacet
  facet normal 0 -1 0
    outer loop
      vertex 5.02742 -42 -26.3235
      vertex 10.9726 -42 -26.3235
      vertex 10.6765 -42 -26.0274
    endloop
  endfacet
  facet normal 0 -1 0
    outer loop
      vertex 4.76393 -42 -26.6489
      vertex 10.9726 -42 -26.3235
      vertex 5.02742 -42 -26.3235
    endloop
  endfacet
  facet normal 0 -1 0
    outer loop
      vertex 4.76393 -42 -26.6489
      vertex 11.2361 -42 -26.6489
      vertex 10.9726 -42 -26.3235
    endloop
  endfacet
  facet normal 0 -1 0
    outer loop
      vertex 4.5359 -42 -27
      vertex 11.2361 -42 -26.6489
      vertex 4.76393 -42 -26.6489
    endloop
  endfacet
  facet normal 0 -1 0
    outer loop
      vertex 4.5359 -42 -27
      vertex 11.4641 -42 -27
      vertex 11.2361 -42 -26.6489
    endloop
  endfacet
  facet normal 0 -1 0
    outer loop
      vertex 4.34582 -42 -27.3731
      vertex 11.4641 -42 -27
      vertex 4.5359 -42 -27
    endloop
  endfacet
  facet normal 0 -1 0
    outer loop
      vertex 4.34582 -42 -27.3731
      vertex 11.6542 -42 -27.3731
      vertex 11.4641 -42 -27
    endloop
  endfacet
  facet normal 0 -1 0
    outer loop
      vertex 4.19577 -42 -27.7639
      vertex 11.6542 -42 -27.3731
      vertex 4.34582 -42 -27.3731
    endloop
  endfacet
  facet normal 0 -1 0
    outer loop
      vertex 4.19577 -42 -27.7639
      vertex 11.8042 -42 -27.7639
      vertex 11.6542 -42 -27.3731
    endloop
  endfacet
  facet normal 0 -1 0
    outer loop
      vertex 4.08741 -42 -28.1684
      vertex 11.8042 -42 -27.7639
      vertex 4.19577 -42 -27.7639
    endloop
  endfacet
  facet normal 0 -1 0
    outer loop
      vertex 4.08741 -42 -28.1684
      vertex 11.9126 -42 -28.1684
      vertex 11.8042 -42 -27.7639
    endloop
  endfacet
  facet normal 0 -1 0
    outer loop
      vertex 4.02191 -42 -28.5819
      vertex 11.9126 -42 -28.1684
      vertex 4.08741 -42 -28.1684
    endloop
  endfacet
  facet normal 0 -1 0
    outer loop
      vertex 4.02191 -42 -28.5819
      vertex 11.9781 -42 -28.5819
      vertex 11.9126 -42 -28.1684
    endloop
  endfacet
  facet normal 0 -1 0
    outer loop
      vertex 4 -42 -29
      vertex 11.9781 -42 -28.5819
      vertex 4.02191 -42 -28.5819
    endloop
  endfacet
  facet normal 0 -1 0
    outer loop
      vertex 4 -42 -29
      vertex 12 -42 -29
      vertex 11.9781 -42 -28.5819
    endloop
  endfacet
  facet normal 0 -1 0
    outer loop
      vertex 4.02191 -42 -29.4181
      vertex 12 -42 -29
      vertex 4 -42 -29
    endloop
  endfacet
  facet normal 0 -1 0
    outer loop
      vertex 4.02191 -42 -29.4181
      vertex 11.9781 -42 -29.4181
      vertex 12 -42 -29
    endloop
  endfacet
  facet normal 0 -1 0
    outer loop
      vertex 4.08741 -42 -29.8316
      vertex 11.9781 -42 -29.4181
      vertex 4.02191 -42 -29.4181
    endloop
  endfacet
  facet normal 0 -1 0
    outer loop
      vertex 4.08741 -42 -29.8316
      vertex 11.9126 -42 -29.8316
      vertex 11.9781 -42 -29.4181
    endloop
  endfacet
  facet normal 0 -1 0
    outer loop
      vertex 4.19577 -42 -30.2361
      vertex 11.9126 -42 -29.8316
      vertex 4.08741 -42 -29.8316
    endloop
  endfacet
  facet normal 0 -1 0
    outer loop
      vertex 4.19577 -42 -30.2361
      vertex 11.8042 -42 -30.2361
      vertex 11.9126 -42 -29.8316
    endloop
  endfacet
  facet normal 0 -1 0
    outer loop
      vertex 4.34582 -42 -30.6269
      vertex 11.8042 -42 -30.2361
      vertex 4.19577 -42 -30.2361
    endloop
  endfacet
  facet normal 0 -1 0
    outer loop
      vertex 4.34582 -42 -30.6269
      vertex 11.6542 -42 -30.6269
      vertex 11.8042 -42 -30.2361
    endloop
  endfacet
  facet normal 0 -1 0
    outer loop
      vertex 4.5359 -42 -31
      vertex 11.6542 -42 -30.6269
      vertex 4.34582 -42 -30.6269
    endloop
  endfacet
  facet normal 0 -1 0
    outer loop
      vertex 4.5359 -42 -31
      vertex 11.4641 -42 -31
      vertex 11.6542 -42 -30.6269
    endloop
  endfacet
  facet normal 0 -1 0
    outer loop
      vertex 4.76393 -42 -31.3511
      vertex 11.4641 -42 -31
      vertex 4.5359 -42 -31
    endloop
  endfacet
  facet normal 0 -1 0
    outer loop
      vertex 4.76393 -42 -31.3511
      vertex 11.2361 -42 -31.3511
      vertex 11.4641 -42 -31
    endloop
  endfacet
  facet normal 0 -1 0
    outer loop
      vertex 5.02742 -42 -31.6765
      vertex 11.2361 -42 -31.3511
      vertex 4.76393 -42 -31.3511
    endloop
  endfacet
  facet normal 0 -1 0
    outer loop
      vertex 5.02742 -42 -31.6765
      vertex 10.9726 -42 -31.6765
      vertex 11.2361 -42 -31.3511
    endloop
  endfacet
  facet normal 0 -1 0
    outer loop
      vertex 5.32348 -42 -31.9726
      vertex 10.9726 -42 -31.6765
      vertex 5.02742 -42 -31.6765
    endloop
  endfacet
  facet normal 0 -1 0
    outer loop
      vertex 5.32348 -42 -31.9726
      vertex 10.6765 -42 -31.9726
      vertex 10.9726 -42 -31.6765
    endloop
  endfacet
  facet normal 0 -1 0
    outer loop
      vertex 5.64886 -42 -32.2361
      vertex 10.6765 -42 -31.9726
      vertex 5.32348 -42 -31.9726
    endloop
  endfacet
  facet normal 0 -1 0
    outer loop
      vertex 5.64886 -42 -32.2361
      vertex 10.3511 -42 -32.2361
      vertex 10.6765 -42 -31.9726
    endloop
  endfacet
  facet normal 0 -1 0
    outer loop
      vertex 6 -42 -32.4641
      vertex 10.3511 -42 -32.2361
      vertex 5.64886 -42 -32.2361
    endloop
  endfacet
  facet normal 0 -1 0
    outer loop
      vertex 6 -42 -32.4641
      vertex 10 -42 -32.4641
      vertex 10.3511 -42 -32.2361
    endloop
  endfacet
  facet normal 0 -1 0
    outer loop
      vertex 6.37305 -42 -32.6542
      vertex 10 -42 -32.4641
      vertex 6 -42 -32.4641
    endloop
  endfacet
  facet normal 0 -1 0
    outer loop
      vertex 6.37305 -42 -32.6542
      vertex 9.62695 -42 -32.6542
      vertex 10 -42 -32.4641
    endloop
  endfacet
  facet normal 0 -1 0
    outer loop
      vertex 6.76393 -42 -32.8042
      vertex 9.62695 -42 -32.6542
      vertex 6.37305 -42 -32.6542
    endloop
  endfacet
  facet normal 0 -1 0
    outer loop
      vertex 6.76393 -42 -32.8042
      vertex 9.23607 -42 -32.8042
      vertex 9.62695 -42 -32.6542
    endloop
  endfacet
  facet normal 0 -1 0
    outer loop
      vertex 7.16835 -42 -32.9126
      vertex 9.23607 -42 -32.8042
      vertex 6.76393 -42 -32.8042
    endloop
  endfacet
  facet normal 0 -1 0
    outer loop
      vertex 7.16835 -42 -32.9126
      vertex 8.83165 -42 -32.9126
      vertex 9.23607 -42 -32.8042
    endloop
  endfacet
  facet normal 0 -1 0
    outer loop
      vertex 7.58189 -42 -32.9781
      vertex 8.83165 -42 -32.9126
      vertex 7.16835 -42 -32.9126
    endloop
  endfacet
  facet normal 0 -1 0
    outer loop
      vertex 7.58189 -42 -32.9781
      vertex 8.41811 -42 -32.9781
      vertex 8.83165 -42 -32.9126
    endloop
  endfacet
  facet normal -0 -1 0
    outer loop
      vertex 8.41811 -42 -32.9781
      vertex 7.58189 -42 -32.9781
      vertex 8 -42 -33
    endloop
  endfacet
  facet normal 0.707107 -0 0.707107
    outer loop
      vertex 10.6765 -42 -26.0274
      vertex 10.9726 -38 -26.3235
      vertex 10.6765 -38 -26.0274
    endloop
  endfacet
  facet normal 0.707107 0 0.707107
    outer loop
      vertex 10.9726 -38 -26.3235
      vertex 10.6765 -42 -26.0274
      vertex 10.9726 -42 -26.3235
    endloop
  endfacet
  facet normal -0.838645 0 -0.544678
    outer loop
      vertex 4.76393 -42 -31.3511
      vertex 4.5359 -38 -31
      vertex 4.76393 -38 -31.3511
    endloop
  endfacet
  facet normal -0.838645 -0 -0.544678
    outer loop
      vertex 4.5359 -38 -31
      vertex 4.76393 -42 -31.3511
      vertex 4.5359 -42 -31
    endloop
  endfacet
  facet normal 0.258899 0 -0.965904
    outer loop
      vertex 8.83165 -42 -32.9126
      vertex 9.23607 -38 -32.8042
      vertex 9.23607 -42 -32.8042
    endloop
  endfacet
  facet normal 0.258899 0 -0.965904
    outer loop
      vertex 9.23607 -38 -32.8042
      vertex 8.83165 -42 -32.9126
      vertex 8.83165 -38 -32.9126
    endloop
  endfacet
  facet normal 0.933592 0 -0.358339
    outer loop
      vertex 11.8042 -42 -30.2361
      vertex 11.6542 -38 -30.6269
      vertex 11.8042 -38 -30.2361
    endloop
  endfacet
  facet normal 0.933592 0 -0.358339
    outer loop
      vertex 11.6542 -38 -30.6269
      vertex 11.8042 -42 -30.2361
      vertex 11.6542 -42 -30.6269
    endloop
  endfacet
  facet normal 0.544627 0 0.838678
    outer loop
      vertex 10 -38 -25.5359
      vertex 10.3511 -42 -25.7639
      vertex 10.3511 -38 -25.7639
    endloop
  endfacet
  facet normal 0.544627 0 0.838678
    outer loop
      vertex 10.3511 -42 -25.7639
      vertex 10 -38 -25.5359
      vertex 10 -42 -25.5359
    endloop
  endfacet
  facet normal -0.965941 0 0.258762
    outer loop
      vertex 4.08741 -42 -28.1684
      vertex 4.19577 -38 -27.7639
      vertex 4.08741 -38 -28.1684
    endloop
  endfacet
  facet normal -0.965941 0 0.258762
    outer loop
      vertex 4.19577 -38 -27.7639
      vertex 4.08741 -42 -28.1684
      vertex 4.19577 -42 -27.7639
    endloop
  endfacet
  facet normal -0.707155 0 -0.707059
    outer loop
      vertex 5.32348 -42 -31.9726
      vertex 5.02742 -38 -31.6765
      vertex 5.32348 -38 -31.9726
    endloop
  endfacet
  facet normal -0.707155 -0 -0.707059
    outer loop
      vertex 5.02742 -38 -31.6765
      vertex 5.32348 -42 -31.9726
      vertex 5.02742 -42 -31.6765
    endloop
  endfacet
  facet normal -0.707155 0 0.707059
    outer loop
      vertex 5.02742 -42 -26.3235
      vertex 5.32348 -38 -26.0274
      vertex 5.02742 -38 -26.3235
    endloop
  endfacet
  facet normal -0.707155 0 0.707059
    outer loop
      vertex 5.32348 -38 -26.0274
      vertex 5.02742 -42 -26.3235
      vertex 5.32348 -42 -26.0274
    endloop
  endfacet
  facet normal -0.987685 0 0.156453
    outer loop
      vertex 4.02191 -42 -28.5819
      vertex 4.08741 -38 -28.1684
      vertex 4.02191 -38 -28.5819
    endloop
  endfacet
  facet normal -0.987685 0 0.156453
    outer loop
      vertex 4.08741 -38 -28.1684
      vertex 4.02191 -42 -28.5819
      vertex 4.08741 -42 -28.1684
    endloop
  endfacet
  facet normal -0.156438 0 0.987688
    outer loop
      vertex 7.16835 -38 -25.0874
      vertex 7.58189 -42 -25.0219
      vertex 7.58189 -38 -25.0219
    endloop
  endfacet
  facet normal -0.156438 0 0.987688
    outer loop
      vertex 7.58189 -42 -25.0219
      vertex 7.16835 -38 -25.0874
      vertex 7.16835 -42 -25.0874
    endloop
  endfacet
  facet normal 0.838678 -0 0.544627
    outer loop
      vertex 11.2361 -42 -26.6489
      vertex 11.4641 -38 -27
      vertex 11.2361 -38 -26.6489
    endloop
  endfacet
  facet normal 0.838678 0 0.544627
    outer loop
      vertex 11.4641 -38 -27
      vertex 11.2361 -42 -26.6489
      vertex 11.4641 -42 -27
    endloop
  endfacet
  facet normal 0.258899 0 0.965904
    outer loop
      vertex 8.83165 -38 -25.0874
      vertex 9.23607 -42 -25.1958
      vertex 9.23607 -38 -25.1958
    endloop
  endfacet
  facet normal 0.258899 0 0.965904
    outer loop
      vertex 9.23607 -42 -25.1958
      vertex 8.83165 -38 -25.0874
      vertex 8.83165 -42 -25.0874
    endloop
  endfacet
  facet normal -0.0523069 0 -0.998631
    outer loop
      vertex 7.58189 -42 -32.9781
      vertex 8 -38 -33
      vertex 8 -42 -33
    endloop
  endfacet
  facet normal -0.0523069 0 -0.998631
    outer loop
      vertex 8 -38 -33
      vertex 7.58189 -42 -32.9781
      vertex 7.58189 -38 -32.9781
    endloop
  endfacet
  facet normal -0.454031 0 -0.890986
    outer loop
      vertex 6 -42 -32.4641
      vertex 6.37305 -38 -32.6542
      vertex 6.37305 -42 -32.6542
    endloop
  endfacet
  facet normal -0.454031 0 -0.890986
    outer loop
      vertex 6.37305 -38 -32.6542
      vertex 6 -42 -32.4641
      vertex 6 -38 -32.4641
    endloop
  endfacet
  facet normal 0.89101 0 -0.453983
    outer loop
      vertex 11.6542 -42 -30.6269
      vertex 11.4641 -38 -31
      vertex 11.6542 -38 -30.6269
    endloop
  endfacet
  facet normal 0.89101 0 -0.453983
    outer loop
      vertex 11.4641 -38 -31
      vertex 11.6542 -42 -30.6269
      vertex 11.4641 -42 -31
    endloop
  endfacet
  facet normal -0.258899 0 0.965904
    outer loop
      vertex 6.76393 -38 -25.1958
      vertex 7.16835 -42 -25.0874
      vertex 7.16835 -38 -25.0874
    endloop
  endfacet
  facet normal -0.258899 0 0.965904
    outer loop
      vertex 7.16835 -42 -25.0874
      vertex 6.76393 -38 -25.1958
      vertex 6.76393 -42 -25.1958
    endloop
  endfacet
  facet normal -0.544584 0 0.838707
    outer loop
      vertex 5.64886 -38 -25.7639
      vertex 6 -42 -25.5359
      vertex 6 -38 -25.5359
    endloop
  endfacet
  facet normal -0.544584 0 0.838707
    outer loop
      vertex 6 -42 -25.5359
      vertex 5.64886 -38 -25.7639
      vertex 5.64886 -42 -25.7639
    endloop
  endfacet
  facet normal -0.629338 0 0.777131
    outer loop
      vertex 5.32348 -38 -26.0274
      vertex 5.64886 -42 -25.7639
      vertex 5.64886 -38 -25.7639
    endloop
  endfacet
  facet normal -0.629338 0 0.777131
    outer loop
      vertex 5.64886 -42 -25.7639
      vertex 5.32348 -38 -26.0274
      vertex 5.32348 -42 -26.0274
    endloop
  endfacet
  facet normal -0.629338 0 -0.777131
    outer loop
      vertex 5.32348 -42 -31.9726
      vertex 5.64886 -38 -32.2361
      vertex 5.64886 -42 -32.2361
    endloop
  endfacet
  facet normal -0.629338 0 -0.777131
    outer loop
      vertex 5.64886 -38 -32.2361
      vertex 5.32348 -42 -31.9726
      vertex 5.32348 -38 -31.9726
    endloop
  endfacet
  facet normal -0.99863 0 -0.0523319
    outer loop
      vertex 4.02191 -42 -29.4181
      vertex 4 -38 -29
      vertex 4.02191 -38 -29.4181
    endloop
  endfacet
  facet normal -0.99863 -0 -0.0523319
    outer loop
      vertex 4 -38 -29
      vertex 4.02191 -42 -29.4181
      vertex 4 -42 -29
    endloop
  endfacet
  facet normal -0.777162 0 0.629301
    outer loop
      vertex 4.76393 -42 -26.6489
      vertex 5.02742 -38 -26.3235
      vertex 4.76393 -38 -26.6489
    endloop
  endfacet
  facet normal -0.777162 0 0.629301
    outer loop
      vertex 5.02742 -38 -26.3235
      vertex 4.76393 -42 -26.6489
      vertex 5.02742 -42 -26.3235
    endloop
  endfacet
  facet normal 0.0523069 0 -0.998631
    outer loop
      vertex 8 -42 -33
      vertex 8.41811 -38 -32.9781
      vertex 8.41811 -42 -32.9781
    endloop
  endfacet
  facet normal 0.0523069 0 -0.998631
    outer loop
      vertex 8.41811 -38 -32.9781
      vertex 8 -42 -33
      vertex 8 -38 -33
    endloop
  endfacet
  facet normal 0.965917 0 -0.258851
    outer loop
      vertex 11.9126 -42 -29.8316
      vertex 11.8042 -38 -30.2361
      vertex 11.9126 -38 -29.8316
    endloop
  endfacet
  facet normal 0.965917 0 -0.258851
    outer loop
      vertex 11.8042 -38 -30.2361
      vertex 11.9126 -42 -29.8316
      vertex 11.8042 -42 -30.2361
    endloop
  endfacet
  facet normal -0.838645 0 0.544678
    outer loop
      vertex 4.5359 -42 -27
      vertex 4.76393 -38 -26.6489
      vertex 4.5359 -38 -27
    endloop
  endfacet
  facet normal -0.838645 0 0.544678
    outer loop
      vertex 4.76393 -38 -26.6489
      vertex 4.5359 -42 -27
      vertex 4.76393 -42 -26.6489
    endloop
  endfacet
  facet normal -0.987685 0 -0.156453
    outer loop
      vertex 4.08741 -42 -29.8316
      vertex 4.02191 -38 -29.4181
      vertex 4.08741 -38 -29.8316
    endloop
  endfacet
  facet normal -0.987685 -0 -0.156453
    outer loop
      vertex 4.02191 -38 -29.4181
      vertex 4.08741 -42 -29.8316
      vertex 4.02191 -42 -29.4181
    endloop
  endfacet
  facet normal -0.156438 0 -0.987688
    outer loop
      vertex 7.16835 -42 -32.9126
      vertex 7.58189 -38 -32.9781
      vertex 7.58189 -42 -32.9781
    endloop
  endfacet
  facet normal -0.156438 0 -0.987688
    outer loop
      vertex 7.58189 -38 -32.9781
      vertex 7.16835 -42 -32.9126
      vertex 7.16835 -38 -32.9126
    endloop
  endfacet
  facet normal 0.156438 0 -0.987688
    outer loop
      vertex 8.41811 -42 -32.9781
      vertex 8.83165 -38 -32.9126
      vertex 8.83165 -42 -32.9126
    endloop
  endfacet
  facet normal 0.156438 0 -0.987688
    outer loop
      vertex 8.83165 -38 -32.9126
      vertex 8.41811 -42 -32.9781
      vertex 8.41811 -38 -32.9781
    endloop
  endfacet
  facet normal 0.987685 0 -0.156453
    outer loop
      vertex 11.9781 -42 -29.4181
      vertex 11.9126 -38 -29.8316
      vertex 11.9781 -38 -29.4181
    endloop
  endfacet
  facet normal 0.987685 0 -0.156453
    outer loop
      vertex 11.9126 -38 -29.8316
      vertex 11.9781 -42 -29.4181
      vertex 11.9126 -42 -29.8316
    endloop
  endfacet
  facet normal 0.707107 0 -0.707107
    outer loop
      vertex 10.9726 -42 -31.6765
      vertex 10.6765 -38 -31.9726
      vertex 10.9726 -38 -31.6765
    endloop
  endfacet
  facet normal 0.707107 0 -0.707107
    outer loop
      vertex 10.6765 -38 -31.9726
      vertex 10.9726 -42 -31.6765
      vertex 10.6765 -42 -31.9726
    endloop
  endfacet
  facet normal 0.77715 0 -0.629315
    outer loop
      vertex 11.2361 -42 -31.3511
      vertex 10.9726 -38 -31.6765
      vertex 11.2361 -38 -31.3511
    endloop
  endfacet
  facet normal 0.77715 0 -0.629315
    outer loop
      vertex 10.9726 -38 -31.6765
      vertex 11.2361 -42 -31.3511
      vertex 10.9726 -42 -31.6765
    endloop
  endfacet
  facet normal -0.99863 0 0.0523319
    outer loop
      vertex 4 -42 -29
      vertex 4.02191 -38 -28.5819
      vertex 4 -38 -29
    endloop
  endfacet
  facet normal -0.99863 0 0.0523319
    outer loop
      vertex 4.02191 -38 -28.5819
      vertex 4 -42 -29
      vertex 4.02191 -42 -28.5819
    endloop
  endfacet
  facet normal -0.358275 0 -0.933616
    outer loop
      vertex 6.37305 -42 -32.6542
      vertex 6.76393 -38 -32.8042
      vertex 6.76393 -42 -32.8042
    endloop
  endfacet
  facet normal -0.358275 0 -0.933616
    outer loop
      vertex 6.76393 -38 -32.8042
      vertex 6.37305 -42 -32.6542
      vertex 6.37305 -38 -32.6542
    endloop
  endfacet
  facet normal -0.89103 0 0.453945
    outer loop
      vertex 4.34582 -42 -27.3731
      vertex 4.5359 -38 -27
      vertex 4.34582 -38 -27.3731
    endloop
  endfacet
  facet normal -0.89103 0 0.453945
    outer loop
      vertex 4.5359 -38 -27
      vertex 4.34582 -42 -27.3731
      vertex 4.5359 -42 -27
    endloop
  endfacet
  facet normal -0.777162 0 -0.629301
    outer loop
      vertex 5.02742 -42 -31.6765
      vertex 4.76393 -38 -31.3511
      vertex 5.02742 -38 -31.6765
    endloop
  endfacet
  facet normal -0.777162 -0 -0.629301
    outer loop
      vertex 4.76393 -38 -31.3511
      vertex 5.02742 -42 -31.6765
      vertex 4.76393 -42 -31.3511
    endloop
  endfacet
  facet normal 0.156438 0 0.987688
    outer loop
      vertex 8.41811 -38 -25.0219
      vertex 8.83165 -42 -25.0874
      vertex 8.83165 -38 -25.0874
    endloop
  endfacet
  facet normal 0.156438 0 0.987688
    outer loop
      vertex 8.83165 -42 -25.0874
      vertex 8.41811 -38 -25.0219
      vertex 8.41811 -42 -25.0219
    endloop
  endfacet
  facet normal 0.996194 0 -0.0871666
    outer loop
      vertex 15.0737 60 0.186955
      vertex 14.8122 32.9956 -2.80163
      vertex 14.8122 60 -2.80163
    endloop
  endfacet
  facet normal 0.996207 -1.71734e-05 -0.0870126
    outer loop
      vertex 15.0737 60 0.186955
      vertex 14.8369 32.4404 -2.51873
      vertex 14.8122 32.9956 -2.80163
    endloop
  endfacet
  facet normal 0.996191 6.92995e-07 -0.0871932
    outer loop
      vertex 15.0737 60 0.186955
      vertex 14.8566 31.8541 -2.29366
      vertex 14.8369 32.4404 -2.51873
    endloop
  endfacet
  facet normal 0.996203 -1.06295e-05 -0.0870657
    outer loop
      vertex 15.0737 60 0.186955
      vertex 14.8708 31.2475 -2.13111
      vertex 14.8566 31.8541 -2.29366
    endloop
  endfacet
  facet normal 0.996191 5.75623e-07 -0.0872036
    outer loop
      vertex 15.0737 60 0.186955
      vertex 14.8794 30.6272 -2.03287
      vertex 14.8708 31.2475 -2.13111
    endloop
  endfacet
  facet normal 0.996166 2.14851e-05 -0.0874782
    outer loop
      vertex 15.0737 60 0.186955
      vertex 14.8823 30 -2
      vertex 14.8794 30.6272 -2.03287
    endloop
  endfacet
  facet normal 0.996347 -0.000131409 -0.0853966
    outer loop
      vertex 15.0737 60 0.186955
      vertex 14.8794 29.3728 -2.03287
      vertex 14.8823 30 -2
    endloop
  endfacet
  facet normal 0.99621 0 -0.0869791
    outer loop
      vertex 14.8369 27.5596 -2.51873
      vertex 14.8122 -27.0044 -2.80163
      vertex 14.8122 27.0044 -2.80163
    endloop
  endfacet
  facet normal 0.996191 0 -0.087195
    outer loop
      vertex 14.8369 -27.5596 -2.51873
      vertex 14.8369 27.5596 -2.51873
      vertex 14.8566 28.1459 -2.29366
    endloop
  endfacet
  facet normal 0.996206 0 -0.0870263
    outer loop
      vertex 14.8566 -28.1459 -2.29366
      vertex 14.8566 28.1459 -2.29366
      vertex 14.8708 28.7525 -2.13111
    endloop
  endfacet
  facet normal 0.99619 0 -0.0872072
    outer loop
      vertex 14.8708 -28.7525 -2.13111
      vertex 14.8708 28.7525 -2.13111
      vertex 14.8794 29.3728 -2.03287
    endloop
  endfacet
  facet normal 0.996191 0 -0.087196
    outer loop
      vertex 14.8794 -29.3728 -2.03287
      vertex 14.8794 29.3728 -2.03287
      vertex 15.0737 60 0.186955
    endloop
  endfacet
  facet normal 0.99621 0 -0.0869791
    outer loop
      vertex 14.8369 27.5596 -2.51873
      vertex 14.8369 -27.5596 -2.51873
      vertex 14.8122 -27.0044 -2.80163
    endloop
  endfacet
  facet normal 0.996191 0 -0.087195
    outer loop
      vertex 14.8566 28.1459 -2.29366
      vertex 14.8566 -28.1459 -2.29366
      vertex 14.8369 -27.5596 -2.51873
    endloop
  endfacet
  facet normal 0.996206 0 -0.0870263
    outer loop
      vertex 14.8708 28.7525 -2.13111
      vertex 14.8708 -28.7525 -2.13111
      vertex 14.8566 -28.1459 -2.29366
    endloop
  endfacet
  facet normal 0.99619 0 -0.0872072
    outer loop
      vertex 14.8794 29.3728 -2.03287
      vertex 14.8794 -29.3728 -2.03287
      vertex 14.8708 -28.7525 -2.13111
    endloop
  endfacet
  facet normal 0.99615 1.16989e-05 -0.0876635
    outer loop
      vertex 15.0737 60 0.186955
      vertex 14.8823 -30 -2
      vertex 14.8794 -29.3728 -2.03287
    endloop
  endfacet
  facet normal 0.996192 0 -0.0871857
    outer loop
      vertex 15.0737 -60 0.186955
      vertex 14.8823 -30 -2
      vertex 15.0737 60 0.186955
    endloop
  endfacet
  facet normal 0.996166 -2.14851e-05 -0.0874782
    outer loop
      vertex 15.0737 -60 0.186955
      vertex 14.8794 -30.6272 -2.03287
      vertex 14.8823 -30 -2
    endloop
  endfacet
  facet normal 0.996191 -5.75623e-07 -0.0872036
    outer loop
      vertex 15.0737 -60 0.186955
      vertex 14.8708 -31.2475 -2.13111
      vertex 14.8794 -30.6272 -2.03287
    endloop
  endfacet
  facet normal 0.996203 1.06295e-05 -0.0870657
    outer loop
      vertex 15.0737 -60 0.186955
      vertex 14.8566 -31.8541 -2.29366
      vertex 14.8708 -31.2475 -2.13111
    endloop
  endfacet
  facet normal 0.996191 -6.92995e-07 -0.0871932
    outer loop
      vertex 15.0737 -60 0.186955
      vertex 14.8369 -32.4404 -2.51873
      vertex 14.8566 -31.8541 -2.29366
    endloop
  endfacet
  facet normal 0.996207 1.71734e-05 -0.0870126
    outer loop
      vertex 15.0737 -60 0.186955
      vertex 14.8122 -32.9956 -2.80163
      vertex 14.8369 -32.4404 -2.51873
    endloop
  endfacet
  facet normal 0.996194 0 -0.0871666
    outer loop
      vertex 14.8122 -32.9956 -2.80163
      vertex 15.0737 -60 0.186955
      vertex 14.8122 -60 -2.80163
    endloop
  endfacet
  facet normal 0.0871551 0 0.996195
    outer loop
      vertex 15.0737 60 0.186955
      vertex 10 0 0.630843
      vertex 15.0737 -60 0.186955
    endloop
  endfacet
  facet normal 0.087151 3.49556e-07 0.996195
    outer loop
      vertex 15.0737 60 0.186955
      vertex 9.94522 1.04528 0.635635
      vertex 10 0 0.630843
    endloop
  endfacet
  facet normal 0.0871578 -2.49213e-07 0.996195
    outer loop
      vertex 15.0737 60 0.186955
      vertex 9.78148 2.07912 0.649961
      vertex 9.94522 1.04528 0.635635
    endloop
  endfacet
  facet normal 0.0871544 6.56668e-08 0.996195
    outer loop
      vertex 15.0737 60 0.186955
      vertex 9.51056 3.09017 0.673663
      vertex 9.78148 2.07912 0.649961
    endloop
  endfacet
  facet normal 0.0871559 -7.77593e-08 0.996195
    outer loop
      vertex 15.0737 60 0.186955
      vertex 9.13545 4.06737 0.706481
      vertex 9.51056 3.09017 0.673663
    endloop
  endfacet
  facet normal 0.0871546 6.04745e-08 0.996195
    outer loop
      vertex 15.0737 60 0.186955
      vertex 8.66025 5 0.748055
      vertex 9.13545 4.06737 0.706481
    endloop
  endfacet
  facet normal 0.0871563 -1.43949e-07 0.996195
    outer loop
      vertex 15.0737 60 0.186955
      vertex 8.09017 5.87785 0.797931
      vertex 8.66025 5 0.748055
    endloop
  endfacet
  facet normal 0.0871563 -1.37544e-07 0.996195
    outer loop
      vertex 15.0737 60 0.186955
      vertex 7.43145 6.69131 0.855562
      vertex 8.09017 5.87785 0.797931
    endloop
  endfacet
  facet normal 0.0871559 -7.66601e-08 0.996195
    outer loop
      vertex 15.0737 60 0.186955
      vertex 6.69131 7.43145 0.920316
      vertex 7.43145 6.69131 0.855562
    endloop
  endfacet
  facet normal 0.0871551 3.93563e-08 0.996195
    outer loop
      vertex 15.0737 60 0.186955
      vertex 5.87785 8.09017 0.991484
      vertex 6.69131 7.43145 0.920316
    endloop
  endfacet
  facet normal 0.0871598 -7.97413e-07 0.996194
    outer loop
      vertex 15.0737 60 0.186955
      vertex 5 8.66025 1.06829
      vertex 5.87785 8.09017 0.991484
    endloop
  endfacet
  facet normal 0.0871514 8.75331e-07 0.996195
    outer loop
      vertex 15.0737 60 0.186955
      vertex 4.06737 9.13545 1.14988
      vertex 5 8.66025 1.06829
    endloop
  endfacet
  facet normal 0.0871521 7.2463e-07 0.996195
    outer loop
      vertex 15.0737 60 0.186955
      vertex 3.09017 9.51056 1.23537
      vertex 4.06737 9.13545 1.14988
    endloop
  endfacet
  facet normal 0.0871599 -1.15737e-06 0.996194
    outer loop
      vertex 15.0737 60 0.186955
      vertex 2.07912 9.78148 1.32383
      vertex 3.09017 9.51056 1.23537
    endloop
  endfacet
  facet normal 0.0871564 -2.37982e-07 0.996195
    outer loop
      vertex 15.0737 60 0.186955
      vertex 1.04528 9.94522 1.41428
      vertex 2.07912 9.78148 1.32383
    endloop
  endfacet
  facet normal 0.0871556 -1.37543e-08 0.996195
    outer loop
      vertex 15.0737 60 0.186955
      vertex 0 10 1.50573
      vertex 1.04528 9.94522 1.41428
    endloop
  endfacet
  facet normal 0.0871557 -3.25166e-08 0.996195
    outer loop
      vertex -14.8122 60 2.80163
      vertex 0 10 1.50573
      vertex 15.0737 60 0.186955
    endloop
  endfacet
  facet normal 0.0871556 -4.99642e-08 0.996195
    outer loop
      vertex 0 10 1.50573
      vertex -14.8122 60 2.80163
      vertex -1.04528 9.94522 1.59718
    endloop
  endfacet
  facet normal 0.0871564 1.72037e-07 0.996195
    outer loop
      vertex -1.04528 9.94522 1.59718
      vertex -14.8122 60 2.80163
      vertex -2.07912 9.78148 1.68763
    endloop
  endfacet
  facet normal 0.0871508 -1.26353e-06 0.996195
    outer loop
      vertex -2.07912 9.78148 1.68763
      vertex -14.8122 60 2.80163
      vertex -3.09017 9.51056 1.77608
    endloop
  endfacet
  facet normal 0.0871614 1.22551e-06 0.996194
    outer loop
      vertex -3.09017 9.51056 1.77608
      vertex -14.8122 60 2.80163
      vertex -4.06737 9.13545 1.86158
    endloop
  endfacet
  facet normal 0.0871514 -9.12927e-07 0.996195
    outer loop
      vertex -4.06737 9.13545 1.86158
      vertex -14.8122 60 2.80163
      vertex -5 8.66025 1.94317
    endloop
  endfacet
  facet normal 0.0871539 -4.35564e-07 0.996195
    outer loop
      vertex -5 8.66025 1.94317
      vertex -14.8122 60 2.80163
      vertex -5.87785 8.09017 2.01997
    endloop
  endfacet
  facet normal 0.0871574 1.7695e-07 0.996195
    outer loop
      vertex -5.87785 8.09017 2.01997
      vertex -14.8122 60 2.80163
      vertex -6.69131 7.43145 2.09114
    endloop
  endfacet
  facet normal 0.0871629 1.0372e-06 0.996194
    outer loop
      vertex -6.69131 7.43145 2.09114
      vertex -14.8122 60 2.80163
      vertex -7.43145 6.69131 2.1559
    endloop
  endfacet
  facet normal 0.087155 -6.4034e-08 0.996195
    outer loop
      vertex -7.43145 6.69131 2.1559
      vertex -14.8122 60 2.80163
      vertex -8.09017 5.87785 2.21353
    endloop
  endfacet
  facet normal 0.0871476 -9.86899e-07 0.996195
    outer loop
      vertex -8.09017 5.87785 2.21353
      vertex -14.8122 60 2.80163
      vertex -8.66025 5 2.2634
    endloop
  endfacet
  facet normal 0.0872079 4.26799e-06 0.99619
    outer loop
      vertex -9.94522 1.04528 2.37582
      vertex -14.8122 60 2.80163
      vertex -10 0 2.38062
    endloop
  endfacet
  facet normal 0.0871346 -1.82999e-06 0.996197
    outer loop
      vertex -9.78148 2.07912 2.3615
      vertex -14.8122 60 2.80163
      vertex -9.94522 1.04528 2.37582
    endloop
  endfacet
  facet normal 0.087149 -5.73201e-07 0.996195
    outer loop
      vertex -9.51056 3.09017 2.3378
      vertex -14.8122 60 2.80163
      vertex -9.78148 2.07912 2.3615
    endloop
  endfacet
  facet normal 0.0871601 4.71412e-07 0.996194
    outer loop
      vertex -9.13545 4.06737 2.30498
      vertex -14.8122 60 2.80163
      vertex -9.51056 3.09017 2.3378
    endloop
  endfacet
  facet normal 0.0871651 9.74675e-07 0.996194
    outer loop
      vertex -8.66025 5 2.2634
      vertex -14.8122 60 2.80163
      vertex -9.13545 4.06737 2.30498
    endloop
  endfacet
  facet normal 0.087151 -3.49556e-07 0.996195
    outer loop
      vertex 9.94522 -1.04528 0.635635
      vertex 15.0737 -60 0.186955
      vertex 10 0 0.630843
    endloop
  endfacet
  facet normal 0.0871578 2.49213e-07 0.996195
    outer loop
      vertex 9.78148 -2.07912 0.649961
      vertex 15.0737 -60 0.186955
      vertex 9.94522 -1.04528 0.635635
    endloop
  endfacet
  facet normal 0.0871544 -6.56668e-08 0.996195
    outer loop
      vertex 9.51056 -3.09017 0.673663
      vertex 15.0737 -60 0.186955
      vertex 9.78148 -2.07912 0.649961
    endloop
  endfacet
  facet normal 0.0871559 7.77593e-08 0.996195
    outer loop
      vertex 9.13545 -4.06737 0.706481
      vertex 15.0737 -60 0.186955
      vertex 9.51056 -3.09017 0.673663
    endloop
  endfacet
  facet normal 0.0871546 -6.04745e-08 0.996195
    outer loop
      vertex 8.66025 -5 0.748055
      vertex 15.0737 -60 0.186955
      vertex 9.13545 -4.06737 0.706481
    endloop
  endfacet
  facet normal 0.0871563 1.43949e-07 0.996195
    outer loop
      vertex 8.09017 -5.87785 0.797931
      vertex 15.0737 -60 0.186955
      vertex 8.66025 -5 0.748055
    endloop
  endfacet
  facet normal 0.0871563 1.37544e-07 0.996195
    outer loop
      vertex 7.43145 -6.69131 0.855562
      vertex 15.0737 -60 0.186955
      vertex 8.09017 -5.87785 0.797931
    endloop
  endfacet
  facet normal 0.0871559 7.66601e-08 0.996195
    outer loop
      vertex 6.69131 -7.43145 0.920316
      vertex 15.0737 -60 0.186955
      vertex 7.43145 -6.69131 0.855562
    endloop
  endfacet
  facet normal 0.0871551 -3.93563e-08 0.996195
    outer loop
      vertex 5.87785 -8.09017 0.991484
      vertex 15.0737 -60 0.186955
      vertex 6.69131 -7.43145 0.920316
    endloop
  endfacet
  facet normal 0.0871598 7.97413e-07 0.996194
    outer loop
      vertex 5 -8.66025 1.06829
      vertex 15.0737 -60 0.186955
      vertex 5.87785 -8.09017 0.991484
    endloop
  endfacet
  facet normal 0.0871514 -8.75331e-07 0.996195
    outer loop
      vertex 4.06737 -9.13545 1.14988
      vertex 15.0737 -60 0.186955
      vertex 5 -8.66025 1.06829
    endloop
  endfacet
  facet normal 0.0871521 -7.2463e-07 0.996195
    outer loop
      vertex 3.09017 -9.51056 1.23537
      vertex 15.0737 -60 0.186955
      vertex 4.06737 -9.13545 1.14988
    endloop
  endfacet
  facet normal 0.0871599 1.15737e-06 0.996194
    outer loop
      vertex 2.07912 -9.78148 1.32383
      vertex 15.0737 -60 0.186955
      vertex 3.09017 -9.51056 1.23537
    endloop
  endfacet
  facet normal 0.0871564 2.37982e-07 0.996195
    outer loop
      vertex 1.04528 -9.94522 1.41428
      vertex 15.0737 -60 0.186955
      vertex 2.07912 -9.78148 1.32383
    endloop
  endfacet
  facet normal 0.0871556 1.37543e-08 0.996195
    outer loop
      vertex 0 -10 1.50573
      vertex 15.0737 -60 0.186955
      vertex 1.04528 -9.94522 1.41428
    endloop
  endfacet
  facet normal 0.0871556 4.99642e-08 0.996195
    outer loop
      vertex -14.8122 -60 2.80163
      vertex 0 -10 1.50573
      vertex -1.04528 -9.94522 1.59718
    endloop
  endfacet
  facet normal 0.0871564 -1.72037e-07 0.996195
    outer loop
      vertex -14.8122 -60 2.80163
      vertex -1.04528 -9.94522 1.59718
      vertex -2.07912 -9.78148 1.68763
    endloop
  endfacet
  facet normal 0.0871508 1.26353e-06 0.996195
    outer loop
      vertex -14.8122 -60 2.80163
      vertex -2.07912 -9.78148 1.68763
      vertex -3.09017 -9.51056 1.77608
    endloop
  endfacet
  facet normal 0.0871614 -1.22551e-06 0.996194
    outer loop
      vertex -14.8122 -60 2.80163
      vertex -3.09017 -9.51056 1.77608
      vertex -4.06737 -9.13545 1.86158
    endloop
  endfacet
  facet normal 0.0871514 9.12927e-07 0.996195
    outer loop
      vertex -14.8122 -60 2.80163
      vertex -4.06737 -9.13545 1.86158
      vertex -5 -8.66025 1.94317
    endloop
  endfacet
  facet normal 0.0871539 4.35564e-07 0.996195
    outer loop
      vertex -14.8122 -60 2.80163
      vertex -5 -8.66025 1.94317
      vertex -5.87785 -8.09017 2.01997
    endloop
  endfacet
  facet normal 0.0871574 -1.7695e-07 0.996195
    outer loop
      vertex -14.8122 -60 2.80163
      vertex -5.87785 -8.09017 2.01997
      vertex -6.69131 -7.43145 2.09114
    endloop
  endfacet
  facet normal 0.0871629 -1.0372e-06 0.996194
    outer loop
      vertex -14.8122 -60 2.80163
      vertex -6.69131 -7.43145 2.09114
      vertex -7.43145 -6.69131 2.1559
    endloop
  endfacet
  facet normal 0.087155 6.4034e-08 0.996195
    outer loop
      vertex -14.8122 -60 2.80163
      vertex -7.43145 -6.69131 2.1559
      vertex -8.09017 -5.87785 2.21353
    endloop
  endfacet
  facet normal 0.0871476 9.86899e-07 0.996195
    outer loop
      vertex -14.8122 -60 2.80163
      vertex -8.09017 -5.87785 2.21353
      vertex -8.66025 -5 2.2634
    endloop
  endfacet
  facet normal 0.0871651 -9.74675e-07 0.996194
    outer loop
      vertex -14.8122 -60 2.80163
      vertex -8.66025 -5 2.2634
      vertex -9.13545 -4.06737 2.30498
    endloop
  endfacet
  facet normal 0.0871551 -0 0.996195
    outer loop
      vertex -14.8122 -60 2.80163
      vertex -10 0 2.38062
      vertex -14.8122 60 2.80163
    endloop
  endfacet
  facet normal 0.0871557 3.25166e-08 0.996195
    outer loop
      vertex 0 -10 1.50573
      vertex -14.8122 -60 2.80163
      vertex 15.0737 -60 0.186955
    endloop
  endfacet
  facet normal 0.0871601 -4.71412e-07 0.996194
    outer loop
      vertex -9.51056 -3.09017 2.3378
      vertex -14.8122 -60 2.80163
      vertex -9.13545 -4.06737 2.30498
    endloop
  endfacet
  facet normal 0.087149 5.73201e-07 0.996195
    outer loop
      vertex -9.78148 -2.07912 2.3615
      vertex -14.8122 -60 2.80163
      vertex -9.51056 -3.09017 2.3378
    endloop
  endfacet
  facet normal 0.0871346 1.82999e-06 0.996197
    outer loop
      vertex -9.94522 -1.04528 2.37582
      vertex -14.8122 -60 2.80163
      vertex -9.78148 -2.07912 2.3615
    endloop
  endfacet
  facet normal 0.0872079 -4.26799e-06 0.99619
    outer loop
      vertex -10 0 2.38062
      vertex -14.8122 -60 2.80163
      vertex -9.94522 -1.04528 2.37582
    endloop
  endfacet
  facet normal -0.0871547 0 -0.996195
    outer loop
      vertex 14.8122 -60 -2.80163
      vertex 11.5786 -32.4404 -2.51873
      vertex 14.8122 -32.9956 -2.80163
    endloop
  endfacet
  facet normal -0.0871576 -3.35999e-07 -0.996195
    outer loop
      vertex 14.8122 -60 -2.80163
      vertex 9.00609 -31.8541 -2.29366
      vertex 11.5786 -32.4404 -2.51873
    endloop
  endfacet
  facet normal -0.087158 -4.21551e-07 -0.996195
    outer loop
      vertex 14.8122 -60 -2.80163
      vertex 7.14818 -31.2475 -2.13111
      vertex 9.00609 -31.8541 -2.29366
    endloop
  endfacet
  facet normal -0.0871557 1.99605e-07 -0.996195
    outer loop
      vertex -15.0737 -60 -0.186955
      vertex 7.14818 -31.2475 -2.13111
      vertex 14.8122 -60 -2.80163
    endloop
  endfacet
  facet normal -0.0871518 -2.82839e-06 -0.996195
    outer loop
      vertex 7.14818 -31.2475 -2.13111
      vertex -15.0737 -60 -0.186955
      vertex 6.02522 -30.6272 -2.03287
    endloop
  endfacet
  facet normal -0.0871518 1.7545e-06 -0.996195
    outer loop
      vertex 11.5786 -27.5596 -2.51873
      vertex 4.06737 -9.13545 -1.86158
      vertex 5 -8.66025 -1.94317
    endloop
  endfacet
  facet normal -0.0871617 -5.62784e-07 -0.996194
    outer loop
      vertex 6.02522 -29.3728 -2.03287
      vertex 3.09017 -9.51056 -1.77608
      vertex 4.06737 -9.13545 -1.86158
    endloop
  endfacet
  facet normal -0.0871507 1.06682e-06 -0.996195
    outer loop
      vertex 6.02522 -29.3728 -2.03287
      vertex 2.07912 -9.78148 -1.68763
      vertex 3.09017 -9.51056 -1.77608
    endloop
  endfacet
  facet normal -0.0871564 -8.69103e-08 -0.996195
    outer loop
      vertex 6.02522 -29.3728 -2.03287
      vertex 1.04528 -9.94522 -1.59718
      vertex 2.07912 -9.78148 -1.68763
    endloop
  endfacet
  facet normal -0.0871556 1.22476e-07 -0.996195
    outer loop
      vertex 6.02522 -29.3728 -2.03287
      vertex 0 -10 -1.50573
      vertex 1.04528 -9.94522 -1.59718
    endloop
  endfacet
  facet normal -0.0871556 1.26535e-07 -0.996195
    outer loop
      vertex 6.02522 -29.3728 -2.03287
      vertex -1.04528 -9.94522 -1.41428
      vertex 0 -10 -1.50573
    endloop
  endfacet
  facet normal -0.0871584 1.97667e-06 -0.996194
    outer loop
      vertex 6.02522 -30.6272 -2.03287
      vertex -15.0737 -60 -0.186955
      vertex 5.64954 -30 -2
    endloop
  endfacet
  facet normal -0.0871556 5.26943e-08 -0.996195
    outer loop
      vertex -5.87785 -8.09017 -0.991484
      vertex 5.64954 -30 -2
      vertex -15.0737 -60 -0.186955
    endloop
  endfacet
  facet normal -0.0871565 -1.91552e-07 -0.996195
    outer loop
      vertex 6.02522 -29.3728 -2.03287
      vertex -2.07912 -9.78148 -1.32383
      vertex -1.04528 -9.94522 -1.41428
    endloop
  endfacet
  facet normal -0.0871607 -1.93206e-06 -0.996194
    outer loop
      vertex 5.64954 -30 -2
      vertex -3.09017 -9.51056 -1.23537
      vertex -2.07912 -9.78148 -1.32383
    endloop
  endfacet
  facet normal -0.0871509 2.29821e-06 -0.996195
    outer loop
      vertex 5.64954 -30 -2
      vertex -4.06737 -9.13545 -1.14988
      vertex -3.09017 -9.51056 -1.23537
    endloop
  endfacet
  facet normal -0.0871494 3.00231e-06 -0.996195
    outer loop
      vertex 5.64954 -30 -2
      vertex -5 -8.66025 -1.06829
      vertex -4.06737 -9.13545 -1.14988
    endloop
  endfacet
  facet normal -0.0871627 -3.69349e-06 -0.996194
    outer loop
      vertex 5.64954 -30 -2
      vertex -5.87785 -8.09017 -0.991484
      vertex -5 -8.66025 -1.06829
    endloop
  endfacet
  facet normal -0.0871551 -3.93563e-08 -0.996195
    outer loop
      vertex -5.87785 -8.09017 -0.991484
      vertex -15.0737 -60 -0.186955
      vertex -6.69131 -7.43145 -0.920316
    endloop
  endfacet
  facet normal -0.0871559 7.66601e-08 -0.996195
    outer loop
      vertex -6.69131 -7.43145 -0.920316
      vertex -15.0737 -60 -0.186955
      vertex -7.43145 -6.69131 -0.855562
    endloop
  endfacet
  facet normal -0.0871563 1.37544e-07 -0.996195
    outer loop
      vertex -7.43145 -6.69131 -0.855562
      vertex -15.0737 -60 -0.186955
      vertex -8.09017 -5.87785 -0.797931
    endloop
  endfacet
  facet normal -0.0871563 1.43949e-07 -0.996195
    outer loop
      vertex -8.09017 -5.87785 -0.797931
      vertex -15.0737 -60 -0.186955
      vertex -8.66025 -5 -0.748055
    endloop
  endfacet
  facet normal -0.087151 -3.49556e-07 -0.996195
    outer loop
      vertex -9.94522 -1.04528 -0.635635
      vertex -15.0737 -60 -0.186955
      vertex -10 0 -0.630843
    endloop
  endfacet
  facet normal -0.0871578 2.49213e-07 -0.996195
    outer loop
      vertex -9.78148 -2.07912 -0.649961
      vertex -15.0737 -60 -0.186955
      vertex -9.94522 -1.04528 -0.635635
    endloop
  endfacet
  facet normal -0.0871544 -6.56668e-08 -0.996195
    outer loop
      vertex -9.51056 -3.09017 -0.673663
      vertex -15.0737 -60 -0.186955
      vertex -9.78148 -2.07912 -0.649961
    endloop
  endfacet
  facet normal -0.0871559 7.77593e-08 -0.996195
    outer loop
      vertex -9.13545 -4.06737 -0.706481
      vertex -15.0737 -60 -0.186955
      vertex -9.51056 -3.09017 -0.673663
    endloop
  endfacet
  facet normal -0.0871546 -6.04745e-08 -0.996195
    outer loop
      vertex -8.66025 -5 -0.748055
      vertex -15.0737 -60 -0.186955
      vertex -9.13545 -4.06737 -0.706481
    endloop
  endfacet
  facet normal -0.0871548 7.25601e-07 -0.996195
    outer loop
      vertex 5.87785 -8.09017 -2.01997
      vertex 14.8122 -27.0044 -2.80163
      vertex 11.5786 -27.5596 -2.51873
    endloop
  endfacet
  facet normal -0.0871551 0 -0.996195
    outer loop
      vertex 14.8122 -27.0044 -2.80163
      vertex 10 0 -2.38062
      vertex 14.8122 27.0044 -2.80163
    endloop
  endfacet
  facet normal -0.0871855 5.45312e-06 -0.996192
    outer loop
      vertex 9.94522 1.04528 -2.37582
      vertex 14.8122 27.0044 -2.80163
      vertex 10 0 -2.38062
    endloop
  endfacet
  facet normal -0.0871855 -5.45312e-06 -0.996192
    outer loop
      vertex 14.8122 -27.0044 -2.80163
      vertex 9.94522 -1.04528 -2.37582
      vertex 10 0 -2.38062
    endloop
  endfacet
  facet normal -0.0871413 2.89512e-06 -0.996196
    outer loop
      vertex 14.8122 -27.0044 -2.80163
      vertex 9.78148 -2.07912 -2.3615
      vertex 9.94522 -1.04528 -2.37582
    endloop
  endfacet
  facet normal -0.0871506 1.006e-06 -0.996195
    outer loop
      vertex 14.8122 -27.0044 -2.80163
      vertex 9.51056 -3.09017 -2.3378
      vertex 9.78148 -2.07912 -2.3615
    endloop
  endfacet
  facet normal -0.0871591 -8.8372e-07 -0.996194
    outer loop
      vertex 14.8122 -27.0044 -2.80163
      vertex 9.13545 -4.06737 -2.30498
      vertex 9.51056 -3.09017 -2.3378
    endloop
  endfacet
  facet normal -0.0871574 -5.30589e-07 -0.996195
    outer loop
      vertex 4.06737 -9.13545 -1.86158
      vertex 11.5786 -27.5596 -2.51873
      vertex 9.00609 -28.1459 -2.29366
    endloop
  endfacet
  facet normal -0.0871632 -1.91839e-06 -0.996194
    outer loop
      vertex 14.8122 -27.0044 -2.80163
      vertex 8.66025 -5 -2.2634
      vertex 9.13545 -4.06737 -2.30498
    endloop
  endfacet
  facet normal -0.0871492 2.02139e-06 -0.996195
    outer loop
      vertex 14.8122 -27.0044 -2.80163
      vertex 8.09017 -5.87785 -2.21353
      vertex 8.66025 -5 -2.2634
    endloop
  endfacet
  facet normal -0.0871551 1.35832e-07 -0.996195
    outer loop
      vertex 14.8122 -27.0044 -2.80163
      vertex 7.43145 -6.69131 -2.1559
      vertex 8.09017 -5.87785 -2.21353
    endloop
  endfacet
  facet normal -0.0871576 -6.02758e-07 -0.996195
    outer loop
      vertex 4.06737 -9.13545 -1.86158
      vertex 9.00609 -28.1459 -2.29366
      vertex 7.14818 -28.7525 -2.13111
    endloop
  endfacet
  facet normal -0.0871617 -2.27297e-06 -0.996194
    outer loop
      vertex 14.8122 -27.0044 -2.80163
      vertex 6.69131 -7.43145 -2.09114
      vertex 7.43145 -6.69131 -2.1559
    endloop
  endfacet
  facet normal -0.0871505 5.25741e-07 -0.996195
    outer loop
      vertex 4.06737 -9.13545 -1.86158
      vertex 7.14818 -28.7525 -2.13111
      vertex 6.02522 -29.3728 -2.03287
    endloop
  endfacet
  facet normal -0.0871572 -4.0023e-07 -0.996195
    outer loop
      vertex 14.8122 -27.0044 -2.80163
      vertex 5.87785 -8.09017 -2.01997
      vertex 6.69131 -7.43145 -2.09114
    endloop
  endfacet
  facet normal -0.0871594 -1.40174e-06 -0.996194
    outer loop
      vertex -2.07912 -9.78148 -1.32383
      vertex 6.02522 -29.3728 -2.03287
      vertex 5.64954 -30 -2
    endloop
  endfacet
  facet normal -0.0871542 9.23952e-07 -0.996195
    outer loop
      vertex 11.5786 -27.5596 -2.51873
      vertex 5 -8.66025 -1.94317
      vertex 5.87785 -8.09017 -2.01997
    endloop
  endfacet
  facet normal -0.0871413 -2.89512e-06 -0.996196
    outer loop
      vertex 9.78148 2.07912 -2.3615
      vertex 14.8122 27.0044 -2.80163
      vertex 9.94522 1.04528 -2.37582
    endloop
  endfacet
  facet normal -0.0871506 -1.006e-06 -0.996195
    outer loop
      vertex 9.51056 3.09017 -2.3378
      vertex 14.8122 27.0044 -2.80163
      vertex 9.78148 2.07912 -2.3615
    endloop
  endfacet
  facet normal -0.0871591 8.8372e-07 -0.996194
    outer loop
      vertex 9.13545 4.06737 -2.30498
      vertex 14.8122 27.0044 -2.80163
      vertex 9.51056 3.09017 -2.3378
    endloop
  endfacet
  facet normal -0.0871632 1.91839e-06 -0.996194
    outer loop
      vertex 8.66025 5 -2.2634
      vertex 14.8122 27.0044 -2.80163
      vertex 9.13545 4.06737 -2.30498
    endloop
  endfacet
  facet normal -0.0871492 -2.02139e-06 -0.996195
    outer loop
      vertex 8.09017 5.87785 -2.21353
      vertex 14.8122 27.0044 -2.80163
      vertex 8.66025 5 -2.2634
    endloop
  endfacet
  facet normal -0.0871551 -1.35832e-07 -0.996195
    outer loop
      vertex 7.43145 6.69131 -2.1559
      vertex 14.8122 27.0044 -2.80163
      vertex 8.09017 5.87785 -2.21353
    endloop
  endfacet
  facet normal -0.0871617 2.27297e-06 -0.996194
    outer loop
      vertex 6.69131 7.43145 -2.09114
      vertex 14.8122 27.0044 -2.80163
      vertex 7.43145 6.69131 -2.1559
    endloop
  endfacet
  facet normal -0.0871572 4.0023e-07 -0.996195
    outer loop
      vertex 5.87785 8.09017 -2.01997
      vertex 14.8122 27.0044 -2.80163
      vertex 6.69131 7.43145 -2.09114
    endloop
  endfacet
  facet normal -0.0871548 -7.25601e-07 -0.996195
    outer loop
      vertex 14.8122 27.0044 -2.80163
      vertex 5.87785 8.09017 -2.01997
      vertex 11.5786 27.5596 -2.51873
    endloop
  endfacet
  facet normal -0.0871542 -9.23952e-07 -0.996195
    outer loop
      vertex 5 8.66025 -1.94317
      vertex 11.5786 27.5596 -2.51873
      vertex 5.87785 8.09017 -2.01997
    endloop
  endfacet
  facet normal -0.0871518 -1.7545e-06 -0.996195
    outer loop
      vertex 4.06737 9.13545 -1.86158
      vertex 11.5786 27.5596 -2.51873
      vertex 5 8.66025 -1.94317
    endloop
  endfacet
  facet normal -0.0871574 5.30589e-07 -0.996195
    outer loop
      vertex 11.5786 27.5596 -2.51873
      vertex 4.06737 9.13545 -1.86158
      vertex 9.00609 28.1459 -2.29366
    endloop
  endfacet
  facet normal -0.0871613 1.55962e-06 -0.996194
    outer loop
      vertex 3.09017 9.51056 -1.77608
      vertex 9.00609 28.1459 -2.29366
      vertex 4.06737 9.13545 -1.86158
    endloop
  endfacet
  facet normal -0.0871577 4.10305e-07 -0.996195
    outer loop
      vertex 9.00609 28.1459 -2.29366
      vertex 3.09017 9.51056 -1.77608
      vertex 7.14818 28.7525 -2.13111
    endloop
  endfacet
  facet normal -0.0871547 0 -0.996195
    outer loop
      vertex 11.5786 32.4404 -2.51873
      vertex 14.8122 60 -2.80163
      vertex 14.8122 32.9956 -2.80163
    endloop
  endfacet
  facet normal -0.0871576 3.35999e-07 -0.996195
    outer loop
      vertex 9.00609 31.8541 -2.29366
      vertex 14.8122 60 -2.80163
      vertex 11.5786 32.4404 -2.51873
    endloop
  endfacet
  facet normal -0.087158 4.21551e-07 -0.996195
    outer loop
      vertex 7.14818 31.2475 -2.13111
      vertex 14.8122 60 -2.80163
      vertex 9.00609 31.8541 -2.29366
    endloop
  endfacet
  facet normal -0.0871518 2.82839e-06 -0.996195
    outer loop
      vertex -15.0737 60 -0.186955
      vertex 7.14818 31.2475 -2.13111
      vertex 6.02522 30.6272 -2.03287
    endloop
  endfacet
  facet normal -0.0871584 -1.97667e-06 -0.996194
    outer loop
      vertex -15.0737 60 -0.186955
      vertex 6.02522 30.6272 -2.03287
      vertex 5.64954 30 -2
    endloop
  endfacet
  facet normal -0.0871507 -1.07098e-06 -0.996195
    outer loop
      vertex 2.07912 9.78148 -1.68763
      vertex 7.14818 28.7525 -2.13111
      vertex 3.09017 9.51056 -1.77608
    endloop
  endfacet
  facet normal -0.0871564 4.44119e-07 -0.996195
    outer loop
      vertex 1.04528 9.94522 -1.59718
      vertex 7.14818 28.7525 -2.13111
      vertex 2.07912 9.78148 -1.68763
    endloop
  endfacet
  facet normal -0.0871509 -1.32544e-06 -0.996195
    outer loop
      vertex 7.14818 28.7525 -2.13111
      vertex 1.04528 9.94522 -1.59718
      vertex 6.02522 29.3728 -2.03287
    endloop
  endfacet
  facet normal -0.0871556 -1.22476e-07 -0.996195
    outer loop
      vertex 0 10 -1.50573
      vertex 6.02522 29.3728 -2.03287
      vertex 1.04528 9.94522 -1.59718
    endloop
  endfacet
  facet normal -0.0871556 -1.26535e-07 -0.996195
    outer loop
      vertex -1.04528 9.94522 -1.41428
      vertex 6.02522 29.3728 -2.03287
      vertex 0 10 -1.50573
    endloop
  endfacet
  facet normal -0.0871565 1.91552e-07 -0.996195
    outer loop
      vertex -2.07912 9.78148 -1.32383
      vertex 6.02522 29.3728 -2.03287
      vertex -1.04528 9.94522 -1.41428
    endloop
  endfacet
  facet normal -0.0871594 1.40174e-06 -0.996194
    outer loop
      vertex 6.02522 29.3728 -2.03287
      vertex -2.07912 9.78148 -1.32383
      vertex 5.64954 30 -2
    endloop
  endfacet
  facet normal -0.0871607 1.93206e-06 -0.996194
    outer loop
      vertex -3.09017 9.51056 -1.23537
      vertex 5.64954 30 -2
      vertex -2.07912 9.78148 -1.32383
    endloop
  endfacet
  facet normal -0.0871509 -2.29821e-06 -0.996195
    outer loop
      vertex -4.06737 9.13545 -1.14988
      vertex 5.64954 30 -2
      vertex -3.09017 9.51056 -1.23537
    endloop
  endfacet
  facet normal -0.0871494 -3.00231e-06 -0.996195
    outer loop
      vertex -5 8.66025 -1.06829
      vertex 5.64954 30 -2
      vertex -4.06737 9.13545 -1.14988
    endloop
  endfacet
  facet normal -0.0871627 3.69349e-06 -0.996194
    outer loop
      vertex -5.87785 8.09017 -0.991484
      vertex 5.64954 30 -2
      vertex -5 8.66025 -1.06829
    endloop
  endfacet
  facet normal -0.0871556 -5.26943e-08 -0.996195
    outer loop
      vertex 5.64954 30 -2
      vertex -5.87785 8.09017 -0.991484
      vertex -15.0737 60 -0.186955
    endloop
  endfacet
  facet normal -0.0871551 3.93563e-08 -0.996195
    outer loop
      vertex -15.0737 60 -0.186955
      vertex -5.87785 8.09017 -0.991484
      vertex -6.69131 7.43145 -0.920316
    endloop
  endfacet
  facet normal -0.0871559 -7.66601e-08 -0.996195
    outer loop
      vertex -15.0737 60 -0.186955
      vertex -6.69131 7.43145 -0.920316
      vertex -7.43145 6.69131 -0.855562
    endloop
  endfacet
  facet normal -0.0871563 -1.37544e-07 -0.996195
    outer loop
      vertex -15.0737 60 -0.186955
      vertex -7.43145 6.69131 -0.855562
      vertex -8.09017 5.87785 -0.797931
    endloop
  endfacet
  facet normal -0.0871563 -1.43949e-07 -0.996195
    outer loop
      vertex -15.0737 60 -0.186955
      vertex -8.09017 5.87785 -0.797931
      vertex -8.66025 5 -0.748055
    endloop
  endfacet
  facet normal -0.0871546 6.04745e-08 -0.996195
    outer loop
      vertex -15.0737 60 -0.186955
      vertex -8.66025 5 -0.748055
      vertex -9.13545 4.06737 -0.706481
    endloop
  endfacet
  facet normal -0.0871551 -0 -0.996195
    outer loop
      vertex -15.0737 60 -0.186955
      vertex -10 0 -0.630843
      vertex -15.0737 -60 -0.186955
    endloop
  endfacet
  facet normal -0.0871557 -1.99605e-07 -0.996195
    outer loop
      vertex 7.14818 31.2475 -2.13111
      vertex -15.0737 60 -0.186955
      vertex 14.8122 60 -2.80163
    endloop
  endfacet
  facet normal -0.0871559 -7.77593e-08 -0.996195
    outer loop
      vertex -9.51056 3.09017 -0.673663
      vertex -15.0737 60 -0.186955
      vertex -9.13545 4.06737 -0.706481
    endloop
  endfacet
  facet normal -0.0871544 6.56668e-08 -0.996195
    outer loop
      vertex -9.78148 2.07912 -0.649961
      vertex -15.0737 60 -0.186955
      vertex -9.51056 3.09017 -0.673663
    endloop
  endfacet
  facet normal -0.0871578 -2.49213e-07 -0.996195
    outer loop
      vertex -9.94522 1.04528 -0.635635
      vertex -15.0737 60 -0.186955
      vertex -9.78148 2.07912 -0.649961
    endloop
  endfacet
  facet normal -0.087151 3.49556e-07 -0.996195
    outer loop
      vertex -10 0 -0.630843
      vertex -15.0737 60 -0.186955
      vertex -9.94522 1.04528 -0.635635
    endloop
  endfacet
  facet normal -0.996194 0 0.0871666
    outer loop
      vertex -15.0737 -60 -0.186955
      vertex -14.8122 60 2.80163
      vertex -15.0737 60 -0.186955
    endloop
  endfacet
  facet normal -0.996194 0 0.0871666
    outer loop
      vertex -14.8122 60 2.80163
      vertex -15.0737 -60 -0.186955
      vertex -14.8122 -60 2.80163
    endloop
  endfacet
  facet normal 0 1 0
    outer loop
      vertex 15.0737 60 0.186955
      vertex -15.0737 60 -0.186955
      vertex -14.8122 60 2.80163
    endloop
  endfacet
  facet normal -0 1 0
    outer loop
      vertex -15.0737 60 -0.186955
      vertex 15.0737 60 0.186955
      vertex 14.8122 60 -2.80163
    endloop
  endfacet
  facet normal 0 -1 0
    outer loop
      vertex -15.0737 -60 -0.186955
      vertex 15.0737 -60 0.186955
      vertex -14.8122 -60 2.80163
    endloop
  endfacet
  facet normal 0 -1 0
    outer loop
      vertex 15.0737 -60 0.186955
      vertex -15.0737 -60 -0.186955
      vertex 14.8122 -60 -2.80163
    endloop
  endfacet
  facet normal 1 -0 0
    outer loop
      vertex 72.5 1 13
      vertex 72.5 20 11
      vertex 72.5 20 13
    endloop
  endfacet
  facet normal 1 0 0
    outer loop
      vertex 72.5 20 11
      vertex 72.5 1 13
      vertex 72.5 1 11
    endloop
  endfacet
  facet normal 1 -0 0
    outer loop
      vertex 72.5 -20 13
      vertex 72.5 -1 11
      vertex 72.5 -1 13
    endloop
  endfacet
  facet normal 1 0 0
    outer loop
      vertex 72.5 -1 11
      vertex 72.5 -20 13
      vertex 72.5 -20 11
    endloop
  endfacet
  facet normal -0 0 1
    outer loop
      vertex 57.5 20 13
      vertex 72.5 1 13
      vertex 72.5 20 13
    endloop
  endfacet
  facet normal 0 0 1
    outer loop
      vertex 72.5 1 13
      vertex 57.5 20 13
      vertex 57.5 1 13
    endloop
  endfacet
  facet normal -0 0 1
    outer loop
      vertex 57.5 -1 13
      vertex 72.5 -20 13
      vertex 72.5 -1 13
    endloop
  endfacet
  facet normal 0 0 1
    outer loop
      vertex 72.5 -20 13
      vertex 57.5 -1 13
      vertex 57.5 -20 13
    endloop
  endfacet
  facet normal 0 0 -1
    outer loop
      vertex 57.5 1 11
      vertex 72.5 20 11
      vertex 72.5 1 11
    endloop
  endfacet
  facet normal -0 0 -1
    outer loop
      vertex 72.5 20 11
      vertex 57.5 1 11
      vertex 57.5 20 11
    endloop
  endfacet
  facet normal 0 0 -1
    outer loop
      vertex 57.5 -20 11
      vertex 72.5 -1 11
      vertex 72.5 -20 11
    endloop
  endfacet
  facet normal -0 0 -1
    outer loop
      vertex 72.5 -1 11
      vertex 57.5 -20 11
      vertex 57.5 -1 11
    endloop
  endfacet
  facet normal -1 0 0
    outer loop
      vertex 57.5 1 11
      vertex 57.5 20 13
      vertex 57.5 20 11
    endloop
  endfacet
  facet normal -1 -0 0
    outer loop
      vertex 57.5 20 13
      vertex 57.5 1 11
      vertex 57.5 1 13
    endloop
  endfacet
  facet normal -1 0 0
    outer loop
      vertex 57.5 -20 11
      vertex 57.5 -1 13
      vertex 57.5 -1 11
    endloop
  endfacet
  facet normal -1 -0 0
    outer loop
      vertex 57.5 -1 13
      vertex 57.5 -20 11
      vertex 57.5 -20 13
    endloop
  endfacet
  facet normal 0 1 -0
    outer loop
      vertex 72.5 20 11
      vertex 57.5 20 13
      vertex 72.5 20 13
    endloop
  endfacet
  facet normal 0 1 0
    outer loop
      vertex 57.5 20 13
      vertex 72.5 20 11
      vertex 57.5 20 11
    endloop
  endfacet
  facet normal 0 -1 0
    outer loop
      vertex 57.5 -20 11
      vertex 72.5 -20 13
      vertex 57.5 -20 13
    endloop
  endfacet
  facet normal 0 -1 -0
    outer loop
      vertex 72.5 -20 13
      vertex 57.5 -20 11
      vertex 72.5 -20 11
    endloop
  endfacet
  facet normal 1 -0 0
    outer loop
      vertex 75 -1 35
      vertex 75 1 10
      vertex 75 1 35
    endloop
  endfacet
  facet normal 1 0 0
    outer loop
      vertex 75 1 10
      vertex 75 -1 35
      vertex 75 -1 10
    endloop
  endfacet
  facet normal -0 0 1
    outer loop
      vertex 55 1 35
      vertex 75 -1 35
      vertex 75 1 35
    endloop
  endfacet
  facet normal 0 0 1
    outer loop
      vertex 75 -1 35
      vertex 55 1 35
      vertex 55 -1 35
    endloop
  endfacet
  facet normal 0 0 -1
    outer loop
      vertex 55 -1 10
      vertex 75 1 10
      vertex 75 -1 10
    endloop
  endfacet
  facet normal -0 0 -1
    outer loop
      vertex 75 1 10
      vertex 55 -1 10
      vertex 55 1 10
    endloop
  endfacet
  facet normal -1 0 0
    outer loop
      vertex 55 -1 10
      vertex 55 1 35
      vertex 55 1 10
    endloop
  endfacet
  facet normal -1 -0 0
    outer loop
      vertex 55 1 35
      vertex 55 -1 10
      vertex 55 -1 35
    endloop
  endfacet
  facet normal 0 1 0
    outer loop
      vertex 75 1 35
      vertex 72.5 1 13
      vertex 55 1 35
    endloop
  endfacet
  facet normal 0 1 -0
    outer loop
      vertex 75 1 10
      vertex 72.5 1 13
      vertex 75 1 35
    endloop
  endfacet
  facet normal 0 1 0
    outer loop
      vertex 72.5 1 11
      vertex 75 1 10
      vertex 57.5 1 11
    endloop
  endfacet
  facet normal 0 1 0
    outer loop
      vertex 72.5 1 13
      vertex 75 1 10
      vertex 72.5 1 11
    endloop
  endfacet
  facet normal 0 1 -0
    outer loop
      vertex 57.5 1 13
      vertex 55 1 35
      vertex 72.5 1 13
    endloop
  endfacet
  facet normal 0 1 0
    outer loop
      vertex 55 1 10
      vertex 57.5 1 13
      vertex 57.5 1 11
    endloop
  endfacet
  facet normal 0 1 0
    outer loop
      vertex 57.5 1 13
      vertex 55 1 10
      vertex 55 1 35
    endloop
  endfacet
  facet normal 0 1 0
    outer loop
      vertex 55 1 10
      vertex 57.5 1 11
      vertex 75 1 10
    endloop
  endfacet
  facet normal 0 -1 0
    outer loop
      vertex 55 -1 35
      vertex 57.5 -1 13
      vertex 75 -1 35
    endloop
  endfacet
  facet normal 0 -1 0
    outer loop
      vertex 55 -1 10
      vertex 57.5 -1 13
      vertex 55 -1 35
    endloop
  endfacet
  facet normal 0 -1 -0
    outer loop
      vertex 57.5 -1 11
      vertex 55 -1 10
      vertex 72.5 -1 11
    endloop
  endfacet
  facet normal 0 -1 -0
    outer loop
      vertex 57.5 -1 13
      vertex 55 -1 10
      vertex 57.5 -1 11
    endloop
  endfacet
  facet normal 0 -1 0
    outer loop
      vertex 72.5 -1 13
      vertex 75 -1 35
      vertex 57.5 -1 13
    endloop
  endfacet
  facet normal 0 -1 0
    outer loop
      vertex 75 -1 10
      vertex 72.5 -1 13
      vertex 72.5 -1 11
    endloop
  endfacet
  facet normal 0 -1 0
    outer loop
      vertex 72.5 -1 13
      vertex 75 -1 10
      vertex 75 -1 35
    endloop
  endfacet
  facet normal 0 -1 0
    outer loop
      vertex 75 -1 10
      vertex 72.5 -1 11
      vertex 55 -1 10
    endloop
  endfacet
  facet normal 0.98765 0.156674 0
    outer loop
      vertex -53.0055 0.104528 -10
      vertex -53.0219 0.207911 -25
      vertex -53.0219 0.207911 -10
    endloop
  endfacet
  facet normal 0.98765 0.156674 0
    outer loop
      vertex -53.0219 0.207911 -25
      vertex -53.0055 0.104528 -10
      vertex -53.0055 0.104528 -25
    endloop
  endfacet
  facet normal 0.998619 0.0525448 0
    outer loop
      vertex -53 0 -10
      vertex -53.0055 0.104528 -25
      vertex -53.0055 0.104528 -10
    endloop
  endfacet
  facet normal 0.998619 0.0525448 0
    outer loop
      vertex -53.0055 0.104528 -25
      vertex -53 0 -10
      vertex -53 0 -25
    endloop
  endfacet
  facet normal 0.966143 0.258008 0
    outer loop
      vertex -53.0219 0.207911 -10
      vertex -53.0489 0.309016 -25
      vertex -53.0489 0.309016 -10
    endloop
  endfacet
  facet normal 0.966143 0.258008 0
    outer loop
      vertex -53.0489 0.309016 -25
      vertex -53.0219 0.207911 -10
      vertex -53.0219 0.207911 -25
    endloop
  endfacet
  facet normal -0.966143 -0.258008 0
    outer loop
      vertex -54.9511 -0.309016 -25
      vertex -54.9781 -0.207911 -10
      vertex -54.9781 -0.207911 -25
    endloop
  endfacet
  facet normal -0.966143 -0.258008 0
    outer loop
      vertex -54.9781 -0.207911 -10
      vertex -54.9511 -0.309016 -25
      vertex -54.9511 -0.309016 -10
    endloop
  endfacet
  facet normal -0.838707 -0.544584 0
    outer loop
      vertex -54.809 -0.587785 -25
      vertex -54.866 -0.5 -10
      vertex -54.866 -0.5 -25
    endloop
  endfacet
  facet normal -0.838707 -0.544584 0
    outer loop
      vertex -54.866 -0.5 -10
      vertex -54.809 -0.587785 -25
      vertex -54.809 -0.587785 -10
    endloop
  endfacet
  facet normal -0.98765 -0.156674 0
    outer loop
      vertex -54.9781 -0.207911 -25
      vertex -54.9945 -0.104528 -10
      vertex -54.9945 -0.104528 -25
    endloop
  endfacet
  facet normal -0.98765 -0.156674 0
    outer loop
      vertex -54.9945 -0.104528 -10
      vertex -54.9781 -0.207911 -25
      vertex -54.9781 -0.207911 -10
    endloop
  endfacet
  facet normal -0.25884 0.96592 0
    outer loop
      vertex -54.2079 0.978148 -25
      vertex -54.309 0.951056 -10
      vertex -54.2079 0.978148 -10
    endloop
  endfacet
  facet normal -0.25884 0.96592 0
    outer loop
      vertex -54.309 0.951056 -10
      vertex -54.2079 0.978148 -25
      vertex -54.309 0.951056 -25
    endloop
  endfacet
  facet normal 0.707174 0.70704 0
    outer loop
      vertex -53.2569 0.66913 -10
      vertex -53.3309 0.743144 -25
      vertex -53.3309 0.743144 -10
    endloop
  endfacet
  facet normal 0.707174 0.70704 0
    outer loop
      vertex -53.3309 0.743144 -25
      vertex -53.2569 0.66913 -10
      vertex -53.2569 0.66913 -25
    endloop
  endfacet
  facet normal 0.933296 0.359107 0
    outer loop
      vertex -53.0489 0.309016 -10
      vertex -53.0865 0.406736 -25
      vertex -53.0865 0.406736 -10
    endloop
  endfacet
  facet normal 0.933296 0.359107 0
    outer loop
      vertex -53.0865 0.406736 -25
      vertex -53.0489 0.309016 -10
      vertex -53.0489 0.309016 -25
    endloop
  endfacet
  facet normal -0.453849 -0.891079 0
    outer loop
      vertex -54.5 -0.866025 -25
      vertex -54.4067 -0.913545 -10
      vertex -54.5 -0.866025 -10
    endloop
  endfacet
  facet normal -0.453849 -0.891079 -0
    outer loop
      vertex -54.4067 -0.913545 -10
      vertex -54.5 -0.866025 -25
      vertex -54.4067 -0.913545 -25
    endloop
  endfacet
  facet normal -0.25884 -0.96592 0
    outer loop
      vertex -54.309 -0.951056 -25
      vertex -54.2079 -0.978148 -10
      vertex -54.309 -0.951056 -10
    endloop
  endfacet
  facet normal -0.25884 -0.96592 -0
    outer loop
      vertex -54.2079 -0.978148 -10
      vertex -54.309 -0.951056 -25
      vertex -54.2079 -0.978148 -25
    endloop
  endfacet
  facet normal 0.838707 0.544584 0
    outer loop
      vertex -53.134 0.5 -10
      vertex -53.191 0.587785 -25
      vertex -53.191 0.587785 -10
    endloop
  endfacet
  facet normal 0.838707 0.544584 0
    outer loop
      vertex -53.191 0.587785 -25
      vertex -53.134 0.5 -10
      vertex -53.134 0.5 -25
    endloop
  endfacet
  facet normal -0.98765 0.156674 0
    outer loop
      vertex -54.9945 0.104528 -25
      vertex -54.9781 0.207911 -10
      vertex -54.9781 0.207911 -25
    endloop
  endfacet
  facet normal -0.98765 0.156674 0
    outer loop
      vertex -54.9781 0.207911 -10
      vertex -54.9945 0.104528 -25
      vertex -54.9945 0.104528 -10
    endloop
  endfacet
  facet normal 0.453849 0.891079 -0
    outer loop
      vertex -53.5 0.866025 -25
      vertex -53.5933 0.913545 -10
      vertex -53.5 0.866025 -10
    endloop
  endfacet
  facet normal 0.453849 0.891079 0
    outer loop
      vertex -53.5933 0.913545 -10
      vertex -53.5 0.866025 -25
      vertex -53.5933 0.913545 -25
    endloop
  endfacet
  facet normal 0.891085 0.453836 0
    outer loop
      vertex -53.0865 0.406736 -10
      vertex -53.134 0.5 -25
      vertex -53.134 0.5 -10
    endloop
  endfacet
  facet normal 0.891085 0.453836 0
    outer loop
      vertex -53.134 0.5 -25
      vertex -53.0865 0.406736 -10
      vertex -53.0865 0.406736 -25
    endloop
  endfacet
  facet normal 0.35843 0.933556 -0
    outer loop
      vertex -53.5933 0.913545 -25
      vertex -53.691 0.951056 -10
      vertex -53.5933 0.913545 -10
    endloop
  endfacet
  facet normal 0.35843 0.933556 0
    outer loop
      vertex -53.691 0.951056 -10
      vertex -53.5933 0.913545 -25
      vertex -53.691 0.951056 -25
    endloop
  endfacet
  facet normal 0.35843 -0.933556 0
    outer loop
      vertex -53.691 -0.951056 -25
      vertex -53.5933 -0.913545 -10
      vertex -53.691 -0.951056 -10
    endloop
  endfacet
  facet normal 0.35843 -0.933556 0
    outer loop
      vertex -53.5933 -0.913545 -10
      vertex -53.691 -0.951056 -25
      vertex -53.5933 -0.913545 -25
    endloop
  endfacet
  facet normal -0.891085 0.453836 0
    outer loop
      vertex -54.9135 0.406736 -25
      vertex -54.866 0.5 -10
      vertex -54.866 0.5 -25
    endloop
  endfacet
  facet normal -0.891085 0.453836 0
    outer loop
      vertex -54.866 0.5 -10
      vertex -54.9135 0.406736 -25
      vertex -54.9135 0.406736 -10
    endloop
  endfacet
  facet normal 0.544579 0.83871 -0
    outer loop
      vertex -53.4122 0.809016 -25
      vertex -53.5 0.866025 -10
      vertex -53.4122 0.809016 -10
    endloop
  endfacet
  facet normal 0.544579 0.83871 0
    outer loop
      vertex -53.5 0.866025 -10
      vertex -53.4122 0.809016 -25
      vertex -53.5 0.866025 -25
    endloop
  endfacet
  facet normal -0.0523587 0.998628 0
    outer loop
      vertex -54 1 -25
      vertex -54.1045 0.994521 -10
      vertex -54 1 -10
    endloop
  endfacet
  facet normal -0.0523587 0.998628 0
    outer loop
      vertex -54.1045 0.994521 -10
      vertex -54 1 -25
      vertex -54.1045 0.994521 -25
    endloop
  endfacet
  facet normal 0.838707 -0.544584 0
    outer loop
      vertex -53.191 -0.587785 -10
      vertex -53.134 -0.5 -25
      vertex -53.134 -0.5 -10
    endloop
  endfacet
  facet normal 0.838707 -0.544584 0
    outer loop
      vertex -53.134 -0.5 -25
      vertex -53.191 -0.587785 -10
      vertex -53.191 -0.587785 -25
    endloop
  endfacet
  facet normal -0.707174 0.70704 0
    outer loop
      vertex -54.6691 0.743144 -25
      vertex -54.7431 0.66913 -10
      vertex -54.6691 0.743144 -10
    endloop
  endfacet
  facet normal -0.707174 0.70704 0
    outer loop
      vertex -54.7431 0.66913 -10
      vertex -54.6691 0.743144 -25
      vertex -54.7431 0.66913 -25
    endloop
  endfacet
  facet normal -0.629531 -0.776975 0
    outer loop
      vertex -54.6691 -0.743144 -25
      vertex -54.5878 -0.809016 -10
      vertex -54.6691 -0.743144 -10
    endloop
  endfacet
  facet normal -0.629531 -0.776975 -0
    outer loop
      vertex -54.5878 -0.809016 -10
      vertex -54.6691 -0.743144 -25
      vertex -54.5878 -0.809016 -25
    endloop
  endfacet
  facet normal 0.777015 0.629483 0
    outer loop
      vertex -53.191 0.587785 -10
      vertex -53.2569 0.66913 -25
      vertex -53.2569 0.66913 -10
    endloop
  endfacet
  facet normal 0.777015 0.629483 0
    outer loop
      vertex -53.2569 0.66913 -25
      vertex -53.191 0.587785 -10
      vertex -53.191 0.587785 -25
    endloop
  endfacet
  facet normal -0.629531 0.776975 0
    outer loop
      vertex -54.5878 0.809016 -25
      vertex -54.6691 0.743144 -10
      vertex -54.5878 0.809016 -10
    endloop
  endfacet
  facet normal -0.629531 0.776975 0
    outer loop
      vertex -54.6691 0.743144 -10
      vertex -54.5878 0.809016 -25
      vertex -54.6691 0.743144 -25
    endloop
  endfacet
  facet normal 0.156398 0.987694 -0
    outer loop
      vertex -53.7921 0.978148 -25
      vertex -53.8955 0.994521 -10
      vertex -53.7921 0.978148 -10
    endloop
  endfacet
  facet normal 0.156398 0.987694 0
    outer loop
      vertex -53.8955 0.994521 -10
      vertex -53.7921 0.978148 -25
      vertex -53.8955 0.994521 -25
    endloop
  endfacet
  facet normal 0.629531 0.776975 -0
    outer loop
      vertex -53.3309 0.743144 -25
      vertex -53.4122 0.809016 -10
      vertex -53.3309 0.743144 -10
    endloop
  endfacet
  facet normal 0.629531 0.776975 0
    outer loop
      vertex -53.4122 0.809016 -10
      vertex -53.3309 0.743144 -25
      vertex -53.4122 0.809016 -25
    endloop
  endfacet
  facet normal 0.891085 -0.453836 0
    outer loop
      vertex -53.134 -0.5 -10
      vertex -53.0865 -0.406736 -25
      vertex -53.0865 -0.406736 -10
    endloop
  endfacet
  facet normal 0.891085 -0.453836 0
    outer loop
      vertex -53.0865 -0.406736 -25
      vertex -53.134 -0.5 -10
      vertex -53.134 -0.5 -25
    endloop
  endfacet
  facet normal 0.156398 -0.987694 0
    outer loop
      vertex -53.8955 -0.994521 -25
      vertex -53.7921 -0.978148 -10
      vertex -53.8955 -0.994521 -10
    endloop
  endfacet
  facet normal 0.156398 -0.987694 0
    outer loop
      vertex -53.7921 -0.978148 -10
      vertex -53.8955 -0.994521 -25
      vertex -53.7921 -0.978148 -25
    endloop
  endfacet
  facet normal -0.453849 0.891079 0
    outer loop
      vertex -54.4067 0.913545 -25
      vertex -54.5 0.866025 -10
      vertex -54.4067 0.913545 -10
    endloop
  endfacet
  facet normal -0.453849 0.891079 0
    outer loop
      vertex -54.5 0.866025 -10
      vertex -54.4067 0.913545 -25
      vertex -54.5 0.866025 -25
    endloop
  endfacet
  facet normal 0.998619 -0.0525448 0
    outer loop
      vertex -53.0055 -0.104528 -10
      vertex -53 0 -25
      vertex -53 0 -10
    endloop
  endfacet
  facet normal 0.998619 -0.0525448 0
    outer loop
      vertex -53 0 -25
      vertex -53.0055 -0.104528 -10
      vertex -53.0055 -0.104528 -25
    endloop
  endfacet
  facet normal 0.0523587 -0.998628 0
    outer loop
      vertex -54 -1 -25
      vertex -53.8955 -0.994521 -10
      vertex -54 -1 -10
    endloop
  endfacet
  facet normal 0.0523587 -0.998628 0
    outer loop
      vertex -53.8955 -0.994521 -10
      vertex -54 -1 -25
      vertex -53.8955 -0.994521 -25
    endloop
  endfacet
  facet normal -0.838707 0.544584 0
    outer loop
      vertex -54.866 0.5 -25
      vertex -54.809 0.587785 -10
      vertex -54.809 0.587785 -25
    endloop
  endfacet
  facet normal -0.838707 0.544584 0
    outer loop
      vertex -54.809 0.587785 -10
      vertex -54.866 0.5 -25
      vertex -54.866 0.5 -10
    endloop
  endfacet
  facet normal 0.98765 -0.156674 0
    outer loop
      vertex -53.0219 -0.207911 -10
      vertex -53.0055 -0.104528 -25
      vertex -53.0055 -0.104528 -10
    endloop
  endfacet
  facet normal 0.98765 -0.156674 0
    outer loop
      vertex -53.0055 -0.104528 -25
      vertex -53.0219 -0.207911 -10
      vertex -53.0219 -0.207911 -25
    endloop
  endfacet
  facet normal 0.453849 -0.891079 0
    outer loop
      vertex -53.5933 -0.913545 -25
      vertex -53.5 -0.866025 -10
      vertex -53.5933 -0.913545 -10
    endloop
  endfacet
  facet normal 0.453849 -0.891079 0
    outer loop
      vertex -53.5 -0.866025 -10
      vertex -53.5933 -0.913545 -25
      vertex -53.5 -0.866025 -25
    endloop
  endfacet
  facet normal -0.156398 0.987694 0
    outer loop
      vertex -54.1045 0.994521 -25
      vertex -54.2079 0.978148 -10
      vertex -54.1045 0.994521 -10
    endloop
  endfacet
  facet normal -0.156398 0.987694 0
    outer loop
      vertex -54.2079 0.978148 -10
      vertex -54.1045 0.994521 -25
      vertex -54.2079 0.978148 -25
    endloop
  endfacet
  facet normal 0.966143 -0.258008 0
    outer loop
      vertex -53.0489 -0.309016 -10
      vertex -53.0219 -0.207911 -25
      vertex -53.0219 -0.207911 -10
    endloop
  endfacet
  facet normal 0.966143 -0.258008 0
    outer loop
      vertex -53.0219 -0.207911 -25
      vertex -53.0489 -0.309016 -10
      vertex -53.0489 -0.309016 -25
    endloop
  endfacet
  facet normal -0.35843 0.933556 0
    outer loop
      vertex -54.309 0.951056 -25
      vertex -54.4067 0.913545 -10
      vertex -54.309 0.951056 -10
    endloop
  endfacet
  facet normal -0.35843 0.933556 0
    outer loop
      vertex -54.4067 0.913545 -10
      vertex -54.309 0.951056 -25
      vertex -54.4067 0.913545 -25
    endloop
  endfacet
  facet normal 0.777015 -0.629483 0
    outer loop
      vertex -53.2569 -0.66913 -10
      vertex -53.191 -0.587785 -25
      vertex -53.191 -0.587785 -10
    endloop
  endfacet
  facet normal 0.777015 -0.629483 0
    outer loop
      vertex -53.191 -0.587785 -25
      vertex -53.2569 -0.66913 -10
      vertex -53.2569 -0.66913 -25
    endloop
  endfacet
  facet normal -0.544579 0.83871 0
    outer loop
      vertex -54.5 0.866025 -25
      vertex -54.5878 0.809016 -10
      vertex -54.5 0.866025 -10
    endloop
  endfacet
  facet normal -0.544579 0.83871 0
    outer loop
      vertex -54.5878 0.809016 -10
      vertex -54.5 0.866025 -25
      vertex -54.5878 0.809016 -25
    endloop
  endfacet
  facet normal 0.25884 0.96592 -0
    outer loop
      vertex -53.691 0.951056 -25
      vertex -53.7921 0.978148 -10
      vertex -53.691 0.951056 -10
    endloop
  endfacet
  facet normal 0.25884 0.96592 0
    outer loop
      vertex -53.7921 0.978148 -10
      vertex -53.691 0.951056 -25
      vertex -53.7921 0.978148 -25
    endloop
  endfacet
  facet normal -0.35843 -0.933556 0
    outer loop
      vertex -54.4067 -0.913545 -25
      vertex -54.309 -0.951056 -10
      vertex -54.4067 -0.913545 -10
    endloop
  endfacet
  facet normal -0.35843 -0.933556 -0
    outer loop
      vertex -54.309 -0.951056 -10
      vertex -54.4067 -0.913545 -25
      vertex -54.309 -0.951056 -25
    endloop
  endfacet
  facet normal -0.777015 0.629483 0
    outer loop
      vertex -54.809 0.587785 -25
      vertex -54.7431 0.66913 -10
      vertex -54.7431 0.66913 -25
    endloop
  endfacet
  facet normal -0.777015 0.629483 0
    outer loop
      vertex -54.7431 0.66913 -10
      vertex -54.809 0.587785 -25
      vertex -54.809 0.587785 -10
    endloop
  endfacet
  facet normal -0.933296 -0.359107 0
    outer loop
      vertex -54.9135 -0.406736 -25
      vertex -54.9511 -0.309016 -10
      vertex -54.9511 -0.309016 -25
    endloop
  endfacet
  facet normal -0.933296 -0.359107 0
    outer loop
      vertex -54.9511 -0.309016 -10
      vertex -54.9135 -0.406736 -25
      vertex -54.9135 -0.406736 -10
    endloop
  endfacet
  facet normal 0.0523587 0.998628 -0
    outer loop
      vertex -53.8955 0.994521 -25
      vertex -54 1 -10
      vertex -53.8955 0.994521 -10
    endloop
  endfacet
  facet normal 0.0523587 0.998628 0
    outer loop
      vertex -54 1 -10
      vertex -53.8955 0.994521 -25
      vertex -54 1 -25
    endloop
  endfacet
  facet normal -0.891085 -0.453836 0
    outer loop
      vertex -54.866 -0.5 -25
      vertex -54.9135 -0.406736 -10
      vertex -54.9135 -0.406736 -25
    endloop
  endfacet
  facet normal -0.891085 -0.453836 0
    outer loop
      vertex -54.9135 -0.406736 -10
      vertex -54.866 -0.5 -25
      vertex -54.866 -0.5 -10
    endloop
  endfacet
  facet normal 0.25884 -0.96592 0
    outer loop
      vertex -53.7921 -0.978148 -25
      vertex -53.691 -0.951056 -10
      vertex -53.7921 -0.978148 -10
    endloop
  endfacet
  facet normal 0.25884 -0.96592 0
    outer loop
      vertex -53.691 -0.951056 -10
      vertex -53.7921 -0.978148 -25
      vertex -53.691 -0.951056 -25
    endloop
  endfacet
  facet normal 0.629531 -0.776975 0
    outer loop
      vertex -53.4122 -0.809016 -25
      vertex -53.3309 -0.743144 -10
      vertex -53.4122 -0.809016 -10
    endloop
  endfacet
  facet normal 0.629531 -0.776975 0
    outer loop
      vertex -53.3309 -0.743144 -10
      vertex -53.4122 -0.809016 -25
      vertex -53.3309 -0.743144 -25
    endloop
  endfacet
  facet normal -0.966143 0.258008 0
    outer loop
      vertex -54.9781 0.207911 -25
      vertex -54.9511 0.309016 -10
      vertex -54.9511 0.309016 -25
    endloop
  endfacet
  facet normal -0.966143 0.258008 0
    outer loop
      vertex -54.9511 0.309016 -10
      vertex -54.9781 0.207911 -25
      vertex -54.9781 0.207911 -10
    endloop
  endfacet
  facet normal -0.998619 -0.0525448 0
    outer loop
      vertex -54.9945 -0.104528 -25
      vertex -55 0 -10
      vertex -55 0 -25
    endloop
  endfacet
  facet normal -0.998619 -0.0525448 0
    outer loop
      vertex -55 0 -10
      vertex -54.9945 -0.104528 -25
      vertex -54.9945 -0.104528 -10
    endloop
  endfacet
  facet normal -0.933296 0.359107 0
    outer loop
      vertex -54.9511 0.309016 -25
      vertex -54.9135 0.406736 -10
      vertex -54.9135 0.406736 -25
    endloop
  endfacet
  facet normal -0.933296 0.359107 0
    outer loop
      vertex -54.9135 0.406736 -10
      vertex -54.9511 0.309016 -25
      vertex -54.9511 0.309016 -10
    endloop
  endfacet
  facet normal -0.777015 -0.629483 0
    outer loop
      vertex -54.7431 -0.66913 -25
      vertex -54.809 -0.587785 -10
      vertex -54.809 -0.587785 -25
    endloop
  endfacet
  facet normal -0.777015 -0.629483 0
    outer loop
      vertex -54.809 -0.587785 -10
      vertex -54.7431 -0.66913 -25
      vertex -54.7431 -0.66913 -10
    endloop
  endfacet
  facet normal 0 0 1
    outer loop
      vertex -53.0055 0.104528 -10
      vertex -53.0055 -0.104528 -10
      vertex -53 0 -10
    endloop
  endfacet
  facet normal 0 0 1
    outer loop
      vertex -53.0219 0.207911 -10
      vertex -53.0055 -0.104528 -10
      vertex -53.0055 0.104528 -10
    endloop
  endfacet
  facet normal 0 0 1
    outer loop
      vertex -53.0219 0.207911 -10
      vertex -53.0219 -0.207911 -10
      vertex -53.0055 -0.104528 -10
    endloop
  endfacet
  facet normal 0 0 1
    outer loop
      vertex -53.0489 0.309016 -10
      vertex -53.0219 -0.207911 -10
      vertex -53.0219 0.207911 -10
    endloop
  endfacet
  facet normal 0 0 1
    outer loop
      vertex -53.0489 0.309016 -10
      vertex -53.0489 -0.309016 -10
      vertex -53.0219 -0.207911 -10
    endloop
  endfacet
  facet normal 0 0 1
    outer loop
      vertex -53.0865 0.406736 -10
      vertex -53.0489 -0.309016 -10
      vertex -53.0489 0.309016 -10
    endloop
  endfacet
  facet normal 0 0 1
    outer loop
      vertex -53.0865 0.406736 -10
      vertex -53.0865 -0.406736 -10
      vertex -53.0489 -0.309016 -10
    endloop
  endfacet
  facet normal 0 0 1
    outer loop
      vertex -53.134 0.5 -10
      vertex -53.0865 -0.406736 -10
      vertex -53.0865 0.406736 -10
    endloop
  endfacet
  facet normal 0 0 1
    outer loop
      vertex -53.134 0.5 -10
      vertex -53.134 -0.5 -10
      vertex -53.0865 -0.406736 -10
    endloop
  endfacet
  facet normal 0 0 1
    outer loop
      vertex -53.191 0.587785 -10
      vertex -53.134 -0.5 -10
      vertex -53.134 0.5 -10
    endloop
  endfacet
  facet normal 0 0 1
    outer loop
      vertex -53.191 0.587785 -10
      vertex -53.191 -0.587785 -10
      vertex -53.134 -0.5 -10
    endloop
  endfacet
  facet normal 0 0 1
    outer loop
      vertex -53.2569 0.66913 -10
      vertex -53.191 -0.587785 -10
      vertex -53.191 0.587785 -10
    endloop
  endfacet
  facet normal 0 0 1
    outer loop
      vertex -53.2569 0.66913 -10
      vertex -53.2569 -0.66913 -10
      vertex -53.191 -0.587785 -10
    endloop
  endfacet
  facet normal 0 0 1
    outer loop
      vertex -53.3309 0.743144 -10
      vertex -53.2569 -0.66913 -10
      vertex -53.2569 0.66913 -10
    endloop
  endfacet
  facet normal 0 0 1
    outer loop
      vertex -53.3309 0.743144 -10
      vertex -53.3309 -0.743144 -10
      vertex -53.2569 -0.66913 -10
    endloop
  endfacet
  facet normal 0 0 1
    outer loop
      vertex -53.4122 0.809016 -10
      vertex -53.3309 -0.743144 -10
      vertex -53.3309 0.743144 -10
    endloop
  endfacet
  facet normal 0 0 1
    outer loop
      vertex -53.4122 0.809016 -10
      vertex -53.4122 -0.809016 -10
      vertex -53.3309 -0.743144 -10
    endloop
  endfacet
  facet normal 0 0 1
    outer loop
      vertex -53.5 0.866025 -10
      vertex -53.4122 -0.809016 -10
      vertex -53.4122 0.809016 -10
    endloop
  endfacet
  facet normal 0 0 1
    outer loop
      vertex -53.5 0.866025 -10
      vertex -53.5 -0.866025 -10
      vertex -53.4122 -0.809016 -10
    endloop
  endfacet
  facet normal 0 0 1
    outer loop
      vertex -53.5933 0.913545 -10
      vertex -53.5 -0.866025 -10
      vertex -53.5 0.866025 -10
    endloop
  endfacet
  facet normal 0 0 1
    outer loop
      vertex -53.5933 0.913545 -10
      vertex -53.5933 -0.913545 -10
      vertex -53.5 -0.866025 -10
    endloop
  endfacet
  facet normal 0 0 1
    outer loop
      vertex -53.691 0.951056 -10
      vertex -53.5933 -0.913545 -10
      vertex -53.5933 0.913545 -10
    endloop
  endfacet
  facet normal 0 0 1
    outer loop
      vertex -53.691 0.951056 -10
      vertex -53.691 -0.951056 -10
      vertex -53.5933 -0.913545 -10
    endloop
  endfacet
  facet normal 0 0 1
    outer loop
      vertex -53.7921 0.978148 -10
      vertex -53.691 -0.951056 -10
      vertex -53.691 0.951056 -10
    endloop
  endfacet
  facet normal 0 0 1
    outer loop
      vertex -53.7921 0.978148 -10
      vertex -53.7921 -0.978148 -10
      vertex -53.691 -0.951056 -10
    endloop
  endfacet
  facet normal 0 0 1
    outer loop
      vertex -53.8955 0.994521 -10
      vertex -53.7921 -0.978148 -10
      vertex -53.7921 0.978148 -10
    endloop
  endfacet
  facet normal 0 0 1
    outer loop
      vertex -53.8955 0.994521 -10
      vertex -53.8955 -0.994521 -10
      vertex -53.7921 -0.978148 -10
    endloop
  endfacet
  facet normal 0 0 1
    outer loop
      vertex -54 1 -10
      vertex -53.8955 -0.994521 -10
      vertex -53.8955 0.994521 -10
    endloop
  endfacet
  facet normal 0 0 1
    outer loop
      vertex -54 1 -10
      vertex -54 -1 -10
      vertex -53.8955 -0.994521 -10
    endloop
  endfacet
  facet normal -0 0 1
    outer loop
      vertex -54.1045 0.994521 -10
      vertex -54 -1 -10
      vertex -54 1 -10
    endloop
  endfacet
  facet normal 0 0 1
    outer loop
      vertex -54.1045 0.994521 -10
      vertex -54.1045 -0.994521 -10
      vertex -54 -1 -10
    endloop
  endfacet
  facet normal -0 0 1
    outer loop
      vertex -54.2079 0.978148 -10
      vertex -54.1045 -0.994521 -10
      vertex -54.1045 0.994521 -10
    endloop
  endfacet
  facet normal 0 0 1
    outer loop
      vertex -54.2079 0.978148 -10
      vertex -54.2079 -0.978148 -10
      vertex -54.1045 -0.994521 -10
    endloop
  endfacet
  facet normal -0 0 1
    outer loop
      vertex -54.309 0.951056 -10
      vertex -54.2079 -0.978148 -10
      vertex -54.2079 0.978148 -10
    endloop
  endfacet
  facet normal 0 0 1
    outer loop
      vertex -54.309 0.951056 -10
      vertex -54.309 -0.951056 -10
      vertex -54.2079 -0.978148 -10
    endloop
  endfacet
  facet normal -0 0 1
    outer loop
      vertex -54.4067 0.913545 -10
      vertex -54.309 -0.951056 -10
      vertex -54.309 0.951056 -10
    endloop
  endfacet
  facet normal 0 0 1
    outer loop
      vertex -54.4067 0.913545 -10
      vertex -54.4067 -0.913545 -10
      vertex -54.309 -0.951056 -10
    endloop
  endfacet
  facet normal -0 0 1
    outer loop
      vertex -54.5 0.866025 -10
      vertex -54.4067 -0.913545 -10
      vertex -54.4067 0.913545 -10
    endloop
  endfacet
  facet normal 0 0 1
    outer loop
      vertex -54.5 0.866025 -10
      vertex -54.5 -0.866025 -10
      vertex -54.4067 -0.913545 -10
    endloop
  endfacet
  facet normal -0 0 1
    outer loop
      vertex -54.5878 0.809016 -10
      vertex -54.5 -0.866025 -10
      vertex -54.5 0.866025 -10
    endloop
  endfacet
  facet normal 0 0 1
    outer loop
      vertex -54.5878 0.809016 -10
      vertex -54.5878 -0.809016 -10
      vertex -54.5 -0.866025 -10
    endloop
  endfacet
  facet normal -0 0 1
    outer loop
      vertex -54.6691 0.743144 -10
      vertex -54.5878 -0.809016 -10
      vertex -54.5878 0.809016 -10
    endloop
  endfacet
  facet normal 0 0 1
    outer loop
      vertex -54.6691 0.743144 -10
      vertex -54.6691 -0.743144 -10
      vertex -54.5878 -0.809016 -10
    endloop
  endfacet
  facet normal -0 0 1
    outer loop
      vertex -54.7431 0.66913 -10
      vertex -54.6691 -0.743144 -10
      vertex -54.6691 0.743144 -10
    endloop
  endfacet
  facet normal 0 0 1
    outer loop
      vertex -54.7431 0.66913 -10
      vertex -54.7431 -0.66913 -10
      vertex -54.6691 -0.743144 -10
    endloop
  endfacet
  facet normal -0 0 1
    outer loop
      vertex -54.809 0.587785 -10
      vertex -54.7431 -0.66913 -10
      vertex -54.7431 0.66913 -10
    endloop
  endfacet
  facet normal 0 0 1
    outer loop
      vertex -54.809 0.587785 -10
      vertex -54.809 -0.587785 -10
      vertex -54.7431 -0.66913 -10
    endloop
  endfacet
  facet normal -0 0 1
    outer loop
      vertex -54.866 0.5 -10
      vertex -54.809 -0.587785 -10
      vertex -54.809 0.587785 -10
    endloop
  endfacet
  facet normal 0 0 1
    outer loop
      vertex -54.866 0.5 -10
      vertex -54.866 -0.5 -10
      vertex -54.809 -0.587785 -10
    endloop
  endfacet
  facet normal -0 0 1
    outer loop
      vertex -54.9135 0.406736 -10
      vertex -54.866 -0.5 -10
      vertex -54.866 0.5 -10
    endloop
  endfacet
  facet normal 0 0 1
    outer loop
      vertex -54.9135 0.406736 -10
      vertex -54.9135 -0.406736 -10
      vertex -54.866 -0.5 -10
    endloop
  endfacet
  facet normal -0 0 1
    outer loop
      vertex -54.9511 0.309016 -10
      vertex -54.9135 -0.406736 -10
      vertex -54.9135 0.406736 -10
    endloop
  endfacet
  facet normal 0 0 1
    outer loop
      vertex -54.9511 0.309016 -10
      vertex -54.9511 -0.309016 -10
      vertex -54.9135 -0.406736 -10
    endloop
  endfacet
  facet normal -0 0 1
    outer loop
      vertex -54.9781 0.207911 -10
      vertex -54.9511 -0.309016 -10
      vertex -54.9511 0.309016 -10
    endloop
  endfacet
  facet normal 0 0 1
    outer loop
      vertex -54.9781 0.207911 -10
      vertex -54.9781 -0.207911 -10
      vertex -54.9511 -0.309016 -10
    endloop
  endfacet
  facet normal -0 0 1
    outer loop
      vertex -54.9945 0.104528 -10
      vertex -54.9781 -0.207911 -10
      vertex -54.9781 0.207911 -10
    endloop
  endfacet
  facet normal 0 0 1
    outer loop
      vertex -54.9945 0.104528 -10
      vertex -54.9945 -0.104528 -10
      vertex -54.9781 -0.207911 -10
    endloop
  endfacet
  facet normal 0 -0 1
    outer loop
      vertex -54.9945 -0.104528 -10
      vertex -54.9945 0.104528 -10
      vertex -55 0 -10
    endloop
  endfacet
  facet normal -0.707174 -0.70704 0
    outer loop
      vertex -54.7431 -0.66913 -25
      vertex -54.6691 -0.743144 -10
      vertex -54.7431 -0.66913 -10
    endloop
  endfacet
  facet normal -0.707174 -0.70704 -0
    outer loop
      vertex -54.6691 -0.743144 -10
      vertex -54.7431 -0.66913 -25
      vertex -54.6691 -0.743144 -25
    endloop
  endfacet
  facet normal 0.544579 -0.83871 0
    outer loop
      vertex -53.5 -0.866025 -25
      vertex -53.4122 -0.809016 -10
      vertex -53.5 -0.866025 -10
    endloop
  endfacet
  facet normal 0.544579 -0.83871 0
    outer loop
      vertex -53.4122 -0.809016 -10
      vertex -53.5 -0.866025 -25
      vertex -53.4122 -0.809016 -25
    endloop
  endfacet
  facet normal 0.933296 -0.359107 0
    outer loop
      vertex -53.0865 -0.406736 -10
      vertex -53.0489 -0.309016 -25
      vertex -53.0489 -0.309016 -10
    endloop
  endfacet
  facet normal 0.933296 -0.359107 0
    outer loop
      vertex -53.0489 -0.309016 -25
      vertex -53.0865 -0.406736 -10
      vertex -53.0865 -0.406736 -25
    endloop
  endfacet
  facet normal 0 0 -1
    outer loop
      vertex -53.0055 -0.104528 -25
      vertex -53.0055 0.104528 -25
      vertex -53 0 -25
    endloop
  endfacet
  facet normal 0 0 -1
    outer loop
      vertex -53.0219 -0.207911 -25
      vertex -53.0055 0.104528 -25
      vertex -53.0055 -0.104528 -25
    endloop
  endfacet
  facet normal 0 0 -1
    outer loop
      vertex -53.0219 -0.207911 -25
      vertex -53.0219 0.207911 -25
      vertex -53.0055 0.104528 -25
    endloop
  endfacet
  facet normal 0 0 -1
    outer loop
      vertex -53.0489 -0.309016 -25
      vertex -53.0219 0.207911 -25
      vertex -53.0219 -0.207911 -25
    endloop
  endfacet
  facet normal 0 0 -1
    outer loop
      vertex -53.0489 -0.309016 -25
      vertex -53.0489 0.309016 -25
      vertex -53.0219 0.207911 -25
    endloop
  endfacet
  facet normal 0 0 -1
    outer loop
      vertex -53.0865 -0.406736 -25
      vertex -53.0489 0.309016 -25
      vertex -53.0489 -0.309016 -25
    endloop
  endfacet
  facet normal 0 0 -1
    outer loop
      vertex -53.0865 -0.406736 -25
      vertex -53.0865 0.406736 -25
      vertex -53.0489 0.309016 -25
    endloop
  endfacet
  facet normal 0 0 -1
    outer loop
      vertex -53.134 -0.5 -25
      vertex -53.0865 0.406736 -25
      vertex -53.0865 -0.406736 -25
    endloop
  endfacet
  facet normal 0 0 -1
    outer loop
      vertex -53.134 -0.5 -25
      vertex -53.134 0.5 -25
      vertex -53.0865 0.406736 -25
    endloop
  endfacet
  facet normal 0 0 -1
    outer loop
      vertex -53.191 -0.587785 -25
      vertex -53.134 0.5 -25
      vertex -53.134 -0.5 -25
    endloop
  endfacet
  facet normal 0 0 -1
    outer loop
      vertex -53.191 -0.587785 -25
      vertex -53.191 0.587785 -25
      vertex -53.134 0.5 -25
    endloop
  endfacet
  facet normal 0 0 -1
    outer loop
      vertex -53.2569 -0.66913 -25
      vertex -53.191 0.587785 -25
      vertex -53.191 -0.587785 -25
    endloop
  endfacet
  facet normal 0 0 -1
    outer loop
      vertex -53.2569 -0.66913 -25
      vertex -53.2569 0.66913 -25
      vertex -53.191 0.587785 -25
    endloop
  endfacet
  facet normal 0 0 -1
    outer loop
      vertex -53.3309 -0.743144 -25
      vertex -53.2569 0.66913 -25
      vertex -53.2569 -0.66913 -25
    endloop
  endfacet
  facet normal 0 0 -1
    outer loop
      vertex -53.3309 -0.743144 -25
      vertex -53.3309 0.743144 -25
      vertex -53.2569 0.66913 -25
    endloop
  endfacet
  facet normal 0 0 -1
    outer loop
      vertex -53.4122 -0.809016 -25
      vertex -53.3309 0.743144 -25
      vertex -53.3309 -0.743144 -25
    endloop
  endfacet
  facet normal 0 0 -1
    outer loop
      vertex -53.4122 -0.809016 -25
      vertex -53.4122 0.809016 -25
      vertex -53.3309 0.743144 -25
    endloop
  endfacet
  facet normal 0 0 -1
    outer loop
      vertex -53.5 -0.866025 -25
      vertex -53.4122 0.809016 -25
      vertex -53.4122 -0.809016 -25
    endloop
  endfacet
  facet normal 0 0 -1
    outer loop
      vertex -53.5 -0.866025 -25
      vertex -53.5 0.866025 -25
      vertex -53.4122 0.809016 -25
    endloop
  endfacet
  facet normal 0 0 -1
    outer loop
      vertex -53.5933 -0.913545 -25
      vertex -53.5 0.866025 -25
      vertex -53.5 -0.866025 -25
    endloop
  endfacet
  facet normal 0 0 -1
    outer loop
      vertex -53.5933 -0.913545 -25
      vertex -53.5933 0.913545 -25
      vertex -53.5 0.866025 -25
    endloop
  endfacet
  facet normal 0 0 -1
    outer loop
      vertex -53.691 -0.951056 -25
      vertex -53.5933 0.913545 -25
      vertex -53.5933 -0.913545 -25
    endloop
  endfacet
  facet normal 0 0 -1
    outer loop
      vertex -53.691 -0.951056 -25
      vertex -53.691 0.951056 -25
      vertex -53.5933 0.913545 -25
    endloop
  endfacet
  facet normal 0 0 -1
    outer loop
      vertex -53.7921 -0.978148 -25
      vertex -53.691 0.951056 -25
      vertex -53.691 -0.951056 -25
    endloop
  endfacet
  facet normal 0 0 -1
    outer loop
      vertex -53.7921 -0.978148 -25
      vertex -53.7921 0.978148 -25
      vertex -53.691 0.951056 -25
    endloop
  endfacet
  facet normal 0 0 -1
    outer loop
      vertex -53.8955 -0.994521 -25
      vertex -53.7921 0.978148 -25
      vertex -53.7921 -0.978148 -25
    endloop
  endfacet
  facet normal 0 0 -1
    outer loop
      vertex -53.8955 -0.994521 -25
      vertex -53.8955 0.994521 -25
      vertex -53.7921 0.978148 -25
    endloop
  endfacet
  facet normal 0 0 -1
    outer loop
      vertex -54 -1 -25
      vertex -53.8955 0.994521 -25
      vertex -53.8955 -0.994521 -25
    endloop
  endfacet
  facet normal -0 0 -1
    outer loop
      vertex -53.8955 0.994521 -25
      vertex -54 -1 -25
      vertex -54 1 -25
    endloop
  endfacet
  facet normal 0 0 -1
    outer loop
      vertex -54.1045 -0.994521 -25
      vertex -54 1 -25
      vertex -54 -1 -25
    endloop
  endfacet
  facet normal 0 0 -1
    outer loop
      vertex -54.1045 -0.994521 -25
      vertex -54.1045 0.994521 -25
      vertex -54 1 -25
    endloop
  endfacet
  facet normal 0 0 -1
    outer loop
      vertex -54.2079 -0.978148 -25
      vertex -54.1045 0.994521 -25
      vertex -54.1045 -0.994521 -25
    endloop
  endfacet
  facet normal 0 0 -1
    outer loop
      vertex -54.2079 -0.978148 -25
      vertex -54.2079 0.978148 -25
      vertex -54.1045 0.994521 -25
    endloop
  endfacet
  facet normal 0 0 -1
    outer loop
      vertex -54.309 -0.951056 -25
      vertex -54.2079 0.978148 -25
      vertex -54.2079 -0.978148 -25
    endloop
  endfacet
  facet normal 0 0 -1
    outer loop
      vertex -54.309 -0.951056 -25
      vertex -54.309 0.951056 -25
      vertex -54.2079 0.978148 -25
    endloop
  endfacet
  facet normal 0 0 -1
    outer loop
      vertex -54.4067 -0.913545 -25
      vertex -54.309 0.951056 -25
      vertex -54.309 -0.951056 -25
    endloop
  endfacet
  facet normal 0 0 -1
    outer loop
      vertex -54.4067 -0.913545 -25
      vertex -54.4067 0.913545 -25
      vertex -54.309 0.951056 -25
    endloop
  endfacet
  facet normal 0 0 -1
    outer loop
      vertex -54.5 -0.866025 -25
      vertex -54.4067 0.913545 -25
      vertex -54.4067 -0.913545 -25
    endloop
  endfacet
  facet normal 0 0 -1
    outer loop
      vertex -54.5 -0.866025 -25
      vertex -54.5 0.866025 -25
      vertex -54.4067 0.913545 -25
    endloop
  endfacet
  facet normal 0 0 -1
    outer loop
      vertex -54.5878 -0.809016 -25
      vertex -54.5 0.866025 -25
      vertex -54.5 -0.866025 -25
    endloop
  endfacet
  facet normal 0 0 -1
    outer loop
      vertex -54.5878 -0.809016 -25
      vertex -54.5878 0.809016 -25
      vertex -54.5 0.866025 -25
    endloop
  endfacet
  facet normal 0 0 -1
    outer loop
      vertex -54.6691 -0.743144 -25
      vertex -54.5878 0.809016 -25
      vertex -54.5878 -0.809016 -25
    endloop
  endfacet
  facet normal 0 0 -1
    outer loop
      vertex -54.6691 -0.743144 -25
      vertex -54.6691 0.743144 -25
      vertex -54.5878 0.809016 -25
    endloop
  endfacet
  facet normal 0 0 -1
    outer loop
      vertex -54.7431 -0.66913 -25
      vertex -54.6691 0.743144 -25
      vertex -54.6691 -0.743144 -25
    endloop
  endfacet
  facet normal 0 0 -1
    outer loop
      vertex -54.7431 -0.66913 -25
      vertex -54.7431 0.66913 -25
      vertex -54.6691 0.743144 -25
    endloop
  endfacet
  facet normal 0 0 -1
    outer loop
      vertex -54.809 -0.587785 -25
      vertex -54.7431 0.66913 -25
      vertex -54.7431 -0.66913 -25
    endloop
  endfacet
  facet normal 0 0 -1
    outer loop
      vertex -54.809 -0.587785 -25
      vertex -54.809 0.587785 -25
      vertex -54.7431 0.66913 -25
    endloop
  endfacet
  facet normal 0 0 -1
    outer loop
      vertex -54.866 -0.5 -25
      vertex -54.809 0.587785 -25
      vertex -54.809 -0.587785 -25
    endloop
  endfacet
  facet normal 0 0 -1
    outer loop
      vertex -54.866 -0.5 -25
      vertex -54.866 0.5 -25
      vertex -54.809 0.587785 -25
    endloop
  endfacet
  facet normal 0 0 -1
    outer loop
      vertex -54.9135 -0.406736 -25
      vertex -54.866 0.5 -25
      vertex -54.866 -0.5 -25
    endloop
  endfacet
  facet normal 0 0 -1
    outer loop
      vertex -54.9135 -0.406736 -25
      vertex -54.9135 0.406736 -25
      vertex -54.866 0.5 -25
    endloop
  endfacet
  facet normal 0 0 -1
    outer loop
      vertex -54.9511 -0.309016 -25
      vertex -54.9135 0.406736 -25
      vertex -54.9135 -0.406736 -25
    endloop
  endfacet
  facet normal 0 0 -1
    outer loop
      vertex -54.9511 -0.309016 -25
      vertex -54.9511 0.309016 -25
      vertex -54.9135 0.406736 -25
    endloop
  endfacet
  facet normal 0 0 -1
    outer loop
      vertex -54.9781 -0.207911 -25
      vertex -54.9511 0.309016 -25
      vertex -54.9511 -0.309016 -25
    endloop
  endfacet
  facet normal 0 0 -1
    outer loop
      vertex -54.9781 -0.207911 -25
      vertex -54.9781 0.207911 -25
      vertex -54.9511 0.309016 -25
    endloop
  endfacet
  facet normal 0 0 -1
    outer loop
      vertex -54.9945 -0.104528 -25
      vertex -54.9781 0.207911 -25
      vertex -54.9781 -0.207911 -25
    endloop
  endfacet
  facet normal 0 0 -1
    outer loop
      vertex -54.9945 -0.104528 -25
      vertex -54.9945 0.104528 -25
      vertex -54.9781 0.207911 -25
    endloop
  endfacet
  facet normal 0 -0 -1
    outer loop
      vertex -54.9945 0.104528 -25
      vertex -54.9945 -0.104528 -25
      vertex -55 0 -25
    endloop
  endfacet
  facet normal -0.0523587 -0.998628 0
    outer loop
      vertex -54.1045 -0.994521 -25
      vertex -54 -1 -10
      vertex -54.1045 -0.994521 -10
    endloop
  endfacet
  facet normal -0.0523587 -0.998628 -0
    outer loop
      vertex -54 -1 -10
      vertex -54.1045 -0.994521 -25
      vertex -54 -1 -25
    endloop
  endfacet
  facet normal -0.998619 0.0525448 0
    outer loop
      vertex -55 0 -25
      vertex -54.9945 0.104528 -10
      vertex -54.9945 0.104528 -25
    endloop
  endfacet
  facet normal -0.998619 0.0525448 0
    outer loop
      vertex -54.9945 0.104528 -10
      vertex -55 0 -25
      vertex -55 0 -10
    endloop
  endfacet
  facet normal -0.156398 -0.987694 0
    outer loop
      vertex -54.2079 -0.978148 -25
      vertex -54.1045 -0.994521 -10
      vertex -54.2079 -0.978148 -10
    endloop
  endfacet
  facet normal -0.156398 -0.987694 -0
    outer loop
      vertex -54.1045 -0.994521 -10
      vertex -54.2079 -0.978148 -25
      vertex -54.1045 -0.994521 -25
    endloop
  endfacet
  facet normal -0.544579 -0.83871 0
    outer loop
      vertex -54.5878 -0.809016 -25
      vertex -54.5 -0.866025 -10
      vertex -54.5878 -0.809016 -10
    endloop
  endfacet
  facet normal -0.544579 -0.83871 -0
    outer loop
      vertex -54.5 -0.866025 -10
      vertex -54.5878 -0.809016 -25
      vertex -54.5 -0.866025 -25
    endloop
  endfacet
  facet normal 0.707174 -0.70704 0
    outer loop
      vertex -53.3309 -0.743144 -10
      vertex -53.2569 -0.66913 -25
      vertex -53.2569 -0.66913 -10
    endloop
  endfacet
  facet normal 0.707174 -0.70704 0
    outer loop
      vertex -53.2569 -0.66913 -25
      vertex -53.3309 -0.743144 -10
      vertex -53.3309 -0.743144 -25
    endloop
  endfacet
  facet normal 0.453983 0 0.89101
    outer loop
      vertex -52.3731 2 -25.3458
      vertex -52 -2 -25.5359
      vertex -52 2 -25.5359
    endloop
  endfacet
  facet normal 0.453983 0 0.89101
    outer loop
      vertex -52 -2 -25.5359
      vertex -52.3731 2 -25.3458
      vertex -52.3731 -2 -25.3458
    endloop
  endfacet
  facet normal 0.987685 0 -0.156453
    outer loop
      vertex -50.0219 -2 -29.4181
      vertex -50.0874 2 -29.8316
      vertex -50.0219 2 -29.4181
    endloop
  endfacet
  facet normal 0.987685 0 -0.156453
    outer loop
      vertex -50.0874 2 -29.8316
      vertex -50.0219 -2 -29.4181
      vertex -50.0874 -2 -29.8316
    endloop
  endfacet
  facet normal -0.544627 0 0.838678
    outer loop
      vertex -56.3511 2 -25.7639
      vertex -56 -2 -25.5359
      vertex -56 2 -25.5359
    endloop
  endfacet
  facet normal -0.544627 0 0.838678
    outer loop
      vertex -56 -2 -25.5359
      vertex -56.3511 2 -25.7639
      vertex -56.3511 -2 -25.7639
    endloop
  endfacet
  facet normal -0.156453 0 0.987685
    outer loop
      vertex -54.8316 2 -25.0874
      vertex -54.4181 -2 -25.0219
      vertex -54.4181 2 -25.0219
    endloop
  endfacet
  facet normal -0.156453 0 0.987685
    outer loop
      vertex -54.4181 -2 -25.0219
      vertex -54.8316 2 -25.0874
      vertex -54.8316 -2 -25.0874
    endloop
  endfacet
  facet normal 0.965917 -0 0.258851
    outer loop
      vertex -50.1958 -2 -27.7639
      vertex -50.0874 2 -28.1684
      vertex -50.1958 2 -27.7639
    endloop
  endfacet
  facet normal 0.965917 0 0.258851
    outer loop
      vertex -50.0874 2 -28.1684
      vertex -50.1958 -2 -27.7639
      vertex -50.0874 -2 -28.1684
    endloop
  endfacet
  facet normal -0.965917 0 -0.258851
    outer loop
      vertex -57.8042 -2 -30.2361
      vertex -57.9126 2 -29.8316
      vertex -57.8042 2 -30.2361
    endloop
  endfacet
  facet normal -0.965917 -0 -0.258851
    outer loop
      vertex -57.9126 2 -29.8316
      vertex -57.8042 -2 -30.2361
      vertex -57.9126 -2 -29.8316
    endloop
  endfacet
  facet normal 0.544627 0 -0.838678
    outer loop
      vertex -52 -2 -32.4641
      vertex -51.6489 2 -32.2361
      vertex -51.6489 -2 -32.2361
    endloop
  endfacet
  facet normal 0.544627 0 -0.838678
    outer loop
      vertex -51.6489 2 -32.2361
      vertex -52 -2 -32.4641
      vertex -52 2 -32.4641
    endloop
  endfacet
  facet normal 0.0523081 0 -0.998631
    outer loop
      vertex -54 -2 -33
      vertex -53.5819 2 -32.9781
      vertex -53.5819 -2 -32.9781
    endloop
  endfacet
  facet normal 0.0523081 0 -0.998631
    outer loop
      vertex -53.5819 2 -32.9781
      vertex -54 -2 -33
      vertex -54 2 -33
    endloop
  endfacet
  facet normal 0.933592 -0 0.358339
    outer loop
      vertex -50.3458 -2 -27.3731
      vertex -50.1958 2 -27.7639
      vertex -50.3458 2 -27.3731
    endloop
  endfacet
  facet normal 0.933592 0 0.358339
    outer loop
      vertex -50.1958 2 -27.7639
      vertex -50.3458 -2 -27.3731
      vertex -50.1958 -2 -27.7639
    endloop
  endfacet
  facet normal 0.629315 0 -0.77715
    outer loop
      vertex -51.6489 -2 -32.2361
      vertex -51.3235 2 -31.9726
      vertex -51.3235 -2 -31.9726
    endloop
  endfacet
  facet normal 0.629315 0 -0.77715
    outer loop
      vertex -51.3235 2 -31.9726
      vertex -51.6489 -2 -32.2361
      vertex -51.6489 2 -32.2361
    endloop
  endfacet
  facet normal 0.838678 0 -0.544627
    outer loop
      vertex -50.5359 -2 -31
      vertex -50.7639 2 -31.3511
      vertex -50.5359 2 -31
    endloop
  endfacet
  facet normal 0.838678 0 -0.544627
    outer loop
      vertex -50.7639 2 -31.3511
      vertex -50.5359 -2 -31
      vertex -50.7639 -2 -31.3511
    endloop
  endfacet
  facet normal 0.933592 0 -0.358339
    outer loop
      vertex -50.1958 -2 -30.2361
      vertex -50.3458 2 -30.6269
      vertex -50.1958 2 -30.2361
    endloop
  endfacet
  facet normal 0.933592 0 -0.358339
    outer loop
      vertex -50.3458 2 -30.6269
      vertex -50.1958 -2 -30.2361
      vertex -50.3458 -2 -30.6269
    endloop
  endfacet
  facet normal 0.156453 0 -0.987685
    outer loop
      vertex -53.5819 -2 -32.9781
      vertex -53.1684 2 -32.9126
      vertex -53.1684 -2 -32.9126
    endloop
  endfacet
  facet normal 0.156453 0 -0.987685
    outer loop
      vertex -53.1684 2 -32.9126
      vertex -53.5819 -2 -32.9781
      vertex -53.5819 2 -32.9781
    endloop
  endfacet
  facet normal 0.707107 0 0.707107
    outer loop
      vertex -51.3235 2 -26.0274
      vertex -51.0274 -2 -26.3235
      vertex -51.0274 2 -26.3235
    endloop
  endfacet
  facet normal 0.707107 0 0.707107
    outer loop
      vertex -51.0274 -2 -26.3235
      vertex -51.3235 2 -26.0274
      vertex -51.3235 -2 -26.0274
    endloop
  endfacet
  facet normal 0.156453 0 0.987685
    outer loop
      vertex -53.5819 2 -25.0219
      vertex -53.1684 -2 -25.0874
      vertex -53.1684 2 -25.0874
    endloop
  endfacet
  facet normal 0.156453 0 0.987685
    outer loop
      vertex -53.1684 -2 -25.0874
      vertex -53.5819 2 -25.0219
      vertex -53.5819 -2 -25.0219
    endloop
  endfacet
  facet normal 0.987685 -0 0.156453
    outer loop
      vertex -50.0874 -2 -28.1684
      vertex -50.0219 2 -28.5819
      vertex -50.0874 2 -28.1684
    endloop
  endfacet
  facet normal 0.987685 0 0.156453
    outer loop
      vertex -50.0219 2 -28.5819
      vertex -50.0874 -2 -28.1684
      vertex -50.0219 -2 -28.5819
    endloop
  endfacet
  facet normal -0.629315 0 0.77715
    outer loop
      vertex -56.6765 2 -26.0274
      vertex -56.3511 -2 -25.7639
      vertex -56.3511 2 -25.7639
    endloop
  endfacet
  facet normal -0.629315 0 0.77715
    outer loop
      vertex -56.3511 -2 -25.7639
      vertex -56.6765 2 -26.0274
      vertex -56.6765 -2 -26.0274
    endloop
  endfacet
  facet normal 0.998631 -0 0.0523081
    outer loop
      vertex -50.0219 -2 -28.5819
      vertex -50 2 -29
      vertex -50.0219 2 -28.5819
    endloop
  endfacet
  facet normal 0.998631 0 0.0523081
    outer loop
      vertex -50 2 -29
      vertex -50.0219 -2 -28.5819
      vertex -50 -2 -29
    endloop
  endfacet
  facet normal -0.998631 0 0.0523081
    outer loop
      vertex -58 -2 -29
      vertex -57.9781 2 -28.5819
      vertex -58 2 -29
    endloop
  endfacet
  facet normal -0.998631 0 0.0523081
    outer loop
      vertex -57.9781 2 -28.5819
      vertex -58 -2 -29
      vertex -57.9781 -2 -28.5819
    endloop
  endfacet
  facet normal -0.838678 0 -0.544627
    outer loop
      vertex -57.2361 -2 -31.3511
      vertex -57.4641 2 -31
      vertex -57.2361 2 -31.3511
    endloop
  endfacet
  facet normal -0.838678 -0 -0.544627
    outer loop
      vertex -57.4641 2 -31
      vertex -57.2361 -2 -31.3511
      vertex -57.4641 -2 -31
    endloop
  endfacet
  facet normal 0.358339 0 0.933592
    outer loop
      vertex -52.7639 2 -25.1958
      vertex -52.3731 -2 -25.3458
      vertex -52.3731 2 -25.3458
    endloop
  endfacet
  facet normal 0.358339 0 0.933592
    outer loop
      vertex -52.3731 -2 -25.3458
      vertex -52.7639 2 -25.1958
      vertex -52.7639 -2 -25.1958
    endloop
  endfacet
  facet normal -0.0523081 0 -0.998631
    outer loop
      vertex -54.4181 -2 -32.9781
      vertex -54 2 -33
      vertex -54 -2 -33
    endloop
  endfacet
  facet normal -0.0523081 0 -0.998631
    outer loop
      vertex -54 2 -33
      vertex -54.4181 -2 -32.9781
      vertex -54.4181 2 -32.9781
    endloop
  endfacet
  facet normal -0.707107 0 0.707107
    outer loop
      vertex -56.9726 2 -26.3235
      vertex -56.6765 -2 -26.0274
      vertex -56.6765 2 -26.0274
    endloop
  endfacet
  facet normal -0.707107 0 0.707107
    outer loop
      vertex -56.6765 -2 -26.0274
      vertex -56.9726 2 -26.3235
      vertex -56.9726 -2 -26.3235
    endloop
  endfacet
  facet normal -0.629315 0 -0.77715
    outer loop
      vertex -56.6765 -2 -31.9726
      vertex -56.3511 2 -32.2361
      vertex -56.3511 -2 -32.2361
    endloop
  endfacet
  facet normal -0.629315 0 -0.77715
    outer loop
      vertex -56.3511 2 -32.2361
      vertex -56.6765 -2 -31.9726
      vertex -56.6765 2 -31.9726
    endloop
  endfacet
  facet normal -0.933592 0 -0.358339
    outer loop
      vertex -57.6542 -2 -30.6269
      vertex -57.8042 2 -30.2361
      vertex -57.6542 2 -30.6269
    endloop
  endfacet
  facet normal -0.933592 -0 -0.358339
    outer loop
      vertex -57.8042 2 -30.2361
      vertex -57.6542 -2 -30.6269
      vertex -57.8042 -2 -30.2361
    endloop
  endfacet
  facet normal 0 1 0
    outer loop
      vertex -53.5819 2 -25.0219
      vertex -54.4181 2 -25.0219
      vertex -54 2 -25
    endloop
  endfacet
  facet normal 0 1 0
    outer loop
      vertex -53.1684 2 -25.0874
      vertex -54.4181 2 -25.0219
      vertex -53.5819 2 -25.0219
    endloop
  endfacet
  facet normal 0 1 0
    outer loop
      vertex -53.1684 2 -25.0874
      vertex -54.8316 2 -25.0874
      vertex -54.4181 2 -25.0219
    endloop
  endfacet
  facet normal 0 1 0
    outer loop
      vertex -52.7639 2 -25.1958
      vertex -54.8316 2 -25.0874
      vertex -53.1684 2 -25.0874
    endloop
  endfacet
  facet normal 0 1 0
    outer loop
      vertex -52.7639 2 -25.1958
      vertex -55.2361 2 -25.1958
      vertex -54.8316 2 -25.0874
    endloop
  endfacet
  facet normal 0 1 0
    outer loop
      vertex -52.3731 2 -25.3458
      vertex -55.2361 2 -25.1958
      vertex -52.7639 2 -25.1958
    endloop
  endfacet
  facet normal 0 1 0
    outer loop
      vertex -52.3731 2 -25.3458
      vertex -55.6269 2 -25.3458
      vertex -55.2361 2 -25.1958
    endloop
  endfacet
  facet normal 0 1 0
    outer loop
      vertex -52 2 -25.5359
      vertex -55.6269 2 -25.3458
      vertex -52.3731 2 -25.3458
    endloop
  endfacet
  facet normal 0 1 0
    outer loop
      vertex -52 2 -25.5359
      vertex -56 2 -25.5359
      vertex -55.6269 2 -25.3458
    endloop
  endfacet
  facet normal 0 1 0
    outer loop
      vertex -51.6489 2 -25.7639
      vertex -56 2 -25.5359
      vertex -52 2 -25.5359
    endloop
  endfacet
  facet normal 0 1 0
    outer loop
      vertex -51.6489 2 -25.7639
      vertex -56.3511 2 -25.7639
      vertex -56 2 -25.5359
    endloop
  endfacet
  facet normal 0 1 0
    outer loop
      vertex -51.3235 2 -26.0274
      vertex -56.3511 2 -25.7639
      vertex -51.6489 2 -25.7639
    endloop
  endfacet
  facet normal 0 1 0
    outer loop
      vertex -51.3235 2 -26.0274
      vertex -56.6765 2 -26.0274
      vertex -56.3511 2 -25.7639
    endloop
  endfacet
  facet normal 0 1 0
    outer loop
      vertex -51.0274 2 -26.3235
      vertex -56.6765 2 -26.0274
      vertex -51.3235 2 -26.0274
    endloop
  endfacet
  facet normal 0 1 0
    outer loop
      vertex -51.0274 2 -26.3235
      vertex -56.9726 2 -26.3235
      vertex -56.6765 2 -26.0274
    endloop
  endfacet
  facet normal 0 1 0
    outer loop
      vertex -50.7639 2 -26.6489
      vertex -56.9726 2 -26.3235
      vertex -51.0274 2 -26.3235
    endloop
  endfacet
  facet normal 0 1 0
    outer loop
      vertex -50.7639 2 -26.6489
      vertex -57.2361 2 -26.6489
      vertex -56.9726 2 -26.3235
    endloop
  endfacet
  facet normal 0 1 0
    outer loop
      vertex -50.5359 2 -27
      vertex -57.2361 2 -26.6489
      vertex -50.7639 2 -26.6489
    endloop
  endfacet
  facet normal 0 1 0
    outer loop
      vertex -50.5359 2 -27
      vertex -57.4641 2 -27
      vertex -57.2361 2 -26.6489
    endloop
  endfacet
  facet normal 0 1 0
    outer loop
      vertex -50.3458 2 -27.3731
      vertex -57.4641 2 -27
      vertex -50.5359 2 -27
    endloop
  endfacet
  facet normal 0 1 0
    outer loop
      vertex -50.3458 2 -27.3731
      vertex -57.6542 2 -27.3731
      vertex -57.4641 2 -27
    endloop
  endfacet
  facet normal 0 1 0
    outer loop
      vertex -50.1958 2 -27.7639
      vertex -57.6542 2 -27.3731
      vertex -50.3458 2 -27.3731
    endloop
  endfacet
  facet normal 0 1 0
    outer loop
      vertex -50.1958 2 -27.7639
      vertex -57.8042 2 -27.7639
      vertex -57.6542 2 -27.3731
    endloop
  endfacet
  facet normal 0 1 0
    outer loop
      vertex -50.0874 2 -28.1684
      vertex -57.8042 2 -27.7639
      vertex -50.1958 2 -27.7639
    endloop
  endfacet
  facet normal 0 1 0
    outer loop
      vertex -50.0874 2 -28.1684
      vertex -57.9126 2 -28.1684
      vertex -57.8042 2 -27.7639
    endloop
  endfacet
  facet normal 0 1 0
    outer loop
      vertex -50.0219 2 -28.5819
      vertex -57.9126 2 -28.1684
      vertex -50.0874 2 -28.1684
    endloop
  endfacet
  facet normal 0 1 0
    outer loop
      vertex -50.0219 2 -28.5819
      vertex -57.9781 2 -28.5819
      vertex -57.9126 2 -28.1684
    endloop
  endfacet
  facet normal 0 1 0
    outer loop
      vertex -50 2 -29
      vertex -57.9781 2 -28.5819
      vertex -50.0219 2 -28.5819
    endloop
  endfacet
  facet normal 0 1 0
    outer loop
      vertex -50 2 -29
      vertex -58 2 -29
      vertex -57.9781 2 -28.5819
    endloop
  endfacet
  facet normal 0 1 -0
    outer loop
      vertex -50.0219 2 -29.4181
      vertex -58 2 -29
      vertex -50 2 -29
    endloop
  endfacet
  facet normal 0 1 0
    outer loop
      vertex -50.0219 2 -29.4181
      vertex -57.9781 2 -29.4181
      vertex -58 2 -29
    endloop
  endfacet
  facet normal 0 1 -0
    outer loop
      vertex -50.0874 2 -29.8316
      vertex -57.9781 2 -29.4181
      vertex -50.0219 2 -29.4181
    endloop
  endfacet
  facet normal 0 1 0
    outer loop
      vertex -50.0874 2 -29.8316
      vertex -57.9126 2 -29.8316
      vertex -57.9781 2 -29.4181
    endloop
  endfacet
  facet normal 0 1 -0
    outer loop
      vertex -50.1958 2 -30.2361
      vertex -57.9126 2 -29.8316
      vertex -50.0874 2 -29.8316
    endloop
  endfacet
  facet normal 0 1 0
    outer loop
      vertex -50.1958 2 -30.2361
      vertex -57.8042 2 -30.2361
      vertex -57.9126 2 -29.8316
    endloop
  endfacet
  facet normal 0 1 -0
    outer loop
      vertex -50.3458 2 -30.6269
      vertex -57.8042 2 -30.2361
      vertex -50.1958 2 -30.2361
    endloop
  endfacet
  facet normal 0 1 0
    outer loop
      vertex -50.3458 2 -30.6269
      vertex -57.6542 2 -30.6269
      vertex -57.8042 2 -30.2361
    endloop
  endfacet
  facet normal 0 1 -0
    outer loop
      vertex -50.5359 2 -31
      vertex -57.6542 2 -30.6269
      vertex -50.3458 2 -30.6269
    endloop
  endfacet
  facet normal 0 1 0
    outer loop
      vertex -50.5359 2 -31
      vertex -57.4641 2 -31
      vertex -57.6542 2 -30.6269
    endloop
  endfacet
  facet normal 0 1 -0
    outer loop
      vertex -50.7639 2 -31.3511
      vertex -57.4641 2 -31
      vertex -50.5359 2 -31
    endloop
  endfacet
  facet normal 0 1 0
    outer loop
      vertex -50.7639 2 -31.3511
      vertex -57.2361 2 -31.3511
      vertex -57.4641 2 -31
    endloop
  endfacet
  facet normal 0 1 -0
    outer loop
      vertex -51.0274 2 -31.6765
      vertex -57.2361 2 -31.3511
      vertex -50.7639 2 -31.3511
    endloop
  endfacet
  facet normal 0 1 0
    outer loop
      vertex -51.0274 2 -31.6765
      vertex -56.9726 2 -31.6765
      vertex -57.2361 2 -31.3511
    endloop
  endfacet
  facet normal 0 1 -0
    outer loop
      vertex -51.3235 2 -31.9726
      vertex -56.9726 2 -31.6765
      vertex -51.0274 2 -31.6765
    endloop
  endfacet
  facet normal 0 1 0
    outer loop
      vertex -51.3235 2 -31.9726
      vertex -56.6765 2 -31.9726
      vertex -56.9726 2 -31.6765
    endloop
  endfacet
  facet normal 0 1 -0
    outer loop
      vertex -51.6489 2 -32.2361
      vertex -56.6765 2 -31.9726
      vertex -51.3235 2 -31.9726
    endloop
  endfacet
  facet normal 0 1 0
    outer loop
      vertex -51.6489 2 -32.2361
      vertex -56.3511 2 -32.2361
      vertex -56.6765 2 -31.9726
    endloop
  endfacet
  facet normal 0 1 -0
    outer loop
      vertex -52 2 -32.4641
      vertex -56.3511 2 -32.2361
      vertex -51.6489 2 -32.2361
    endloop
  endfacet
  facet normal 0 1 0
    outer loop
      vertex -52 2 -32.4641
      vertex -56 2 -32.4641
      vertex -56.3511 2 -32.2361
    endloop
  endfacet
  facet normal 0 1 -0
    outer loop
      vertex -52.3731 2 -32.6542
      vertex -56 2 -32.4641
      vertex -52 2 -32.4641
    endloop
  endfacet
  facet normal 0 1 0
    outer loop
      vertex -52.3731 2 -32.6542
      vertex -55.6269 2 -32.6542
      vertex -56 2 -32.4641
    endloop
  endfacet
  facet normal 0 1 -0
    outer loop
      vertex -52.7639 2 -32.8042
      vertex -55.6269 2 -32.6542
      vertex -52.3731 2 -32.6542
    endloop
  endfacet
  facet normal 0 1 0
    outer loop
      vertex -52.7639 2 -32.8042
      vertex -55.2361 2 -32.8042
      vertex -55.6269 2 -32.6542
    endloop
  endfacet
  facet normal 0 1 -0
    outer loop
      vertex -53.1684 2 -32.9126
      vertex -55.2361 2 -32.8042
      vertex -52.7639 2 -32.8042
    endloop
  endfacet
  facet normal 0 1 0
    outer loop
      vertex -53.1684 2 -32.9126
      vertex -54.8316 2 -32.9126
      vertex -55.2361 2 -32.8042
    endloop
  endfacet
  facet normal 0 1 -0
    outer loop
      vertex -53.5819 2 -32.9781
      vertex -54.8316 2 -32.9126
      vertex -53.1684 2 -32.9126
    endloop
  endfacet
  facet normal 0 1 0
    outer loop
      vertex -53.5819 2 -32.9781
      vertex -54.4181 2 -32.9781
      vertex -54.8316 2 -32.9126
    endloop
  endfacet
  facet normal -0 1 0
    outer loop
      vertex -54.4181 2 -32.9781
      vertex -53.5819 2 -32.9781
      vertex -54 2 -33
    endloop
  endfacet
  facet normal 0.998631 0 -0.0523081
    outer loop
      vertex -50 -2 -29
      vertex -50.0219 2 -29.4181
      vertex -50 2 -29
    endloop
  endfacet
  facet normal 0.998631 0 -0.0523081
    outer loop
      vertex -50.0219 2 -29.4181
      vertex -50 -2 -29
      vertex -50.0219 -2 -29.4181
    endloop
  endfacet
  facet normal 0.707107 0 -0.707107
    outer loop
      vertex -51.0274 -2 -31.6765
      vertex -51.3235 2 -31.9726
      vertex -51.0274 2 -31.6765
    endloop
  endfacet
  facet normal 0.707107 0 -0.707107
    outer loop
      vertex -51.3235 2 -31.9726
      vertex -51.0274 -2 -31.6765
      vertex -51.3235 -2 -31.9726
    endloop
  endfacet
  facet normal 0.258851 0 -0.965917
    outer loop
      vertex -53.1684 -2 -32.9126
      vertex -52.7639 2 -32.8042
      vertex -52.7639 -2 -32.8042
    endloop
  endfacet
  facet normal 0.258851 0 -0.965917
    outer loop
      vertex -52.7639 2 -32.8042
      vertex -53.1684 -2 -32.9126
      vertex -53.1684 2 -32.9126
    endloop
  endfacet
  facet normal 0.0523081 -0 0.998631
    outer loop
      vertex -54 1 -25
      vertex -53.5819 2 -25.0219
      vertex -54 2 -25
    endloop
  endfacet
  facet normal 0.0523081 0 0.998631
    outer loop
      vertex -53.5819 2 -25.0219
      vertex -54 1 -25
      vertex -53.5819 -2 -25.0219
    endloop
  endfacet
  facet normal 0.0523081 -0 0.998631
    outer loop
      vertex -54 -1 -25
      vertex -53.5819 -2 -25.0219
      vertex -54 1 -25
    endloop
  endfacet
  facet normal 0.0523081 0 0.998631
    outer loop
      vertex -53.5819 -2 -25.0219
      vertex -54 -1 -25
      vertex -54 -2 -25
    endloop
  endfacet
  facet normal -0.544627 0 -0.838678
    outer loop
      vertex -56.3511 -2 -32.2361
      vertex -56 2 -32.4641
      vertex -56 -2 -32.4641
    endloop
  endfacet
  facet normal -0.544627 0 -0.838678
    outer loop
      vertex -56 2 -32.4641
      vertex -56.3511 -2 -32.2361
      vertex -56.3511 2 -32.2361
    endloop
  endfacet
  facet normal 0.544627 0 0.838678
    outer loop
      vertex -52 2 -25.5359
      vertex -51.6489 -2 -25.7639
      vertex -51.6489 2 -25.7639
    endloop
  endfacet
  facet normal 0.544627 0 0.838678
    outer loop
      vertex -51.6489 -2 -25.7639
      vertex -52 2 -25.5359
      vertex -52 -2 -25.5359
    endloop
  endfacet
  facet normal -0.838678 0 0.544627
    outer loop
      vertex -57.4641 -2 -27
      vertex -57.2361 2 -26.6489
      vertex -57.4641 2 -27
    endloop
  endfacet
  facet normal -0.838678 0 0.544627
    outer loop
      vertex -57.2361 2 -26.6489
      vertex -57.4641 -2 -27
      vertex -57.2361 -2 -26.6489
    endloop
  endfacet
  facet normal -0.933592 0 0.358339
    outer loop
      vertex -57.8042 -2 -27.7639
      vertex -57.6542 2 -27.3731
      vertex -57.8042 2 -27.7639
    endloop
  endfacet
  facet normal -0.933592 0 0.358339
    outer loop
      vertex -57.6542 2 -27.3731
      vertex -57.8042 -2 -27.7639
      vertex -57.6542 -2 -27.3731
    endloop
  endfacet
  facet normal -0.77715 0 -0.629315
    outer loop
      vertex -56.9726 -2 -31.6765
      vertex -57.2361 2 -31.3511
      vertex -56.9726 2 -31.6765
    endloop
  endfacet
  facet normal -0.77715 -0 -0.629315
    outer loop
      vertex -57.2361 2 -31.3511
      vertex -56.9726 -2 -31.6765
      vertex -57.2361 -2 -31.3511
    endloop
  endfacet
  facet normal 0.89101 -0 0.453983
    outer loop
      vertex -50.5359 -2 -27
      vertex -50.3458 2 -27.3731
      vertex -50.5359 2 -27
    endloop
  endfacet
  facet normal 0.89101 0 0.453983
    outer loop
      vertex -50.3458 2 -27.3731
      vertex -50.5359 -2 -27
      vertex -50.3458 -2 -27.3731
    endloop
  endfacet
  facet normal -0.453983 0 -0.89101
    outer loop
      vertex -56 -2 -32.4641
      vertex -55.6269 2 -32.6542
      vertex -55.6269 -2 -32.6542
    endloop
  endfacet
  facet normal -0.453983 0 -0.89101
    outer loop
      vertex -55.6269 2 -32.6542
      vertex -56 -2 -32.4641
      vertex -56 2 -32.4641
    endloop
  endfacet
  facet normal -0.358339 0 0.933592
    outer loop
      vertex -55.6269 2 -25.3458
      vertex -55.2361 -2 -25.1958
      vertex -55.2361 2 -25.1958
    endloop
  endfacet
  facet normal -0.358339 0 0.933592
    outer loop
      vertex -55.2361 -2 -25.1958
      vertex -55.6269 2 -25.3458
      vertex -55.6269 -2 -25.3458
    endloop
  endfacet
  facet normal -0.987685 0 -0.156453
    outer loop
      vertex -57.9126 -2 -29.8316
      vertex -57.9781 2 -29.4181
      vertex -57.9126 2 -29.8316
    endloop
  endfacet
  facet normal -0.987685 -0 -0.156453
    outer loop
      vertex -57.9781 2 -29.4181
      vertex -57.9126 -2 -29.8316
      vertex -57.9781 -2 -29.4181
    endloop
  endfacet
  facet normal -0.998631 0 -0.0523081
    outer loop
      vertex -57.9781 -2 -29.4181
      vertex -58 2 -29
      vertex -57.9781 2 -29.4181
    endloop
  endfacet
  facet normal -0.998631 -0 -0.0523081
    outer loop
      vertex -58 2 -29
      vertex -57.9781 -2 -29.4181
      vertex -58 -2 -29
    endloop
  endfacet
  facet normal -0.89101 0 0.453983
    outer loop
      vertex -57.6542 -2 -27.3731
      vertex -57.4641 2 -27
      vertex -57.6542 2 -27.3731
    endloop
  endfacet
  facet normal -0.89101 0 0.453983
    outer loop
      vertex -57.4641 2 -27
      vertex -57.6542 -2 -27.3731
      vertex -57.4641 -2 -27
    endloop
  endfacet
  facet normal 0.965917 0 -0.258851
    outer loop
      vertex -50.0874 -2 -29.8316
      vertex -50.1958 2 -30.2361
      vertex -50.0874 2 -29.8316
    endloop
  endfacet
  facet normal 0.965917 0 -0.258851
    outer loop
      vertex -50.1958 2 -30.2361
      vertex -50.0874 -2 -29.8316
      vertex -50.1958 -2 -30.2361
    endloop
  endfacet
  facet normal -0.156453 0 -0.987685
    outer loop
      vertex -54.8316 -2 -32.9126
      vertex -54.4181 2 -32.9781
      vertex -54.4181 -2 -32.9781
    endloop
  endfacet
  facet normal -0.156453 0 -0.987685
    outer loop
      vertex -54.4181 2 -32.9781
      vertex -54.8316 -2 -32.9126
      vertex -54.8316 2 -32.9126
    endloop
  endfacet
  facet normal 0.838678 -0 0.544627
    outer loop
      vertex -50.7639 -2 -26.6489
      vertex -50.5359 2 -27
      vertex -50.7639 2 -26.6489
    endloop
  endfacet
  facet normal 0.838678 0 0.544627
    outer loop
      vertex -50.5359 2 -27
      vertex -50.7639 -2 -26.6489
      vertex -50.5359 -2 -27
    endloop
  endfacet
  facet normal 0.77715 -0 0.629315
    outer loop
      vertex -51.0274 -2 -26.3235
      vertex -50.7639 2 -26.6489
      vertex -51.0274 2 -26.3235
    endloop
  endfacet
  facet normal 0.77715 0 0.629315
    outer loop
      vertex -50.7639 2 -26.6489
      vertex -51.0274 -2 -26.3235
      vertex -50.7639 -2 -26.6489
    endloop
  endfacet
  facet normal 0.629315 0 0.77715
    outer loop
      vertex -51.6489 2 -25.7639
      vertex -51.3235 -2 -26.0274
      vertex -51.3235 2 -26.0274
    endloop
  endfacet
  facet normal 0.629315 0 0.77715
    outer loop
      vertex -51.3235 -2 -26.0274
      vertex -51.6489 2 -25.7639
      vertex -51.6489 -2 -25.7639
    endloop
  endfacet
  facet normal 0 -1 0
    outer loop
      vertex -54.4181 -2 -25.0219
      vertex -53.5819 -2 -25.0219
      vertex -54 -2 -25
    endloop
  endfacet
  facet normal 0 -1 0
    outer loop
      vertex -54.8316 -2 -25.0874
      vertex -53.5819 -2 -25.0219
      vertex -54.4181 -2 -25.0219
    endloop
  endfacet
  facet normal 0 -1 0
    outer loop
      vertex -54.8316 -2 -25.0874
      vertex -53.1684 -2 -25.0874
      vertex -53.5819 -2 -25.0219
    endloop
  endfacet
  facet normal 0 -1 0
    outer loop
      vertex -55.2361 -2 -25.1958
      vertex -53.1684 -2 -25.0874
      vertex -54.8316 -2 -25.0874
    endloop
  endfacet
  facet normal 0 -1 0
    outer loop
      vertex -55.2361 -2 -25.1958
      vertex -52.7639 -2 -25.1958
      vertex -53.1684 -2 -25.0874
    endloop
  endfacet
  facet normal 0 -1 0
    outer loop
      vertex -55.6269 -2 -25.3458
      vertex -52.7639 -2 -25.1958
      vertex -55.2361 -2 -25.1958
    endloop
  endfacet
  facet normal 0 -1 0
    outer loop
      vertex -55.6269 -2 -25.3458
      vertex -52.3731 -2 -25.3458
      vertex -52.7639 -2 -25.1958
    endloop
  endfacet
  facet normal 0 -1 0
    outer loop
      vertex -56 -2 -25.5359
      vertex -52.3731 -2 -25.3458
      vertex -55.6269 -2 -25.3458
    endloop
  endfacet
  facet normal 0 -1 0
    outer loop
      vertex -56 -2 -25.5359
      vertex -52 -2 -25.5359
      vertex -52.3731 -2 -25.3458
    endloop
  endfacet
  facet normal 0 -1 0
    outer loop
      vertex -56.3511 -2 -25.7639
      vertex -52 -2 -25.5359
      vertex -56 -2 -25.5359
    endloop
  endfacet
  facet normal 0 -1 0
    outer loop
      vertex -56.3511 -2 -25.7639
      vertex -51.6489 -2 -25.7639
      vertex -52 -2 -25.5359
    endloop
  endfacet
  facet normal 0 -1 0
    outer loop
      vertex -56.6765 -2 -26.0274
      vertex -51.6489 -2 -25.7639
      vertex -56.3511 -2 -25.7639
    endloop
  endfacet
  facet normal 0 -1 0
    outer loop
      vertex -56.6765 -2 -26.0274
      vertex -51.3235 -2 -26.0274
      vertex -51.6489 -2 -25.7639
    endloop
  endfacet
  facet normal 0 -1 0
    outer loop
      vertex -56.9726 -2 -26.3235
      vertex -51.3235 -2 -26.0274
      vertex -56.6765 -2 -26.0274
    endloop
  endfacet
  facet normal 0 -1 0
    outer loop
      vertex -56.9726 -2 -26.3235
      vertex -51.0274 -2 -26.3235
      vertex -51.3235 -2 -26.0274
    endloop
  endfacet
  facet normal 0 -1 0
    outer loop
      vertex -57.2361 -2 -26.6489
      vertex -51.0274 -2 -26.3235
      vertex -56.9726 -2 -26.3235
    endloop
  endfacet
  facet normal 0 -1 0
    outer loop
      vertex -57.2361 -2 -26.6489
      vertex -50.7639 -2 -26.6489
      vertex -51.0274 -2 -26.3235
    endloop
  endfacet
  facet normal 0 -1 0
    outer loop
      vertex -57.4641 -2 -27
      vertex -50.7639 -2 -26.6489
      vertex -57.2361 -2 -26.6489
    endloop
  endfacet
  facet normal 0 -1 0
    outer loop
      vertex -57.4641 -2 -27
      vertex -50.5359 -2 -27
      vertex -50.7639 -2 -26.6489
    endloop
  endfacet
  facet normal 0 -1 0
    outer loop
      vertex -57.6542 -2 -27.3731
      vertex -50.5359 -2 -27
      vertex -57.4641 -2 -27
    endloop
  endfacet
  facet normal 0 -1 0
    outer loop
      vertex -57.6542 -2 -27.3731
      vertex -50.3458 -2 -27.3731
      vertex -50.5359 -2 -27
    endloop
  endfacet
  facet normal 0 -1 0
    outer loop
      vertex -57.8042 -2 -27.7639
      vertex -50.3458 -2 -27.3731
      vertex -57.6542 -2 -27.3731
    endloop
  endfacet
  facet normal 0 -1 0
    outer loop
      vertex -57.8042 -2 -27.7639
      vertex -50.1958 -2 -27.7639
      vertex -50.3458 -2 -27.3731
    endloop
  endfacet
  facet normal 0 -1 0
    outer loop
      vertex -57.9126 -2 -28.1684
      vertex -50.1958 -2 -27.7639
      vertex -57.8042 -2 -27.7639
    endloop
  endfacet
  facet normal 0 -1 0
    outer loop
      vertex -57.9126 -2 -28.1684
      vertex -50.0874 -2 -28.1684
      vertex -50.1958 -2 -27.7639
    endloop
  endfacet
  facet normal 0 -1 0
    outer loop
      vertex -57.9781 -2 -28.5819
      vertex -50.0874 -2 -28.1684
      vertex -57.9126 -2 -28.1684
    endloop
  endfacet
  facet normal 0 -1 0
    outer loop
      vertex -57.9781 -2 -28.5819
      vertex -50.0219 -2 -28.5819
      vertex -50.0874 -2 -28.1684
    endloop
  endfacet
  facet normal 0 -1 0
    outer loop
      vertex -58 -2 -29
      vertex -50.0219 -2 -28.5819
      vertex -57.9781 -2 -28.5819
    endloop
  endfacet
  facet normal 0 -1 0
    outer loop
      vertex -58 -2 -29
      vertex -50 -2 -29
      vertex -50.0219 -2 -28.5819
    endloop
  endfacet
  facet normal 0 -1 0
    outer loop
      vertex -57.9781 -2 -29.4181
      vertex -50 -2 -29
      vertex -58 -2 -29
    endloop
  endfacet
  facet normal 0 -1 0
    outer loop
      vertex -57.9781 -2 -29.4181
      vertex -50.0219 -2 -29.4181
      vertex -50 -2 -29
    endloop
  endfacet
  facet normal 0 -1 0
    outer loop
      vertex -57.9126 -2 -29.8316
      vertex -50.0219 -2 -29.4181
      vertex -57.9781 -2 -29.4181
    endloop
  endfacet
  facet normal 0 -1 0
    outer loop
      vertex -57.9126 -2 -29.8316
      vertex -50.0874 -2 -29.8316
      vertex -50.0219 -2 -29.4181
    endloop
  endfacet
  facet normal 0 -1 0
    outer loop
      vertex -57.8042 -2 -30.2361
      vertex -50.0874 -2 -29.8316
      vertex -57.9126 -2 -29.8316
    endloop
  endfacet
  facet normal 0 -1 0
    outer loop
      vertex -57.8042 -2 -30.2361
      vertex -50.1958 -2 -30.2361
      vertex -50.0874 -2 -29.8316
    endloop
  endfacet
  facet normal 0 -1 0
    outer loop
      vertex -57.6542 -2 -30.6269
      vertex -50.1958 -2 -30.2361
      vertex -57.8042 -2 -30.2361
    endloop
  endfacet
  facet normal 0 -1 0
    outer loop
      vertex -57.6542 -2 -30.6269
      vertex -50.3458 -2 -30.6269
      vertex -50.1958 -2 -30.2361
    endloop
  endfacet
  facet normal 0 -1 0
    outer loop
      vertex -57.4641 -2 -31
      vertex -50.3458 -2 -30.6269
      vertex -57.6542 -2 -30.6269
    endloop
  endfacet
  facet normal 0 -1 0
    outer loop
      vertex -57.4641 -2 -31
      vertex -50.5359 -2 -31
      vertex -50.3458 -2 -30.6269
    endloop
  endfacet
  facet normal 0 -1 0
    outer loop
      vertex -57.2361 -2 -31.3511
      vertex -50.5359 -2 -31
      vertex -57.4641 -2 -31
    endloop
  endfacet
  facet normal 0 -1 0
    outer loop
      vertex -57.2361 -2 -31.3511
      vertex -50.7639 -2 -31.3511
      vertex -50.5359 -2 -31
    endloop
  endfacet
  facet normal 0 -1 0
    outer loop
      vertex -56.9726 -2 -31.6765
      vertex -50.7639 -2 -31.3511
      vertex -57.2361 -2 -31.3511
    endloop
  endfacet
  facet normal 0 -1 0
    outer loop
      vertex -56.9726 -2 -31.6765
      vertex -51.0274 -2 -31.6765
      vertex -50.7639 -2 -31.3511
    endloop
  endfacet
  facet normal 0 -1 0
    outer loop
      vertex -56.6765 -2 -31.9726
      vertex -51.0274 -2 -31.6765
      vertex -56.9726 -2 -31.6765
    endloop
  endfacet
  facet normal 0 -1 0
    outer loop
      vertex -56.6765 -2 -31.9726
      vertex -51.3235 -2 -31.9726
      vertex -51.0274 -2 -31.6765
    endloop
  endfacet
  facet normal 0 -1 0
    outer loop
      vertex -56.3511 -2 -32.2361
      vertex -51.3235 -2 -31.9726
      vertex -56.6765 -2 -31.9726
    endloop
  endfacet
  facet normal 0 -1 0
    outer loop
      vertex -56.3511 -2 -32.2361
      vertex -51.6489 -2 -32.2361
      vertex -51.3235 -2 -31.9726
    endloop
  endfacet
  facet normal 0 -1 0
    outer loop
      vertex -56 -2 -32.4641
      vertex -51.6489 -2 -32.2361
      vertex -56.3511 -2 -32.2361
    endloop
  endfacet
  facet normal 0 -1 0
    outer loop
      vertex -56 -2 -32.4641
      vertex -52 -2 -32.4641
      vertex -51.6489 -2 -32.2361
    endloop
  endfacet
  facet normal 0 -1 0
    outer loop
      vertex -55.6269 -2 -32.6542
      vertex -52 -2 -32.4641
      vertex -56 -2 -32.4641
    endloop
  endfacet
  facet normal 0 -1 0
    outer loop
      vertex -55.6269 -2 -32.6542
      vertex -52.3731 -2 -32.6542
      vertex -52 -2 -32.4641
    endloop
  endfacet
  facet normal 0 -1 0
    outer loop
      vertex -55.2361 -2 -32.8042
      vertex -52.3731 -2 -32.6542
      vertex -55.6269 -2 -32.6542
    endloop
  endfacet
  facet normal 0 -1 0
    outer loop
      vertex -55.2361 -2 -32.8042
      vertex -52.7639 -2 -32.8042
      vertex -52.3731 -2 -32.6542
    endloop
  endfacet
  facet normal 0 -1 0
    outer loop
      vertex -54.8316 -2 -32.9126
      vertex -52.7639 -2 -32.8042
      vertex -55.2361 -2 -32.8042
    endloop
  endfacet
  facet normal 0 -1 0
    outer loop
      vertex -54.8316 -2 -32.9126
      vertex -53.1684 -2 -32.9126
      vertex -52.7639 -2 -32.8042
    endloop
  endfacet
  facet normal 0 -1 0
    outer loop
      vertex -54.4181 -2 -32.9781
      vertex -53.1684 -2 -32.9126
      vertex -54.8316 -2 -32.9126
    endloop
  endfacet
  facet normal 0 -1 0
    outer loop
      vertex -54.4181 -2 -32.9781
      vertex -53.5819 -2 -32.9781
      vertex -53.1684 -2 -32.9126
    endloop
  endfacet
  facet normal -0 -1 0
    outer loop
      vertex -53.5819 -2 -32.9781
      vertex -54.4181 -2 -32.9781
      vertex -54 -2 -33
    endloop
  endfacet
  facet normal 0.258851 0 0.965917
    outer loop
      vertex -53.1684 2 -25.0874
      vertex -52.7639 -2 -25.1958
      vertex -52.7639 2 -25.1958
    endloop
  endfacet
  facet normal 0.258851 0 0.965917
    outer loop
      vertex -52.7639 -2 -25.1958
      vertex -53.1684 2 -25.0874
      vertex -53.1684 -2 -25.0874
    endloop
  endfacet
  facet normal 0.358339 0 -0.933592
    outer loop
      vertex -52.7639 -2 -32.8042
      vertex -52.3731 2 -32.6542
      vertex -52.3731 -2 -32.6542
    endloop
  endfacet
  facet normal 0.358339 0 -0.933592
    outer loop
      vertex -52.3731 2 -32.6542
      vertex -52.7639 -2 -32.8042
      vertex -52.7639 2 -32.8042
    endloop
  endfacet
  facet normal -0.358339 0 -0.933592
    outer loop
      vertex -55.6269 -2 -32.6542
      vertex -55.2361 2 -32.8042
      vertex -55.2361 -2 -32.8042
    endloop
  endfacet
  facet normal -0.358339 0 -0.933592
    outer loop
      vertex -55.2361 2 -32.8042
      vertex -55.6269 -2 -32.6542
      vertex -55.6269 2 -32.6542
    endloop
  endfacet
  facet normal -0.258851 0 0.965917
    outer loop
      vertex -55.2361 2 -25.1958
      vertex -54.8316 -2 -25.0874
      vertex -54.8316 2 -25.0874
    endloop
  endfacet
  facet normal -0.258851 0 0.965917
    outer loop
      vertex -54.8316 -2 -25.0874
      vertex -55.2361 2 -25.1958
      vertex -55.2361 -2 -25.1958
    endloop
  endfacet
  facet normal -0.0523081 0 0.998631
    outer loop
      vertex -54.4181 2 -25.0219
      vertex -54 1 -25
      vertex -54 2 -25
    endloop
  endfacet
  facet normal -0.0523081 0 0.998631
    outer loop
      vertex -54 1 -25
      vertex -54.4181 2 -25.0219
      vertex -54 -1 -25
    endloop
  endfacet
  facet normal -0.0523081 0 0.998631
    outer loop
      vertex -54.4181 -2 -25.0219
      vertex -54 -1 -25
      vertex -54.4181 2 -25.0219
    endloop
  endfacet
  facet normal -0.0523081 0 0.998631
    outer loop
      vertex -54 -1 -25
      vertex -54.4181 -2 -25.0219
      vertex -54 -2 -25
    endloop
  endfacet
  facet normal -0.453983 0 0.89101
    outer loop
      vertex -56 2 -25.5359
      vertex -55.6269 -2 -25.3458
      vertex -55.6269 2 -25.3458
    endloop
  endfacet
  facet normal -0.453983 0 0.89101
    outer loop
      vertex -55.6269 -2 -25.3458
      vertex -56 2 -25.5359
      vertex -56 -2 -25.5359
    endloop
  endfacet
  facet normal 0.77715 0 -0.629315
    outer loop
      vertex -50.7639 -2 -31.3511
      vertex -51.0274 2 -31.6765
      vertex -50.7639 2 -31.3511
    endloop
  endfacet
  facet normal 0.77715 0 -0.629315
    outer loop
      vertex -51.0274 2 -31.6765
      vertex -50.7639 -2 -31.3511
      vertex -51.0274 -2 -31.6765
    endloop
  endfacet
  facet normal -0.707107 0 -0.707107
    outer loop
      vertex -56.6765 -2 -31.9726
      vertex -56.9726 2 -31.6765
      vertex -56.6765 2 -31.9726
    endloop
  endfacet
  facet normal -0.707107 -0 -0.707107
    outer loop
      vertex -56.9726 2 -31.6765
      vertex -56.6765 -2 -31.9726
      vertex -56.9726 -2 -31.6765
    endloop
  endfacet
  facet normal 0.453983 0 -0.89101
    outer loop
      vertex -52.3731 -2 -32.6542
      vertex -52 2 -32.4641
      vertex -52 -2 -32.4641
    endloop
  endfacet
  facet normal 0.453983 0 -0.89101
    outer loop
      vertex -52 2 -32.4641
      vertex -52.3731 -2 -32.6542
      vertex -52.3731 2 -32.6542
    endloop
  endfacet
  facet normal -0.258851 0 -0.965917
    outer loop
      vertex -55.2361 -2 -32.8042
      vertex -54.8316 2 -32.9126
      vertex -54.8316 -2 -32.9126
    endloop
  endfacet
  facet normal -0.258851 0 -0.965917
    outer loop
      vertex -54.8316 2 -32.9126
      vertex -55.2361 -2 -32.8042
      vertex -55.2361 2 -32.8042
    endloop
  endfacet
  facet normal -0.987685 0 0.156453
    outer loop
      vertex -57.9781 -2 -28.5819
      vertex -57.9126 2 -28.1684
      vertex -57.9781 2 -28.5819
    endloop
  endfacet
  facet normal -0.987685 0 0.156453
    outer loop
      vertex -57.9126 2 -28.1684
      vertex -57.9781 -2 -28.5819
      vertex -57.9126 -2 -28.1684
    endloop
  endfacet
  facet normal -0.965917 0 0.258851
    outer loop
      vertex -57.9126 -2 -28.1684
      vertex -57.8042 2 -27.7639
      vertex -57.9126 2 -28.1684
    endloop
  endfacet
  facet normal -0.965917 0 0.258851
    outer loop
      vertex -57.8042 2 -27.7639
      vertex -57.9126 -2 -28.1684
      vertex -57.8042 -2 -27.7639
    endloop
  endfacet
  facet normal -0.89101 0 -0.453983
    outer loop
      vertex -57.4641 -2 -31
      vertex -57.6542 2 -30.6269
      vertex -57.4641 2 -31
    endloop
  endfacet
  facet normal -0.89101 -0 -0.453983
    outer loop
      vertex -57.6542 2 -30.6269
      vertex -57.4641 -2 -31
      vertex -57.6542 -2 -30.6269
    endloop
  endfacet
  facet normal -0.77715 0 0.629315
    outer loop
      vertex -57.2361 -2 -26.6489
      vertex -56.9726 2 -26.3235
      vertex -57.2361 2 -26.6489
    endloop
  endfacet
  facet normal -0.77715 0 0.629315
    outer loop
      vertex -56.9726 2 -26.3235
      vertex -57.2361 -2 -26.6489
      vertex -56.9726 -2 -26.3235
    endloop
  endfacet
  facet normal 0.89101 0 -0.453983
    outer loop
      vertex -50.3458 -2 -30.6269
      vertex -50.5359 2 -31
      vertex -50.3458 2 -30.6269
    endloop
  endfacet
  facet normal 0.89101 0 -0.453983
    outer loop
      vertex -50.5359 2 -31
      vertex -50.3458 -2 -30.6269
      vertex -50.5359 -2 -31
    endloop
  endfacet
endsolid OpenSCAD_Model
