solid OpenSCAD_Model
  facet normal -0.14594 -0.380147 -0.91334
    outer loop
      vertex -27.1044 -6.47656 -13.3651
      vertex -27.7698 -6.22111 -13.3651
      vertex -27.1864 -4.91078 -14.0037
    endloop
  endfacet
  facet normal -0.0307961 0.587519 -0.808624
    outer loop
      vertex -25 8.16959 -12.5801
      vertex -25.9867 9.38809 -11.6572
      vertex -25 9.43981 -11.6572
    endloop
  endfacet
  facet normal 0.0511587 -0.976872 -0.207616
    outer loop
      vertex 26.5486 -14.7342 -2.34652
      vertex 25 -14.8153 -2.34652
      vertex 25 -14.4889 -3.88229
    endloop
  endfacet
  facet normal -0.0511587 -0.976872 0.207616
    outer loop
      vertex -25 -14.4889 3.88229
      vertex -26.5486 -14.7342 2.34652
      vertex -25 -14.8153 2.34652
    endloop
  endfacet
  facet normal -0.240033 -0.625184 0.74265
    outer loop
      vertex -28.3112 -10 10.6694
      vertex -28.5055 -10 10.6066
      vertex -28.2776 -10.0875 10.6066
    endloop
  endfacet
  facet normal -0.316451 -0.256261 -0.913339
    outer loop
      vertex -28.9948 -3.59692 -14.0037
      vertex -30.5093 -4.00273 -13.3651
      vertex -29.3489 -3.15965 -14.0037
    endloop
  endfacet
  facet normal -0.140451 -0.27569 -0.95093
    outer loop
      vertex -27.1864 -4.91078 -14.0037
      vertex -27.6878 -4.65534 -14.0037
      vertex -26.9411 -3.36216 -14.4889
    endloop
  endfacet
  facet normal -0.049799 -0.949881 0.308621
    outer loop
      vertex -26.4638 -13.927 5.37552
      vertex -26.5145 -14.4095 3.88229
      vertex -25 -14.4889 3.88229
    endloop
  endfacet
  facet normal 0.148801 0.939465 0.308649
    outer loop
      vertex 28.0124 14.1723 3.88229
      vertex 26.4638 13.927 5.37552
      vertex 27.9115 13.6977 5.37552
    endloop
  endfacet
  facet normal -0.224194 0.836827 -0.499457
    outer loop
      vertex -27.6155 12.3052 -8.16959
      vertex -29.13 12.711 -6.80986
      vertex -27.7788 13.073 -6.80986
    endloop
  endfacet
  facet normal 0.0497714 -0.949874 0.308646
    outer loop
      vertex 25 -14.0037 5.37552
      vertex 25 -14.4889 3.88229
      vertex 26.4638 -13.927 5.37552
    endloop
  endfacet
  facet normal 0.0520126 -0.993177 -0.104375
    outer loop
      vertex 26.5486 -14.7342 -2.34652
      vertex 25 -14.9794 -0.785039
      vertex 25 -14.8153 -2.34652
    endloop
  endfacet
  facet normal 0 0.499981 -0.866037
    outer loop
      vertex -25 6.80986 -13.3651
      vertex 0 8.16959 -12.5801
      vertex 0 6.80986 -13.3651
    endloop
  endfacet
  facet normal 0 0.499981 -0.866037
    outer loop
      vertex 0 8.16959 -12.5801
      vertex -25 6.80986 -13.3651
      vertex -25 8.16959 -12.5801
    endloop
  endfacet
  facet normal 0.0511587 -0.976872 0.207616
    outer loop
      vertex 25 -14.4889 3.88229
      vertex 25 -14.8153 2.34652
      vertex 26.5486 -14.7342 2.34652
    endloop
  endfacet
  facet normal -0.048406 -0.305604 -0.950928
    outer loop
      vertex -25.5619 -5.34607 -14.0037
      vertex -26.1176 -5.25805 -14.0037
      vertex -25.8072 -3.79745 -14.4889
    endloop
  endfacet
  facet normal 0 -0.499981 0.866037
    outer loop
      vertex 0 -6.80986 13.3651
      vertex -18.3857 -8.16959 12.5801
      vertex 0 -8.16959 12.5801
    endloop
  endfacet
  facet normal 0 -0.499981 0.866037
    outer loop
      vertex -18.3857 -8.16959 12.5801
      vertex 0 -6.80986 13.3651
      vertex -18.6871 -6.80986 13.3651
    endloop
  endfacet
  facet normal 0.327473 -0.853064 0.406256
    outer loop
      vertex 30.6958 -12.793 5.37552
      vertex 29.13 -12.711 6.80986
      vertex 29.3274 -13.3183 5.37552
    endloop
  endfacet
  facet normal 0.444118 0.871583 -0.20761
    outer loop
      vertex 32.4077 12.8304 -2.34652
      vertex 30.8932 13.2363 -3.88229
      vertex 31.0259 13.5345 -2.34652
    endloop
  endfacet
  facet normal -0.104756 -0.661393 -0.742688
    outer loop
      vertex -26.1087 -10.5485 -10.6066
      vertex -26.9626 -9.23352 -11.6572
      vertex -25.9867 -9.38809 -11.6572
    endloop
  endfacet
  facet normal 0 0.994523 -0.104517
    outer loop
      vertex 25 14.8153 -2.34652
      vertex -25 14.9794 -0.785039
      vertex 25 14.9794 -0.785039
    endloop
  endfacet
  facet normal 0 0.994523 -0.104517
    outer loop
      vertex -25 14.9794 -0.785039
      vertex 25 14.8153 -2.34652
      vertex -25 14.8153 -2.34652
    endloop
  endfacet
  facet normal -0.0520126 0.993177 -0.104375
    outer loop
      vertex -25 14.8153 -2.34652
      vertex -26.5486 14.7342 -2.34652
      vertex -25 14.9794 -0.785039
    endloop
  endfacet
  facet normal -0.236501 0.88261 0.406284
    outer loop
      vertex -27.9115 13.6977 5.37552
      vertex -29.3274 13.3183 5.37552
      vertex -27.7788 13.073 6.80986
    endloop
  endfacet
  facet normal 0 0.866037 -0.499981
    outer loop
      vertex 25 12.5801 -8.16959
      vertex -25 13.3651 -6.80986
      vertex 25 13.3651 -6.80986
    endloop
  endfacet
  facet normal 0 0.866037 -0.499981
    outer loop
      vertex -25 13.3651 -6.80986
      vertex 25 12.5801 -8.16959
      vertex -25 12.5801 -8.16959
    endloop
  endfacet
  facet normal -0.156451 0.987686 0
    outer loop
      vertex -26.5658 14.8974 -0.785039
      vertex -28.1144 14.6521 0.785039
      vertex -26.5658 14.8974 0.785039
    endloop
  endfacet
  facet normal -0.156451 0.987686 0
    outer loop
      vertex -28.1144 14.6521 0.785039
      vertex -26.5658 14.8974 -0.785039
      vertex -28.1144 14.6521 -0.785039
    endloop
  endfacet
  facet normal 0.2574 -0.960653 0.104364
    outer loop
      vertex 29.6289 -14.2463 0.785039
      vertex 28.0803 -14.4916 2.34652
      vertex 28.1144 -14.6521 0.785039
    endloop
  endfacet
  facet normal -0.275686 0.140499 -0.950925
    outer loop
      vertex -28.3622 1.94114 -14.4889
      vertex -29.9108 2.18642 -14.0037
      vertex -29.6553 2.68776 -14.0037
    endloop
  endfacet
  facet normal -0.155596 -0.982292 -0.104365
    outer loop
      vertex -26.5658 -14.8974 -0.785039
      vertex -28.1144 -14.6521 -0.785039
      vertex -28.0803 -14.4916 -2.34652
    endloop
  endfacet
  facet normal -0.0520121 -0.993177 0.104376
    outer loop
      vertex -26.5486 -14.7342 2.34652
      vertex -26.5658 -14.8974 0.785039
      vertex -25 -14.9794 0.785039
    endloop
  endfacet
  facet normal 0.393274 -0.771913 0.499485
    outer loop
      vertex 30.5722 -12 7.02662
      vertex 30.4361 -12.2096 6.80986
      vertex 30.8475 -12 6.80986
    endloop
  endfacet
  facet normal 0.0522977 -0.998632 0
    outer loop
      vertex 25 -14.9794 -0.785039
      vertex 26.5658 -14.8974 0.785039
      vertex 25 -14.9794 0.785039
    endloop
  endfacet
  facet normal 0.0522977 -0.998632 0
    outer loop
      vertex 26.5658 -14.8974 0.785039
      vertex 25 -14.9794 -0.785039
      vertex 26.5658 -14.8974 -0.785039
    endloop
  endfacet
  facet normal 0.497785 -0.766184 -0.406414
    outer loop
      vertex 32.1983 -12 -5.37552
      vertex 32.0019 -12.1276 -5.37552
      vertex 32.0847 -12 -5.51466
    endloop
  endfacet
  facet normal 0 -0.587798 0.809008
    outer loop
      vertex 0 -8.16959 12.5801
      vertex -18.0927 -9.43981 11.6572
      vertex 0 -9.43981 11.6572
    endloop
  endfacet
  facet normal 1.27475e-06 -0.58781 0.808999
    outer loop
      vertex 0 -8.16959 12.5801
      vertex -18.2342 -8.71299 12.1853
      vertex -18.0927 -9.43981 11.6572
    endloop
  endfacet
  facet normal 0 -0.587782 0.809019
    outer loop
      vertex -18.2342 -8.71299 12.1853
      vertex 0 -8.16959 12.5801
      vertex -18.3857 -8.16959 12.5801
    endloop
  endfacet
  facet normal 0.414792 0.814186 -0.406262
    outer loop
      vertex 32.0019 12.1276 -5.37552
      vertex 30.4361 12.2096 -6.80986
      vertex 30.6958 12.793 -5.37552
    endloop
  endfacet
  facet normal -0.259501 -0.168495 -0.95093
    outer loop
      vertex -29.3489 -3.15965 -14.0037
      vertex -29.6553 -2.68776 -14.0037
      vertex -28.1408 -2.28195 -14.4889
    endloop
  endfacet
  facet normal -0.587526 0.0307836 -0.80862
    outer loop
      vertex -33.1696 0 -12.5801
      vertex -34.4398 0 -11.6572
      vertex -34.3881 0.986728 -11.6572
    endloop
  endfacet
  facet normal 0.0453319 0.865146 0.499467
    outer loop
      vertex 25 13.3651 6.80986
      vertex 25 12.5801 8.16959
      vertex 26.397 13.2919 6.80986
    endloop
  endfacet
  facet normal 0 0.207889 -0.978153
    outer loop
      vertex -25 2.34652 -14.8153
      vertex 0 3.88229 -14.4889
      vertex 0 2.34652 -14.8153
    endloop
  endfacet
  facet normal 0 0.207889 -0.978153
    outer loop
      vertex 0 3.88229 -14.4889
      vertex -25 2.34652 -14.8153
      vertex -25 3.88229 -14.4889
    endloop
  endfacet
  facet normal -0.431901 0.847494 -0.308571
    outer loop
      vertex -32.0019 12.1276 -5.37552
      vertex -32.2444 12.5477 -3.88229
      vertex -30.8932 13.2363 -3.88229
    endloop
  endfacet
  facet normal -0.691697 0.691697 -0.20763
    outer loop
      vertex -35.9233 10 -2.34652
      vertex -34.695 10.7673 -3.88229
      vertex -35.4623 10 -3.88229
    endloop
  endfacet
  facet normal -0.691697 0.691697 -0.20763
    outer loop
      vertex -34.695 10.7673 -3.88229
      vertex -35.9233 10 -2.34652
      vertex -34.9134 11.0099 -2.34652
    endloop
  endfacet
  facet normal 0.253201 0.944867 0.207641
    outer loop
      vertex 28.0803 14.4916 2.34652
      vertex 28.0124 14.1723 3.88229
      vertex 29.5782 14.0902 2.34652
    endloop
  endfacet
  facet normal -0.209549 -0.781812 0.587247
    outer loop
      vertex -27.4237 -11.4025 9.43981
      vertex -28.6023 -11.0866 9.43981
      vertex -27.6155 -12.3052 8.16959
    endloop
  endfacet
  facet normal 0 -0.951053 0.309029
    outer loop
      vertex -25 -14.4889 3.88229
      vertex 25 -14.0037 5.37552
      vertex -25 -14.0037 5.37552
    endloop
  endfacet
  facet normal 0 -0.951053 0.309029
    outer loop
      vertex 25 -14.0037 5.37552
      vertex -25 -14.4889 3.88229
      vertex 25 -14.4889 3.88229
    endloop
  endfacet
  facet normal -0.0497714 -0.949874 0.308646
    outer loop
      vertex -25 -14.0037 5.37552
      vertex -26.4638 -13.927 5.37552
      vertex -25 -14.4889 3.88229
    endloop
  endfacet
  facet normal -0.0389138 -0.742576 0.66863
    outer loop
      vertex -25 -10.6066 10.6066
      vertex -26.1087 -10.5485 10.6066
      vertex -25 -11.6572 9.43981
    endloop
  endfacet
  facet normal 2.38981e-07 -0.669137 0.743139
    outer loop
      vertex 0 -9.43981 11.6572
      vertex -17.9575 -10 11.1528
      vertex 0 -10.6066 10.6066
    endloop
  endfacet
  facet normal 0 -0.669133 0.743143
    outer loop
      vertex -17.9575 -10 11.1528
      vertex 0 -9.43981 11.6572
      vertex -18.0927 -9.43981 11.6572
    endloop
  endfacet
  facet normal 0 -0.669141 0.743136
    outer loop
      vertex -25 -10.6066 10.6066
      vertex -17.9575 -10 11.1528
      vertex -25 -10 11.1528
    endloop
  endfacet
  facet normal 0 -0.669141 0.743136
    outer loop
      vertex -17.9575 -10 11.1528
      vertex -25 -10.6066 10.6066
      vertex 0 -10.6066 10.6066
    endloop
  endfacet
  facet normal -0.0511587 -0.976872 -0.207616
    outer loop
      vertex -25 -14.8153 -2.34652
      vertex -26.5486 -14.7342 -2.34652
      vertex -25 -14.4889 -3.88229
    endloop
  endfacet
  facet normal 0 -0.994523 -0.104517
    outer loop
      vertex -25 -14.8153 -2.34652
      vertex 25 -14.9794 -0.785039
      vertex -25 -14.9794 -0.785039
    endloop
  endfacet
  facet normal 0 -0.994523 -0.104517
    outer loop
      vertex 25 -14.9794 -0.785039
      vertex -25 -14.8153 -2.34652
      vertex 25 -14.8153 -2.34652
    endloop
  endfacet
  facet normal 0.358368 -0.93358 0
    outer loop
      vertex 29.6289 -14.2463 -0.785039
      vertex 31.0927 -13.6844 0.785039
      vertex 29.6289 -14.2463 0.785039
    endloop
  endfacet
  facet normal 0.358368 -0.93358 0
    outer loop
      vertex 31.0927 -13.6844 0.785039
      vertex 29.6289 -14.2463 -0.785039
      vertex 31.0927 -13.6844 -0.785039
    endloop
  endfacet
  facet normal -0.0261981 -0.499808 -0.86574
    outer loop
      vertex -25 -6.80986 -13.3651
      vertex -25.854 -8.12483 -12.5801
      vertex -25.7118 -6.77255 -13.3651
    endloop
  endfacet
  facet normal -0.221778 -0.341515 -0.913336
    outer loop
      vertex -27.6878 -4.65534 -14.0037
      vertex -28.4049 -5.89751 -13.3651
      vertex -28.1597 -4.34889 -14.0037
    endloop
  endfacet
  facet normal -0.0261961 -0.499809 -0.865739
    outer loop
      vertex -25 -8.16959 -12.5801
      vertex -25.854 -8.12483 -12.5801
      vertex -25 -6.80986 -13.3651
    endloop
  endfacet
  facet normal -0.17329 -0.646835 -0.742681
    outer loop
      vertex -27.2052 -10.3748 -10.6066
      vertex -28.2776 -10.0875 -10.6066
      vertex -26.9626 -9.23352 -11.6572
    endloop
  endfacet
  facet normal -0.0512133 -0.976858 -0.207669
    outer loop
      vertex -25 -14.4889 -3.88229
      vertex -26.5486 -14.7342 -2.34652
      vertex -26.5145 -14.4095 -3.88229
    endloop
  endfacet
  facet normal 0.142971 -0.902499 0.406269
    outer loop
      vertex 27.7788 -13.073 6.80986
      vertex 26.397 -13.2919 6.80986
      vertex 26.4638 -13.927 5.37552
    endloop
  endfacet
  facet normal 0.2574 -0.960653 -0.104364
    outer loop
      vertex 28.1144 -14.6521 -0.785039
      vertex 28.0803 -14.4916 -2.34652
      vertex 29.6289 -14.2463 -0.785039
    endloop
  endfacet
  facet normal 0.257428 -0.960642 0.104393
    outer loop
      vertex 29.5782 -14.0902 2.34652
      vertex 28.0803 -14.4916 2.34652
      vertex 29.6289 -14.2463 0.785039
    endloop
  endfacet
  facet normal 0 -0.406732 0.913548
    outer loop
      vertex 0 -5.37552 14.0037
      vertex -18.6871 -6.80986 13.3651
      vertex 0 -6.80986 13.3651
    endloop
  endfacet
  facet normal -5.21652e-06 -0.406675 0.913573
    outer loop
      vertex 0 -5.37552 14.0037
      vertex -18.7968 -6.1676 13.651
      vertex -18.6871 -6.80986 13.3651
    endloop
  endfacet
  facet normal 0 -0.406778 0.913527
    outer loop
      vertex -18.7968 -6.1676 13.651
      vertex 0 -5.37552 14.0037
      vertex -18.9765 -5.37552 14.0037
    endloop
  endfacet
  facet normal -0 0.104517 0.994523
    outer loop
      vertex -19.39 2.34652 14.8153
      vertex 0 0.785039 14.9794
      vertex 0 2.34652 14.8153
    endloop
  endfacet
  facet normal 0 0.104517 0.994523
    outer loop
      vertex 0 0.785039 14.9794
      vertex -19.39 2.34652 14.8153
      vertex -19.4737 0.785039 14.9794
    endloop
  endfacet
  facet normal -0.0270795 0.101096 -0.994508
    outer loop
      vertex -25.2426 0.746616 -14.9794
      vertex -25.7251 2.23167 -14.8153
      vertex -25.1632 0.767884 -14.9794
    endloop
  endfacet
  facet normal -0.327473 0.853064 -0.406256
    outer loop
      vertex -29.13 12.711 -6.80986
      vertex -30.6958 12.793 -5.37552
      vertex -29.3274 13.3183 -5.37552
    endloop
  endfacet
  facet normal -0.0389138 0.742576 -0.66863
    outer loop
      vertex -25 10.6066 -10.6066
      vertex -26.1087 10.5485 -10.6066
      vertex -25 11.6572 -9.43981
    endloop
  endfacet
  facet normal 0.0453939 0.865116 -0.499514
    outer loop
      vertex 26.315 12.5111 -8.16959
      vertex 25 12.5801 -8.16959
      vertex 26.397 13.2919 -6.80986
    endloop
  endfacet
  facet normal 0.253226 0.944855 -0.207667
    outer loop
      vertex 29.4773 13.7797 -3.88229
      vertex 28.0124 14.1723 -3.88229
      vertex 29.5782 14.0902 -2.34652
    endloop
  endfacet
  facet normal 0.35641 0.928481 -0.10438
    outer loop
      vertex 31.0259 13.5345 -2.34652
      vertex 29.6289 14.2463 -0.785039
      vertex 31.0927 13.6844 -0.785039
    endloop
  endfacet
  facet normal -0.612608 0.612557 -0.499486
    outer loop
      vertex -33.4177 9.3488 -8.16959
      vertex -34.0679 9.35231 -7.36783
      vertex -33.7204 9.68499 -7.38604
    endloop
  endfacet
  facet normal -0.612561 0.612633 -0.499448
    outer loop
      vertex -33.4177 9.3488 -8.16959
      vertex -34.7384 8.76846 -7.26164
      vertex -34.0679 9.35231 -7.36783
    endloop
  endfacet
  facet normal -0.612574 0.612574 -0.499505
    outer loop
      vertex -34.7384 8.76846 -7.26164
      vertex -33.4177 9.3488 -8.16959
      vertex -34.3488 8.4177 -8.16959
    endloop
  endfacet
  facet normal -0.668723 0.035038 -0.742686
    outer loop
      vertex -34.4398 0 -11.6572
      vertex -35.6066 0 -10.6066
      vertex -34.3881 0.986728 -11.6572
    endloop
  endfacet
  facet normal -0.0497714 0.949874 -0.308646
    outer loop
      vertex -25 14.0037 -5.37552
      vertex -26.4638 13.927 -5.37552
      vertex -25 14.4889 -3.88229
    endloop
  endfacet
  facet normal -0.646113 0.646113 0.406294
    outer loop
      vertex -34.3703 10.4068 5.37552
      vertex -34.7771 10 5.37552
      vertex -34.004 10 6.60495
    endloop
  endfacet
  facet normal -0.148801 -0.939465 0.308649
    outer loop
      vertex -27.9115 -13.6977 5.37552
      vertex -28.0124 -14.1723 3.88229
      vertex -26.4638 -13.927 5.37552
    endloop
  endfacet
  facet normal -0.253201 -0.944867 0.207641
    outer loop
      vertex -28.0124 -14.1723 3.88229
      vertex -29.5782 -14.0902 2.34652
      vertex -28.0803 -14.4916 2.34652
    endloop
  endfacet
  facet normal -0.0512133 -0.976858 0.207669
    outer loop
      vertex -26.5145 -14.4095 3.88229
      vertex -26.5486 -14.7342 2.34652
      vertex -25 -14.4889 3.88229
    endloop
  endfacet
  facet normal 0 -0.978153 0.207889
    outer loop
      vertex -25 -14.8153 2.34652
      vertex 25 -14.4889 3.88229
      vertex -25 -14.4889 3.88229
    endloop
  endfacet
  facet normal 0 -0.978153 0.207889
    outer loop
      vertex 25 -14.4889 3.88229
      vertex -25 -14.8153 2.34652
      vertex 25 -14.8153 2.34652
    endloop
  endfacet
  facet normal -0.0478132 -0.912503 0.406267
    outer loop
      vertex -25 -13.3651 6.80986
      vertex -26.4638 -13.927 5.37552
      vertex -25 -14.0037 5.37552
    endloop
  endfacet
  facet normal 0 -0.866037 0.499981
    outer loop
      vertex -25 -13.3651 6.80986
      vertex 25 -12.5801 8.16959
      vertex -25 -12.5801 8.16959
    endloop
  endfacet
  facet normal 0 -0.866037 0.499981
    outer loop
      vertex 25 -12.5801 8.16959
      vertex -25 -13.3651 6.80986
      vertex 25 -13.3651 6.80986
    endloop
  endfacet
  facet normal -0.116276 -0.734462 0.668615
    outer loop
      vertex -26.1087 -10.5485 10.6066
      vertex -27.4237 -11.4025 9.43981
      vertex -26.2185 -11.5933 9.43981
    endloop
  endfacet
  facet normal -0.0350776 -0.668729 0.742678
    outer loop
      vertex -25 -10 11.1528
      vertex -25.4912 -10 11.1296
      vertex -25 -10.6066 10.6066
    endloop
  endfacet
  facet normal -0.2574 -0.960653 -0.104364
    outer loop
      vertex -28.1144 -14.6521 -0.785039
      vertex -29.6289 -14.2463 -0.785039
      vertex -28.0803 -14.4916 -2.34652
    endloop
  endfacet
  facet normal -0.808785 -0.310502 -0.499454
    outer loop
      vertex -37.2096 -5.43607 -6.80986
      vertex -37.711 -4.13004 -6.80986
      vertex -36.4925 -5.11677 -8.16959
    endloop
  endfacet
  facet normal 0.126609 -0.799403 -0.587303
    outer loop
      vertex 27.6155 -12.3052 -8.16959
      vertex 27.0166 -12 -8.71412
      vertex 27.5507 -12 -8.59898
    endloop
  endfacet
  facet normal 0.156451 -0.987686 0
    outer loop
      vertex 26.5658 -14.8974 -0.785039
      vertex 28.1144 -14.6521 0.785039
      vertex 26.5658 -14.8974 0.785039
    endloop
  endfacet
  facet normal 0.156451 -0.987686 0
    outer loop
      vertex 28.1144 -14.6521 0.785039
      vertex 26.5658 -14.8974 -0.785039
      vertex 28.1144 -14.6521 -0.785039
    endloop
  endfacet
  facet normal 0.152996 -0.966161 -0.207668
    outer loop
      vertex 26.5486 -14.7342 -2.34652
      vertex 26.5145 -14.4095 -3.88229
      vertex 28.0124 -14.1723 -3.88229
    endloop
  endfacet
  facet normal 0.0520121 -0.993177 -0.104376
    outer loop
      vertex 26.5658 -14.8974 -0.785039
      vertex 25 -14.9794 -0.785039
      vertex 26.5486 -14.7342 -2.34652
    endloop
  endfacet
  facet normal 0 -0.978153 -0.207889
    outer loop
      vertex -25 -14.4889 -3.88229
      vertex 25 -14.8153 -2.34652
      vertex -25 -14.8153 -2.34652
    endloop
  endfacet
  facet normal 0 -0.978153 -0.207889
    outer loop
      vertex 25 -14.8153 -2.34652
      vertex -25 -14.4889 -3.88229
      vertex 25 -14.4889 -3.88229
    endloop
  endfacet
  facet normal -0.257428 -0.960642 -0.104393
    outer loop
      vertex -28.0803 -14.4916 -2.34652
      vertex -29.6289 -14.2463 -0.785039
      vertex -29.5782 -14.0902 -2.34652
    endloop
  endfacet
  facet normal 0.148801 -0.939465 -0.308649
    outer loop
      vertex 28.0124 -14.1723 -3.88229
      vertex 26.4638 -13.927 -5.37552
      vertex 27.9115 -13.6977 -5.37552
    endloop
  endfacet
  facet normal -0.210823 -0.549262 -0.808619
    outer loop
      vertex -27.5245 -7.76974 -12.5801
      vertex -28.8395 -8.62369 -11.6572
      vertex -28.3229 -7.46329 -12.5801
    endloop
  endfacet
  facet normal 0.209554 -0.781777 -0.587292
    outer loop
      vertex 27.6155 -12.3052 -8.16959
      vertex 27.5507 -12 -8.59898
      vertex 27.8626 -12 -8.48769
    endloop
  endfacet
  facet normal -0.0483985 -0.305603 -0.950928
    outer loop
      vertex -25.5619 -5.34607 -14.0037
      vertex -25.8072 -3.79745 -14.4889
      vertex -25.4058 -3.86102 -14.4889
    endloop
  endfacet
  facet normal -0.201078 0.0538402 -0.978095
    outer loop
      vertex -27.2952 0.487868 -14.8153
      vertex -28.7974 0.807172 -14.4889
      vertex -28.6923 1.19969 -14.4889
    endloop
  endfacet
  facet normal -0.209527 -0.781808 0.58726
    outer loop
      vertex -28.6023 -11.0866 9.43981
      vertex -28.8875 -11.9643 8.16959
      vertex -27.6155 -12.3052 8.16959
    endloop
  endfacet
  facet normal -0.808781 -0.310402 -0.499524
    outer loop
      vertex -36.4925 -5.11677 -8.16959
      vertex -37.711 -4.13004 -6.80986
      vertex -36.9643 -3.88745 -8.16959
    endloop
  endfacet
  facet normal -0.814118 -0.414677 -0.406516
    outer loop
      vertex -37.2096 -5.43607 -6.80986
      vertex -37.1353 -5.6741 -6.71585
      vertex -37.2028 -5.56699 -6.68993
    endloop
  endfacet
  facet normal -0.813985 -0.414722 -0.406736
    outer loop
      vertex -37.1353 -5.6741 -6.71585
      vertex -37.2096 -5.43607 -6.80986
      vertex -36.7844 -6.27062 -6.80986
    endloop
  endfacet
  facet normal -0.598622 -0.739169 -0.308676
    outer loop
      vertex -33.5164 -11.7218 -3.88229
      vertex -34.695 -10.7673 -3.88229
      vertex -33.2312 -11.3292 -5.37552
    endloop
  endfacet
  facet normal -0.0389138 -0.742576 -0.66863
    outer loop
      vertex -25 -11.6572 -9.43981
      vertex -26.1087 -10.5485 -10.6066
      vertex -25 -10.6066 -10.6066
    endloop
  endfacet
  facet normal -0.0424116 -0.80828 -0.587269
    outer loop
      vertex -25 -12.5801 -8.16959
      vertex -26.315 -12.5111 -8.16959
      vertex -25 -11.6572 -9.43981
    endloop
  endfacet
  facet normal -0.471808 -0.726568 -0.499495
    outer loop
      vertex -31.6825 -11.5745 -6.80986
      vertex -32.8558 -10.8126 -6.80986
      vertex -31.29 -10.8946 -8.16959
    endloop
  endfacet
  facet normal -0.577868 0.467961 -0.668641
    outer loop
      vertex -33.5809 6.2344 -10.6066
      vertex -34.4309 6.85192 -9.43981
      vertex -32.8822 7.0972 -10.6066
    endloop
  endfacet
  facet normal 0.625768 -0.772977 0.104501
    outer loop
      vertex 33.9233 -12 0.952108
      vertex 33.8047 -12.1186 0.785039
      vertex 33.9512 -12 0.785039
    endloop
  endfacet
  facet normal 0.236467 -0.882634 -0.406251
    outer loop
      vertex 29.3274 -13.3183 -5.37552
      vertex 27.7788 -13.073 -6.80986
      vertex 29.13 -12.711 -6.80986
    endloop
  endfacet
  facet normal 0.148801 -0.939465 0.308649
    outer loop
      vertex 27.9115 -13.6977 5.37552
      vertex 26.4638 -13.927 5.37552
      vertex 28.0124 -14.1723 3.88229
    endloop
  endfacet
  facet normal 0.152996 -0.966161 0.207668
    outer loop
      vertex 28.0124 -14.1723 3.88229
      vertex 26.5145 -14.4095 3.88229
      vertex 26.5486 -14.7342 2.34652
    endloop
  endfacet
  facet normal 0.393247 -0.771915 0.499504
    outer loop
      vertex 30.5722 -12 7.02662
      vertex 30.3427 -12 7.2073
      vertex 30.4361 -12.2096 6.80986
    endloop
  endfacet
  facet normal -0.0423881 -0.808292 -0.587254
    outer loop
      vertex -25 -11.6572 -9.43981
      vertex -26.315 -12.5111 -8.16959
      vertex -26.2185 -11.5933 -9.43981
    endloop
  endfacet
  facet normal 0.0520121 -0.993177 0.104376
    outer loop
      vertex 26.5486 -14.7342 2.34652
      vertex 25 -14.9794 0.785039
      vertex 26.5658 -14.8974 0.785039
    endloop
  endfacet
  facet normal -0.0453319 -0.865146 -0.499467
    outer loop
      vertex -25 -13.3651 -6.80986
      vertex -26.397 -13.2919 -6.80986
      vertex -25 -12.5801 -8.16959
    endloop
  endfacet
  facet normal -0.471789 -0.726598 0.499471
    outer loop
      vertex -32.3944 -10.1775 8.16959
      vertex -32.8558 -10.8126 6.80986
      vertex -31.29 -10.8946 8.16959
    endloop
  endfacet
  facet normal 0 0.587798 -0.809008
    outer loop
      vertex -25 8.16959 -12.5801
      vertex 0 9.43981 -11.6572
      vertex 0 8.16959 -12.5801
    endloop
  endfacet
  facet normal 0 0.587798 -0.809008
    outer loop
      vertex 0 9.43981 -11.6572
      vertex -25 8.16959 -12.5801
      vertex -25 9.43981 -11.6572
    endloop
  endfacet
  facet normal -0.364718 0.56161 -0.742681
    outer loop
      vertex -30.5486 7.63696 -11.6572
      vertex -31.2344 8.58092 -10.6066
      vertex -30.3033 9.18559 -10.6066
    endloop
  endfacet
  facet normal -0.0478132 0.912503 -0.406267
    outer loop
      vertex -25 13.3651 -6.80986
      vertex -26.4638 13.927 -5.37552
      vertex -25 14.0037 -5.37552
    endloop
  endfacet
  facet normal 0.153027 0.966162 -0.207639
    outer loop
      vertex 28.0124 14.1723 -3.88229
      vertex 26.5486 14.7342 -2.34652
      vertex 28.0803 14.4916 -2.34652
    endloop
  endfacet
  facet normal 0.54155 0.833911 -0.106376
    outer loop
      vertex 32.4077 12.8304 -2.34652
      vertex 33.6908 12 -2.32412
      vertex 33.6864 12 -2.34652
    endloop
  endfacet
  facet normal 0.541639 0.834102 -0.104403
    outer loop
      vertex 33.6908 12 -2.32412
      vertex 32.4077 12.8304 -2.34652
      vertex 32.4897 12.9726 -0.785039
    endloop
  endfacet
  facet normal 0.497805 0.766179 -0.406398
    outer loop
      vertex 32.0847 12 -5.51466
      vertex 31.9282 12 -5.70636
      vertex 32.0019 12.1276 -5.37552
    endloop
  endfacet
  facet normal 0.541677 0.834081 -0.104379
    outer loop
      vertex 33.7185 12 -2.1801
      vertex 32.4897 12.9726 -0.785039
      vertex 33.8047 12.1186 -0.785039
    endloop
  endfacet
  facet normal 0.541815 0.834013 -0.10421
    outer loop
      vertex 32.4897 12.9726 -0.785039
      vertex 33.7185 12 -2.1801
      vertex 33.6908 12 -2.32412
    endloop
  endfacet
  facet normal 0.246189 0.918763 -0.30865
    outer loop
      vertex 29.3274 13.3183 -5.37552
      vertex 27.9115 13.6977 -5.37552
      vertex 28.0124 14.1723 -3.88229
    endloop
  endfacet
  facet normal -0.126564 0.799449 0.587251
    outer loop
      vertex -26.2185 11.5933 9.43981
      vertex -27.6155 12.3052 8.16959
      vertex -27.4237 11.4025 9.43981
    endloop
  endfacet
  facet normal 0.152996 0.966161 -0.207668
    outer loop
      vertex 28.0124 14.1723 -3.88229
      vertex 26.5145 14.4095 -3.88229
      vertex 26.5486 14.7342 -2.34652
    endloop
  endfacet
  facet normal 0.518205 -0.797613 0.308671
    outer loop
      vertex 32.1983 -12 5.37552
      vertex 32.0019 -12.1276 5.37552
      vertex 32.4779 -12 4.90612
    endloop
  endfacet
  facet normal 0.0520126 0.993177 0.104375
    outer loop
      vertex 25 14.9794 0.785039
      vertex 25 14.8153 2.34652
      vertex 26.5486 14.7342 2.34652
    endloop
  endfacet
  facet normal -0.0163836 0.10337 -0.994508
    outer loop
      vertex -25.1632 0.767884 -14.9794
      vertex -25.2453 2.33366 -14.8153
      vertex -25.0821 0.780738 -14.9794
    endloop
  endfacet
  facet normal 0 -0.406732 -0.913548
    outer loop
      vertex -25 -6.80986 -13.3651
      vertex 0 -5.37552 -14.0037
      vertex 0 -6.80986 -13.3651
    endloop
  endfacet
  facet normal -0 -0.406732 -0.913548
    outer loop
      vertex 0 -5.37552 -14.0037
      vertex -25 -6.80986 -13.3651
      vertex -25 -5.37552 -14.0037
    endloop
  endfacet
  facet normal -0.288859 -0.11086 -0.950931
    outer loop
      vertex -29.9108 -2.18642 -14.0037
      vertex -30.1124 -1.66113 -14.0037
      vertex -28.5466 -1.57907 -14.4889
    endloop
  endfacet
  facet normal 0.414812 0.814186 -0.406241
    outer loop
      vertex 30.4361 12.2096 -6.80986
      vertex 31.9282 12 -5.70636
      vertex 30.8475 12 -6.80986
    endloop
  endfacet
  facet normal 0.41491 0.814058 -0.406398
    outer loop
      vertex 31.9282 12 -5.70636
      vertex 30.4361 12.2096 -6.80986
      vertex 32.0019 12.1276 -5.37552
    endloop
  endfacet
  facet normal -0.201087 0.053822 -0.978094
    outer loop
      vertex -27.2952 0.487868 -14.8153
      vertex -28.6923 1.19969 -14.4889
      vertex -27.2317 0.725113 -14.8153
    endloop
  endfacet
  facet normal -0.646113 0.646113 -0.406294
    outer loop
      vertex -34.004 10 -6.60495
      vertex -34.7771 10 -5.37552
      vertex -34.3703 10.4068 -5.37552
    endloop
  endfacet
  facet normal 0 0.808996 0.587814
    outer loop
      vertex 25 12 8.96797
      vertex 25 12.5801 8.16959
      vertex 0 12 8.96797
    endloop
  endfacet
  facet normal 0 0.809027 0.587772
    outer loop
      vertex 0 12 8.96797
      vertex -25 11.6572 9.43981
      vertex 0 11.6572 9.43981
    endloop
  endfacet
  facet normal -0 0.808996 0.587814
    outer loop
      vertex -25 12.5801 8.16959
      vertex 0 12 8.96797
      vertex 25 12.5801 8.16959
    endloop
  endfacet
  facet normal 7.57151e-07 0.809008 0.587798
    outer loop
      vertex 0 12 8.96797
      vertex -25 12.5801 8.16959
      vertex -25 11.6572 9.43981
    endloop
  endfacet
  facet normal -0.142945 -0.902494 0.406289
    outer loop
      vertex -27.7788 -13.073 6.80986
      vertex -27.9115 -13.6977 5.37552
      vertex -26.4638 -13.927 5.37552
    endloop
  endfacet
  facet normal -0.192505 -0.718222 0.668654
    outer loop
      vertex -27.2052 -10.3748 10.6066
      vertex -28.6023 -11.0866 9.43981
      vertex -27.4237 -11.4025 9.43981
    endloop
  endfacet
  facet normal -0.148771 -0.939479 0.30862
    outer loop
      vertex -26.4638 -13.927 5.37552
      vertex -28.0124 -14.1723 3.88229
      vertex -26.5145 -14.4095 3.88229
    endloop
  endfacet
  facet normal -0.152996 -0.966161 0.207668
    outer loop
      vertex -26.5145 -14.4095 3.88229
      vertex -28.0124 -14.1723 3.88229
      vertex -26.5486 -14.7342 2.34652
    endloop
  endfacet
  facet normal -0.0520126 -0.993177 0.104375
    outer loop
      vertex -25 -14.8153 2.34652
      vertex -26.5486 -14.7342 2.34652
      vertex -25 -14.9794 0.785039
    endloop
  endfacet
  facet normal 0.0512133 -0.976858 0.207669
    outer loop
      vertex 26.5145 -14.4095 3.88229
      vertex 25 -14.4889 3.88229
      vertex 26.5486 -14.7342 2.34652
    endloop
  endfacet
  facet normal 0.153027 -0.966162 0.207639
    outer loop
      vertex 28.0124 -14.1723 3.88229
      vertex 26.5486 -14.7342 2.34652
      vertex 28.0803 -14.4916 2.34652
    endloop
  endfacet
  facet normal -0.142971 -0.902499 0.406269
    outer loop
      vertex -26.397 -13.2919 6.80986
      vertex -27.7788 -13.073 6.80986
      vertex -26.4638 -13.927 5.37552
    endloop
  endfacet
  facet normal -0.0453939 -0.865116 0.499514
    outer loop
      vertex -26.315 -12.5111 8.16959
      vertex -26.397 -13.2919 6.80986
      vertex -25 -12.5801 8.16959
    endloop
  endfacet
  facet normal -0.0424116 -0.80828 0.587269
    outer loop
      vertex -25 -11.6572 9.43981
      vertex -26.315 -12.5111 8.16959
      vertex -25 -12.5801 8.16959
    endloop
  endfacet
  facet normal -0.126564 -0.799449 0.587251
    outer loop
      vertex -27.4237 -11.4025 9.43981
      vertex -27.6155 -12.3052 8.16959
      vertex -26.2185 -11.5933 9.43981
    endloop
  endfacet
  facet normal -0.726588 -0.471786 -0.499488
    outer loop
      vertex -35.8281 -7.56072 -7.06611
      vertex -36.542 -6.6638 -6.8748
      vertex -35.8946 -6.29003 -8.16959
    endloop
  endfacet
  facet normal -0.0522977 -0.998632 0
    outer loop
      vertex -26.5658 -14.8974 -0.785039
      vertex -25 -14.9794 0.785039
      vertex -26.5658 -14.8974 0.785039
    endloop
  endfacet
  facet normal -0.0522977 -0.998632 -0
    outer loop
      vertex -25 -14.9794 0.785039
      vertex -26.5658 -14.8974 -0.785039
      vertex -25 -14.9794 -0.785039
    endloop
  endfacet
  facet normal -0.0520126 -0.993177 -0.104375
    outer loop
      vertex -25 -14.9794 -0.785039
      vertex -26.5486 -14.7342 -2.34652
      vertex -25 -14.8153 -2.34652
    endloop
  endfacet
  facet normal -0.155582 -0.982293 0.104379
    outer loop
      vertex -26.5486 -14.7342 2.34652
      vertex -28.0803 -14.4916 2.34652
      vertex -26.5658 -14.8974 0.785039
    endloop
  endfacet
  facet normal 0.393247 -0.771915 -0.499504
    outer loop
      vertex 30.4361 -12.2096 -6.80986
      vertex 30.3427 -12 -7.2073
      vertex 30.5722 -12 -7.02662
    endloop
  endfacet
  facet normal 0.253201 -0.944867 -0.207641
    outer loop
      vertex 28.0803 -14.4916 -2.34652
      vertex 28.0124 -14.1723 -3.88229
      vertex 29.5782 -14.0902 -2.34652
    endloop
  endfacet
  facet normal 0.444118 -0.871583 0.20761
    outer loop
      vertex 32.4077 -12.8304 2.34652
      vertex 30.8932 -13.2363 3.88229
      vertex 31.0259 -13.5345 2.34652
    endloop
  endfacet
  facet normal 0 -0.994523 0.104517
    outer loop
      vertex -25 -14.9794 0.785039
      vertex 25 -14.8153 2.34652
      vertex -25 -14.8153 2.34652
    endloop
  endfacet
  facet normal 0 -0.994523 0.104517
    outer loop
      vertex 25 -14.8153 2.34652
      vertex -25 -14.9794 0.785039
      vertex 25 -14.9794 0.785039
    endloop
  endfacet
  facet normal -0.194688 -0.240496 -0.950925
    outer loop
      vertex -27.2819 -3.14083 -14.4889
      vertex -28.5969 -3.99479 -14.0037
      vertex -27.5978 -2.8851 -14.4889
    endloop
  endfacet
  facet normal -0.0389425 -0.742589 -0.668614
    outer loop
      vertex -25 -11.6572 -9.43981
      vertex -26.2185 -11.5933 -9.43981
      vertex -26.1087 -10.5485 -10.6066
    endloop
  endfacet
  facet normal -0.49763 -0.766334 -0.406321
    outer loop
      vertex -32.0019 -12.1276 -5.37552
      vertex -32.8558 -10.8126 -6.80986
      vertex -31.6825 -11.5745 -6.80986
    endloop
  endfacet
  facet normal -0.00547928 0.104515 -0.994508
    outer loop
      vertex -25 0.785039 -14.9794
      vertex -25.2453 2.33366 -14.8153
      vertex -25 2.34652 -14.8153
    endloop
  endfacet
  facet normal -0.568285 -0.152324 -0.80861
    outer loop
      vertex -32.7697 -2.52454 -12.5801
      vertex -34.2335 -1.96265 -11.6572
      vertex -32.9911 -1.69855 -12.5801
    endloop
  endfacet
  facet normal -0.405021 -0.623665 0.668581
    outer loop
      vertex -30.7735 -10 9.56218
      vertex -30.9755 -10 9.43981
      vertex -30.8286 -10.0954 9.43981
    endloop
  endfacet
  facet normal -0.575028 -0.710119 -0.406293
    outer loop
      vertex -34.004 -10 -6.60495
      vertex -33.2312 -11.3292 -5.37552
      vertex -34.3703 -10.4068 -5.37552
    endloop
  endfacet
  facet normal -0.575282 -0.710048 -0.406057
    outer loop
      vertex -33.2312 -11.3292 -5.37552
      vertex -34.004 -10 -6.60495
      vertex -33.9085 -10 -6.74025
    endloop
  endfacet
  facet normal -0.625873 -0.772906 0.104398
    outer loop
      vertex -34.9134 -11.0099 2.34652
      vertex -35.0232 -11.1319 0.785039
      vertex -33.8047 -12.1186 0.785039
    endloop
  endfacet
  facet normal -0.855673 -0.13556 -0.499446
    outer loop
      vertex -38.073 -2.77876 -6.80986
      vertex -38.2919 -1.39703 -6.80986
      vertex -37.3052 -2.61554 -8.16959
    endloop
  endfacet
  facet normal -0.497704 -0.766317 -0.406262
    outer loop
      vertex -32.0019 -12.1276 -5.37552
      vertex -33.2312 -11.3292 -5.37552
      vertex -32.8558 -10.8126 -6.80986
    endloop
  endfacet
  facet normal -0.0453939 -0.865116 -0.499514
    outer loop
      vertex -25 -12.5801 -8.16959
      vertex -26.397 -13.2919 -6.80986
      vertex -26.315 -12.5111 -8.16959
    endloop
  endfacet
  facet normal -0.320419 -0.493419 -0.808622
    outer loop
      vertex -29.0848 -7.07507 -12.5801
      vertex -30.5486 -7.63696 -11.6572
      vertex -29.802 -6.60933 -12.5801
    endloop
  endfacet
  facet normal -0.34151 -0.22177 -0.913339
    outer loop
      vertex -30.5093 -4.00273 -13.3651
      vertex -30.8975 -3.40493 -13.3651
      vertex -29.3489 -3.15965 -14.0037
    endloop
  endfacet
  facet normal 0.253226 -0.944855 0.207667
    outer loop
      vertex 29.4773 -13.7797 3.88229
      vertex 28.0124 -14.1723 3.88229
      vertex 29.5782 -14.0902 2.34652
    endloop
  endfacet
  facet normal 0.497805 -0.766179 0.406398
    outer loop
      vertex 32.0847 -12 5.51466
      vertex 31.9282 -12 5.70636
      vertex 32.0019 -12.1276 5.37552
    endloop
  endfacet
  facet normal 0.0478133 -0.912503 0.406267
    outer loop
      vertex 26.397 -13.2919 6.80986
      vertex 25 -13.3651 6.80986
      vertex 26.4638 -13.927 5.37552
    endloop
  endfacet
  facet normal 0 -0.913548 0.406732
    outer loop
      vertex -25 -14.0037 5.37552
      vertex 25 -13.3651 6.80986
      vertex -25 -13.3651 6.80986
    endloop
  endfacet
  facet normal 0 -0.913548 0.406732
    outer loop
      vertex 25 -13.3651 6.80986
      vertex -25 -14.0037 5.37552
      vertex 25 -14.0037 5.37552
    endloop
  endfacet
  facet normal 0.453987 -0.891008 0
    outer loop
      vertex 31.0927 -13.6844 -0.785039
      vertex 32.4897 -12.9726 0.785039
      vertex 31.0927 -13.6844 0.785039
    endloop
  endfacet
  facet normal 0.453987 -0.891008 0
    outer loop
      vertex 32.4897 -12.9726 0.785039
      vertex 31.0927 -13.6844 -0.785039
      vertex 32.4897 -12.9726 -0.785039
    endloop
  endfacet
  facet normal 0.451528 -0.886127 0.104409
    outer loop
      vertex 32.4077 -12.8304 2.34652
      vertex 31.0259 -13.5345 2.34652
      vertex 32.4897 -12.9726 0.785039
    endloop
  endfacet
  facet normal 0.340887 -0.888007 -0.30861
    outer loop
      vertex 29.4773 -13.7797 -3.88229
      vertex 29.3274 -13.3183 -5.37552
      vertex 30.6958 -12.793 -5.37552
    endloop
  endfacet
  facet normal -0.0389425 -0.742589 0.668614
    outer loop
      vertex -26.1087 -10.5485 10.6066
      vertex -26.2185 -11.5933 9.43981
      vertex -25 -11.6572 9.43981
    endloop
  endfacet
  facet normal -0.173301 -0.646672 0.74282
    outer loop
      vertex -28.2492 -10 10.6894
      vertex -28.2776 -10.0875 10.6066
      vertex -28.1429 -10 10.7142
    endloop
  endfacet
  facet normal -0.239619 -0.625144 0.742817
    outer loop
      vertex -28.2492 -10 10.6894
      vertex -28.3112 -10 10.6694
      vertex -28.2776 -10.0875 10.6066
    endloop
  endfacet
  facet normal 0 -0.866037 -0.499981
    outer loop
      vertex -25 -12.5801 -8.16959
      vertex 25 -13.3651 -6.80986
      vertex -25 -13.3651 -6.80986
    endloop
  endfacet
  facet normal 0 -0.866037 -0.499981
    outer loop
      vertex 25 -13.3651 -6.80986
      vertex -25 -12.5801 -8.16959
      vertex 25 -12.5801 -8.16959
    endloop
  endfacet
  facet normal -0.0350435 0.668722 -0.742687
    outer loop
      vertex -25.9867 9.38809 -11.6572
      vertex -26.1087 10.5485 -10.6066
      vertex -25 10.6066 -10.6066
    endloop
  endfacet
  facet normal -0.575028 0.710119 -0.406293
    outer loop
      vertex -33.2312 11.3292 -5.37552
      vertex -34.004 10 -6.60495
      vertex -34.3703 10.4068 -5.37552
    endloop
  endfacet
  facet normal -0.575282 0.710048 -0.406057
    outer loop
      vertex -34.004 10 -6.60495
      vertex -33.2312 11.3292 -5.37552
      vertex -33.9085 10 -6.74025
    endloop
  endfacet
  facet normal -0.0522977 0.998632 0
    outer loop
      vertex -25 14.9794 -0.785039
      vertex -26.5658 14.8974 0.785039
      vertex -25 14.9794 0.785039
    endloop
  endfacet
  facet normal -0.0522977 0.998632 0
    outer loop
      vertex -26.5658 14.8974 0.785039
      vertex -25 14.9794 -0.785039
      vertex -26.5658 14.8974 -0.785039
    endloop
  endfacet
  facet normal -0.155582 0.982293 -0.104379
    outer loop
      vertex -26.5486 14.7342 -2.34652
      vertex -28.0803 14.4916 -2.34652
      vertex -26.5658 14.8974 -0.785039
    endloop
  endfacet
  facet normal -0.393313 0.771886 -0.499497
    outer loop
      vertex -31.29 10.8946 -8.16959
      vertex -31.6825 11.5745 -6.80986
      vertex -30.4361 12.2096 -6.80986
    endloop
  endfacet
  facet normal 0.0520126 0.993177 -0.104375
    outer loop
      vertex 26.5486 14.7342 -2.34652
      vertex 25 14.8153 -2.34652
      vertex 25 14.9794 -0.785039
    endloop
  endfacet
  facet normal 0.327473 0.853064 0.406256
    outer loop
      vertex 29.3274 13.3183 5.37552
      vertex 29.13 12.711 6.80986
      vertex 30.6958 12.793 5.37552
    endloop
  endfacet
  facet normal 0.0520121 0.993177 0.104376
    outer loop
      vertex 26.5658 14.8974 0.785039
      vertex 25 14.9794 0.785039
      vertex 26.5486 14.7342 2.34652
    endloop
  endfacet
  facet normal 0.224194 0.836827 0.499457
    outer loop
      vertex 27.7788 13.073 6.80986
      vertex 27.6155 12.3052 8.16959
      vertex 29.13 12.711 6.80986
    endloop
  endfacet
  facet normal 0.35641 0.928481 0.10438
    outer loop
      vertex 31.0927 13.6844 0.785039
      vertex 29.6289 14.2463 0.785039
      vertex 31.0259 13.5345 2.34652
    endloop
  endfacet
  facet normal 0.350548 0.913243 0.207614
    outer loop
      vertex 31.0259 13.5345 2.34652
      vertex 29.5782 14.0902 2.34652
      vertex 30.8932 13.2363 3.88229
    endloop
  endfacet
  facet normal -0.544652 0.838662 0
    outer loop
      vertex -32.4897 12.9726 -0.785039
      vertex -33.8047 12.1186 0.785039
      vertex -32.4897 12.9726 0.785039
    endloop
  endfacet
  facet normal -0.544652 0.838662 0
    outer loop
      vertex -33.8047 12.1186 0.785039
      vertex -32.4897 12.9726 -0.785039
      vertex -33.8047 12.1186 -0.785039
    endloop
  endfacet
  facet normal -0.135552 0.855671 0.499452
    outer loop
      vertex -26.397 13.2919 6.80986
      vertex -27.7788 13.073 6.80986
      vertex -27.6155 12.3052 8.16959
    endloop
  endfacet
  facet normal 0 0.743139 0.669137
    outer loop
      vertex 0 11.6572 9.43981
      vertex -25 10.6066 10.6066
      vertex 0 10.6066 10.6066
    endloop
  endfacet
  facet normal 0 0.743139 0.669137
    outer loop
      vertex -25 10.6066 10.6066
      vertex 0 11.6572 9.43981
      vertex -25 11.6572 9.43981
    endloop
  endfacet
  facet normal -0.62516 -0.23998 -0.742687
    outer loop
      vertex -33.6237 -3.83951 -11.6572
      vertex -35.0875 -3.27762 -10.6066
      vertex -33.9778 -2.91706 -11.6572
    endloop
  endfacet
  facet normal -0.0213126 -0.406639 -0.91334
    outer loop
      vertex -25 -6.80986 -13.3651
      vertex -25.5619 -5.34607 -14.0037
      vertex -25 -5.37552 -14.0037
    endloop
  endfacet
  facet normal -0.145922 -0.380147 -0.913343
    outer loop
      vertex -27.1044 -6.47656 -13.3651
      vertex -27.1864 -4.91078 -14.0037
      vertex -26.6611 -5.11242 -14.0037
    endloop
  endfacet
  facet normal -0.184847 -0.362835 -0.913336
    outer loop
      vertex -27.1864 -4.91078 -14.0037
      vertex -28.4049 -5.89751 -13.3651
      vertex -27.6878 -4.65534 -14.0037
    endloop
  endfacet
  facet normal 0 0.104517 -0.994523
    outer loop
      vertex -25 0.785039 -14.9794
      vertex 0 2.34652 -14.8153
      vertex 0 0.785039 -14.9794
    endloop
  endfacet
  facet normal 0 0.104517 -0.994523
    outer loop
      vertex 0 2.34652 -14.8153
      vertex -25 0.785039 -14.9794
      vertex -25 2.34652 -14.8153
    endloop
  endfacet
  facet normal -0.10538 0.393325 -0.91334
    outer loop
      vertex -26.1176 5.25805 -14.0037
      vertex -27.1044 6.47656 -13.3651
      vertex -26.4158 6.66105 -13.3651
    endloop
  endfacet
  facet normal -0.240472 -0.194702 -0.950928
    outer loop
      vertex -27.8851 -2.59776 -14.4889
      vertex -28.9948 -3.59692 -14.0037
      vertex -28.1408 -2.28195 -14.4889
    endloop
  endfacet
  facet normal 0 0.808996 -0.587814
    outer loop
      vertex 0 12 -8.96797
      vertex 25 12.5801 -8.16959
      vertex 25 12 -8.96797
    endloop
  endfacet
  facet normal 0 0.808996 -0.587814
    outer loop
      vertex 25 12.5801 -8.16959
      vertex 0 12 -8.96797
      vertex -25 12.5801 -8.16959
    endloop
  endfacet
  facet normal 0 0.809027 -0.587772
    outer loop
      vertex -25 11.6572 -9.43981
      vertex 0 12 -8.96797
      vertex 0 11.6572 -9.43981
    endloop
  endfacet
  facet normal 7.57151e-07 0.809008 -0.587798
    outer loop
      vertex 0 12 -8.96797
      vertex -25 11.6572 -9.43981
      vertex -25 12.5801 -8.16959
    endloop
  endfacet
  facet normal 0 0.743139 -0.669137
    outer loop
      vertex 0 10.6066 -10.6066
      vertex -25 11.6572 -9.43981
      vertex 0 11.6572 -9.43981
    endloop
  endfacet
  facet normal 0 0.743139 -0.669137
    outer loop
      vertex -25 11.6572 -9.43981
      vertex 0 10.6066 -10.6066
      vertex -25 10.6066 -10.6066
    endloop
  endfacet
  facet normal -0.598589 0.739216 -0.308626
    outer loop
      vertex -34.3703 10.4068 -5.37552
      vertex -34.695 10.7673 -3.88229
      vertex -33.2312 11.3292 -5.37552
    endloop
  endfacet
  facet normal -0.194353 -0.0745877 -0.978092
    outer loop
      vertex -27.1437 -0.954414 -14.8153
      vertex -28.5466 -1.57907 -14.4889
      vertex -27.2317 -0.725113 -14.8153
    endloop
  endfacet
  facet normal -0.341515 -0.221747 -0.913343
    outer loop
      vertex -29.3489 -3.15965 -14.0037
      vertex -30.8975 -3.40493 -13.3651
      vertex -29.6553 -2.68776 -14.0037
    endloop
  endfacet
  facet normal -0.541675 0.834078 -0.104412
    outer loop
      vertex -33.7082 11.9858 -2.34652
      vertex -33.8047 12.1186 -0.785039
      vertex -32.4897 12.9726 -0.785039
    endloop
  endfacet
  facet normal 0.41491 -0.814058 -0.406398
    outer loop
      vertex 30.4361 -12.2096 -6.80986
      vertex 31.9282 -12 -5.70636
      vertex 32.0019 -12.1276 -5.37552
    endloop
  endfacet
  facet normal 0.414812 -0.814186 -0.406241
    outer loop
      vertex 31.9282 -12 -5.70636
      vertex 30.4361 -12.2096 -6.80986
      vertex 30.8475 -12 -6.80986
    endloop
  endfacet
  facet normal 0.327481 -0.853057 0.406264
    outer loop
      vertex 30.4361 -12.2096 6.80986
      vertex 29.13 -12.711 6.80986
      vertex 30.6958 -12.793 5.37552
    endloop
  endfacet
  facet normal -0.192432 -0.718287 0.668606
    outer loop
      vertex -28.2776 -10.0875 10.6066
      vertex -28.6023 -11.0866 9.43981
      vertex -27.2052 -10.3748 10.6066
    endloop
  endfacet
  facet normal -0.126571 -0.799444 0.587256
    outer loop
      vertex -26.2185 -11.5933 9.43981
      vertex -27.6155 -12.3052 8.16959
      vertex -26.315 -12.5111 8.16959
    endloop
  endfacet
  facet normal -0.0350248 -0.668725 0.742684
    outer loop
      vertex -26.1087 -10.5485 10.6066
      vertex -25.4912 -10 11.1296
      vertex -26.051 -10 11.1032
    endloop
  endfacet
  facet normal -0.0350431 -0.668714 0.742694
    outer loop
      vertex -25.4912 -10 11.1296
      vertex -26.1087 -10.5485 10.6066
      vertex -25 -10.6066 10.6066
    endloop
  endfacet
  facet normal -0.104791 -0.661389 0.742687
    outer loop
      vertex -26.051 -10 11.1032
      vertex -26.4649 -10 11.0448
      vertex -26.1087 -10.5485 10.6066
    endloop
  endfacet
  facet normal -0.327473 -0.853064 0.406256
    outer loop
      vertex -29.13 -12.711 6.80986
      vertex -30.6958 -12.793 5.37552
      vertex -29.3274 -13.3183 5.37552
    endloop
  endfacet
  facet normal -0.0423881 -0.808292 0.587254
    outer loop
      vertex -26.2185 -11.5933 9.43981
      vertex -26.315 -12.5111 8.16959
      vertex -25 -11.6572 9.43981
    endloop
  endfacet
  facet normal -0.440838 -0.67883 -0.58724
    outer loop
      vertex -31.29 -10.8946 -8.16959
      vertex -31.8519 -9.43086 -9.43981
      vertex -30.8286 -10.0954 -9.43981
    endloop
  endfacet
  facet normal -0.236501 -0.88261 0.406284
    outer loop
      vertex -27.7788 -13.073 6.80986
      vertex -29.3274 -13.3183 5.37552
      vertex -27.9115 -13.6977 5.37552
    endloop
  endfacet
  facet normal -0.148801 -0.939465 -0.308649
    outer loop
      vertex -26.4638 -13.927 -5.37552
      vertex -28.0124 -14.1723 -3.88229
      vertex -27.9115 -13.6977 -5.37552
    endloop
  endfacet
  facet normal -0.453987 -0.891008 0
    outer loop
      vertex -32.4897 -12.9726 -0.785039
      vertex -31.0927 -13.6844 0.785039
      vertex -32.4897 -12.9726 0.785039
    endloop
  endfacet
  facet normal -0.453987 -0.891008 -0
    outer loop
      vertex -31.0927 -13.6844 0.785039
      vertex -32.4897 -12.9726 -0.785039
      vertex -31.0927 -13.6844 -0.785039
    endloop
  endfacet
  facet normal 0.155582 -0.982293 0.104379
    outer loop
      vertex 28.0803 -14.4916 2.34652
      vertex 26.5486 -14.7342 2.34652
      vertex 26.5658 -14.8974 0.785039
    endloop
  endfacet
  facet normal 0 -1 0
    outer loop
      vertex -25 -14.9794 -0.785039
      vertex 25 -14.9794 0.785039
      vertex -25 -14.9794 0.785039
    endloop
  endfacet
  facet normal 0 -1 -0
    outer loop
      vertex 25 -14.9794 0.785039
      vertex -25 -14.9794 -0.785039
      vertex 25 -14.9794 -0.785039
    endloop
  endfacet
  facet normal 0.148771 -0.939479 -0.30862
    outer loop
      vertex 26.5145 -14.4095 -3.88229
      vertex 26.4638 -13.927 -5.37552
      vertex 28.0124 -14.1723 -3.88229
    endloop
  endfacet
  facet normal 0.0512133 -0.976858 -0.207669
    outer loop
      vertex 26.5486 -14.7342 -2.34652
      vertex 25 -14.4889 -3.88229
      vertex 26.5145 -14.4095 -3.88229
    endloop
  endfacet
  facet normal 0 -0.499981 -0.866037
    outer loop
      vertex -25 -8.16959 -12.5801
      vertex 0 -6.80986 -13.3651
      vertex 0 -8.16959 -12.5801
    endloop
  endfacet
  facet normal -0 -0.499981 -0.866037
    outer loop
      vertex 0 -6.80986 -13.3651
      vertex -25 -8.16959 -12.5801
      vertex -25 -6.80986 -13.3651
    endloop
  endfacet
  facet normal -0.0350527 -0.668726 -0.742683
    outer loop
      vertex -25 -10.6066 -10.6066
      vertex -25.9867 -9.38809 -11.6572
      vertex -25 -9.43981 -11.6572
    endloop
  endfacet
  facet normal 0 -0.587798 -0.809008
    outer loop
      vertex -25 -9.43981 -11.6572
      vertex 0 -8.16959 -12.5801
      vertex 0 -9.43981 -11.6572
    endloop
  endfacet
  facet normal -0 -0.587798 -0.809008
    outer loop
      vertex 0 -8.16959 -12.5801
      vertex -25 -9.43981 -11.6572
      vertex -25 -8.16959 -12.5801
    endloop
  endfacet
  facet normal 0.0478132 -0.912503 -0.406267
    outer loop
      vertex 26.4638 -13.927 -5.37552
      vertex 25 -14.0037 -5.37552
      vertex 25 -13.3651 -6.80986
    endloop
  endfacet
  facet normal -0.184864 -0.362816 -0.91334
    outer loop
      vertex -27.7698 -6.22111 -13.3651
      vertex -28.4049 -5.89751 -13.3651
      vertex -27.1864 -4.91078 -14.0037
    endloop
  endfacet
  facet normal -0.256241 -0.316459 -0.913342
    outer loop
      vertex -29.0027 -5.50929 -13.3651
      vertex -29.5567 -5.06071 -13.3651
      vertex -28.5969 -3.99479 -14.0037
    endloop
  endfacet
  facet normal -0.497704 -0.766317 0.406262
    outer loop
      vertex -32.8558 -10.8126 6.80986
      vertex -33.2312 -11.3292 5.37552
      vertex -32.0019 -12.1276 5.37552
    endloop
  endfacet
  facet normal -0.615649 -0.760193 0.207565
    outer loop
      vertex -33.5164 -11.7218 3.88229
      vertex -34.695 -10.7673 3.88229
      vertex -33.7082 -11.9858 2.34652
    endloop
  endfacet
  facet normal -0.532699 -0.820431 0.207665
    outer loop
      vertex -32.2444 -12.5477 3.88229
      vertex -33.5164 -11.7218 3.88229
      vertex -32.4077 -12.8304 2.34652
    endloop
  endfacet
  facet normal -0.776933 -0.629583 0
    outer loop
      vertex -36.1319 -10.0232 -0.785039
      vertex -36.1507 -10 0.785039
      vertex -36.1507 -10 -0.785039
    endloop
  endfacet
  facet normal -0.776933 -0.629583 0
    outer loop
      vertex -36.1507 -10 0.785039
      vertex -36.1319 -10.0232 -0.785039
      vertex -36.1319 -10.0232 0.785039
    endloop
  endfacet
  facet normal -0.623611 -0.405002 -0.668643
    outer loop
      vertex -33.5809 -6.2344 -10.6066
      vertex -34.4309 -6.85192 -9.43981
      vertex -34.1856 -5.3033 -10.6066
    endloop
  endfacet
  facet normal -0.902501 -0.142963 -0.406268
    outer loop
      vertex -38.2919 -1.39703 -6.80986
      vertex -38.4234 -2.23925 -6.22137
      vertex -38.5789 -1.4272 -6.16169
    endloop
  endfacet
  facet normal -0.902491 -0.142977 -0.406286
    outer loop
      vertex -38.4234 -2.23925 -6.22137
      vertex -38.2919 -1.39703 -6.80986
      vertex -38.073 -2.77876 -6.80986
    endloop
  endfacet
  facet normal -0.561612 -0.364737 -0.74267
    outer loop
      vertex -33.5809 -6.2344 -10.6066
      vertex -34.1856 -5.3033 -10.6066
      vertex -32.637 -5.54858 -11.6572
    endloop
  endfacet
  facet normal -0.836766 -0.224272 -0.499525
    outer loop
      vertex -36.9643 -3.88745 -8.16959
      vertex -37.711 -4.13004 -6.80986
      vertex -37.3052 -2.61554 -8.16959
    endloop
  endfacet
  facet normal -0.814234 -0.414569 -0.406392
    outer loop
      vertex -37.2028 -5.56699 -6.68993
      vertex -37.2687 -5.46237 -6.66462
      vertex -37.2096 -5.43607 -6.80986
    endloop
  endfacet
  facet normal -0.520403 -0.421425 -0.742685
    outer loop
      vertex -32.8822 -7.0972 -10.6066
      vertex -33.5809 -6.2344 -10.6066
      vertex -32.0151 -6.31646 -11.6572
    endloop
  endfacet
  facet normal -0.545008 -0.673659 -0.499149
    outer loop
      vertex -33.3118 -10 -7.40746
      vertex -32.3944 -10.1775 -8.16959
      vertex -33.5149 -10 -7.1857
    endloop
  endfacet
  facet normal -0.545211 -0.673241 -0.499491
    outer loop
      vertex -32.3944 -10.1775 -8.16959
      vertex -33.3118 -10 -7.40746
      vertex -33.4177 -9.3488 -8.16959
    endloop
  endfacet
  facet normal -0.545218 -0.673239 -0.499487
    outer loop
      vertex -33.7204 -9.68499 -7.38604
      vertex -33.4177 -9.3488 -8.16959
      vertex -33.3118 -10 -7.40746
    endloop
  endfacet
  facet normal -0.32042 -0.493417 -0.808622
    outer loop
      vertex -29.7199 -8.17511 -11.6572
      vertex -30.5486 -7.63696 -11.6572
      vertex -29.0848 -7.07507 -12.5801
    endloop
  endfacet
  facet normal -0.473542 -0.473488 -0.742676
    outer loop
      vertex -32.0972 -7.88224 -10.6066
      vertex -32.0151 -6.31646 -11.6572
      vertex -31.3165 -7.01514 -11.6572
    endloop
  endfacet
  facet normal -0.473519 -0.473495 -0.742685
    outer loop
      vertex -32.0151 -6.31646 -11.6572
      vertex -32.0972 -7.88224 -10.6066
      vertex -32.8822 -7.0972 -10.6066
    endloop
  endfacet
  facet normal -0.520395 -0.421464 -0.742669
    outer loop
      vertex -32.0151 -6.31646 -11.6572
      vertex -33.5809 -6.2344 -10.6066
      vertex -32.637 -5.54858 -11.6572
    endloop
  endfacet
  facet normal -0.493375 -0.320446 -0.808638
    outer loop
      vertex -31.6093 -4.80196 -12.5801
      vertex -32.637 -5.54858 -11.6572
      vertex -32.0751 -4.08479 -12.5801
    endloop
  endfacet
  facet normal 0.625871 -0.77291 -0.104381
    outer loop
      vertex 33.8047 -12.1186 -0.785039
      vertex 33.7185 -12 -2.1801
      vertex 33.9233 -12 -0.952108
    endloop
  endfacet
  facet normal 0.44416 -0.87155 0.20766
    outer loop
      vertex 32.2444 -12.5477 3.88229
      vertex 30.8932 -13.2363 3.88229
      vertex 32.4077 -12.8304 2.34652
    endloop
  endfacet
  facet normal 0.431773 -0.847518 0.308684
    outer loop
      vertex 32.0019 -12.1276 5.37552
      vertex 30.6958 -12.793 5.37552
      vertex 30.8932 -13.2363 3.88229
    endloop
  endfacet
  facet normal 0.13547 -0.85565 0.499511
    outer loop
      vertex 27.6155 -12.3052 8.16959
      vertex 26.315 -12.5111 8.16959
      vertex 26.397 -13.2919 6.80986
    endloop
  endfacet
  facet normal 0.236467 -0.882634 0.406251
    outer loop
      vertex 29.13 -12.711 6.80986
      vertex 27.7788 -13.073 6.80986
      vertex 29.3274 -13.3183 5.37552
    endloop
  endfacet
  facet normal 0.209496 -0.781766 0.587327
    outer loop
      vertex 27.8626 -12 8.48769
      vertex 27.6155 -12.3052 8.16959
      vertex 28.7544 -12 8.16959
    endloop
  endfacet
  facet normal 0.142945 -0.902494 0.406289
    outer loop
      vertex 27.7788 -13.073 6.80986
      vertex 26.4638 -13.927 5.37552
      vertex 27.9115 -13.6977 5.37552
    endloop
  endfacet
  facet normal 0.35641 -0.928481 -0.10438
    outer loop
      vertex 31.0927 -13.6844 -0.785039
      vertex 29.6289 -14.2463 -0.785039
      vertex 31.0259 -13.5345 -2.34652
    endloop
  endfacet
  facet normal 0.518205 -0.797613 -0.308671
    outer loop
      vertex 32.4779 -12 -4.90612
      vertex 32.0019 -12.1276 -5.37552
      vertex 32.1983 -12 -5.37552
    endloop
  endfacet
  facet normal 0.35641 -0.928481 0.10438
    outer loop
      vertex 31.0259 -13.5345 2.34652
      vertex 29.6289 -14.2463 0.785039
      vertex 31.0927 -13.6844 0.785039
    endloop
  endfacet
  facet normal 0.431901 -0.847494 0.308571
    outer loop
      vertex 32.0019 -12.1276 5.37552
      vertex 30.8932 -13.2363 3.88229
      vertex 32.2444 -12.5477 3.88229
    endloop
  endfacet
  facet normal 0 -0.207889 0.978153
    outer loop
      vertex 0 -2.34652 14.8153
      vertex -19.2237 -3.88229 14.4889
      vertex 0 -3.88229 14.4889
    endloop
  endfacet
  facet normal 0 -0.207889 0.978153
    outer loop
      vertex -19.2237 -3.88229 14.4889
      vertex 0 -2.34652 14.8153
      vertex -19.39 -2.34652 14.8153
    endloop
  endfacet
  facet normal 0 -0.309029 0.951053
    outer loop
      vertex 0 -3.88229 14.4889
      vertex -18.9765 -5.37552 14.0037
      vertex 0 -5.37552 14.0037
    endloop
  endfacet
  facet normal 0 -0.309029 0.951053
    outer loop
      vertex -18.9765 -5.37552 14.0037
      vertex 0 -3.88229 14.4889
      vertex -19.2237 -3.88229 14.4889
    endloop
  endfacet
  facet normal -0.337575 -0.66261 0.668574
    outer loop
      vertex -30.8286 -10.0954 9.43981
      vertex -29.9907 -10 9.95743
      vertex -30.7735 -10 9.56218
    endloop
  endfacet
  facet normal -0.337611 -0.662546 0.66862
    outer loop
      vertex -29.9907 -10 9.95743
      vertex -30.8286 -10.0954 9.43981
      vertex -29.7414 -10.6494 9.43981
    endloop
  endfacet
  facet normal -0.337623 -0.662546 0.668614
    outer loop
      vertex -29.4523 -10 10.2293
      vertex -29.9907 -10 9.95743
      vertex -29.7414 -10.6494 9.43981
    endloop
  endfacet
  facet normal 0 -0.104517 0.994523
    outer loop
      vertex 0 -0.785039 14.9794
      vertex -19.39 -2.34652 14.8153
      vertex 0 -2.34652 14.8153
    endloop
  endfacet
  facet normal 0 -0.104517 0.994523
    outer loop
      vertex -19.39 -2.34652 14.8153
      vertex 0 -0.785039 14.9794
      vertex -19.4737 -0.785039 14.9794
    endloop
  endfacet
  facet normal -0.173315 -0.646825 0.742684
    outer loop
      vertex -28.1429 -10 10.7142
      vertex -27.2052 -10.3748 10.6066
      vertex -27.1256 -10 10.9516
    endloop
  endfacet
  facet normal -0.173256 -0.646711 0.742796
    outer loop
      vertex -27.2052 -10.3748 10.6066
      vertex -28.1429 -10 10.7142
      vertex -28.2776 -10.0875 10.6066
    endloop
  endfacet
  facet normal -0.266461 -0.694224 0.668619
    outer loop
      vertex -28.6023 -11.0866 9.43981
      vertex -28.5055 -10 10.6066
      vertex -29.1559 -10 10.3474
    endloop
  endfacet
  facet normal -0.266534 -0.694207 0.668608
    outer loop
      vertex -28.5055 -10 10.6066
      vertex -28.6023 -11.0866 9.43981
      vertex -28.2776 -10.0875 10.6066
    endloop
  endfacet
  facet normal -0.545161 0.673233 -0.499557
    outer loop
      vertex -32.8558 10.8126 -6.80986
      vertex -33.5149 10 -7.1857
      vertex -33.8593 10 -6.80986
    endloop
  endfacet
  facet normal -0.545225 0.673245 -0.49947
    outer loop
      vertex -33.5149 10 -7.1857
      vertex -32.8558 10.8126 -6.80986
      vertex -32.3944 10.1775 -8.16959
    endloop
  endfacet
  facet normal -0.0350527 0.668726 -0.742683
    outer loop
      vertex -25 9.43981 -11.6572
      vertex -25.9867 9.38809 -11.6572
      vertex -25 10.6066 -10.6066
    endloop
  endfacet
  facet normal -0.517997 0.797787 -0.308569
    outer loop
      vertex -32.0019 12.1276 -5.37552
      vertex -33.5164 11.7218 -3.88229
      vertex -32.2444 12.5477 -3.88229
    endloop
  endfacet
  facet normal -0.808781 0.310402 -0.499524
    outer loop
      vertex -36.9643 3.88745 -8.16959
      vertex -37.711 4.13004 -6.80986
      vertex -36.4925 5.11677 -8.16959
    endloop
  endfacet
  facet normal -0.142945 0.902494 -0.406289
    outer loop
      vertex -27.7788 13.073 -6.80986
      vertex -27.9115 13.6977 -5.37552
      vertex -26.4638 13.927 -5.37552
    endloop
  endfacet
  facet normal -0.0478133 0.912503 -0.406267
    outer loop
      vertex -26.397 13.2919 -6.80986
      vertex -26.4638 13.927 -5.37552
      vertex -25 13.3651 -6.80986
    endloop
  endfacet
  facet normal -0.358368 0.93358 0
    outer loop
      vertex -29.6289 14.2463 -0.785039
      vertex -31.0927 13.6844 0.785039
      vertex -29.6289 14.2463 0.785039
    endloop
  endfacet
  facet normal -0.358368 0.93358 0
    outer loop
      vertex -31.0927 13.6844 0.785039
      vertex -29.6289 14.2463 -0.785039
      vertex -31.0927 13.6844 -0.785039
    endloop
  endfacet
  facet normal -0.44416 0.87155 0.20766
    outer loop
      vertex -30.8932 13.2363 3.88229
      vertex -32.4077 12.8304 2.34652
      vertex -32.2444 12.5477 3.88229
    endloop
  endfacet
  facet normal 0 0.913548 -0.406732
    outer loop
      vertex 25 13.3651 -6.80986
      vertex -25 14.0037 -5.37552
      vertex 25 14.0037 -5.37552
    endloop
  endfacet
  facet normal 0 0.913548 -0.406732
    outer loop
      vertex -25 14.0037 -5.37552
      vertex 25 13.3651 -6.80986
      vertex -25 13.3651 -6.80986
    endloop
  endfacet
  facet normal -0.239992 0.62516 -0.742684
    outer loop
      vertex -27.9171 8.97779 -11.6572
      vertex -28.8395 8.62369 -11.6572
      vertex -28.2776 10.0875 -10.6066
    endloop
  endfacet
  facet normal 0.0478132 0.912503 -0.406267
    outer loop
      vertex 26.4638 13.927 -5.37552
      vertex 25 13.3651 -6.80986
      vertex 25 14.0037 -5.37552
    endloop
  endfacet
  facet normal 0.497785 0.766184 -0.406414
    outer loop
      vertex 32.0847 12 -5.51466
      vertex 32.0019 12.1276 -5.37552
      vertex 32.1983 12 -5.37552
    endloop
  endfacet
  facet normal 0.049799 0.949881 -0.308621
    outer loop
      vertex 26.4638 13.927 -5.37552
      vertex 25 14.4889 -3.88229
      vertex 26.5145 14.4095 -3.88229
    endloop
  endfacet
  facet normal 0 0.669137 -0.743139
    outer loop
      vertex -25 9.43981 -11.6572
      vertex 0 10.6066 -10.6066
      vertex 0 9.43981 -11.6572
    endloop
  endfacet
  facet normal 0 0.669137 -0.743139
    outer loop
      vertex 0 10.6066 -10.6066
      vertex -25 9.43981 -11.6572
      vertex -25 10.6066 -10.6066
    endloop
  endfacet
  facet normal 0.532722 0.820433 -0.207599
    outer loop
      vertex 32.2444 12.5477 -3.88229
      vertex 33.2381 12 -3.49686
      vertex 33.0879 12 -3.88229
    endloop
  endfacet
  facet normal 0.532734 0.820408 -0.207665
    outer loop
      vertex 33.2381 12 -3.49686
      vertex 32.2444 12.5477 -3.88229
      vertex 32.4077 12.8304 -2.34652
    endloop
  endfacet
  facet normal 0.431773 0.847518 0.308684
    outer loop
      vertex 30.8932 13.2363 3.88229
      vertex 30.6958 12.793 5.37552
      vertex 32.0019 12.1276 5.37552
    endloop
  endfacet
  facet normal 0.356399 0.928484 0.104392
    outer loop
      vertex 29.6289 14.2463 0.785039
      vertex 29.5782 14.0902 2.34652
      vertex 31.0259 13.5345 2.34652
    endloop
  endfacet
  facet normal 0.518205 0.797613 0.308671
    outer loop
      vertex 32.4779 12 4.90612
      vertex 32.0019 12.1276 5.37552
      vertex 32.1983 12 5.37552
    endloop
  endfacet
  facet normal 0.340805 0.888013 0.308681
    outer loop
      vertex 30.8932 13.2363 3.88229
      vertex 29.4773 13.7797 3.88229
      vertex 30.6958 12.793 5.37552
    endloop
  endfacet
  facet normal 0.625871 0.77291 0.104381
    outer loop
      vertex 33.8047 12.1186 0.785039
      vertex 33.7185 12 2.1801
      vertex 33.9233 12 0.952108
    endloop
  endfacet
  facet normal 0.0423565 0.808314 0.587226
    outer loop
      vertex 26.315 12.5111 8.16959
      vertex 25.5279 12 8.92989
      vertex 26.2613 12 8.87699
    endloop
  endfacet
  facet normal -0.049799 0.949881 0.308621
    outer loop
      vertex -25 14.4889 3.88229
      vertex -26.5145 14.4095 3.88229
      vertex -26.4638 13.927 5.37552
    endloop
  endfacet
  facet normal 0 0.994523 0.104517
    outer loop
      vertex 25 14.9794 0.785039
      vertex -25 14.8153 2.34652
      vertex 25 14.8153 2.34652
    endloop
  endfacet
  facet normal 0 0.994523 0.104517
    outer loop
      vertex -25 14.8153 2.34652
      vertex 25 14.9794 0.785039
      vertex -25 14.9794 0.785039
    endloop
  endfacet
  facet normal 0.393247 0.771915 0.499504
    outer loop
      vertex 30.4361 12.2096 6.80986
      vertex 30.3427 12 7.2073
      vertex 30.5722 12 7.02662
    endloop
  endfacet
  facet normal -0.0512133 0.976858 0.207669
    outer loop
      vertex -25 14.4889 3.88229
      vertex -26.5486 14.7342 2.34652
      vertex -26.5145 14.4095 3.88229
    endloop
  endfacet
  facet normal -0 0.406732 0.913548
    outer loop
      vertex -18.6871 6.80986 13.3651
      vertex 0 5.37552 14.0037
      vertex 0 6.80986 13.3651
    endloop
  endfacet
  facet normal -5.21652e-06 0.406675 0.913573
    outer loop
      vertex -18.7968 6.1676 13.651
      vertex 0 5.37552 14.0037
      vertex -18.6871 6.80986 13.3651
    endloop
  endfacet
  facet normal 0 0.406778 0.913527
    outer loop
      vertex 0 5.37552 14.0037
      vertex -18.7968 6.1676 13.651
      vertex -18.9765 5.37552 14.0037
    endloop
  endfacet
  facet normal -0.140491 -0.275682 -0.950927
    outer loop
      vertex -26.5791 -3.54664 -14.4889
      vertex -27.1864 -4.91078 -14.0037
      vertex -26.9411 -3.36216 -14.4889
    endloop
  endfacet
  facet normal -0.0161956 -0.308988 -0.950928
    outer loop
      vertex -25 -3.88229 -14.4889
      vertex -25.5619 -5.34607 -14.0037
      vertex -25.4058 -3.86102 -14.4889
    endloop
  endfacet
  facet normal -0.0932532 -0.0475086 -0.994508
    outer loop
      vertex -25.6799 -0.392519 -14.9794
      vertex -27.1437 -0.954414 -14.8153
      vertex -25.7172 -0.319304 -14.9794
    endloop
  endfacet
  facet normal -0.130988 -0.161775 -0.978096
    outer loop
      vertex -26.3792 -1.89837 -14.8153
      vertex -27.5978 -2.8851 -14.4889
      vertex -26.5701 -1.7438 -14.8153
    endloop
  endfacet
  facet normal -0.185499 -0.0944733 -0.978093
    outer loop
      vertex -28.3622 -1.94114 -14.4889
      vertex -28.5466 -1.57907 -14.4889
      vertex -27.1437 -0.954414 -14.8153
    endloop
  endfacet
  facet normal -0.25948 -0.168566 -0.950924
    outer loop
      vertex -28.1408 -2.28195 -14.4889
      vertex -29.6553 -2.68776 -14.0037
      vertex -28.3622 -1.94114 -14.4889
    endloop
  endfacet
  facet normal 0 -0.207889 -0.978153
    outer loop
      vertex -25 -3.88229 -14.4889
      vertex 0 -2.34652 -14.8153
      vertex 0 -3.88229 -14.4889
    endloop
  endfacet
  facet normal -0 -0.207889 -0.978153
    outer loop
      vertex 0 -2.34652 -14.8153
      vertex -25 -3.88229 -14.4889
      vertex -25 -2.34652 -14.8153
    endloop
  endfacet
  facet normal -0.0813407 -0.0658532 -0.994508
    outer loop
      vertex -25.5834 -0.525293 -14.9794
      vertex -26.8984 -1.37925 -14.8153
      vertex -25.6351 -0.461434 -14.9794
    endloop
  endfacet
  facet normal -0.0108958 -0.207876 -0.978095
    outer loop
      vertex -25 -3.88229 -14.4889
      vertex -25.4058 -3.86102 -14.4889
      vertex -25.2453 -2.33366 -14.8153
    endloop
  endfacet
  facet normal -0.364705 0.561611 -0.742686
    outer loop
      vertex -29.7199 8.17511 -11.6572
      vertex -30.5486 7.63696 -11.6572
      vertex -30.3033 9.18559 -10.6066
    endloop
  endfacet
  facet normal -0.010898 0.207876 -0.978094
    outer loop
      vertex -25 2.34652 -14.8153
      vertex -25.2453 2.33366 -14.8153
      vertex -25 3.88229 -14.4889
    endloop
  endfacet
  facet normal -0.781805 -0.209541 -0.587259
    outer loop
      vertex -36.9643 -3.88745 -8.16959
      vertex -37.3052 -2.61554 -8.16959
      vertex -36.0866 -3.60227 -9.43981
    endloop
  endfacet
  facet normal -0.661394 -0.104769 -0.742685
    outer loop
      vertex -35.3748 -2.20524 -10.6066
      vertex -35.5485 -1.10869 -10.6066
      vertex -34.2335 -1.96265 -11.6572
    endloop
  endfacet
  facet normal -0.532797 0.820392 0.207566
    outer loop
      vertex -32.4077 12.8304 2.34652
      vertex -33.7082 11.9858 2.34652
      vertex -33.5164 11.7218 3.88229
    endloop
  endfacet
  facet normal -0.393376 0.771882 0.499453
    outer loop
      vertex -30.4361 12.2096 6.80986
      vertex -31.29 10.8946 8.16959
      vertex -30.1168 11.4925 8.16959
    endloop
  endfacet
  facet normal 0.148771 -0.939479 0.30862
    outer loop
      vertex 28.0124 -14.1723 3.88229
      vertex 26.4638 -13.927 5.37552
      vertex 26.5145 -14.4095 3.88229
    endloop
  endfacet
  facet normal 0.049799 -0.949881 0.308621
    outer loop
      vertex 26.4638 -13.927 5.37552
      vertex 25 -14.4889 3.88229
      vertex 26.5145 -14.4095 3.88229
    endloop
  endfacet
  facet normal -0.13547 -0.85565 0.499511
    outer loop
      vertex -26.315 -12.5111 8.16959
      vertex -27.6155 -12.3052 8.16959
      vertex -26.397 -13.2919 6.80986
    endloop
  endfacet
  facet normal -0.135552 -0.855671 0.499452
    outer loop
      vertex -27.6155 -12.3052 8.16959
      vertex -27.7788 -13.073 6.80986
      vertex -26.397 -13.2919 6.80986
    endloop
  endfacet
  facet normal -0.451528 -0.886127 -0.104409
    outer loop
      vertex -31.0259 -13.5345 -2.34652
      vertex -32.4897 -12.9726 -0.785039
      vertex -32.4077 -12.8304 -2.34652
    endloop
  endfacet
  facet normal -0.153027 -0.966162 0.207639
    outer loop
      vertex -28.0124 -14.1723 3.88229
      vertex -28.0803 -14.4916 2.34652
      vertex -26.5486 -14.7342 2.34652
    endloop
  endfacet
  facet normal -0.51808 -0.79769 0.30868
    outer loop
      vertex -33.2312 -11.3292 5.37552
      vertex -33.5164 -11.7218 3.88229
      vertex -32.0019 -12.1276 5.37552
    endloop
  endfacet
  facet normal -0.236467 -0.882634 0.406251
    outer loop
      vertex -29.13 -12.711 6.80986
      vertex -29.3274 -13.3183 5.37552
      vertex -27.7788 -13.073 6.80986
    endloop
  endfacet
  facet normal -0.444118 -0.871583 0.20761
    outer loop
      vertex -30.8932 -13.2363 3.88229
      vertex -32.4077 -12.8304 2.34652
      vertex -31.0259 -13.5345 2.34652
    endloop
  endfacet
  facet normal -0.532699 -0.820431 -0.207665
    outer loop
      vertex -32.4077 -12.8304 -2.34652
      vertex -33.5164 -11.7218 -3.88229
      vertex -32.2444 -12.5477 -3.88229
    endloop
  endfacet
  facet normal -0.431901 -0.847494 -0.308571
    outer loop
      vertex -30.8932 -13.2363 -3.88229
      vertex -32.2444 -12.5477 -3.88229
      vertex -32.0019 -12.1276 -5.37552
    endloop
  endfacet
  facet normal 0.629213 -0.777233 0
    outer loop
      vertex 33.8047 -12.1186 -0.785039
      vertex 33.9512 -12 0.785039
      vertex 33.8047 -12.1186 0.785039
    endloop
  endfacet
  facet normal 0.629213 -0.777233 0
    outer loop
      vertex 33.9512 -12 0.785039
      vertex 33.8047 -12.1186 -0.785039
      vertex 33.9512 -12 -0.785039
    endloop
  endfacet
  facet normal 0.0520126 -0.993177 0.104375
    outer loop
      vertex 25 -14.8153 2.34652
      vertex 25 -14.9794 0.785039
      vertex 26.5486 -14.7342 2.34652
    endloop
  endfacet
  facet normal 0.155582 -0.982293 -0.104379
    outer loop
      vertex 26.5658 -14.8974 -0.785039
      vertex 26.5486 -14.7342 -2.34652
      vertex 28.0803 -14.4916 -2.34652
    endloop
  endfacet
  facet normal 0.155596 -0.982292 -0.104365
    outer loop
      vertex 28.1144 -14.6521 -0.785039
      vertex 26.5658 -14.8974 -0.785039
      vertex 28.0803 -14.4916 -2.34652
    endloop
  endfacet
  facet normal 0.049799 -0.949881 -0.308621
    outer loop
      vertex 26.5145 -14.4095 -3.88229
      vertex 25 -14.4889 -3.88229
      vertex 26.4638 -13.927 -5.37552
    endloop
  endfacet
  facet normal -0.148771 -0.939479 -0.30862
    outer loop
      vertex -26.5145 -14.4095 -3.88229
      vertex -28.0124 -14.1723 -3.88229
      vertex -26.4638 -13.927 -5.37552
    endloop
  endfacet
  facet normal 0.497805 -0.766179 -0.406398
    outer loop
      vertex 32.0019 -12.1276 -5.37552
      vertex 31.9282 -12 -5.70636
      vertex 32.0847 -12 -5.51466
    endloop
  endfacet
  facet normal 0.153027 -0.966162 -0.207639
    outer loop
      vertex 28.0803 -14.4916 -2.34652
      vertex 26.5486 -14.7342 -2.34652
      vertex 28.0124 -14.1723 -3.88229
    endloop
  endfacet
  facet normal -0.0213146 -0.40664 -0.91334
    outer loop
      vertex -25 -6.80986 -13.3651
      vertex -25.7118 -6.77255 -13.3651
      vertex -25.5619 -5.34607 -14.0037
    endloop
  endfacet
  facet normal -0.467965 -0.577889 -0.66862
    outer loop
      vertex -31.8519 -9.43086 -9.43981
      vertex -32.0972 -7.88224 -10.6066
      vertex -31.2344 -8.58092 -10.6066
    endloop
  endfacet
  facet normal -0.236467 -0.882634 -0.406251
    outer loop
      vertex -27.7788 -13.073 -6.80986
      vertex -29.3274 -13.3183 -5.37552
      vertex -29.13 -12.711 -6.80986
    endloop
  endfacet
  facet normal -0.142971 -0.902499 -0.406269
    outer loop
      vertex -26.4638 -13.927 -5.37552
      vertex -27.7788 -13.073 -6.80986
      vertex -26.397 -13.2919 -6.80986
    endloop
  endfacet
  facet normal -0.224259 -0.836776 -0.499513
    outer loop
      vertex -27.6155 -12.3052 -8.16959
      vertex -29.13 -12.711 -6.80986
      vertex -28.8875 -11.9643 -8.16959
    endloop
  endfacet
  facet normal -0.415991 -0.416012 -0.808632
    outer loop
      vertex -31.3165 -7.01514 -11.6572
      vertex -31.0712 -5.46652 -12.5801
      vertex -30.4665 -6.07119 -12.5801
    endloop
  endfacet
  facet normal -0.416041 -0.415994 -0.808615
    outer loop
      vertex -31.0712 -5.46652 -12.5801
      vertex -31.3165 -7.01514 -11.6572
      vertex -32.0151 -6.31646 -11.6572
    endloop
  endfacet
  facet normal -0.310409 -0.808788 0.499508
    outer loop
      vertex -28.8875 -11.9643 8.16959
      vertex -30.1168 -11.4925 8.16959
      vertex -29.13 -12.711 6.80986
    endloop
  endfacet
  facet normal -0.471808 -0.726568 0.499495
    outer loop
      vertex -31.29 -10.8946 8.16959
      vertex -32.8558 -10.8126 6.80986
      vertex -31.6825 -11.5745 6.80986
    endloop
  endfacet
  facet normal -0.258814 -0.965927 0
    outer loop
      vertex -29.6289 -14.2463 -0.785039
      vertex -28.1144 -14.6521 0.785039
      vertex -29.6289 -14.2463 0.785039
    endloop
  endfacet
  facet normal -0.258814 -0.965927 -0
    outer loop
      vertex -28.1144 -14.6521 0.785039
      vertex -29.6289 -14.2463 -0.785039
      vertex -28.1144 -14.6521 -0.785039
    endloop
  endfacet
  facet normal -0.575028 -0.710119 0.406293
    outer loop
      vertex -33.2312 -11.3292 5.37552
      vertex -34.004 -10 6.60495
      vertex -34.3703 -10.4068 5.37552
    endloop
  endfacet
  facet normal -0.575282 -0.710048 0.406057
    outer loop
      vertex -34.004 -10 6.60495
      vertex -33.2312 -11.3292 5.37552
      vertex -33.9085 -10 6.74025
    endloop
  endfacet
  facet normal -0.356399 -0.928484 0.104392
    outer loop
      vertex -29.5782 -14.0902 2.34652
      vertex -31.0259 -13.5345 2.34652
      vertex -29.6289 -14.2463 0.785039
    endloop
  endfacet
  facet normal -0.51808 -0.79769 -0.30868
    outer loop
      vertex -32.0019 -12.1276 -5.37552
      vertex -33.5164 -11.7218 -3.88229
      vertex -33.2312 -11.3292 -5.37552
    endloop
  endfacet
  facet normal -0.707107 -0.707107 0
    outer loop
      vertex -36.1319 -10.0232 -0.785039
      vertex -35.0232 -11.1319 0.785039
      vertex -36.1319 -10.0232 0.785039
    endloop
  endfacet
  facet normal -0.707107 -0.707107 -0
    outer loop
      vertex -35.0232 -11.1319 0.785039
      vertex -36.1319 -10.0232 -0.785039
      vertex -35.0232 -11.1319 -0.785039
    endloop
  endfacet
  facet normal -0.772683 -0.626139 -0.104454
    outer loop
      vertex -36.1319 -10.0232 -0.785039
      vertex -36.1507 -10 -0.785039
      vertex -36.1061 -10 -1.11496
    endloop
  endfacet
  facet normal -0.103367 0.0164047 -0.994508
    outer loop
      vertex -25.7679 0.163218 -14.9794
      vertex -27.3337 0.245277 -14.8153
      vertex -27.2952 0.487868 -14.8153
    endloop
  endfacet
  facet normal -0.0800823 0.298872 -0.950927
    outer loop
      vertex -25.8072 3.79745 -14.4889
      vertex -26.6611 5.11242 -14.0037
      vertex -26.1176 5.25805 -14.0037
    endloop
  endfacet
  facet normal -0.673131 -0.545347 -0.499491
    outer loop
      vertex -35.1775 -7.39437 -8.16959
      vertex -35.6187 -7.8091 -7.12221
      vertex -35.6736 -7.7548 -7.10751
    endloop
  endfacet
  facet normal -0.673273 -0.545178 -0.499484
    outer loop
      vertex -35.6187 -7.8091 -7.12221
      vertex -35.1775 -7.39437 -8.16959
      vertex -35.0061 -8.47674 -7.21924
    endloop
  endfacet
  facet normal -0.694221 -0.266511 -0.668603
    outer loop
      vertex -34.6896 -4.31409 -10.6066
      vertex -36.0866 -3.60227 -9.43981
      vertex -35.0875 -3.27762 -10.6066
    endloop
  endfacet
  facet normal -0.912517 0.0477402 -0.406244
    outer loop
      vertex -38.3651 0 -6.80986
      vertex -38.674 0 -6.116
      vertex -38.6277 0.683994 -6.13962
    endloop
  endfacet
  facet normal -0.781807 0.209548 -0.587255
    outer loop
      vertex -36.4025 2.42367 -9.43981
      vertex -37.3052 2.61554 -8.16959
      vertex -36.0866 3.60227 -9.43981
    endloop
  endfacet
  facet normal 0 0.406732 -0.913548
    outer loop
      vertex -25 5.37552 -14.0037
      vertex 0 6.80986 -13.3651
      vertex 0 5.37552 -14.0037
    endloop
  endfacet
  facet normal 0 0.406732 -0.913548
    outer loop
      vertex 0 6.80986 -13.3651
      vertex -25 5.37552 -14.0037
      vertex -25 6.80986 -13.3651
    endloop
  endfacet
  facet normal -0.483449 -0.129585 -0.865728
    outer loop
      vertex -32.7697 -2.52454 -12.5801
      vertex -32.9911 -1.69855 -12.5801
      vertex -31.4766 -2.10436 -13.3651
    endloop
  endfacet
  facet normal -0.275702 -0.140413 -0.950932
    outer loop
      vertex -28.3622 -1.94114 -14.4889
      vertex -29.9108 -2.18642 -14.0037
      vertex -28.5466 -1.57907 -14.4889
    endloop
  endfacet
  facet normal -0.577868 -0.467961 -0.668641
    outer loop
      vertex -32.8822 -7.0972 -10.6066
      vertex -34.4309 -6.85192 -9.43981
      vertex -33.5809 -6.2344 -10.6066
    endloop
  endfacet
  facet normal -0.771895 -0.393278 -0.49951
    outer loop
      vertex -35.8946 -6.29003 -8.16959
      vertex -36.7844 -6.27062 -6.80986
      vertex -37.2096 -5.43607 -6.80986
    endloop
  endfacet
  facet normal -0.771865 -0.393365 -0.499489
    outer loop
      vertex -36.7844 -6.27062 -6.80986
      vertex -35.8946 -6.29003 -8.16959
      vertex -36.542 -6.6638 -6.8748
    endloop
  endfacet
  facet normal -0.545161 -0.673233 -0.499557
    outer loop
      vertex -33.5149 -10 -7.1857
      vertex -32.8558 -10.8126 -6.80986
      vertex -33.8593 -10 -6.80986
    endloop
  endfacet
  facet normal -0.545225 -0.673245 -0.49947
    outer loop
      vertex -32.8558 -10.8126 -6.80986
      vertex -33.5149 -10 -7.1857
      vertex -32.3944 -10.1775 -8.16959
    endloop
  endfacet
  facet normal -0.471789 -0.726598 -0.499471
    outer loop
      vertex -31.29 -10.8946 -8.16959
      vertex -32.8558 -10.8126 -6.80986
      vertex -32.3944 -10.1775 -8.16959
    endloop
  endfacet
  facet normal -0.227223 -0.445935 -0.865743
    outer loop
      vertex -28.3229 -7.46329 -12.5801
      vertex -29.0848 -7.07507 -12.5801
      vertex -27.7698 -6.22111 -13.3651
    endloop
  endfacet
  facet normal -0.414792 -0.814186 -0.406262
    outer loop
      vertex -30.6958 -12.793 -5.37552
      vertex -32.0019 -12.1276 -5.37552
      vertex -30.4361 -12.2096 -6.80986
    endloop
  endfacet
  facet normal -0.210847 -0.549237 -0.80863
    outer loop
      vertex -27.9171 -8.97779 -11.6572
      vertex -28.8395 -8.62369 -11.6572
      vertex -27.5245 -7.76974 -12.5801
    endloop
  endfacet
  facet normal -0.0782925 -0.494331 -0.865741
    outer loop
      vertex -25.7118 -6.77255 -13.3651
      vertex -26.6986 -7.99106 -12.5801
      vertex -26.4158 -6.66105 -13.3651
    endloop
  endfacet
  facet normal -0.239985 -0.625159 -0.742687
    outer loop
      vertex -28.2776 -10.0875 -10.6066
      vertex -29.3141 -9.68961 -10.6066
      vertex -28.8395 -8.62369 -11.6572
    endloop
  endfacet
  facet normal -0.104774 -0.661399 -0.74268
    outer loop
      vertex -26.1087 -10.5485 -10.6066
      vertex -27.2052 -10.3748 -10.6066
      vertex -26.9626 -9.23352 -11.6572
    endloop
  endfacet
  facet normal -0.337583 -0.662546 -0.668633
    outer loop
      vertex -29.7414 -10.6494 -9.43981
      vertex -30.3033 -9.18559 -10.6066
      vertex -29.3141 -9.68961 -10.6066
    endloop
  endfacet
  facet normal -0.388979 -0.314959 -0.865734
    outer loop
      vertex -31.0712 -5.46652 -12.5801
      vertex -31.6093 -4.80196 -12.5801
      vertex -30.5093 -4.00273 -13.3651
    endloop
  endfacet
  facet normal -0.726571 -0.471797 -0.499502
    outer loop
      vertex -35.1775 -7.39437 -8.16959
      vertex -35.8281 -7.56072 -7.06611
      vertex -35.8946 -6.29003 -8.16959
    endloop
  endfacet
  facet normal -0.726552 -0.471832 -0.499496
    outer loop
      vertex -35.8281 -7.56072 -7.06611
      vertex -35.1775 -7.39437 -8.16959
      vertex -35.6736 -7.7548 -7.10751
    endloop
  endfacet
  facet normal -0.678842 -0.440807 -0.58725
    outer loop
      vertex -34.4309 -6.85192 -9.43981
      vertex -35.8946 -6.29003 -8.16959
      vertex -35.0954 -5.82859 -9.43981
    endloop
  endfacet
  facet normal -0.524208 -0.267108 -0.808616
    outer loop
      vertex -33.1751 -4.7199 -11.6572
      vertex -33.6237 -3.83951 -11.6572
      vertex -32.0751 -4.08479 -12.5801
    endloop
  endfacet
  facet normal -0.596643 -0.304018 -0.742691
    outer loop
      vertex -33.1751 -4.7199 -11.6572
      vertex -34.1856 -5.3033 -10.6066
      vertex -33.6237 -3.83951 -11.6572
    endloop
  endfacet
  facet normal 0.497785 -0.766184 0.406414
    outer loop
      vertex 32.0847 -12 5.51466
      vertex 32.0019 -12.1276 5.37552
      vertex 32.1983 -12 5.37552
    endloop
  endfacet
  facet normal 0.541815 -0.834013 0.10421
    outer loop
      vertex 32.4897 -12.9726 0.785039
      vertex 33.7185 -12 2.1801
      vertex 33.6908 -12 2.32412
    endloop
  endfacet
  facet normal 0.541677 -0.834081 0.104379
    outer loop
      vertex 33.7185 -12 2.1801
      vertex 32.4897 -12.9726 0.785039
      vertex 33.8047 -12.1186 0.785039
    endloop
  endfacet
  facet normal 0.625871 -0.77291 0.104381
    outer loop
      vertex 33.9233 -12 0.952108
      vertex 33.7185 -12 2.1801
      vertex 33.8047 -12.1186 0.785039
    endloop
  endfacet
  facet normal 0.414792 -0.814186 0.406262
    outer loop
      vertex 32.0019 -12.1276 5.37552
      vertex 30.4361 -12.2096 6.80986
      vertex 30.6958 -12.793 5.37552
    endloop
  endfacet
  facet normal 0.414812 -0.814186 0.406241
    outer loop
      vertex 30.4361 -12.2096 6.80986
      vertex 31.9282 -12 5.70636
      vertex 30.8475 -12 6.80986
    endloop
  endfacet
  facet normal 0.41491 -0.814058 0.406398
    outer loop
      vertex 31.9282 -12 5.70636
      vertex 30.4361 -12.2096 6.80986
      vertex 32.0019 -12.1276 5.37552
    endloop
  endfacet
  facet normal 0.246233 -0.918764 0.308612
    outer loop
      vertex 29.3274 -13.3183 5.37552
      vertex 28.0124 -14.1723 3.88229
      vertex 29.4773 -13.7797 3.88229
    endloop
  endfacet
  facet normal 0.451507 -0.886141 0.104384
    outer loop
      vertex 32.4897 -12.9726 0.785039
      vertex 31.0259 -13.5345 2.34652
      vertex 31.0927 -13.6844 0.785039
    endloop
  endfacet
  facet normal 0.0423638 -0.80827 0.587286
    outer loop
      vertex 25 -12.5801 8.16959
      vertex 25.5279 -12 8.92989
      vertex 25 -12 8.96797
    endloop
  endfacet
  facet normal 0.0424119 -0.808284 0.587263
    outer loop
      vertex 25.5279 -12 8.92989
      vertex 25 -12.5801 8.16959
      vertex 26.315 -12.5111 8.16959
    endloop
  endfacet
  facet normal 0.0423565 -0.808314 0.587226
    outer loop
      vertex 26.2613 -12 8.87699
      vertex 25.5279 -12 8.92989
      vertex 26.315 -12.5111 8.16959
    endloop
  endfacet
  facet normal 0.541677 -0.834081 -0.104379
    outer loop
      vertex 32.4897 -12.9726 -0.785039
      vertex 33.7185 -12 -2.1801
      vertex 33.8047 -12.1186 -0.785039
    endloop
  endfacet
  facet normal 0.541815 -0.834013 -0.10421
    outer loop
      vertex 33.7185 -12 -2.1801
      vertex 32.4897 -12.9726 -0.785039
      vertex 33.6908 -12 -2.32412
    endloop
  endfacet
  facet normal 0.393274 -0.771913 -0.499485
    outer loop
      vertex 30.8475 -12 -6.80986
      vertex 30.4361 -12.2096 -6.80986
      vertex 30.5722 -12 -7.02662
    endloop
  endfacet
  facet normal 0.142945 -0.902494 -0.406289
    outer loop
      vertex 27.9115 -13.6977 -5.37552
      vertex 26.4638 -13.927 -5.37552
      vertex 27.7788 -13.073 -6.80986
    endloop
  endfacet
  facet normal -0 0.309029 0.951053
    outer loop
      vertex -18.9765 5.37552 14.0037
      vertex 0 3.88229 14.4889
      vertex 0 5.37552 14.0037
    endloop
  endfacet
  facet normal 0 0.309029 0.951053
    outer loop
      vertex 0 3.88229 14.4889
      vertex -18.9765 5.37552 14.0037
      vertex -19.2237 3.88229 14.4889
    endloop
  endfacet
  facet normal -0.116341 -0.734415 0.668654
    outer loop
      vertex -27.2052 -10.3748 10.6066
      vertex -27.4237 -11.4025 9.43981
      vertex -26.1087 -10.5485 10.6066
    endloop
  endfacet
  facet normal -0.104766 -0.661389 0.74269
    outer loop
      vertex -27.2052 -10.3748 10.6066
      vertex -26.4649 -10 11.0448
      vertex -27.1256 -10 10.9516
    endloop
  endfacet
  facet normal -0.104772 -0.661383 0.742695
    outer loop
      vertex -26.4649 -10 11.0448
      vertex -27.2052 -10.3748 10.6066
      vertex -26.1087 -10.5485 10.6066
    endloop
  endfacet
  facet normal 0.393247 0.771915 -0.499504
    outer loop
      vertex 30.5722 12 -7.02662
      vertex 30.3427 12 -7.2073
      vertex 30.4361 12.2096 -6.80986
    endloop
  endfacet
  facet normal -0.421416 0.520417 -0.742681
    outer loop
      vertex -30.5486 7.63696 -11.6572
      vertex -31.3165 7.01514 -11.6572
      vertex -31.2344 8.58092 -10.6066
    endloop
  endfacet
  facet normal -0.116276 0.734462 -0.668615
    outer loop
      vertex -26.1087 10.5485 -10.6066
      vertex -27.4237 11.4025 -9.43981
      vertex -26.2185 11.5933 -9.43981
    endloop
  endfacet
  facet normal -0.209527 0.781808 -0.58726
    outer loop
      vertex -28.6023 11.0866 -9.43981
      vertex -28.8875 11.9643 -8.16959
      vertex -27.6155 12.3052 -8.16959
    endloop
  endfacet
  facet normal -0.57503 0.710133 -0.406264
    outer loop
      vertex -32.8558 10.8126 -6.80986
      vertex -33.9085 10 -6.74025
      vertex -33.2312 11.3292 -5.37552
    endloop
  endfacet
  facet normal -0.574998 0.710079 -0.406406
    outer loop
      vertex -33.9085 10 -6.74025
      vertex -32.8558 10.8126 -6.80986
      vertex -33.8593 10 -6.80986
    endloop
  endfacet
  facet normal -0.257428 0.960642 -0.104393
    outer loop
      vertex -29.5782 14.0902 -2.34652
      vertex -29.6289 14.2463 -0.785039
      vertex -28.0803 14.4916 -2.34652
    endloop
  endfacet
  facet normal 0 1 -0
    outer loop
      vertex 25 14.9794 -0.785039
      vertex -25 14.9794 0.785039
      vertex 25 14.9794 0.785039
    endloop
  endfacet
  facet normal 0 1 0
    outer loop
      vertex -25 14.9794 0.785039
      vertex 25 14.9794 -0.785039
      vertex -25 14.9794 -0.785039
    endloop
  endfacet
  facet normal 0.126569 0.799431 -0.587274
    outer loop
      vertex 27.0166 12 -8.71412
      vertex 26.315 12.5111 -8.16959
      vertex 27.6155 12.3052 -8.16959
    endloop
  endfacet
  facet normal 0.126627 0.799458 -0.587225
    outer loop
      vertex 26.315 12.5111 -8.16959
      vertex 27.0166 12 -8.71412
      vertex 26.2613 12 -8.87699
    endloop
  endfacet
  facet normal -0.0520121 0.993177 -0.104376
    outer loop
      vertex -26.5486 14.7342 -2.34652
      vertex -26.5658 14.8974 -0.785039
      vertex -25 14.9794 -0.785039
    endloop
  endfacet
  facet normal -0.253201 0.944867 -0.207641
    outer loop
      vertex -28.0124 14.1723 -3.88229
      vertex -29.5782 14.0902 -2.34652
      vertex -28.0803 14.4916 -2.34652
    endloop
  endfacet
  facet normal -0.258814 0.965927 0
    outer loop
      vertex -28.1144 14.6521 -0.785039
      vertex -29.6289 14.2463 0.785039
      vertex -28.1144 14.6521 0.785039
    endloop
  endfacet
  facet normal -0.258814 0.965927 0
    outer loop
      vertex -29.6289 14.2463 0.785039
      vertex -28.1144 14.6521 -0.785039
      vertex -29.6289 14.2463 -0.785039
    endloop
  endfacet
  facet normal -0.2574 0.960653 0.104364
    outer loop
      vertex -28.1144 14.6521 0.785039
      vertex -29.6289 14.2463 0.785039
      vertex -28.0803 14.4916 2.34652
    endloop
  endfacet
  facet normal -0.246233 0.918764 0.308612
    outer loop
      vertex -28.0124 14.1723 3.88229
      vertex -29.4773 13.7797 3.88229
      vertex -29.3274 13.3183 5.37552
    endloop
  endfacet
  facet normal -0.0424116 0.80828 -0.587269
    outer loop
      vertex -25 11.6572 -9.43981
      vertex -26.315 12.5111 -8.16959
      vertex -25 12.5801 -8.16959
    endloop
  endfacet
  facet normal -0.126571 0.799444 -0.587256
    outer loop
      vertex -26.2185 11.5933 -9.43981
      vertex -27.6155 12.3052 -8.16959
      vertex -26.315 12.5111 -8.16959
    endloop
  endfacet
  facet normal -0.0453939 0.865116 -0.499514
    outer loop
      vertex -26.315 12.5111 -8.16959
      vertex -26.397 13.2919 -6.80986
      vertex -25 12.5801 -8.16959
    endloop
  endfacet
  facet normal -0.049799 0.949881 -0.308621
    outer loop
      vertex -26.4638 13.927 -5.37552
      vertex -26.5145 14.4095 -3.88229
      vertex -25 14.4889 -3.88229
    endloop
  endfacet
  facet normal -0.451528 0.886127 0.104409
    outer loop
      vertex -31.0259 13.5345 2.34652
      vertex -32.4897 12.9726 0.785039
      vertex -32.4077 12.8304 2.34652
    endloop
  endfacet
  facet normal -0.532699 0.820431 0.207665
    outer loop
      vertex -32.4077 12.8304 2.34652
      vertex -33.5164 11.7218 3.88229
      vertex -32.2444 12.5477 3.88229
    endloop
  endfacet
  facet normal -0.598589 0.739216 0.308626
    outer loop
      vertex -33.2312 11.3292 5.37552
      vertex -34.695 10.7673 3.88229
      vertex -34.3703 10.4068 5.37552
    endloop
  endfacet
  facet normal 0.148801 0.939465 -0.308649
    outer loop
      vertex 27.9115 13.6977 -5.37552
      vertex 26.4638 13.927 -5.37552
      vertex 28.0124 14.1723 -3.88229
    endloop
  endfacet
  facet normal 0.224194 0.836827 -0.499457
    outer loop
      vertex 29.13 12.711 -6.80986
      vertex 27.6155 12.3052 -8.16959
      vertex 27.7788 13.073 -6.80986
    endloop
  endfacet
  facet normal 0.518205 0.797613 -0.308671
    outer loop
      vertex 32.1983 12 -5.37552
      vertex 32.0019 12.1276 -5.37552
      vertex 32.4779 12 -4.90612
    endloop
  endfacet
  facet normal 0.393274 0.771913 -0.499485
    outer loop
      vertex 30.5722 12 -7.02662
      vertex 30.4361 12.2096 -6.80986
      vertex 30.8475 12 -6.80986
    endloop
  endfacet
  facet normal 0.518001 0.797762 -0.308626
    outer loop
      vertex 32.4779 12 -4.90612
      vertex 32.2444 12.5477 -3.88229
      vertex 33.0879 12 -3.88229
    endloop
  endfacet
  facet normal 0.518127 0.797704 -0.308567
    outer loop
      vertex 32.2444 12.5477 -3.88229
      vertex 32.4779 12 -4.90612
      vertex 32.0019 12.1276 -5.37552
    endloop
  endfacet
  facet normal 0.431773 0.847518 -0.308684
    outer loop
      vertex 32.0019 12.1276 -5.37552
      vertex 30.6958 12.793 -5.37552
      vertex 30.8932 13.2363 -3.88229
    endloop
  endfacet
  facet normal 0.532771 0.820394 -0.207627
    outer loop
      vertex 33.2381 12 -3.49686
      vertex 32.4077 12.8304 -2.34652
      vertex 33.6864 12 -2.34652
    endloop
  endfacet
  facet normal 0.451507 0.886141 0.104384
    outer loop
      vertex 31.0927 13.6844 0.785039
      vertex 31.0259 13.5345 2.34652
      vertex 32.4897 12.9726 0.785039
    endloop
  endfacet
  facet normal 0.625768 0.772977 0.104501
    outer loop
      vertex 33.9512 12 0.785039
      vertex 33.8047 12.1186 0.785039
      vertex 33.9233 12 0.952108
    endloop
  endfacet
  facet normal 0.544652 0.838662 -0
    outer loop
      vertex 33.8047 12.1186 -0.785039
      vertex 32.4897 12.9726 0.785039
      vertex 33.8047 12.1186 0.785039
    endloop
  endfacet
  facet normal 0.544652 0.838662 0
    outer loop
      vertex 32.4897 12.9726 0.785039
      vertex 33.8047 12.1186 -0.785039
      vertex 32.4897 12.9726 -0.785039
    endloop
  endfacet
  facet normal 0.327481 0.853057 0.406264
    outer loop
      vertex 30.6958 12.793 5.37552
      vertex 29.13 12.711 6.80986
      vertex 30.4361 12.2096 6.80986
    endloop
  endfacet
  facet normal -0.152996 0.966161 0.207668
    outer loop
      vertex -26.5486 14.7342 2.34652
      vertex -28.0124 14.1723 3.88229
      vertex -26.5145 14.4095 3.88229
    endloop
  endfacet
  facet normal 0.257428 0.960642 0.104393
    outer loop
      vertex 29.6289 14.2463 0.785039
      vertex 28.0803 14.4916 2.34652
      vertex 29.5782 14.0902 2.34652
    endloop
  endfacet
  facet normal 0.414812 0.814186 0.406241
    outer loop
      vertex 31.9282 12 5.70636
      vertex 30.4361 12.2096 6.80986
      vertex 30.8475 12 6.80986
    endloop
  endfacet
  facet normal 0.41491 0.814058 0.406398
    outer loop
      vertex 30.4361 12.2096 6.80986
      vertex 31.9282 12 5.70636
      vertex 32.0019 12.1276 5.37552
    endloop
  endfacet
  facet normal 0.393274 0.771913 0.499485
    outer loop
      vertex 30.8475 12 6.80986
      vertex 30.4361 12.2096 6.80986
      vertex 30.5722 12 7.02662
    endloop
  endfacet
  facet normal 0.31048 0.808772 0.49949
    outer loop
      vertex 29.13 12.711 6.80986
      vertex 30.3427 12 7.2073
      vertex 30.4361 12.2096 6.80986
    endloop
  endfacet
  facet normal 0.31049 0.808779 0.499473
    outer loop
      vertex 30.3427 12 7.2073
      vertex 29.13 12.711 6.80986
      vertex 29.7058 12 7.60322
    endloop
  endfacet
  facet normal 0.224329 0.836761 0.499507
    outer loop
      vertex 29.13 12.711 6.80986
      vertex 28.7544 12 8.16959
      vertex 28.899 12 8.10465
    endloop
  endfacet
  facet normal 0.224241 0.83679 0.499498
    outer loop
      vertex 28.7544 12 8.16959
      vertex 29.13 12.711 6.80986
      vertex 27.6155 12.3052 8.16959
    endloop
  endfacet
  facet normal -0.310409 0.808788 0.499508
    outer loop
      vertex -29.13 12.711 6.80986
      vertex -30.1168 11.4925 8.16959
      vertex -28.8875 11.9643 8.16959
    endloop
  endfacet
  facet normal -0.0389425 0.742589 0.668614
    outer loop
      vertex -25 11.6572 9.43981
      vertex -26.2185 11.5933 9.43981
      vertex -26.1087 10.5485 10.6066
    endloop
  endfacet
  facet normal 0.142945 0.902494 0.406289
    outer loop
      vertex 27.9115 13.6977 5.37552
      vertex 26.4638 13.927 5.37552
      vertex 27.7788 13.073 6.80986
    endloop
  endfacet
  facet normal -0.0520121 0.993177 0.104376
    outer loop
      vertex -25 14.9794 0.785039
      vertex -26.5658 14.8974 0.785039
      vertex -26.5486 14.7342 2.34652
    endloop
  endfacet
  facet normal -0.266534 0.694207 0.668608
    outer loop
      vertex -28.6023 11.0866 9.43981
      vertex -28.5055 10 10.6066
      vertex -28.2776 10.0875 10.6066
    endloop
  endfacet
  facet normal -0.266461 0.694224 0.668619
    outer loop
      vertex -28.5055 10 10.6066
      vertex -28.6023 11.0866 9.43981
      vertex -29.1559 10 10.3474
    endloop
  endfacet
  facet normal -0 0.499981 0.866037
    outer loop
      vertex -18.3857 8.16959 12.5801
      vertex 0 6.80986 13.3651
      vertex 0 8.16959 12.5801
    endloop
  endfacet
  facet normal 0 0.499981 0.866037
    outer loop
      vertex 0 6.80986 13.3651
      vertex -18.3857 8.16959 12.5801
      vertex -18.6871 6.80986 13.3651
    endloop
  endfacet
  facet normal 0.532771 0.820394 0.207627
    outer loop
      vertex 33.6864 12 2.34652
      vertex 32.4077 12.8304 2.34652
      vertex 33.2381 12 3.49686
    endloop
  endfacet
  facet normal -0.467946 -0.577894 -0.66863
    outer loop
      vertex -31.8519 -9.43086 -9.43981
      vertex -32.8002 -8.66298 -9.43981
      vertex -32.0972 -7.88224 -10.6066
    endloop
  endfacet
  facet normal -0.525814 -0.525788 -0.66863
    outer loop
      vertex -32.8002 -8.66298 -9.43981
      vertex -32.8822 -7.0972 -10.6066
      vertex -32.0972 -7.88224 -10.6066
    endloop
  endfacet
  facet normal -0.525794 -0.525794 -0.668641
    outer loop
      vertex -32.8822 -7.0972 -10.6066
      vertex -32.8002 -8.66298 -9.43981
      vertex -33.663 -7.80018 -9.43981
    endloop
  endfacet
  facet normal -0.272586 -0.419741 -0.865745
    outer loop
      vertex -28.4049 -5.89751 -13.3651
      vertex -29.802 -6.60933 -12.5801
      vertex -29.0027 -5.50929 -13.3651
    endloop
  endfacet
  facet normal -0.161759 -0.131014 -0.978095
    outer loop
      vertex -26.7438 -1.57013 -14.8153
      vertex -27.8851 -2.59776 -14.4889
      vertex -26.8984 -1.37925 -14.8153
    endloop
  endfacet
  facet normal -0.161786 -0.130992 -0.978093
    outer loop
      vertex -27.8851 -2.59776 -14.4889
      vertex -28.1408 -2.28195 -14.4889
      vertex -26.8984 -1.37925 -14.8153
    endloop
  endfacet
  facet normal -0.240451 -0.194717 -0.950931
    outer loop
      vertex -28.9948 -3.59692 -14.0037
      vertex -29.3489 -3.15965 -14.0037
      vertex -28.1408 -2.28195 -14.4889
    endloop
  endfacet
  facet normal -0.101078 -0.0271249 -0.994509
    outer loop
      vertex -25.7466 -0.24259 -14.9794
      vertex -27.2317 -0.725113 -14.8153
      vertex -25.7679 -0.163218 -14.9794
    endloop
  endfacet
  facet normal -0.207882 -0.0109113 -0.978093
    outer loop
      vertex -28.861 -0.405808 -14.4889
      vertex -28.8823 0 -14.4889
      vertex -27.3337 -0.245277 -14.8153
    endloop
  endfacet
  facet normal -0.0538858 -0.201065 -0.978095
    outer loop
      vertex -25.4879 -2.29524 -14.8153
      vertex -26.1997 -3.69227 -14.4889
      vertex -25.7251 -2.23167 -14.8153
    endloop
  endfacet
  facet normal -0.110879 -0.288864 -0.950928
    outer loop
      vertex -26.1997 -3.69227 -14.4889
      vertex -26.6611 -5.11242 -14.0037
      vertex -26.5791 -3.54664 -14.4889
    endloop
  endfacet
  facet normal -0.0977075 -0.0374977 -0.994509
    outer loop
      vertex -27.1437 -0.954414 -14.8153
      vertex -27.2317 -0.725113 -14.8153
      vertex -25.7466 -0.24259 -14.9794
    endloop
  endfacet
  facet normal -0.101102 -0.0270606 -0.994508
    outer loop
      vertex -27.2317 -0.725113 -14.8153
      vertex -27.2952 -0.487868 -14.8153
      vertex -25.7679 -0.163218 -14.9794
    endloop
  endfacet
  facet normal -0.0945157 0.185465 -0.978095
    outer loop
      vertex -25.9544 2.14365 -14.8153
      vertex -26.9411 3.36216 -14.4889
      vertex -26.5791 3.54664 -14.4889
    endloop
  endfacet
  facet normal 0.148771 0.939479 -0.30862
    outer loop
      vertex 28.0124 14.1723 -3.88229
      vertex 26.4638 13.927 -5.37552
      vertex 26.5145 14.4095 -3.88229
    endloop
  endfacet
  facet normal -0.673131 0.545347 -0.499491
    outer loop
      vertex -35.6187 7.8091 -7.12221
      vertex -35.1775 7.39437 -8.16959
      vertex -35.6736 7.7548 -7.10751
    endloop
  endfacet
  facet normal -0.673273 0.545178 -0.499484
    outer loop
      vertex -35.1775 7.39437 -8.16959
      vertex -35.6187 7.8091 -7.12221
      vertex -35.0061 8.47674 -7.21924
    endloop
  endfacet
  facet normal -0.73446 0.116279 -0.668616
    outer loop
      vertex -35.5485 1.10869 -10.6066
      vertex -36.5933 1.21851 -9.43981
      vertex -36.4025 2.42367 -9.43981
    endloop
  endfacet
  facet normal -0.440846 0.678854 0.587207
    outer loop
      vertex -31.29 10.8946 8.16959
      vertex -32.2654 10 8.47153
      vertex -31.6335 10 8.94593
    endloop
  endfacet
  facet normal -0.44075 0.678796 0.587346
    outer loop
      vertex -32.2654 10 8.47153
      vertex -31.29 10.8946 8.16959
      vertex -32.3944 10.1775 8.16959
    endloop
  endfacet
  facet normal -0.545161 -0.673233 0.499557
    outer loop
      vertex -32.8558 -10.8126 6.80986
      vertex -33.5149 -10 7.1857
      vertex -33.8593 -10 6.80986
    endloop
  endfacet
  facet normal -0.545225 -0.673245 0.49947
    outer loop
      vertex -33.5149 -10 7.1857
      vertex -32.8558 -10.8126 6.80986
      vertex -32.3944 -10.1775 8.16959
    endloop
  endfacet
  facet normal -0.574998 -0.710079 0.406406
    outer loop
      vertex -33.9085 -10 6.74025
      vertex -32.8558 -10.8126 6.80986
      vertex -33.8593 -10 6.80986
    endloop
  endfacet
  facet normal -0.57503 -0.710133 0.406264
    outer loop
      vertex -32.8558 -10.8126 6.80986
      vertex -33.9085 -10 6.74025
      vertex -33.2312 -11.3292 5.37552
    endloop
  endfacet
  facet normal -0.672587 -0.672587 0.308631
    outer loop
      vertex -35.4623 -10 3.88229
      vertex -34.3703 -10.4068 5.37552
      vertex -34.7771 -10 5.37552
    endloop
  endfacet
  facet normal -0.672587 -0.672587 0.308631
    outer loop
      vertex -34.3703 -10.4068 5.37552
      vertex -35.4623 -10 3.88229
      vertex -34.695 -10.7673 3.88229
    endloop
  endfacet
  facet normal -0.575282 0.710048 0.406057
    outer loop
      vertex -33.2312 11.3292 5.37552
      vertex -34.004 10 6.60495
      vertex -33.9085 10 6.74025
    endloop
  endfacet
  facet normal -0.575028 0.710119 0.406293
    outer loop
      vertex -34.004 10 6.60495
      vertex -33.2312 11.3292 5.37552
      vertex -34.3703 10.4068 5.37552
    endloop
  endfacet
  facet normal -0.356399 0.928484 -0.104392
    outer loop
      vertex -29.5782 14.0902 -2.34652
      vertex -31.0259 13.5345 -2.34652
      vertex -29.6289 14.2463 -0.785039
    endloop
  endfacet
  facet normal 0.0453319 -0.865146 0.499467
    outer loop
      vertex 25 -12.5801 8.16959
      vertex 25 -13.3651 6.80986
      vertex 26.397 -13.2919 6.80986
    endloop
  endfacet
  facet normal 0.0478132 -0.912503 0.406267
    outer loop
      vertex 25 -13.3651 6.80986
      vertex 25 -14.0037 5.37552
      vertex 26.4638 -13.927 5.37552
    endloop
  endfacet
  facet normal -0.0478133 -0.912503 0.406267
    outer loop
      vertex -26.397 -13.2919 6.80986
      vertex -26.4638 -13.927 5.37552
      vertex -25 -13.3651 6.80986
    endloop
  endfacet
  facet normal -0.0453319 -0.865146 0.499467
    outer loop
      vertex -25 -12.5801 8.16959
      vertex -26.397 -13.2919 6.80986
      vertex -25 -13.3651 6.80986
    endloop
  endfacet
  facet normal -0.155582 -0.982293 -0.104379
    outer loop
      vertex -26.5658 -14.8974 -0.785039
      vertex -28.0803 -14.4916 -2.34652
      vertex -26.5486 -14.7342 -2.34652
    endloop
  endfacet
  facet normal -0.0520121 -0.993177 -0.104376
    outer loop
      vertex -25 -14.9794 -0.785039
      vertex -26.5658 -14.8974 -0.785039
      vertex -26.5486 -14.7342 -2.34652
    endloop
  endfacet
  facet normal -0.257428 -0.960642 0.104393
    outer loop
      vertex -29.5782 -14.0902 2.34652
      vertex -29.6289 -14.2463 0.785039
      vertex -28.0803 -14.4916 2.34652
    endloop
  endfacet
  facet normal -0.155596 -0.982292 0.104365
    outer loop
      vertex -28.0803 -14.4916 2.34652
      vertex -28.1144 -14.6521 0.785039
      vertex -26.5658 -14.8974 0.785039
    endloop
  endfacet
  facet normal -0.253226 -0.944855 0.207667
    outer loop
      vertex -29.4773 -13.7797 3.88229
      vertex -29.5782 -14.0902 2.34652
      vertex -28.0124 -14.1723 3.88229
    endloop
  endfacet
  facet normal -0.327481 -0.853057 0.406264
    outer loop
      vertex -30.4361 -12.2096 6.80986
      vertex -30.6958 -12.793 5.37552
      vertex -29.13 -12.711 6.80986
    endloop
  endfacet
  facet normal -0.290015 -0.75565 -0.587269
    outer loop
      vertex -28.8875 -11.9643 -8.16959
      vertex -30.1168 -11.4925 -8.16959
      vertex -29.7414 -10.6494 -9.43981
    endloop
  endfacet
  facet normal -0.340805 -0.888013 -0.308681
    outer loop
      vertex -29.4773 -13.7797 -3.88229
      vertex -30.8932 -13.2363 -3.88229
      vertex -30.6958 -12.793 -5.37552
    endloop
  endfacet
  facet normal 0.350492 -0.913252 -0.207667
    outer loop
      vertex 29.5782 -14.0902 -2.34652
      vertex 29.4773 -13.7797 -3.88229
      vertex 30.8932 -13.2363 -3.88229
    endloop
  endfacet
  facet normal 0.155596 -0.982292 0.104365
    outer loop
      vertex 28.0803 -14.4916 2.34652
      vertex 26.5658 -14.8974 0.785039
      vertex 28.1144 -14.6521 0.785039
    endloop
  endfacet
  facet normal 0.0497714 -0.949874 -0.308646
    outer loop
      vertex 26.4638 -13.927 -5.37552
      vertex 25 -14.4889 -3.88229
      vertex 25 -14.0037 -5.37552
    endloop
  endfacet
  facet normal 0 -0.913548 -0.406732
    outer loop
      vertex -25 -13.3651 -6.80986
      vertex 25 -14.0037 -5.37552
      vertex -25 -14.0037 -5.37552
    endloop
  endfacet
  facet normal 0 -0.913548 -0.406732
    outer loop
      vertex 25 -14.0037 -5.37552
      vertex -25 -13.3651 -6.80986
      vertex 25 -13.3651 -6.80986
    endloop
  endfacet
  facet normal -0.0800823 -0.298872 -0.950927
    outer loop
      vertex -26.1176 -5.25805 -14.0037
      vertex -26.6611 -5.11242 -14.0037
      vertex -25.8072 -3.79745 -14.4889
    endloop
  endfacet
  facet normal -0.10538 -0.393325 -0.91334
    outer loop
      vertex -26.4158 -6.66105 -13.3651
      vertex -27.1044 -6.47656 -13.3651
      vertex -26.1176 -5.25805 -14.0037
    endloop
  endfacet
  facet normal -0.0161945 -0.308988 -0.950928
    outer loop
      vertex -25 -5.37552 -14.0037
      vertex -25.5619 -5.34607 -14.0037
      vertex -25 -3.88229 -14.4889
    endloop
  endfacet
  facet normal 0 -0.309029 -0.951053
    outer loop
      vertex -25 -5.37552 -14.0037
      vertex 0 -3.88229 -14.4889
      vertex 0 -5.37552 -14.0037
    endloop
  endfacet
  facet normal -0 -0.309029 -0.951053
    outer loop
      vertex 0 -3.88229 -14.4889
      vertex -25 -5.37552 -14.0037
      vertex -25 -3.88229 -14.4889
    endloop
  endfacet
  facet normal -0.049799 -0.949881 -0.308621
    outer loop
      vertex -25 -14.4889 -3.88229
      vertex -26.5145 -14.4095 -3.88229
      vertex -26.4638 -13.927 -5.37552
    endloop
  endfacet
  facet normal -0.135552 -0.855671 -0.499452
    outer loop
      vertex -26.397 -13.2919 -6.80986
      vertex -27.7788 -13.073 -6.80986
      vertex -27.6155 -12.3052 -8.16959
    endloop
  endfacet
  facet normal -0.44416 -0.87155 -0.20766
    outer loop
      vertex -30.8932 -13.2363 -3.88229
      vertex -32.4077 -12.8304 -2.34652
      vertex -32.2444 -12.5477 -3.88229
    endloop
  endfacet
  facet normal -0.224194 -0.836827 -0.499457
    outer loop
      vertex -27.7788 -13.073 -6.80986
      vertex -29.13 -12.711 -6.80986
      vertex -27.6155 -12.3052 -8.16959
    endloop
  endfacet
  facet normal -0.340887 -0.888007 -0.30861
    outer loop
      vertex -29.4773 -13.7797 -3.88229
      vertex -30.6958 -12.793 -5.37552
      vertex -29.3274 -13.3183 -5.37552
    endloop
  endfacet
  facet normal -0.0478133 -0.912503 -0.406267
    outer loop
      vertex -25 -13.3651 -6.80986
      vertex -26.4638 -13.927 -5.37552
      vertex -26.397 -13.2919 -6.80986
    endloop
  endfacet
  facet normal -0.367479 -0.721161 0.58727
    outer loop
      vertex -29.7414 -10.6494 9.43981
      vertex -30.8286 -10.0954 9.43981
      vertex -30.1168 -11.4925 8.16959
    endloop
  endfacet
  facet normal -0.290015 -0.75565 0.587269
    outer loop
      vertex -29.7414 -10.6494 9.43981
      vertex -30.1168 -11.4925 8.16959
      vertex -28.8875 -11.9643 8.16959
    endloop
  endfacet
  facet normal -0.340887 -0.888007 0.30861
    outer loop
      vertex -29.3274 -13.3183 5.37552
      vertex -30.6958 -12.793 5.37552
      vertex -29.4773 -13.7797 3.88229
    endloop
  endfacet
  facet normal -0.310488 -0.808791 0.499454
    outer loop
      vertex -30.1168 -11.4925 8.16959
      vertex -30.4361 -12.2096 6.80986
      vertex -29.13 -12.711 6.80986
    endloop
  endfacet
  facet normal -0.414792 -0.814186 0.406262
    outer loop
      vertex -30.4361 -12.2096 6.80986
      vertex -32.0019 -12.1276 5.37552
      vertex -30.6958 -12.793 5.37552
    endloop
  endfacet
  facet normal -0.41484 -0.814134 0.406317
    outer loop
      vertex -31.6825 -11.5745 6.80986
      vertex -32.0019 -12.1276 5.37552
      vertex -30.4361 -12.2096 6.80986
    endloop
  endfacet
  facet normal -0.625861 -0.772914 -0.104413
    outer loop
      vertex -33.8047 -12.1186 -0.785039
      vertex -34.9134 -11.0099 -2.34652
      vertex -33.7082 -11.9858 -2.34652
    endloop
  endfacet
  facet normal -0.541675 -0.834078 -0.104412
    outer loop
      vertex -32.4897 -12.9726 -0.785039
      vertex -33.8047 -12.1186 -0.785039
      vertex -33.7082 -11.9858 -2.34652
    endloop
  endfacet
  facet normal -0.350492 -0.913252 -0.207667
    outer loop
      vertex -29.5782 -14.0902 -2.34652
      vertex -30.8932 -13.2363 -3.88229
      vertex -29.4773 -13.7797 -3.88229
    endloop
  endfacet
  facet normal -0.253226 -0.944855 -0.207667
    outer loop
      vertex -28.0124 -14.1723 -3.88229
      vertex -29.5782 -14.0902 -2.34652
      vertex -29.4773 -13.7797 -3.88229
    endloop
  endfacet
  facet normal -0.451507 -0.886141 0.104384
    outer loop
      vertex -31.0259 -13.5345 2.34652
      vertex -32.4897 -12.9726 0.785039
      vertex -31.0927 -13.6844 0.785039
    endloop
  endfacet
  facet normal -0.691697 -0.691697 0.20763
    outer loop
      vertex -35.9233 -10 2.34652
      vertex -34.695 -10.7673 3.88229
      vertex -35.4623 -10 3.88229
    endloop
  endfacet
  facet normal -0.691697 -0.691697 0.20763
    outer loop
      vertex -34.695 -10.7673 3.88229
      vertex -35.9233 -10 2.34652
      vertex -34.9134 -11.0099 2.34652
    endloop
  endfacet
  facet normal -0.772683 -0.626139 0.104454
    outer loop
      vertex -36.1061 -10 1.11496
      vertex -36.1507 -10 0.785039
      vertex -36.1319 -10.0232 0.785039
    endloop
  endfacet
  facet normal -0.509463 -0.628864 0.587348
    outer loop
      vertex -32.2654 -10 8.47153
      vertex -32.6135 -10 8.16959
      vertex -32.3944 -10.1775 8.16959
    endloop
  endfacet
  facet normal -0.694214 -0.266438 -0.668639
    outer loop
      vertex -35.6494 -4.74141 -9.43981
      vertex -36.0866 -3.60227 -9.43981
      vertex -34.6896 -4.31409 -10.6066
    endloop
  endfacet
  facet normal -0.623659 -0.404973 -0.668615
    outer loop
      vertex -34.4309 -6.85192 -9.43981
      vertex -35.0954 -5.82859 -9.43981
      vertex -34.1856 -5.3033 -10.6066
    endloop
  endfacet
  facet normal -0.836836 -0.224183 -0.499447
    outer loop
      vertex -37.711 -4.13004 -6.80986
      vertex -38.073 -2.77876 -6.80986
      vertex -37.3052 -2.61554 -8.16959
    endloop
  endfacet
  facet normal -0.625162 -0.239999 -0.742679
    outer loop
      vertex -34.6896 -4.31409 -10.6066
      vertex -35.0875 -3.27762 -10.6066
      vertex -33.6237 -3.83951 -11.6572
    endloop
  endfacet
  facet normal -0.73446 -0.116279 -0.668616
    outer loop
      vertex -36.4025 -2.42367 -9.43981
      vertex -36.5933 -1.21851 -9.43981
      vertex -35.5485 -1.10869 -10.6066
    endloop
  endfacet
  facet normal -0.73442 0.116336 -0.66865
    outer loop
      vertex -35.5485 1.10869 -10.6066
      vertex -36.4025 2.42367 -9.43981
      vertex -35.3748 2.20524 -10.6066
    endloop
  endfacet
  facet normal -0.912517 -0.0477402 -0.406244
    outer loop
      vertex -38.6277 -0.683994 -6.13962
      vertex -38.674 0 -6.116
      vertex -38.3651 0 -6.80986
    endloop
  endfacet
  facet normal -0.587505 -0.0308216 -0.808633
    outer loop
      vertex -33.1248 -0.853953 -12.5801
      vertex -34.3881 -0.986728 -11.6572
      vertex -33.1696 0 -12.5801
    endloop
  endfacet
  facet normal -0.62516 0.23998 -0.742687
    outer loop
      vertex -33.9778 2.91706 -11.6572
      vertex -35.0875 3.27762 -10.6066
      vertex -33.6237 3.83951 -11.6572
    endloop
  endfacet
  facet normal -0.771865 0.393365 -0.499489
    outer loop
      vertex -35.8946 6.29003 -8.16959
      vertex -36.7844 6.27062 -6.80986
      vertex -36.542 6.6638 -6.8748
    endloop
  endfacet
  facet normal -0.771895 0.393278 -0.49951
    outer loop
      vertex -36.7844 6.27062 -6.80986
      vertex -35.8946 6.29003 -8.16959
      vertex -37.2096 5.43607 -6.80986
    endloop
  endfacet
  facet normal -0.048406 0.305604 -0.950928
    outer loop
      vertex -25.8072 3.79745 -14.4889
      vertex -26.1176 5.25805 -14.0037
      vertex -25.5619 5.34607 -14.0037
    endloop
  endfacet
  facet normal -0.275686 -0.140499 -0.950925
    outer loop
      vertex -29.6553 -2.68776 -14.0037
      vertex -29.9108 -2.18642 -14.0037
      vertex -28.3622 -1.94114 -14.4889
    endloop
  endfacet
  facet normal -0.445938 -0.227213 -0.865745
    outer loop
      vertex -30.8975 -3.40493 -13.3651
      vertex -32.0751 -4.08479 -12.5801
      vertex -31.2211 -2.76982 -13.3651
    endloop
  endfacet
  facet normal -0.201087 -0.053822 -0.978094
    outer loop
      vertex -27.2317 -0.725113 -14.8153
      vertex -28.6923 -1.19969 -14.4889
      vertex -27.2952 -0.487868 -14.8153
    endloop
  endfacet
  facet normal -0.662547 -0.337618 -0.668615
    outer loop
      vertex -35.0954 -5.82859 -9.43981
      vertex -35.6494 -4.74141 -9.43981
      vertex -34.1856 -5.3033 -10.6066
    endloop
  endfacet
  facet normal -0.77189 -0.39336 -0.499454
    outer loop
      vertex -35.8946 -6.29003 -8.16959
      vertex -37.2096 -5.43607 -6.80986
      vertex -36.4925 -5.11677 -8.16959
    endloop
  endfacet
  facet normal -0.574998 -0.710079 -0.406406
    outer loop
      vertex -32.8558 -10.8126 -6.80986
      vertex -33.9085 -10 -6.74025
      vertex -33.8593 -10 -6.80986
    endloop
  endfacet
  facet normal -0.57503 -0.710133 -0.406264
    outer loop
      vertex -33.9085 -10 -6.74025
      vertex -32.8558 -10.8126 -6.80986
      vertex -33.2312 -11.3292 -5.37552
    endloop
  endfacet
  facet normal -0.646113 -0.646113 -0.406294
    outer loop
      vertex -34.3703 -10.4068 -5.37552
      vertex -34.7771 -10 -5.37552
      vertex -34.004 -10 -6.60495
    endloop
  endfacet
  facet normal -0.50938 -0.628996 -0.587278
    outer loop
      vertex -32.3944 -10.1775 -8.16959
      vertex -33.4177 -9.3488 -8.16959
      vertex -31.8519 -9.43086 -9.43981
    endloop
  endfacet
  facet normal -0.440778 -0.678838 -0.587276
    outer loop
      vertex -31.29 -10.8946 -8.16959
      vertex -32.3944 -10.1775 -8.16959
      vertex -31.8519 -9.43086 -9.43981
    endloop
  endfacet
  facet normal -0.267105 -0.524205 -0.808619
    outer loop
      vertex -28.8395 -8.62369 -11.6572
      vertex -29.0848 -7.07507 -12.5801
      vertex -28.3229 -7.46329 -12.5801
    endloop
  endfacet
  facet normal -0.0350435 -0.668722 -0.742687
    outer loop
      vertex -25 -10.6066 -10.6066
      vertex -26.1087 -10.5485 -10.6066
      vertex -25.9867 -9.38809 -11.6572
    endloop
  endfacet
  facet normal -0.0782934 -0.494331 -0.865741
    outer loop
      vertex -25.854 -8.12483 -12.5801
      vertex -26.6986 -7.99106 -12.5801
      vertex -25.7118 -6.77255 -13.3651
    endloop
  endfacet
  facet normal -0.0637037 -0.402183 -0.91334
    outer loop
      vertex -25.5619 -5.34607 -14.0037
      vertex -26.4158 -6.66105 -13.3651
      vertex -26.1176 -5.25805 -14.0037
    endloop
  endfacet
  facet normal -0.0636985 -0.402186 -0.913339
    outer loop
      vertex -25.7118 -6.77255 -13.3651
      vertex -26.4158 -6.66105 -13.3651
      vertex -25.5619 -5.34607 -14.0037
    endloop
  endfacet
  facet normal -0.192505 -0.718222 -0.668654
    outer loop
      vertex -27.4237 -11.4025 -9.43981
      vertex -28.6023 -11.0866 -9.43981
      vertex -27.2052 -10.3748 -10.6066
    endloop
  endfacet
  facet normal -0.192432 -0.718287 -0.668606
    outer loop
      vertex -27.2052 -10.3748 -10.6066
      vertex -28.6023 -11.0866 -9.43981
      vertex -28.2776 -10.0875 -10.6066
    endloop
  endfacet
  facet normal -0.457218 -0.370213 -0.808637
    outer loop
      vertex -31.0712 -5.46652 -12.5801
      vertex -32.637 -5.54858 -11.6572
      vertex -31.6093 -4.80196 -12.5801
    endloop
  endfacet
  facet normal -0.457201 -0.370283 -0.808615
    outer loop
      vertex -32.0151 -6.31646 -11.6572
      vertex -32.637 -5.54858 -11.6572
      vertex -31.0712 -5.46652 -12.5801
    endloop
  endfacet
  facet normal -0.388946 -0.314976 -0.865743
    outer loop
      vertex -30.0607 -4.55668 -13.3651
      vertex -31.0712 -5.46652 -12.5801
      vertex -30.5093 -4.00273 -13.3651
    endloop
  endfacet
  facet normal -0.629018 -0.509383 -0.587252
    outer loop
      vertex -34.3488 -8.4177 -8.16959
      vertex -35.1775 -7.39437 -8.16959
      vertex -34.4309 -6.85192 -9.43981
    endloop
  endfacet
  facet normal -0.678843 -0.440805 -0.587251
    outer loop
      vertex -35.1775 -7.39437 -8.16959
      vertex -35.8946 -6.29003 -8.16959
      vertex -34.4309 -6.85192 -9.43981
    endloop
  endfacet
  facet normal -0.524208 -0.267085 -0.808623
    outer loop
      vertex -32.0751 -4.08479 -12.5801
      vertex -33.6237 -3.83951 -11.6572
      vertex -32.4633 -3.32287 -12.5801
    endloop
  endfacet
  facet normal -0.549236 -0.210835 -0.808634
    outer loop
      vertex -33.6237 -3.83951 -11.6572
      vertex -33.9778 -2.91706 -11.6572
      vertex -32.7697 -2.52454 -12.5801
    endloop
  endfacet
  facet normal 0.31049 -0.808779 0.499473
    outer loop
      vertex 29.13 -12.711 6.80986
      vertex 30.3427 -12 7.2073
      vertex 29.7058 -12 7.60322
    endloop
  endfacet
  facet normal 0.31048 -0.808772 0.49949
    outer loop
      vertex 30.3427 -12 7.2073
      vertex 29.13 -12.711 6.80986
      vertex 30.4361 -12.2096 6.80986
    endloop
  endfacet
  facet normal 0.310444 -0.808777 0.499504
    outer loop
      vertex 29.7058 -12 7.60322
      vertex 28.899 -12 8.10465
      vertex 29.13 -12.711 6.80986
    endloop
  endfacet
  facet normal 0.340887 -0.888007 0.30861
    outer loop
      vertex 30.6958 -12.793 5.37552
      vertex 29.3274 -13.3183 5.37552
      vertex 29.4773 -13.7797 3.88229
    endloop
  endfacet
  facet normal 0.253201 -0.944867 0.207641
    outer loop
      vertex 29.5782 -14.0902 2.34652
      vertex 28.0124 -14.1723 3.88229
      vertex 28.0803 -14.4916 2.34652
    endloop
  endfacet
  facet normal 0.54155 -0.833911 0.106376
    outer loop
      vertex 32.4077 -12.8304 2.34652
      vertex 33.6908 -12 2.32412
      vertex 33.6864 -12 2.34652
    endloop
  endfacet
  facet normal 0.541639 -0.834102 0.104403
    outer loop
      vertex 33.6908 -12 2.32412
      vertex 32.4077 -12.8304 2.34652
      vertex 32.4897 -12.9726 0.785039
    endloop
  endfacet
  facet normal 0.532771 -0.820394 0.207627
    outer loop
      vertex 33.2381 -12 3.49686
      vertex 32.4077 -12.8304 2.34652
      vertex 33.6864 -12 2.34652
    endloop
  endfacet
  facet normal 0.209554 -0.781777 0.587292
    outer loop
      vertex 27.8626 -12 8.48769
      vertex 27.5507 -12 8.59898
      vertex 27.6155 -12.3052 8.16959
    endloop
  endfacet
  facet normal 0 -0.743139 0.669137
    outer loop
      vertex -25 -11.6572 9.43981
      vertex 0 -10.6066 10.6066
      vertex -25 -10.6066 10.6066
    endloop
  endfacet
  facet normal 0 -0.743139 0.669137
    outer loop
      vertex 0 -10.6066 10.6066
      vertex -25 -11.6572 9.43981
      vertex 0 -11.6572 9.43981
    endloop
  endfacet
  facet normal 0 -0.809027 0.587772
    outer loop
      vertex -25 -11.6572 9.43981
      vertex 0 -12 8.96797
      vertex 0 -11.6572 9.43981
    endloop
  endfacet
  facet normal 7.57151e-07 -0.809008 0.587798
    outer loop
      vertex -25 -12.5801 8.16959
      vertex 0 -12 8.96797
      vertex -25 -11.6572 9.43981
    endloop
  endfacet
  facet normal 0 -0.808996 0.587814
    outer loop
      vertex 25 -12.5801 8.16959
      vertex 0 -12 8.96797
      vertex -25 -12.5801 8.16959
    endloop
  endfacet
  facet normal 0 -0.808996 0.587814
    outer loop
      vertex 0 -12 8.96797
      vertex 25 -12.5801 8.16959
      vertex 25 -12 8.96797
    endloop
  endfacet
  facet normal 0.135552 -0.855671 0.499452
    outer loop
      vertex 27.6155 -12.3052 8.16959
      vertex 26.397 -13.2919 6.80986
      vertex 27.7788 -13.073 6.80986
    endloop
  endfacet
  facet normal 0.310444 -0.808777 -0.499504
    outer loop
      vertex 29.13 -12.711 -6.80986
      vertex 28.899 -12 -8.10465
      vertex 29.7058 -12 -7.60322
    endloop
  endfacet
  facet normal 0.209496 -0.781766 -0.587327
    outer loop
      vertex 28.7544 -12 -8.16959
      vertex 27.6155 -12.3052 -8.16959
      vertex 27.8626 -12 -8.48769
    endloop
  endfacet
  facet normal 0.31048 -0.808772 -0.49949
    outer loop
      vertex 29.13 -12.711 -6.80986
      vertex 30.3427 -12 -7.2073
      vertex 30.4361 -12.2096 -6.80986
    endloop
  endfacet
  facet normal 0.31049 -0.808779 -0.499473
    outer loop
      vertex 30.3427 -12 -7.2073
      vertex 29.13 -12.711 -6.80986
      vertex 29.7058 -12 -7.60322
    endloop
  endfacet
  facet normal 0.142971 -0.902499 -0.406269
    outer loop
      vertex 26.4638 -13.927 -5.37552
      vertex 26.397 -13.2919 -6.80986
      vertex 27.7788 -13.073 -6.80986
    endloop
  endfacet
  facet normal 0.0478133 -0.912503 -0.406267
    outer loop
      vertex 26.4638 -13.927 -5.37552
      vertex 25 -13.3651 -6.80986
      vertex 26.397 -13.2919 -6.80986
    endloop
  endfacet
  facet normal 0.0424119 -0.808284 -0.587263
    outer loop
      vertex 25 -12.5801 -8.16959
      vertex 25.5279 -12 -8.92989
      vertex 26.315 -12.5111 -8.16959
    endloop
  endfacet
  facet normal 0.0423638 -0.80827 -0.587286
    outer loop
      vertex 25.5279 -12 -8.92989
      vertex 25 -12.5801 -8.16959
      vertex 25 -12 -8.96797
    endloop
  endfacet
  facet normal 0 -0.808996 -0.587814
    outer loop
      vertex -25 -12.5801 -8.16959
      vertex 0 -12 -8.96797
      vertex 25 -12.5801 -8.16959
    endloop
  endfacet
  facet normal 7.57151e-07 -0.809008 -0.587798
    outer loop
      vertex -25 -11.6572 -9.43981
      vertex 0 -12 -8.96797
      vertex -25 -12.5801 -8.16959
    endloop
  endfacet
  facet normal 0 -0.809027 -0.587772
    outer loop
      vertex 0 -12 -8.96797
      vertex -25 -11.6572 -9.43981
      vertex 0 -11.6572 -9.43981
    endloop
  endfacet
  facet normal 0 -0.808996 -0.587814
    outer loop
      vertex 25 -12.5801 -8.16959
      vertex 0 -12 -8.96797
      vertex 25 -12 -8.96797
    endloop
  endfacet
  facet normal -0.104774 0.661399 -0.74268
    outer loop
      vertex -26.9626 9.23352 -11.6572
      vertex -27.2052 10.3748 -10.6066
      vertex -26.1087 10.5485 -10.6066
    endloop
  endfacet
  facet normal -0.173298 0.646828 -0.742685
    outer loop
      vertex -27.9171 8.97779 -11.6572
      vertex -28.2776 10.0875 -10.6066
      vertex -26.9626 9.23352 -11.6572
    endloop
  endfacet
  facet normal -0.152253 0.568278 -0.808628
    outer loop
      vertex -27.5245 7.76974 -12.5801
      vertex -27.9171 8.97779 -11.6572
      vertex -26.9626 9.23352 -11.6572
    endloop
  endfacet
  facet normal -0.152285 0.568284 -0.808618
    outer loop
      vertex -26.6986 7.99106 -12.5801
      vertex -27.5245 7.76974 -12.5801
      vertex -26.9626 9.23352 -11.6572
    endloop
  endfacet
  facet normal -0.404999 0.623636 -0.668621
    outer loop
      vertex -31.2344 8.58092 -10.6066
      vertex -31.8519 9.43086 -9.43981
      vertex -30.3033 9.18559 -10.6066
    endloop
  endfacet
  facet normal -0.471808 0.726568 -0.499495
    outer loop
      vertex -31.29 10.8946 -8.16959
      vertex -32.8558 10.8126 -6.80986
      vertex -31.6825 11.5745 -6.80986
    endloop
  endfacet
  facet normal 0 0.309029 -0.951053
    outer loop
      vertex -25 3.88229 -14.4889
      vertex 0 5.37552 -14.0037
      vertex 0 3.88229 -14.4889
    endloop
  endfacet
  facet normal 0 0.309029 -0.951053
    outer loop
      vertex 0 5.37552 -14.0037
      vertex -25 3.88229 -14.4889
      vertex -25 5.37552 -14.0037
    endloop
  endfacet
  facet normal -0.587526 -0.0307836 -0.80862
    outer loop
      vertex -34.3881 -0.986728 -11.6572
      vertex -34.4398 0 -11.6572
      vertex -33.1696 0 -12.5801
    endloop
  endfacet
  facet normal -0.615649 0.760193 -0.207565
    outer loop
      vertex -33.5164 11.7218 -3.88229
      vertex -34.695 10.7673 -3.88229
      vertex -33.7082 11.9858 -2.34652
    endloop
  endfacet
  facet normal -0.236467 0.882634 -0.406251
    outer loop
      vertex -29.13 12.711 -6.80986
      vertex -29.3274 13.3183 -5.37552
      vertex -27.7788 13.073 -6.80986
    endloop
  endfacet
  facet normal -0.148801 0.939465 -0.308649
    outer loop
      vertex -27.9115 13.6977 -5.37552
      vertex -28.0124 14.1723 -3.88229
      vertex -26.4638 13.927 -5.37552
    endloop
  endfacet
  facet normal -0.155596 0.982292 -0.104365
    outer loop
      vertex -28.0803 14.4916 -2.34652
      vertex -28.1144 14.6521 -0.785039
      vertex -26.5658 14.8974 -0.785039
    endloop
  endfacet
  facet normal -0.0511587 0.976872 -0.207616
    outer loop
      vertex -25 14.4889 -3.88229
      vertex -26.5486 14.7342 -2.34652
      vertex -25 14.8153 -2.34652
    endloop
  endfacet
  facet normal 0.155596 0.982292 0.104365
    outer loop
      vertex 28.1144 14.6521 0.785039
      vertex 26.5658 14.8974 0.785039
      vertex 28.0803 14.4916 2.34652
    endloop
  endfacet
  facet normal 0.0522977 0.998632 -0
    outer loop
      vertex 26.5658 14.8974 -0.785039
      vertex 25 14.9794 0.785039
      vertex 26.5658 14.8974 0.785039
    endloop
  endfacet
  facet normal 0.0522977 0.998632 0
    outer loop
      vertex 25 14.9794 0.785039
      vertex 26.5658 14.8974 -0.785039
      vertex 25 14.9794 -0.785039
    endloop
  endfacet
  facet normal -0.541675 0.834078 0.104412
    outer loop
      vertex -32.4897 12.9726 0.785039
      vertex -33.8047 12.1186 0.785039
      vertex -33.7082 11.9858 2.34652
    endloop
  endfacet
  facet normal -0.253201 0.944867 0.207641
    outer loop
      vertex -28.0803 14.4916 2.34652
      vertex -29.5782 14.0902 2.34652
      vertex -28.0124 14.1723 3.88229
    endloop
  endfacet
  facet normal -0.257428 0.960642 0.104393
    outer loop
      vertex -28.0803 14.4916 2.34652
      vertex -29.6289 14.2463 0.785039
      vertex -29.5782 14.0902 2.34652
    endloop
  endfacet
  facet normal -0.497704 0.766317 -0.406262
    outer loop
      vertex -32.8558 10.8126 -6.80986
      vertex -33.2312 11.3292 -5.37552
      vertex -32.0019 12.1276 -5.37552
    endloop
  endfacet
  facet normal -0.340887 0.888007 -0.30861
    outer loop
      vertex -29.3274 13.3183 -5.37552
      vertex -30.6958 12.793 -5.37552
      vertex -29.4773 13.7797 -3.88229
    endloop
  endfacet
  facet normal -0.0453319 0.865146 -0.499467
    outer loop
      vertex -25 12.5801 -8.16959
      vertex -26.397 13.2919 -6.80986
      vertex -25 13.3651 -6.80986
    endloop
  endfacet
  facet normal -0.142971 0.902499 -0.406269
    outer loop
      vertex -26.397 13.2919 -6.80986
      vertex -27.7788 13.073 -6.80986
      vertex -26.4638 13.927 -5.37552
    endloop
  endfacet
  facet normal -0.13547 0.85565 -0.499511
    outer loop
      vertex -26.315 12.5111 -8.16959
      vertex -27.6155 12.3052 -8.16959
      vertex -26.397 13.2919 -6.80986
    endloop
  endfacet
  facet normal -0.135552 0.855671 -0.499452
    outer loop
      vertex -27.6155 12.3052 -8.16959
      vertex -27.7788 13.073 -6.80986
      vertex -26.397 13.2919 -6.80986
    endloop
  endfacet
  facet normal -0.532699 0.820431 -0.207665
    outer loop
      vertex -32.2444 12.5477 -3.88229
      vertex -33.5164 11.7218 -3.88229
      vertex -32.4077 12.8304 -2.34652
    endloop
  endfacet
  facet normal -0.350548 0.913243 -0.207614
    outer loop
      vertex -30.8932 13.2363 -3.88229
      vertex -31.0259 13.5345 -2.34652
      vertex -29.5782 14.0902 -2.34652
    endloop
  endfacet
  facet normal -0.451528 0.886127 -0.104409
    outer loop
      vertex -32.4077 12.8304 -2.34652
      vertex -32.4897 12.9726 -0.785039
      vertex -31.0259 13.5345 -2.34652
    endloop
  endfacet
  facet normal -0.574998 0.710079 0.406406
    outer loop
      vertex -32.8558 10.8126 6.80986
      vertex -33.9085 10 6.74025
      vertex -33.8593 10 6.80986
    endloop
  endfacet
  facet normal -0.57503 0.710133 0.406264
    outer loop
      vertex -33.9085 10 6.74025
      vertex -32.8558 10.8126 6.80986
      vertex -33.2312 11.3292 5.37552
    endloop
  endfacet
  facet normal -0.431901 0.847494 0.308571
    outer loop
      vertex -30.8932 13.2363 3.88229
      vertex -32.2444 12.5477 3.88229
      vertex -32.0019 12.1276 5.37552
    endloop
  endfacet
  facet normal -0.444118 0.871583 0.20761
    outer loop
      vertex -31.0259 13.5345 2.34652
      vertex -32.4077 12.8304 2.34652
      vertex -30.8932 13.2363 3.88229
    endloop
  endfacet
  facet normal 0.224329 0.836761 -0.499507
    outer loop
      vertex 28.7544 12 -8.16959
      vertex 29.13 12.711 -6.80986
      vertex 28.899 12 -8.10465
    endloop
  endfacet
  facet normal 0.224241 0.83679 -0.499498
    outer loop
      vertex 29.13 12.711 -6.80986
      vertex 28.7544 12 -8.16959
      vertex 27.6155 12.3052 -8.16959
    endloop
  endfacet
  facet normal 0.135552 0.855671 -0.499452
    outer loop
      vertex 27.6155 12.3052 -8.16959
      vertex 26.397 13.2919 -6.80986
      vertex 27.7788 13.073 -6.80986
    endloop
  endfacet
  facet normal 0.0453319 0.865146 -0.499467
    outer loop
      vertex 26.397 13.2919 -6.80986
      vertex 25 12.5801 -8.16959
      vertex 25 13.3651 -6.80986
    endloop
  endfacet
  facet normal 0.340887 0.888007 -0.30861
    outer loop
      vertex 30.6958 12.793 -5.37552
      vertex 29.3274 13.3183 -5.37552
      vertex 29.4773 13.7797 -3.88229
    endloop
  endfacet
  facet normal 0.246233 0.918764 -0.308612
    outer loop
      vertex 29.3274 13.3183 -5.37552
      vertex 28.0124 14.1723 -3.88229
      vertex 29.4773 13.7797 -3.88229
    endloop
  endfacet
  facet normal 0.625768 0.772977 -0.104501
    outer loop
      vertex 33.9233 12 -0.952108
      vertex 33.8047 12.1186 -0.785039
      vertex 33.9512 12 -0.785039
    endloop
  endfacet
  facet normal 0.257428 0.960642 -0.104393
    outer loop
      vertex 29.5782 14.0902 -2.34652
      vertex 28.0803 14.4916 -2.34652
      vertex 29.6289 14.2463 -0.785039
    endloop
  endfacet
  facet normal 0.253201 0.944867 -0.207641
    outer loop
      vertex 29.5782 14.0902 -2.34652
      vertex 28.0124 14.1723 -3.88229
      vertex 28.0803 14.4916 -2.34652
    endloop
  endfacet
  facet normal 0.431901 0.847494 -0.308571
    outer loop
      vertex 32.0019 12.1276 -5.37552
      vertex 30.8932 13.2363 -3.88229
      vertex 32.2444 12.5477 -3.88229
    endloop
  endfacet
  facet normal 0.44416 0.87155 -0.20766
    outer loop
      vertex 32.2444 12.5477 -3.88229
      vertex 30.8932 13.2363 -3.88229
      vertex 32.4077 12.8304 -2.34652
    endloop
  endfacet
  facet normal 0.451507 0.886141 -0.104384
    outer loop
      vertex 32.4897 12.9726 -0.785039
      vertex 31.0259 13.5345 -2.34652
      vertex 31.0927 13.6844 -0.785039
    endloop
  endfacet
  facet normal 0.451528 0.886127 -0.104409
    outer loop
      vertex 32.4077 12.8304 -2.34652
      vertex 31.0259 13.5345 -2.34652
      vertex 32.4897 12.9726 -0.785039
    endloop
  endfacet
  facet normal 0.0511587 0.976872 0.207616
    outer loop
      vertex 25 14.8153 2.34652
      vertex 25 14.4889 3.88229
      vertex 26.5486 14.7342 2.34652
    endloop
  endfacet
  facet normal 0.0512133 0.976858 0.207669
    outer loop
      vertex 26.5486 14.7342 2.34652
      vertex 25 14.4889 3.88229
      vertex 26.5145 14.4095 3.88229
    endloop
  endfacet
  facet normal 0.358368 0.93358 -0
    outer loop
      vertex 31.0927 13.6844 -0.785039
      vertex 29.6289 14.2463 0.785039
      vertex 31.0927 13.6844 0.785039
    endloop
  endfacet
  facet normal 0.358368 0.93358 0
    outer loop
      vertex 29.6289 14.2463 0.785039
      vertex 31.0927 13.6844 -0.785039
      vertex 29.6289 14.2463 -0.785039
    endloop
  endfacet
  facet normal 0.049799 0.949881 0.308621
    outer loop
      vertex 26.5145 14.4095 3.88229
      vertex 25 14.4889 3.88229
      vertex 26.4638 13.927 5.37552
    endloop
  endfacet
  facet normal 0.0478132 0.912503 0.406267
    outer loop
      vertex 25 14.0037 5.37552
      vertex 25 13.3651 6.80986
      vertex 26.4638 13.927 5.37552
    endloop
  endfacet
  facet normal 0.629213 0.777233 -0
    outer loop
      vertex 33.9512 12 -0.785039
      vertex 33.8047 12.1186 0.785039
      vertex 33.9512 12 0.785039
    endloop
  endfacet
  facet normal 0.629213 0.777233 0
    outer loop
      vertex 33.8047 12.1186 0.785039
      vertex 33.9512 12 -0.785039
      vertex 33.8047 12.1186 -0.785039
    endloop
  endfacet
  facet normal 0.497805 0.766179 0.406398
    outer loop
      vertex 32.0019 12.1276 5.37552
      vertex 31.9282 12 5.70636
      vertex 32.0847 12 5.51466
    endloop
  endfacet
  facet normal 0.310444 0.808777 0.499504
    outer loop
      vertex 29.13 12.711 6.80986
      vertex 28.899 12 8.10465
      vertex 29.7058 12 7.60322
    endloop
  endfacet
  facet normal -0.266418 0.69422 0.66864
    outer loop
      vertex -28.6023 11.0866 9.43981
      vertex -29.4523 10 10.2293
      vertex -29.1559 10 10.3474
    endloop
  endfacet
  facet normal -0.266454 0.69423 0.668615
    outer loop
      vertex -29.4523 10 10.2293
      vertex -28.6023 11.0866 9.43981
      vertex -29.7414 10.6494 9.43981
    endloop
  endfacet
  facet normal 2.38981e-07 0.669137 0.743139
    outer loop
      vertex 0 10.6066 10.6066
      vertex -17.9575 10 11.1528
      vertex 0 9.43981 11.6572
    endloop
  endfacet
  facet normal -0 0.669141 0.743136
    outer loop
      vertex -25 10.6066 10.6066
      vertex -17.9575 10 11.1528
      vertex 0 10.6066 10.6066
    endloop
  endfacet
  facet normal 0 0.669141 0.743136
    outer loop
      vertex -17.9575 10 11.1528
      vertex -25 10.6066 10.6066
      vertex -25 10 11.1528
    endloop
  endfacet
  facet normal 0 0.669133 0.743143
    outer loop
      vertex 0 9.43981 11.6572
      vertex -17.9575 10 11.1528
      vertex -18.0927 9.43981 11.6572
    endloop
  endfacet
  facet normal -0.116276 0.734462 0.668615
    outer loop
      vertex -26.2185 11.5933 9.43981
      vertex -27.4237 11.4025 9.43981
      vertex -26.1087 10.5485 10.6066
    endloop
  endfacet
  facet normal -0.0423881 0.808292 0.587254
    outer loop
      vertex -25 11.6572 9.43981
      vertex -26.315 12.5111 8.16959
      vertex -26.2185 11.5933 9.43981
    endloop
  endfacet
  facet normal 0 0.866037 0.499981
    outer loop
      vertex 25 13.3651 6.80986
      vertex -25 12.5801 8.16959
      vertex 25 12.5801 8.16959
    endloop
  endfacet
  facet normal 0 0.866037 0.499981
    outer loop
      vertex -25 12.5801 8.16959
      vertex 25 13.3651 6.80986
      vertex -25 13.3651 6.80986
    endloop
  endfacet
  facet normal 0.0424119 0.808284 0.587263
    outer loop
      vertex 25 12.5801 8.16959
      vertex 25.5279 12 8.92989
      vertex 26.315 12.5111 8.16959
    endloop
  endfacet
  facet normal 0.0423638 0.80827 0.587286
    outer loop
      vertex 25.5279 12 8.92989
      vertex 25 12.5801 8.16959
      vertex 25 12 8.96797
    endloop
  endfacet
  facet normal 0 0.913548 0.406732
    outer loop
      vertex 25 14.0037 5.37552
      vertex -25 13.3651 6.80986
      vertex 25 13.3651 6.80986
    endloop
  endfacet
  facet normal 0 0.913548 0.406732
    outer loop
      vertex -25 13.3651 6.80986
      vertex 25 14.0037 5.37552
      vertex -25 14.0037 5.37552
    endloop
  endfacet
  facet normal 0 0.978153 0.207889
    outer loop
      vertex 25 14.8153 2.34652
      vertex -25 14.4889 3.88229
      vertex 25 14.4889 3.88229
    endloop
  endfacet
  facet normal 0 0.978153 0.207889
    outer loop
      vertex -25 14.4889 3.88229
      vertex 25 14.8153 2.34652
      vertex -25 14.8153 2.34652
    endloop
  endfacet
  facet normal 0.518001 0.797762 0.308626
    outer loop
      vertex 32.2444 12.5477 3.88229
      vertex 32.4779 12 4.90612
      vertex 33.0879 12 3.88229
    endloop
  endfacet
  facet normal 0.518127 0.797704 0.308567
    outer loop
      vertex 32.4779 12 4.90612
      vertex 32.2444 12.5477 3.88229
      vertex 32.0019 12.1276 5.37552
    endloop
  endfacet
  facet normal -0.105389 -0.393318 -0.913342
    outer loop
      vertex -26.1176 -5.25805 -14.0037
      vertex -27.1044 -6.47656 -13.3651
      vertex -26.6611 -5.11242 -14.0037
    endloop
  endfacet
  facet normal -0.152253 -0.568278 -0.808628
    outer loop
      vertex -26.9626 -9.23352 -11.6572
      vertex -27.9171 -8.97779 -11.6572
      vertex -27.5245 -7.76974 -12.5801
    endloop
  endfacet
  facet normal -0.221784 -0.341513 -0.913335
    outer loop
      vertex -28.4049 -5.89751 -13.3651
      vertex -29.0027 -5.50929 -13.3651
      vertex -28.1597 -4.34889 -14.0037
    endloop
  endfacet
  facet normal -0.256294 -0.316441 -0.913333
    outer loop
      vertex -28.1597 -4.34889 -14.0037
      vertex -29.0027 -5.50929 -13.3651
      vertex -28.5969 -3.99479 -14.0037
    endloop
  endfacet
  facet normal -0.227218 -0.44594 -0.865742
    outer loop
      vertex -27.7698 -6.22111 -13.3651
      vertex -29.0848 -7.07507 -12.5801
      vertex -28.4049 -5.89751 -13.3651
    endloop
  endfacet
  facet normal -0.27258 -0.41975 -0.865743
    outer loop
      vertex -29.0848 -7.07507 -12.5801
      vertex -29.802 -6.60933 -12.5801
      vertex -28.4049 -5.89751 -13.3651
    endloop
  endfacet
  facet normal -0.218809 -0.218779 -0.950925
    outer loop
      vertex -28.5969 -3.99479 -14.0037
      vertex -27.8851 -2.59776 -14.4889
      vertex -27.5978 -2.8851 -14.4889
    endloop
  endfacet
  facet normal -0.218779 -0.218795 -0.950928
    outer loop
      vertex -27.8851 -2.59776 -14.4889
      vertex -28.5969 -3.99479 -14.0037
      vertex -28.9948 -3.59692 -14.0037
    endloop
  endfacet
  facet normal -0.174566 -0.113403 -0.978093
    outer loop
      vertex -28.1408 -2.28195 -14.4889
      vertex -28.3622 -1.94114 -14.4889
      vertex -26.8984 -1.37925 -14.8153
    endloop
  endfacet
  facet normal -0.0977296 0.0374541 -0.994508
    outer loop
      vertex -25.7466 0.24259 -14.9794
      vertex -27.1437 0.954414 -14.8153
      vertex -25.7172 0.319304 -14.9794
    endloop
  endfacet
  facet normal -0.0375116 0.0977056 -0.994508
    outer loop
      vertex -25.3193 0.717169 -14.9794
      vertex -25.9544 2.14365 -14.8153
      vertex -25.2426 0.746616 -14.9794
    endloop
  endfacet
  facet normal -0.103373 -0.0163034 -0.994509
    outer loop
      vertex -25.7679 -0.163218 -14.9794
      vertex -27.3337 -0.245277 -14.8153
      vertex -25.7807 -0.0820589 -14.9794
    endloop
  endfacet
  facet normal -0.0475224 0.0932486 -0.994508
    outer loop
      vertex -25.3925 0.679864 -14.9794
      vertex -25.9544 2.14365 -14.8153
      vertex -25.3193 0.717169 -14.9794
    endloop
  endfacet
  facet normal -0.0475052 0.0932552 -0.994508
    outer loop
      vertex -25.3925 0.679864 -14.9794
      vertex -26.1733 2.03214 -14.8153
      vertex -25.9544 2.14365 -14.8153
    endloop
  endfacet
  facet normal -0.110882 -0.288864 -0.950927
    outer loop
      vertex -26.6611 -5.11242 -14.0037
      vertex -27.1864 -4.91078 -14.0037
      vertex -26.5791 -3.54664 -14.4889
    endloop
  endfacet
  facet normal -0.129523 -0.483439 -0.865743
    outer loop
      vertex -26.6986 -7.99106 -12.5801
      vertex -27.1044 -6.47656 -13.3651
      vertex -26.4158 -6.66105 -13.3651
    endloop
  endfacet
  facet normal -0.168509 -0.259486 -0.950932
    outer loop
      vertex -27.6878 -4.65534 -14.0037
      vertex -28.1597 -4.34889 -14.0037
      vertex -27.2819 -3.14083 -14.4889
    endloop
  endfacet
  facet normal -0.194732 -0.240432 -0.950932
    outer loop
      vertex -28.1597 -4.34889 -14.0037
      vertex -28.5969 -3.99479 -14.0037
      vertex -27.2819 -3.14083 -14.4889
    endloop
  endfacet
  facet normal -0.0977075 0.0374977 -0.994509
    outer loop
      vertex -25.7466 0.24259 -14.9794
      vertex -27.2317 0.725113 -14.8153
      vertex -27.1437 0.954414 -14.8153
    endloop
  endfacet
  facet normal -0.110882 0.288864 -0.950927
    outer loop
      vertex -26.5791 3.54664 -14.4889
      vertex -27.1864 4.91078 -14.0037
      vertex -26.6611 5.11242 -14.0037
    endloop
  endfacet
  facet normal -0.0163705 -0.10337 -0.994508
    outer loop
      vertex -25.2453 -2.33366 -14.8153
      vertex -25.4879 -2.29524 -14.8153
      vertex -25.1632 -0.767884 -14.9794
    endloop
  endfacet
  facet normal 0.13547 0.85565 -0.499511
    outer loop
      vertex 27.6155 12.3052 -8.16959
      vertex 26.315 12.5111 -8.16959
      vertex 26.397 13.2919 -6.80986
    endloop
  endfacet
  facet normal 0.126609 0.799403 -0.587303
    outer loop
      vertex 27.5507 12 -8.59898
      vertex 27.0166 12 -8.71412
      vertex 27.6155 12.3052 -8.16959
    endloop
  endfacet
  facet normal 0.0423565 0.808314 -0.587226
    outer loop
      vertex 26.2613 12 -8.87699
      vertex 25.5279 12 -8.92989
      vertex 26.315 12.5111 -8.16959
    endloop
  endfacet
  facet normal 0.0424119 0.808284 -0.587263
    outer loop
      vertex 25.5279 12 -8.92989
      vertex 25 12.5801 -8.16959
      vertex 26.315 12.5111 -8.16959
    endloop
  endfacet
  facet normal 0.0423638 0.80827 -0.587286
    outer loop
      vertex 25 12.5801 -8.16959
      vertex 25.5279 12 -8.92989
      vertex 25 12 -8.96797
    endloop
  endfacet
  facet normal -0.678843 0.440805 -0.587251
    outer loop
      vertex -34.4309 6.85192 -9.43981
      vertex -35.8946 6.29003 -8.16959
      vertex -35.1775 7.39437 -8.16959
    endloop
  endfacet
  facet normal -0.661394 0.104769 -0.742685
    outer loop
      vertex -34.2335 1.96265 -11.6572
      vertex -35.5485 1.10869 -10.6066
      vertex -35.3748 2.20524 -10.6066
    endloop
  endfacet
  facet normal -0.853017 0.327424 -0.406393
    outer loop
      vertex -37.2096 5.43607 -6.80986
      vertex -37.7294 4.48163 -6.48778
      vertex -37.2687 5.46237 -6.66462
    endloop
  endfacet
  facet normal -0.853061 0.3275 -0.406241
    outer loop
      vertex -37.7294 4.48163 -6.48778
      vertex -37.2096 5.43607 -6.80986
      vertex -37.711 4.13004 -6.80986
    endloop
  endfacet
  facet normal -0.0453319 0.865146 0.499467
    outer loop
      vertex -25 13.3651 6.80986
      vertex -26.397 13.2919 6.80986
      vertex -25 12.5801 8.16959
    endloop
  endfacet
  facet normal -0.471789 0.726598 0.499471
    outer loop
      vertex -31.29 10.8946 8.16959
      vertex -32.8558 10.8126 6.80986
      vertex -32.3944 10.1775 8.16959
    endloop
  endfacet
  facet normal -0.598589 -0.739216 0.308626
    outer loop
      vertex -34.3703 -10.4068 5.37552
      vertex -34.695 -10.7673 3.88229
      vertex -33.2312 -11.3292 5.37552
    endloop
  endfacet
  facet normal -0.49763 -0.766334 0.406321
    outer loop
      vertex -31.6825 -11.5745 6.80986
      vertex -32.8558 -10.8126 6.80986
      vertex -32.0019 -12.1276 5.37552
    endloop
  endfacet
  facet normal -0.393313 -0.771886 0.499497
    outer loop
      vertex -31.29 -10.8946 8.16959
      vertex -31.6825 -11.5745 6.80986
      vertex -30.4361 -12.2096 6.80986
    endloop
  endfacet
  facet normal -0.615649 0.760193 0.207565
    outer loop
      vertex -33.7082 11.9858 2.34652
      vertex -34.695 10.7673 3.88229
      vertex -33.5164 11.7218 3.88229
    endloop
  endfacet
  facet normal -0.541683 0.834074 0.104403
    outer loop
      vertex -32.4897 12.9726 0.785039
      vertex -33.7082 11.9858 2.34652
      vertex -32.4077 12.8304 2.34652
    endloop
  endfacet
  facet normal 0.246189 -0.918763 0.30865
    outer loop
      vertex 29.3274 -13.3183 5.37552
      vertex 27.9115 -13.6977 5.37552
      vertex 28.0124 -14.1723 3.88229
    endloop
  endfacet
  facet normal 0.236501 -0.88261 0.406284
    outer loop
      vertex 29.3274 -13.3183 5.37552
      vertex 27.7788 -13.073 6.80986
      vertex 27.9115 -13.6977 5.37552
    endloop
  endfacet
  facet normal 0.126627 -0.799458 0.587225
    outer loop
      vertex 26.315 -12.5111 8.16959
      vertex 27.0166 -12 8.71412
      vertex 26.2613 -12 8.87699
    endloop
  endfacet
  facet normal 0.126569 -0.799431 0.587274
    outer loop
      vertex 27.0166 -12 8.71412
      vertex 26.315 -12.5111 8.16959
      vertex 27.6155 -12.3052 8.16959
    endloop
  endfacet
  facet normal 0.0453939 -0.865116 0.499514
    outer loop
      vertex 26.315 -12.5111 8.16959
      vertex 25 -12.5801 8.16959
      vertex 26.397 -13.2919 6.80986
    endloop
  endfacet
  facet normal -0.156451 -0.987686 0
    outer loop
      vertex -28.1144 -14.6521 -0.785039
      vertex -26.5658 -14.8974 0.785039
      vertex -28.1144 -14.6521 0.785039
    endloop
  endfacet
  facet normal -0.156451 -0.987686 -0
    outer loop
      vertex -26.5658 -14.8974 0.785039
      vertex -28.1144 -14.6521 -0.785039
      vertex -26.5658 -14.8974 -0.785039
    endloop
  endfacet
  facet normal -0.2574 -0.960653 0.104364
    outer loop
      vertex -28.0803 -14.4916 2.34652
      vertex -29.6289 -14.2463 0.785039
      vertex -28.1144 -14.6521 0.785039
    endloop
  endfacet
  facet normal -0.246233 -0.918764 0.308612
    outer loop
      vertex -29.3274 -13.3183 5.37552
      vertex -29.4773 -13.7797 3.88229
      vertex -28.0124 -14.1723 3.88229
    endloop
  endfacet
  facet normal -0.246189 -0.918763 0.30865
    outer loop
      vertex -27.9115 -13.6977 5.37552
      vertex -29.3274 -13.3183 5.37552
      vertex -28.0124 -14.1723 3.88229
    endloop
  endfacet
  facet normal -0.327481 -0.853057 -0.406264
    outer loop
      vertex -29.13 -12.711 -6.80986
      vertex -30.6958 -12.793 -5.37552
      vertex -30.4361 -12.2096 -6.80986
    endloop
  endfacet
  facet normal -0.310409 -0.808788 -0.499508
    outer loop
      vertex -29.13 -12.711 -6.80986
      vertex -30.1168 -11.4925 -8.16959
      vertex -28.8875 -11.9643 -8.16959
    endloop
  endfacet
  facet normal 0.258814 -0.965927 0
    outer loop
      vertex 28.1144 -14.6521 -0.785039
      vertex 29.6289 -14.2463 0.785039
      vertex 28.1144 -14.6521 0.785039
    endloop
  endfacet
  facet normal 0.258814 -0.965927 0
    outer loop
      vertex 29.6289 -14.2463 0.785039
      vertex 28.1144 -14.6521 -0.785039
      vertex 29.6289 -14.2463 -0.785039
    endloop
  endfacet
  facet normal 0.414792 -0.814186 -0.406262
    outer loop
      vertex 30.6958 -12.793 -5.37552
      vertex 30.4361 -12.2096 -6.80986
      vertex 32.0019 -12.1276 -5.37552
    endloop
  endfacet
  facet normal 0.451507 -0.886141 -0.104384
    outer loop
      vertex 31.0927 -13.6844 -0.785039
      vertex 31.0259 -13.5345 -2.34652
      vertex 32.4897 -12.9726 -0.785039
    endloop
  endfacet
  facet normal 0.253226 -0.944855 -0.207667
    outer loop
      vertex 29.5782 -14.0902 -2.34652
      vertex 28.0124 -14.1723 -3.88229
      vertex 29.4773 -13.7797 -3.88229
    endloop
  endfacet
  facet normal 0.246233 -0.918764 -0.308612
    outer loop
      vertex 29.4773 -13.7797 -3.88229
      vertex 28.0124 -14.1723 -3.88229
      vertex 29.3274 -13.3183 -5.37552
    endloop
  endfacet
  facet normal 0.356399 -0.928484 -0.104392
    outer loop
      vertex 29.6289 -14.2463 -0.785039
      vertex 29.5782 -14.0902 -2.34652
      vertex 31.0259 -13.5345 -2.34652
    endloop
  endfacet
  facet normal -0.0745946 -0.194336 -0.978095
    outer loop
      vertex -26.1997 -3.69227 -14.4889
      vertex -26.5791 -3.54664 -14.4889
      vertex -25.7251 -2.23167 -14.8153
    endloop
  endfacet
  facet normal -0.152996 -0.966161 -0.207668
    outer loop
      vertex -26.5486 -14.7342 -2.34652
      vertex -28.0124 -14.1723 -3.88229
      vertex -26.5145 -14.4095 -3.88229
    endloop
  endfacet
  facet normal -0.153027 -0.966162 -0.207639
    outer loop
      vertex -26.5486 -14.7342 -2.34652
      vertex -28.0803 -14.4916 -2.34652
      vertex -28.0124 -14.1723 -3.88229
    endloop
  endfacet
  facet normal -0.0497714 -0.949874 -0.308646
    outer loop
      vertex -25 -14.4889 -3.88229
      vertex -26.4638 -13.927 -5.37552
      vertex -25 -14.0037 -5.37552
    endloop
  endfacet
  facet normal -0.0478132 -0.912503 -0.406267
    outer loop
      vertex -25 -14.0037 -5.37552
      vertex -26.4638 -13.927 -5.37552
      vertex -25 -13.3651 -6.80986
    endloop
  endfacet
  facet normal -0.327473 -0.853064 -0.406256
    outer loop
      vertex -29.3274 -13.3183 -5.37552
      vertex -30.6958 -12.793 -5.37552
      vertex -29.13 -12.711 -6.80986
    endloop
  endfacet
  facet normal -0.431773 -0.847518 -0.308684
    outer loop
      vertex -30.8932 -13.2363 -3.88229
      vertex -32.0019 -12.1276 -5.37552
      vertex -30.6958 -12.793 -5.37552
    endloop
  endfacet
  facet normal -0.126564 -0.799449 -0.587251
    outer loop
      vertex -26.2185 -11.5933 -9.43981
      vertex -27.6155 -12.3052 -8.16959
      vertex -27.4237 -11.4025 -9.43981
    endloop
  endfacet
  facet normal -0.367526 -0.72116 -0.587242
    outer loop
      vertex -30.1168 -11.4925 -8.16959
      vertex -31.29 -10.8946 -8.16959
      vertex -30.8286 -10.0954 -9.43981
    endloop
  endfacet
  facet normal -0.209527 -0.781808 -0.58726
    outer loop
      vertex -27.6155 -12.3052 -8.16959
      vertex -28.8875 -11.9643 -8.16959
      vertex -28.6023 -11.0866 -9.43981
    endloop
  endfacet
  facet normal -0.290028 -0.755651 -0.587261
    outer loop
      vertex -28.8875 -11.9643 -8.16959
      vertex -29.7414 -10.6494 -9.43981
      vertex -28.6023 -11.0866 -9.43981
    endloop
  endfacet
  facet normal -0.266454 -0.69423 0.668615
    outer loop
      vertex -28.6023 -11.0866 9.43981
      vertex -29.4523 -10 10.2293
      vertex -29.7414 -10.6494 9.43981
    endloop
  endfacet
  facet normal -0.266418 -0.69422 0.66864
    outer loop
      vertex -29.4523 -10 10.2293
      vertex -28.6023 -11.0866 9.43981
      vertex -29.1559 -10 10.3474
    endloop
  endfacet
  facet normal -0.290028 -0.755651 0.587261
    outer loop
      vertex -28.6023 -11.0866 9.43981
      vertex -29.7414 -10.6494 9.43981
      vertex -28.8875 -11.9643 8.16959
    endloop
  endfacet
  facet normal -0.224194 -0.836827 0.499457
    outer loop
      vertex -27.6155 -12.3052 8.16959
      vertex -29.13 -12.711 6.80986
      vertex -27.7788 -13.073 6.80986
    endloop
  endfacet
  facet normal -0.224259 -0.836776 0.499513
    outer loop
      vertex -28.8875 -11.9643 8.16959
      vertex -29.13 -12.711 6.80986
      vertex -27.6155 -12.3052 8.16959
    endloop
  endfacet
  facet normal -0.598622 -0.739169 0.308676
    outer loop
      vertex -33.2312 -11.3292 5.37552
      vertex -34.695 -10.7673 3.88229
      vertex -33.5164 -11.7218 3.88229
    endloop
  endfacet
  facet normal -0.615586 -0.760226 0.207632
    outer loop
      vertex -34.695 -10.7673 3.88229
      vertex -34.9134 -11.0099 2.34652
      vertex -33.7082 -11.9858 2.34652
    endloop
  endfacet
  facet normal -0.625873 -0.772906 -0.104398
    outer loop
      vertex -33.8047 -12.1186 -0.785039
      vertex -35.0232 -11.1319 -0.785039
      vertex -34.9134 -11.0099 -2.34652
    endloop
  endfacet
  facet normal -0.625861 -0.772914 0.104413
    outer loop
      vertex -33.7082 -11.9858 2.34652
      vertex -34.9134 -11.0099 2.34652
      vertex -33.8047 -12.1186 0.785039
    endloop
  endfacet
  facet normal -0.451507 -0.886141 -0.104384
    outer loop
      vertex -31.0927 -13.6844 -0.785039
      vertex -32.4897 -12.9726 -0.785039
      vertex -31.0259 -13.5345 -2.34652
    endloop
  endfacet
  facet normal -0.35641 -0.928481 -0.10438
    outer loop
      vertex -29.6289 -14.2463 -0.785039
      vertex -31.0927 -13.6844 -0.785039
      vertex -31.0259 -13.5345 -2.34652
    endloop
  endfacet
  facet normal -0.541683 -0.834074 -0.104403
    outer loop
      vertex -32.4897 -12.9726 -0.785039
      vertex -33.7082 -11.9858 -2.34652
      vertex -32.4077 -12.8304 -2.34652
    endloop
  endfacet
  facet normal -0.517997 -0.797787 -0.308569
    outer loop
      vertex -32.2444 -12.5477 -3.88229
      vertex -33.5164 -11.7218 -3.88229
      vertex -32.0019 -12.1276 -5.37552
    endloop
  endfacet
  facet normal -0.253201 -0.944867 -0.207641
    outer loop
      vertex -28.0803 -14.4916 -2.34652
      vertex -29.5782 -14.0902 -2.34652
      vertex -28.0124 -14.1723 -3.88229
    endloop
  endfacet
  facet normal -0.444118 -0.871583 -0.20761
    outer loop
      vertex -31.0259 -13.5345 -2.34652
      vertex -32.4077 -12.8304 -2.34652
      vertex -30.8932 -13.2363 -3.88229
    endloop
  endfacet
  facet normal -0.356399 -0.928484 -0.104392
    outer loop
      vertex -29.6289 -14.2463 -0.785039
      vertex -31.0259 -13.5345 -2.34652
      vertex -29.5782 -14.0902 -2.34652
    endloop
  endfacet
  facet normal -0.350548 -0.913243 -0.207614
    outer loop
      vertex -29.5782 -14.0902 -2.34652
      vertex -31.0259 -13.5345 -2.34652
      vertex -30.8932 -13.2363 -3.88229
    endloop
  endfacet
  facet normal -0.35641 -0.928481 0.10438
    outer loop
      vertex -31.0259 -13.5345 2.34652
      vertex -31.0927 -13.6844 0.785039
      vertex -29.6289 -14.2463 0.785039
    endloop
  endfacet
  facet normal -0.358368 -0.93358 0
    outer loop
      vertex -31.0927 -13.6844 -0.785039
      vertex -29.6289 -14.2463 0.785039
      vertex -31.0927 -13.6844 0.785039
    endloop
  endfacet
  facet normal -0.358368 -0.93358 -0
    outer loop
      vertex -29.6289 -14.2463 0.785039
      vertex -31.0927 -13.6844 -0.785039
      vertex -29.6289 -14.2463 -0.785039
    endloop
  endfacet
  facet normal -0.902494 -0.142993 -0.406273
    outer loop
      vertex -38.3104 -2.82922 -6.26474
      vertex -38.4234 -2.23925 -6.22137
      vertex -38.073 -2.77876 -6.80986
    endloop
  endfacet
  facet normal -0.568271 -0.152248 -0.808634
    outer loop
      vertex -33.9778 -2.91706 -11.6572
      vertex -34.2335 -1.96265 -11.6572
      vertex -32.7697 -2.52454 -12.5801
    endloop
  endfacet
  facet normal -0.781807 -0.209548 -0.587255
    outer loop
      vertex -36.0866 -3.60227 -9.43981
      vertex -37.3052 -2.61554 -8.16959
      vertex -36.4025 -2.42367 -9.43981
    endloop
  endfacet
  facet normal -0.912486 -0.0478114 -0.406305
    outer loop
      vertex -38.2919 -1.39703 -6.80986
      vertex -38.6277 -0.683994 -6.13962
      vertex -38.3651 0 -6.80986
    endloop
  endfacet
  facet normal -0.912481 -0.0477965 -0.406318
    outer loop
      vertex -38.6277 -0.683994 -6.13962
      vertex -38.2919 -1.39703 -6.80986
      vertex -38.6011 -1.07654 -6.15318
    endloop
  endfacet
  facet normal -0.912496 -0.0479098 -0.40627
    outer loop
      vertex -38.6011 -1.07654 -6.15318
      vertex -38.2919 -1.39703 -6.80986
      vertex -38.5789 -1.4272 -6.16169
    endloop
  endfacet
  facet normal -0.64683 -0.173291 -0.742685
    outer loop
      vertex -35.0875 -3.27762 -10.6066
      vertex -35.3748 -2.20524 -10.6066
      vertex -34.2335 -1.96265 -11.6572
    endloop
  endfacet
  facet normal -0.799447 0.126565 -0.587253
    outer loop
      vertex -36.5933 1.21851 -9.43981
      vertex -37.5111 1.31497 -8.16959
      vertex -37.3052 2.61554 -8.16959
    endloop
  endfacet
  facet normal -0.855648 -0.135462 -0.499516
    outer loop
      vertex -37.3052 -2.61554 -8.16959
      vertex -38.2919 -1.39703 -6.80986
      vertex -37.5111 -1.31497 -8.16959
    endloop
  endfacet
  facet normal -0.662548 0.337566 -0.66864
    outer loop
      vertex -34.6896 4.31409 -10.6066
      vertex -35.6494 4.74141 -9.43981
      vertex -34.1856 5.3033 -10.6066
    endloop
  endfacet
  facet normal -0.545008 0.673659 -0.499149
    outer loop
      vertex -33.5149 10 -7.1857
      vertex -32.3944 10.1775 -8.16959
      vertex -33.3118 10 -7.40746
    endloop
  endfacet
  facet normal -0.545211 0.673241 -0.499491
    outer loop
      vertex -33.4177 9.3488 -8.16959
      vertex -33.3118 10 -7.40746
      vertex -32.3944 10.1775 -8.16959
    endloop
  endfacet
  facet normal -0.545218 0.673239 -0.499487
    outer loop
      vertex -33.3118 10 -7.40746
      vertex -33.4177 9.3488 -8.16959
      vertex -33.7204 9.68499 -7.38604
    endloop
  endfacet
  facet normal -0.646827 -0.173294 -0.742687
    outer loop
      vertex -33.9778 -2.91706 -11.6572
      vertex -35.0875 -3.27762 -10.6066
      vertex -34.2335 -1.96265 -11.6572
    endloop
  endfacet
  facet normal -0.71829 -0.192436 -0.668602
    outer loop
      vertex -35.0875 -3.27762 -10.6066
      vertex -36.0866 -3.60227 -9.43981
      vertex -35.3748 -2.20524 -10.6066
    endloop
  endfacet
  facet normal -0.46726 -0.179402 -0.865727
    outer loop
      vertex -31.2211 -2.76982 -13.3651
      vertex -32.7697 -2.52454 -12.5801
      vertex -31.4766 -2.10436 -13.3651
    endloop
  endfacet
  facet normal -0.581069 0.0920496 -0.808632
    outer loop
      vertex -33.1248 0.853953 -12.5801
      vertex -34.3881 0.986728 -11.6572
      vertex -34.2335 1.96265 -11.6572
    endloop
  endfacet
  facet normal -0.362823 -0.184865 -0.913337
    outer loop
      vertex -30.8975 -3.40493 -13.3651
      vertex -31.2211 -2.76982 -13.3651
      vertex -29.9108 -2.18642 -14.0037
    endloop
  endfacet
  facet normal -0.362793 -0.184892 -0.913343
    outer loop
      vertex -29.6553 -2.68776 -14.0037
      vertex -30.8975 -3.40493 -13.3651
      vertex -29.9108 -2.18642 -14.0037
    endloop
  endfacet
  facet normal -0.755656 -0.290013 -0.587262
    outer loop
      vertex -36.4925 -5.11677 -8.16959
      vertex -36.9643 -3.88745 -8.16959
      vertex -35.6494 -4.74141 -9.43981
    endloop
  endfacet
  facet normal -0.755656 -0.29002 -0.587258
    outer loop
      vertex -35.6494 -4.74141 -9.43981
      vertex -36.9643 -3.88745 -8.16959
      vertex -36.0866 -3.60227 -9.43981
    endloop
  endfacet
  facet normal -0.882621 -0.236481 -0.406272
    outer loop
      vertex -38.1561 -3.30336 -6.32397
      vertex -38.3104 -2.82922 -6.26474
      vertex -38.073 -2.77876 -6.80986
    endloop
  endfacet
  facet normal -0.532797 -0.820392 -0.207566
    outer loop
      vertex -32.4077 -12.8304 -2.34652
      vertex -33.7082 -11.9858 -2.34652
      vertex -33.5164 -11.7218 -3.88229
    endloop
  endfacet
  facet normal -0.598589 -0.739216 -0.308626
    outer loop
      vertex -33.2312 -11.3292 -5.37552
      vertex -34.695 -10.7673 -3.88229
      vertex -34.3703 -10.4068 -5.37552
    endloop
  endfacet
  facet normal -0.314959 -0.388977 -0.865736
    outer loop
      vertex -29.0027 -5.50929 -13.3651
      vertex -30.4665 -6.07119 -12.5801
      vertex -29.5567 -5.06071 -13.3651
    endloop
  endfacet
  facet normal -0.353919 -0.353898 -0.865735
    outer loop
      vertex -30.4665 -6.07119 -12.5801
      vertex -30.0607 -4.55668 -13.3651
      vertex -29.5567 -5.06071 -13.3651
    endloop
  endfacet
  facet normal -0.353891 -0.353909 -0.865742
    outer loop
      vertex -30.0607 -4.55668 -13.3651
      vertex -30.4665 -6.07119 -12.5801
      vertex -31.0712 -5.46652 -12.5801
    endloop
  endfacet
  facet normal -0.0307933 -0.587521 -0.808623
    outer loop
      vertex -25 -8.16959 -12.5801
      vertex -25.9867 -9.38809 -11.6572
      vertex -25.854 -8.12483 -12.5801
    endloop
  endfacet
  facet normal -0.0307961 -0.587519 -0.808624
    outer loop
      vertex -25 -9.43981 -11.6572
      vertex -25.9867 -9.38809 -11.6572
      vertex -25 -8.16959 -12.5801
    endloop
  endfacet
  facet normal -0.12955 -0.483443 -0.865736
    outer loop
      vertex -26.6986 -7.99106 -12.5801
      vertex -27.5245 -7.76974 -12.5801
      vertex -27.1044 -6.47656 -13.3651
    endloop
  endfacet
  facet normal -0.152285 -0.568284 -0.808618
    outer loop
      vertex -26.9626 -9.23352 -11.6572
      vertex -27.5245 -7.76974 -12.5801
      vertex -26.6986 -7.99106 -12.5801
    endloop
  endfacet
  facet normal -0.561618 -0.364684 -0.742692
    outer loop
      vertex -32.637 -5.54858 -11.6572
      vertex -34.1856 -5.3033 -10.6066
      vertex -33.1751 -4.7199 -11.6572
    endloop
  endfacet
  facet normal -0.493434 -0.320409 -0.808617
    outer loop
      vertex -32.637 -5.54858 -11.6572
      vertex -33.1751 -4.7199 -11.6572
      vertex -32.0751 -4.08479 -12.5801
    endloop
  endfacet
  facet normal -0.314979 -0.388938 -0.865746
    outer loop
      vertex -29.802 -6.60933 -12.5801
      vertex -30.4665 -6.07119 -12.5801
      vertex -29.0027 -5.50929 -13.3651
    endloop
  endfacet
  facet normal -0.370264 -0.457205 -0.808621
    outer loop
      vertex -29.802 -6.60933 -12.5801
      vertex -30.5486 -7.63696 -11.6572
      vertex -30.4665 -6.07119 -12.5801
    endloop
  endfacet
  facet normal -0.316449 -0.256267 -0.913338
    outer loop
      vertex -30.0607 -4.55668 -13.3651
      vertex -30.5093 -4.00273 -13.3651
      vertex -28.9948 -3.59692 -14.0037
    endloop
  endfacet
  facet normal -0.287916 -0.287938 -0.913343
    outer loop
      vertex -29.5567 -5.06071 -13.3651
      vertex -28.9948 -3.59692 -14.0037
      vertex -28.5969 -3.99479 -14.0037
    endloop
  endfacet
  facet normal -0.287943 -0.287926 -0.913339
    outer loop
      vertex -28.9948 -3.59692 -14.0037
      vertex -29.5567 -5.06071 -13.3651
      vertex -30.0607 -4.55668 -13.3651
    endloop
  endfacet
  facet normal -0.577869 -0.467958 -0.668642
    outer loop
      vertex -33.663 -7.80018 -9.43981
      vertex -34.4309 -6.85192 -9.43981
      vertex -32.8822 -7.0972 -10.6066
    endloop
  endfacet
  facet normal -0.50936 -0.629039 -0.58725
    outer loop
      vertex -31.8519 -9.43086 -9.43981
      vertex -33.4177 -9.3488 -8.16959
      vertex -32.8002 -8.66298 -9.43981
    endloop
  endfacet
  facet normal -0.629022 -0.509381 -0.58725
    outer loop
      vertex -34.3488 -8.4177 -8.16959
      vertex -34.4309 -6.85192 -9.43981
      vertex -33.663 -7.80018 -9.43981
    endloop
  endfacet
  facet normal -0.596667 -0.304 -0.74268
    outer loop
      vertex -34.1856 -5.3033 -10.6066
      vertex -34.6896 -4.31409 -10.6066
      vertex -33.6237 -3.83951 -11.6572
    endloop
  endfacet
  facet normal -0.662548 -0.337566 -0.66864
    outer loop
      vertex -34.1856 -5.3033 -10.6066
      vertex -35.6494 -4.74141 -9.43981
      vertex -34.6896 -4.31409 -10.6066
    endloop
  endfacet
  facet normal -0.494298 -0.0783545 -0.865754
    outer loop
      vertex -31.661 -1.41585 -13.3651
      vertex -32.9911 -1.69855 -12.5801
      vertex -31.7726 -0.711823 -13.3651
    endloop
  endfacet
  facet normal -0.549264 -0.210808 -0.808622
    outer loop
      vertex -32.4633 -3.32287 -12.5801
      vertex -33.6237 -3.83951 -11.6572
      vertex -32.7697 -2.52454 -12.5801
    endloop
  endfacet
  facet normal 0.350548 -0.913243 0.207614
    outer loop
      vertex 30.8932 -13.2363 3.88229
      vertex 29.5782 -14.0902 2.34652
      vertex 31.0259 -13.5345 2.34652
    endloop
  endfacet
  facet normal 0.356399 -0.928484 0.104392
    outer loop
      vertex 31.0259 -13.5345 2.34652
      vertex 29.5782 -14.0902 2.34652
      vertex 29.6289 -14.2463 0.785039
    endloop
  endfacet
  facet normal 0.350492 -0.913252 0.207667
    outer loop
      vertex 30.8932 -13.2363 3.88229
      vertex 29.4773 -13.7797 3.88229
      vertex 29.5782 -14.0902 2.34652
    endloop
  endfacet
  facet normal 0.340805 -0.888013 0.308681
    outer loop
      vertex 30.6958 -12.793 5.37552
      vertex 29.4773 -13.7797 3.88229
      vertex 30.8932 -13.2363 3.88229
    endloop
  endfacet
  facet normal 0.532722 -0.820433 0.207599
    outer loop
      vertex 32.2444 -12.5477 3.88229
      vertex 33.2381 -12 3.49686
      vertex 33.0879 -12 3.88229
    endloop
  endfacet
  facet normal 0.532734 -0.820408 0.207665
    outer loop
      vertex 33.2381 -12 3.49686
      vertex 32.2444 -12.5477 3.88229
      vertex 32.4077 -12.8304 2.34652
    endloop
  endfacet
  facet normal 0.518127 -0.797704 0.308567
    outer loop
      vertex 32.2444 -12.5477 3.88229
      vertex 32.4779 -12 4.90612
      vertex 32.0019 -12.1276 5.37552
    endloop
  endfacet
  facet normal 0.518001 -0.797762 0.308626
    outer loop
      vertex 32.4779 -12 4.90612
      vertex 32.2444 -12.5477 3.88229
      vertex 33.0879 -12 3.88229
    endloop
  endfacet
  facet normal 0.224194 -0.836827 0.499457
    outer loop
      vertex 29.13 -12.711 6.80986
      vertex 27.6155 -12.3052 8.16959
      vertex 27.7788 -13.073 6.80986
    endloop
  endfacet
  facet normal 0.224241 -0.83679 0.499498
    outer loop
      vertex 29.13 -12.711 6.80986
      vertex 28.7544 -12 8.16959
      vertex 27.6155 -12.3052 8.16959
    endloop
  endfacet
  facet normal 0.224329 -0.836761 0.499507
    outer loop
      vertex 28.7544 -12 8.16959
      vertex 29.13 -12.711 6.80986
      vertex 28.899 -12 8.10465
    endloop
  endfacet
  facet normal 0.224241 -0.83679 -0.499498
    outer loop
      vertex 28.7544 -12 -8.16959
      vertex 29.13 -12.711 -6.80986
      vertex 27.6155 -12.3052 -8.16959
    endloop
  endfacet
  facet normal 0.224329 -0.836761 -0.499507
    outer loop
      vertex 29.13 -12.711 -6.80986
      vertex 28.7544 -12 -8.16959
      vertex 28.899 -12 -8.10465
    endloop
  endfacet
  facet normal 0.126569 -0.799431 -0.587274
    outer loop
      vertex 26.315 -12.5111 -8.16959
      vertex 27.0166 -12 -8.71412
      vertex 27.6155 -12.3052 -8.16959
    endloop
  endfacet
  facet normal 0.126627 -0.799458 -0.587225
    outer loop
      vertex 27.0166 -12 -8.71412
      vertex 26.315 -12.5111 -8.16959
      vertex 26.2613 -12 -8.87699
    endloop
  endfacet
  facet normal 0.135552 -0.855671 -0.499452
    outer loop
      vertex 27.7788 -13.073 -6.80986
      vertex 26.397 -13.2919 -6.80986
      vertex 27.6155 -12.3052 -8.16959
    endloop
  endfacet
  facet normal 0.224194 -0.836827 -0.499457
    outer loop
      vertex 27.7788 -13.073 -6.80986
      vertex 27.6155 -12.3052 -8.16959
      vertex 29.13 -12.711 -6.80986
    endloop
  endfacet
  facet normal 0.0423565 -0.808314 -0.587226
    outer loop
      vertex 26.315 -12.5111 -8.16959
      vertex 25.5279 -12 -8.92989
      vertex 26.2613 -12 -8.87699
    endloop
  endfacet
  facet normal 0.0453319 -0.865146 -0.499467
    outer loop
      vertex 26.397 -13.2919 -6.80986
      vertex 25 -13.3651 -6.80986
      vertex 25 -12.5801 -8.16959
    endloop
  endfacet
  facet normal 0 -0.743139 -0.669137
    outer loop
      vertex -25 -10.6066 -10.6066
      vertex 0 -11.6572 -9.43981
      vertex -25 -11.6572 -9.43981
    endloop
  endfacet
  facet normal 0 -0.743139 -0.669137
    outer loop
      vertex 0 -11.6572 -9.43981
      vertex -25 -10.6066 -10.6066
      vertex 0 -10.6066 -10.6066
    endloop
  endfacet
  facet normal -0.0636985 0.402186 -0.913339
    outer loop
      vertex -25.5619 5.34607 -14.0037
      vertex -26.4158 6.66105 -13.3651
      vertex -25.7118 6.77255 -13.3651
    endloop
  endfacet
  facet normal -0.104756 0.661393 -0.742688
    outer loop
      vertex -25.9867 9.38809 -11.6572
      vertex -26.9626 9.23352 -11.6572
      vertex -26.1087 10.5485 -10.6066
    endloop
  endfacet
  facet normal -0.337583 0.662546 -0.668633
    outer loop
      vertex -29.3141 9.68961 -10.6066
      vertex -30.3033 9.18559 -10.6066
      vertex -29.7414 10.6494 -9.43981
    endloop
  endfacet
  facet normal -0.17329 0.646835 -0.742681
    outer loop
      vertex -26.9626 9.23352 -11.6572
      vertex -28.2776 10.0875 -10.6066
      vertex -27.2052 10.3748 -10.6066
    endloop
  endfacet
  facet normal -0.0108958 0.207876 -0.978095
    outer loop
      vertex -25.2453 2.33366 -14.8153
      vertex -25.4058 3.86102 -14.4889
      vertex -25 3.88229 -14.4889
    endloop
  endfacet
  facet normal -0.0325609 0.205599 -0.978094
    outer loop
      vertex -25.2453 2.33366 -14.8153
      vertex -25.8072 3.79745 -14.4889
      vertex -25.4058 3.86102 -14.4889
    endloop
  endfacet
  facet normal -0.210847 0.549237 -0.80863
    outer loop
      vertex -27.5245 7.76974 -12.5801
      vertex -28.8395 8.62369 -11.6572
      vertex -27.9171 8.97779 -11.6572
    endloop
  endfacet
  facet normal -0.0745979 0.194334 -0.978095
    outer loop
      vertex -25.9544 2.14365 -14.8153
      vertex -26.5791 3.54664 -14.4889
      vertex -25.7251 2.23167 -14.8153
    endloop
  endfacet
  facet normal -0.0782925 0.494331 -0.865741
    outer loop
      vertex -26.4158 6.66105 -13.3651
      vertex -26.6986 7.99106 -12.5801
      vertex -25.7118 6.77255 -13.3651
    endloop
  endfacet
  facet normal -0.0920343 0.581088 -0.80862
    outer loop
      vertex -26.6986 7.99106 -12.5801
      vertex -26.9626 9.23352 -11.6572
      vertex -25.854 8.12483 -12.5801
    endloop
  endfacet
  facet normal -0.525814 0.525788 -0.66863
    outer loop
      vertex -32.8822 7.0972 -10.6066
      vertex -32.8002 8.66298 -9.43981
      vertex -32.0972 7.88224 -10.6066
    endloop
  endfacet
  facet normal -0.525794 0.525794 -0.668641
    outer loop
      vertex -32.8002 8.66298 -9.43981
      vertex -32.8822 7.0972 -10.6066
      vertex -33.663 7.80018 -9.43981
    endloop
  endfacet
  facet normal -0.467946 0.577894 -0.66863
    outer loop
      vertex -32.0972 7.88224 -10.6066
      vertex -32.8002 8.66298 -9.43981
      vertex -31.8519 9.43086 -9.43981
    endloop
  endfacet
  facet normal -0.236501 0.88261 -0.406284
    outer loop
      vertex -27.7788 13.073 -6.80986
      vertex -29.3274 13.3183 -5.37552
      vertex -27.9115 13.6977 -5.37552
    endloop
  endfacet
  facet normal -0.414792 0.814186 -0.406262
    outer loop
      vertex -30.4361 12.2096 -6.80986
      vertex -32.0019 12.1276 -5.37552
      vertex -30.6958 12.793 -5.37552
    endloop
  endfacet
  facet normal -0.350492 0.913252 -0.207667
    outer loop
      vertex -29.4773 13.7797 -3.88229
      vertex -30.8932 13.2363 -3.88229
      vertex -29.5782 14.0902 -2.34652
    endloop
  endfacet
  facet normal -0.0512133 0.976858 -0.207669
    outer loop
      vertex -26.5145 14.4095 -3.88229
      vertex -26.5486 14.7342 -2.34652
      vertex -25 14.4889 -3.88229
    endloop
  endfacet
  facet normal -0.2574 0.960653 -0.104364
    outer loop
      vertex -28.0803 14.4916 -2.34652
      vertex -29.6289 14.2463 -0.785039
      vertex -28.1144 14.6521 -0.785039
    endloop
  endfacet
  facet normal 0 0.978153 -0.207889
    outer loop
      vertex 25 14.4889 -3.88229
      vertex -25 14.8153 -2.34652
      vertex 25 14.8153 -2.34652
    endloop
  endfacet
  facet normal 0 0.978153 -0.207889
    outer loop
      vertex -25 14.8153 -2.34652
      vertex 25 14.4889 -3.88229
      vertex -25 14.4889 -3.88229
    endloop
  endfacet
  facet normal 0.0511587 0.976872 -0.207616
    outer loop
      vertex 26.5486 14.7342 -2.34652
      vertex 25 14.4889 -3.88229
      vertex 25 14.8153 -2.34652
    endloop
  endfacet
  facet normal 0.2574 0.960653 -0.104364
    outer loop
      vertex 29.6289 14.2463 -0.785039
      vertex 28.0803 14.4916 -2.34652
      vertex 28.1144 14.6521 -0.785039
    endloop
  endfacet
  facet normal 0.2574 0.960653 0.104364
    outer loop
      vertex 28.1144 14.6521 0.785039
      vertex 28.0803 14.4916 2.34652
      vertex 29.6289 14.2463 0.785039
    endloop
  endfacet
  facet normal -0.615586 0.760226 0.207632
    outer loop
      vertex -33.7082 11.9858 2.34652
      vertex -34.9134 11.0099 2.34652
      vertex -34.695 10.7673 3.88229
    endloop
  endfacet
  facet normal -0.155582 0.982293 0.104379
    outer loop
      vertex -26.5658 14.8974 0.785039
      vertex -28.0803 14.4916 2.34652
      vertex -26.5486 14.7342 2.34652
    endloop
  endfacet
  facet normal -0.155596 0.982292 0.104365
    outer loop
      vertex -26.5658 14.8974 0.785039
      vertex -28.1144 14.6521 0.785039
      vertex -28.0803 14.4916 2.34652
    endloop
  endfacet
  facet normal -0.356399 0.928484 0.104392
    outer loop
      vertex -29.6289 14.2463 0.785039
      vertex -31.0259 13.5345 2.34652
      vertex -29.5782 14.0902 2.34652
    endloop
  endfacet
  facet normal -0.126564 0.799449 -0.587251
    outer loop
      vertex -27.4237 11.4025 -9.43981
      vertex -27.6155 12.3052 -8.16959
      vertex -26.2185 11.5933 -9.43981
    endloop
  endfacet
  facet normal -0.327481 0.853057 -0.406264
    outer loop
      vertex -30.4361 12.2096 -6.80986
      vertex -30.6958 12.793 -5.37552
      vertex -29.13 12.711 -6.80986
    endloop
  endfacet
  facet normal -0.209549 0.781812 -0.587247
    outer loop
      vertex -27.4237 11.4025 -9.43981
      vertex -28.6023 11.0866 -9.43981
      vertex -27.6155 12.3052 -8.16959
    endloop
  endfacet
  facet normal -0.224259 0.836776 -0.499513
    outer loop
      vertex -28.8875 11.9643 -8.16959
      vertex -29.13 12.711 -6.80986
      vertex -27.6155 12.3052 -8.16959
    endloop
  endfacet
  facet normal -0.0423881 0.808292 -0.587254
    outer loop
      vertex -26.2185 11.5933 -9.43981
      vertex -26.315 12.5111 -8.16959
      vertex -25 11.6572 -9.43981
    endloop
  endfacet
  facet normal -0.0389425 0.742589 -0.668614
    outer loop
      vertex -26.1087 10.5485 -10.6066
      vertex -26.2185 11.5933 -9.43981
      vertex -25 11.6572 -9.43981
    endloop
  endfacet
  facet normal -0.51808 0.79769 -0.30868
    outer loop
      vertex -33.2312 11.3292 -5.37552
      vertex -33.5164 11.7218 -3.88229
      vertex -32.0019 12.1276 -5.37552
    endloop
  endfacet
  facet normal -0.598622 0.739169 -0.308676
    outer loop
      vertex -33.2312 11.3292 -5.37552
      vertex -34.695 10.7673 -3.88229
      vertex -33.5164 11.7218 -3.88229
    endloop
  endfacet
  facet normal -0.776933 0.629583 0
    outer loop
      vertex -36.1507 10 -0.785039
      vertex -36.1319 10.0232 0.785039
      vertex -36.1319 10.0232 -0.785039
    endloop
  endfacet
  facet normal -0.776933 0.629583 0
    outer loop
      vertex -36.1319 10.0232 0.785039
      vertex -36.1507 10 -0.785039
      vertex -36.1507 10 0.785039
    endloop
  endfacet
  facet normal -0.340805 0.888013 0.308681
    outer loop
      vertex -29.4773 13.7797 3.88229
      vertex -30.8932 13.2363 3.88229
      vertex -30.6958 12.793 5.37552
    endloop
  endfacet
  facet normal -0.598622 0.739169 0.308676
    outer loop
      vertex -33.5164 11.7218 3.88229
      vertex -34.695 10.7673 3.88229
      vertex -33.2312 11.3292 5.37552
    endloop
  endfacet
  facet normal 0.209554 0.781777 -0.587292
    outer loop
      vertex 27.8626 12 -8.48769
      vertex 27.5507 12 -8.59898
      vertex 27.6155 12.3052 -8.16959
    endloop
  endfacet
  facet normal 0.142971 0.902499 -0.406269
    outer loop
      vertex 27.7788 13.073 -6.80986
      vertex 26.397 13.2919 -6.80986
      vertex 26.4638 13.927 -5.37552
    endloop
  endfacet
  facet normal 0.0478133 0.912503 -0.406267
    outer loop
      vertex 26.397 13.2919 -6.80986
      vertex 25 13.3651 -6.80986
      vertex 26.4638 13.927 -5.37552
    endloop
  endfacet
  facet normal 0.350492 0.913252 -0.207667
    outer loop
      vertex 30.8932 13.2363 -3.88229
      vertex 29.4773 13.7797 -3.88229
      vertex 29.5782 14.0902 -2.34652
    endloop
  endfacet
  facet normal 0.340805 0.888013 -0.308681
    outer loop
      vertex 30.6958 12.793 -5.37552
      vertex 29.4773 13.7797 -3.88229
      vertex 30.8932 13.2363 -3.88229
    endloop
  endfacet
  facet normal 0.0512133 0.976858 -0.207669
    outer loop
      vertex 26.5145 14.4095 -3.88229
      vertex 25 14.4889 -3.88229
      vertex 26.5486 14.7342 -2.34652
    endloop
  endfacet
  facet normal 0.350548 0.913243 -0.207614
    outer loop
      vertex 30.8932 13.2363 -3.88229
      vertex 29.5782 14.0902 -2.34652
      vertex 31.0259 13.5345 -2.34652
    endloop
  endfacet
  facet normal 0.356399 0.928484 -0.104392
    outer loop
      vertex 31.0259 13.5345 -2.34652
      vertex 29.5782 14.0902 -2.34652
      vertex 29.6289 14.2463 -0.785039
    endloop
  endfacet
  facet normal 0.236501 0.88261 0.406284
    outer loop
      vertex 27.9115 13.6977 5.37552
      vertex 27.7788 13.073 6.80986
      vertex 29.3274 13.3183 5.37552
    endloop
  endfacet
  facet normal 0.246233 0.918764 0.308612
    outer loop
      vertex 29.4773 13.7797 3.88229
      vertex 28.0124 14.1723 3.88229
      vertex 29.3274 13.3183 5.37552
    endloop
  endfacet
  facet normal 0.532722 0.820433 0.207599
    outer loop
      vertex 33.2381 12 3.49686
      vertex 32.2444 12.5477 3.88229
      vertex 33.0879 12 3.88229
    endloop
  endfacet
  facet normal 0.532734 0.820408 0.207665
    outer loop
      vertex 32.2444 12.5477 3.88229
      vertex 33.2381 12 3.49686
      vertex 32.4077 12.8304 2.34652
    endloop
  endfacet
  facet normal 0.453987 0.891008 -0
    outer loop
      vertex 32.4897 12.9726 -0.785039
      vertex 31.0927 13.6844 0.785039
      vertex 32.4897 12.9726 0.785039
    endloop
  endfacet
  facet normal 0.453987 0.891008 0
    outer loop
      vertex 31.0927 13.6844 0.785039
      vertex 32.4897 12.9726 -0.785039
      vertex 31.0927 13.6844 -0.785039
    endloop
  endfacet
  facet normal 0.541677 0.834081 0.104379
    outer loop
      vertex 32.4897 12.9726 0.785039
      vertex 33.7185 12 2.1801
      vertex 33.8047 12.1186 0.785039
    endloop
  endfacet
  facet normal 0.541815 0.834013 0.10421
    outer loop
      vertex 33.7185 12 2.1801
      vertex 32.4897 12.9726 0.785039
      vertex 33.6908 12 2.32412
    endloop
  endfacet
  facet normal 0.625871 0.77291 -0.104381
    outer loop
      vertex 33.9233 12 -0.952108
      vertex 33.7185 12 -2.1801
      vertex 33.8047 12.1186 -0.785039
    endloop
  endfacet
  facet normal 0.0453939 0.865116 0.499514
    outer loop
      vertex 26.397 13.2919 6.80986
      vertex 25 12.5801 8.16959
      vertex 26.315 12.5111 8.16959
    endloop
  endfacet
  facet normal -0.104772 0.661383 0.742695
    outer loop
      vertex -27.2052 10.3748 10.6066
      vertex -26.4649 10 11.0448
      vertex -26.1087 10.5485 10.6066
    endloop
  endfacet
  facet normal -0.104766 0.661389 0.74269
    outer loop
      vertex -26.4649 10 11.0448
      vertex -27.2052 10.3748 10.6066
      vertex -27.1256 10 10.9516
    endloop
  endfacet
  facet normal -0.0389138 0.742576 0.66863
    outer loop
      vertex -25 11.6572 9.43981
      vertex -26.1087 10.5485 10.6066
      vertex -25 10.6066 10.6066
    endloop
  endfacet
  facet normal -0.142971 0.902499 0.406269
    outer loop
      vertex -26.4638 13.927 5.37552
      vertex -27.7788 13.073 6.80986
      vertex -26.397 13.2919 6.80986
    endloop
  endfacet
  facet normal -0.0424116 0.80828 0.587269
    outer loop
      vertex -25 12.5801 8.16959
      vertex -26.315 12.5111 8.16959
      vertex -25 11.6572 9.43981
    endloop
  endfacet
  facet normal 0.13547 0.85565 0.499511
    outer loop
      vertex 26.397 13.2919 6.80986
      vertex 26.315 12.5111 8.16959
      vertex 27.6155 12.3052 8.16959
    endloop
  endfacet
  facet normal 0.135552 0.855671 0.499452
    outer loop
      vertex 27.7788 13.073 6.80986
      vertex 26.397 13.2919 6.80986
      vertex 27.6155 12.3052 8.16959
    endloop
  endfacet
  facet normal -0.0497714 0.949874 0.308646
    outer loop
      vertex -25 14.4889 3.88229
      vertex -26.4638 13.927 5.37552
      vertex -25 14.0037 5.37552
    endloop
  endfacet
  facet normal -0.0478132 0.912503 0.406267
    outer loop
      vertex -25 14.0037 5.37552
      vertex -26.4638 13.927 5.37552
      vertex -25 13.3651 6.80986
    endloop
  endfacet
  facet normal -0.148801 0.939465 0.308649
    outer loop
      vertex -26.4638 13.927 5.37552
      vertex -28.0124 14.1723 3.88229
      vertex -27.9115 13.6977 5.37552
    endloop
  endfacet
  facet normal -0.246189 0.918763 0.30865
    outer loop
      vertex -28.0124 14.1723 3.88229
      vertex -29.3274 13.3183 5.37552
      vertex -27.9115 13.6977 5.37552
    endloop
  endfacet
  facet normal 0.497785 0.766184 0.406414
    outer loop
      vertex 32.1983 12 5.37552
      vertex 32.0019 12.1276 5.37552
      vertex 32.0847 12 5.51466
    endloop
  endfacet
  facet normal -0.0877909 -0.0569816 -0.994508
    outer loop
      vertex -26.8984 -1.37925 -14.8153
      vertex -27.0321 -1.17326 -14.8153
      vertex -25.6799 -0.392519 -14.9794
    endloop
  endfacet
  facet normal -0.0945157 -0.185465 -0.978095
    outer loop
      vertex -26.5791 -3.54664 -14.4889
      vertex -26.9411 -3.36216 -14.4889
      vertex -25.9544 -2.14365 -14.8153
    endloop
  endfacet
  facet normal -0.130975 -0.161791 -0.978095
    outer loop
      vertex -27.2819 -3.14083 -14.4889
      vertex -27.5978 -2.8851 -14.4889
      vertex -26.3792 -1.89837 -14.8153
    endloop
  endfacet
  facet normal -0.0270925 0.101091 -0.994508
    outer loop
      vertex -25.1632 0.767884 -14.9794
      vertex -25.7251 2.23167 -14.8153
      vertex -25.4879 2.29524 -14.8153
    endloop
  endfacet
  facet normal -0.101102 0.0270606 -0.994508
    outer loop
      vertex -25.7679 0.163218 -14.9794
      vertex -27.2952 0.487868 -14.8153
      vertex -27.2317 0.725113 -14.8153
    endloop
  endfacet
  facet normal -0.161786 0.130992 -0.978093
    outer loop
      vertex -26.8984 1.37925 -14.8153
      vertex -28.1408 2.28195 -14.4889
      vertex -27.8851 2.59776 -14.4889
    endloop
  endfacet
  facet normal -0.0932385 0.0475467 -0.994508
    outer loop
      vertex -25.6799 0.392519 -14.9794
      vertex -27.1437 0.954414 -14.8153
      vertex -27.0321 1.17326 -14.8153
    endloop
  endfacet
  facet normal -0.101078 0.0271249 -0.994509
    outer loop
      vertex -25.7679 0.163218 -14.9794
      vertex -27.2317 0.725113 -14.8153
      vertex -25.7466 0.24259 -14.9794
    endloop
  endfacet
  facet normal -0.0163705 0.10337 -0.994508
    outer loop
      vertex -25.1632 0.767884 -14.9794
      vertex -25.4879 2.29524 -14.8153
      vertex -25.2453 2.33366 -14.8153
    endloop
  endfacet
  facet normal 0 -0.104517 -0.994523
    outer loop
      vertex -25 -2.34652 -14.8153
      vertex 0 -0.785039 -14.9794
      vertex 0 -2.34652 -14.8153
    endloop
  endfacet
  facet normal -0 -0.104517 -0.994523
    outer loop
      vertex 0 -0.785039 -14.9794
      vertex -25 -2.34652 -14.8153
      vertex -25 -0.785039 -14.9794
    endloop
  endfacet
  facet normal -0.0325609 -0.205599 -0.978094
    outer loop
      vertex -25.4058 -3.86102 -14.4889
      vertex -25.8072 -3.79745 -14.4889
      vertex -25.2453 -2.33366 -14.8153
    endloop
  endfacet
  facet normal -0.0932385 -0.0475467 -0.994508
    outer loop
      vertex -27.0321 -1.17326 -14.8153
      vertex -27.1437 -0.954414 -14.8153
      vertex -25.6799 -0.392519 -14.9794
    endloop
  endfacet
  facet normal -0.0375066 0.0977081 -0.994508
    outer loop
      vertex -25.2426 0.746616 -14.9794
      vertex -25.9544 2.14365 -14.8153
      vertex -25.7251 2.23167 -14.8153
    endloop
  endfacet
  facet normal -0.104514 0.00545416 -0.994508
    outer loop
      vertex -25.785 0 -14.9794
      vertex -27.3465 0 -14.8153
      vertex -27.3337 0.245277 -14.8153
    endloop
  endfacet
  facet normal -0.194326 0.0746303 -0.978094
    outer loop
      vertex -27.2317 0.725113 -14.8153
      vertex -28.6923 1.19969 -14.4889
      vertex -28.5466 1.57907 -14.4889
    endloop
  endfacet
  facet normal 0 0 -1
    outer loop
      vertex -25 -0.785039 -14.9794
      vertex 0 0.785039 -14.9794
      vertex 0 -0.785039 -14.9794
    endloop
  endfacet
  facet normal 0 0 -1
    outer loop
      vertex -25 -0.785039 -14.9794
      vertex -25 0.785039 -14.9794
      vertex 0 0.785039 -14.9794
    endloop
  endfacet
  facet normal 0 0 -1
    outer loop
      vertex -25.0821 -0.780738 -14.9794
      vertex -25 0.785039 -14.9794
      vertex -25 -0.785039 -14.9794
    endloop
  endfacet
  facet normal 0 0 -1
    outer loop
      vertex -25.0821 -0.780738 -14.9794
      vertex -25.0821 0.780738 -14.9794
      vertex -25 0.785039 -14.9794
    endloop
  endfacet
  facet normal 0 0 -1
    outer loop
      vertex -25.1632 -0.767884 -14.9794
      vertex -25.0821 0.780738 -14.9794
      vertex -25.0821 -0.780738 -14.9794
    endloop
  endfacet
  facet normal 0 0 -1
    outer loop
      vertex -25.1632 -0.767884 -14.9794
      vertex -25.1632 0.767884 -14.9794
      vertex -25.0821 0.780738 -14.9794
    endloop
  endfacet
  facet normal 0 0 -1
    outer loop
      vertex -25.2426 -0.746616 -14.9794
      vertex -25.1632 0.767884 -14.9794
      vertex -25.1632 -0.767884 -14.9794
    endloop
  endfacet
  facet normal 0 0 -1
    outer loop
      vertex -25.2426 -0.746616 -14.9794
      vertex -25.2426 0.746616 -14.9794
      vertex -25.1632 0.767884 -14.9794
    endloop
  endfacet
  facet normal 0 0 -1
    outer loop
      vertex -25.3193 -0.717169 -14.9794
      vertex -25.2426 0.746616 -14.9794
      vertex -25.2426 -0.746616 -14.9794
    endloop
  endfacet
  facet normal 0 0 -1
    outer loop
      vertex -25.3193 -0.717169 -14.9794
      vertex -25.3193 0.717169 -14.9794
      vertex -25.2426 0.746616 -14.9794
    endloop
  endfacet
  facet normal 0 0 -1
    outer loop
      vertex -25.3925 -0.679864 -14.9794
      vertex -25.3193 0.717169 -14.9794
      vertex -25.3193 -0.717169 -14.9794
    endloop
  endfacet
  facet normal 0 0 -1
    outer loop
      vertex -25.3925 -0.679864 -14.9794
      vertex -25.3925 0.679864 -14.9794
      vertex -25.3193 0.717169 -14.9794
    endloop
  endfacet
  facet normal 0 0 -1
    outer loop
      vertex -25.4614 -0.63511 -14.9794
      vertex -25.3925 0.679864 -14.9794
      vertex -25.3925 -0.679864 -14.9794
    endloop
  endfacet
  facet normal 0 0 -1
    outer loop
      vertex -25.4614 -0.63511 -14.9794
      vertex -25.4614 0.63511 -14.9794
      vertex -25.3925 0.679864 -14.9794
    endloop
  endfacet
  facet normal 0 0 -1
    outer loop
      vertex -25.5253 -0.583398 -14.9794
      vertex -25.4614 0.63511 -14.9794
      vertex -25.4614 -0.63511 -14.9794
    endloop
  endfacet
  facet normal 0 0 -1
    outer loop
      vertex -25.5253 -0.583398 -14.9794
      vertex -25.5253 0.583398 -14.9794
      vertex -25.4614 0.63511 -14.9794
    endloop
  endfacet
  facet normal 0 0 -1
    outer loop
      vertex -25.5834 -0.525293 -14.9794
      vertex -25.5253 0.583398 -14.9794
      vertex -25.5253 -0.583398 -14.9794
    endloop
  endfacet
  facet normal 0 0 -1
    outer loop
      vertex -25.5834 -0.525293 -14.9794
      vertex -25.5834 0.525293 -14.9794
      vertex -25.5253 0.583398 -14.9794
    endloop
  endfacet
  facet normal 0 0 -1
    outer loop
      vertex -25.6351 -0.461434 -14.9794
      vertex -25.5834 0.525293 -14.9794
      vertex -25.5834 -0.525293 -14.9794
    endloop
  endfacet
  facet normal 0 0 -1
    outer loop
      vertex -25.6351 -0.461434 -14.9794
      vertex -25.6351 0.461434 -14.9794
      vertex -25.5834 0.525293 -14.9794
    endloop
  endfacet
  facet normal 0 0 -1
    outer loop
      vertex -25.6799 -0.392519 -14.9794
      vertex -25.6351 0.461434 -14.9794
      vertex -25.6351 -0.461434 -14.9794
    endloop
  endfacet
  facet normal 0 0 -1
    outer loop
      vertex -25.6799 -0.392519 -14.9794
      vertex -25.6799 0.392519 -14.9794
      vertex -25.6351 0.461434 -14.9794
    endloop
  endfacet
  facet normal 0 0 -1
    outer loop
      vertex -25.7172 -0.319304 -14.9794
      vertex -25.6799 0.392519 -14.9794
      vertex -25.6799 -0.392519 -14.9794
    endloop
  endfacet
  facet normal 0 0 -1
    outer loop
      vertex -25.7172 -0.319304 -14.9794
      vertex -25.7172 0.319304 -14.9794
      vertex -25.6799 0.392519 -14.9794
    endloop
  endfacet
  facet normal 0 0 -1
    outer loop
      vertex -25.7466 -0.24259 -14.9794
      vertex -25.7172 0.319304 -14.9794
      vertex -25.7172 -0.319304 -14.9794
    endloop
  endfacet
  facet normal 0 0 -1
    outer loop
      vertex -25.7466 -0.24259 -14.9794
      vertex -25.7466 0.24259 -14.9794
      vertex -25.7172 0.319304 -14.9794
    endloop
  endfacet
  facet normal 0 0 -1
    outer loop
      vertex -25.7679 -0.163218 -14.9794
      vertex -25.7466 0.24259 -14.9794
      vertex -25.7466 -0.24259 -14.9794
    endloop
  endfacet
  facet normal 0 0 -1
    outer loop
      vertex -25.7679 -0.163218 -14.9794
      vertex -25.7679 0.163218 -14.9794
      vertex -25.7466 0.24259 -14.9794
    endloop
  endfacet
  facet normal 0 0 -1
    outer loop
      vertex -25.7807 -0.0820589 -14.9794
      vertex -25.7679 0.163218 -14.9794
      vertex -25.7679 -0.163218 -14.9794
    endloop
  endfacet
  facet normal 0 0 -1
    outer loop
      vertex -25.7807 -0.0820589 -14.9794
      vertex -25.7807 0.0820589 -14.9794
      vertex -25.7679 0.163218 -14.9794
    endloop
  endfacet
  facet normal 0 -0 -1
    outer loop
      vertex -25.7807 0.0820589 -14.9794
      vertex -25.7807 -0.0820589 -14.9794
      vertex -25.785 0 -14.9794
    endloop
  endfacet
  facet normal -0.814234 0.414569 -0.406392
    outer loop
      vertex -37.2096 5.43607 -6.80986
      vertex -37.2687 5.46237 -6.66462
      vertex -37.2028 5.56699 -6.68993
    endloop
  endfacet
  facet normal -0.673236 0.545202 -0.499508
    outer loop
      vertex -34.3488 8.4177 -8.16959
      vertex -35.0061 8.47674 -7.21924
      vertex -34.7384 8.76846 -7.26164
    endloop
  endfacet
  facet normal -0.67324 0.545195 -0.49951
    outer loop
      vertex -35.0061 8.47674 -7.21924
      vertex -34.3488 8.4177 -8.16959
      vertex -35.1775 7.39437 -8.16959
    endloop
  endfacet
  facet normal -0.694214 0.266438 -0.668639
    outer loop
      vertex -34.6896 4.31409 -10.6066
      vertex -36.0866 3.60227 -9.43981
      vertex -35.6494 4.74141 -9.43981
    endloop
  endfacet
  facet normal -0.808293 0.0423878 -0.587253
    outer loop
      vertex -36.6572 0 -9.43981
      vertex -37.5111 1.31497 -8.16959
      vertex -36.5933 1.21851 -9.43981
    endloop
  endfacet
  facet normal -0.836836 0.224183 -0.499447
    outer loop
      vertex -37.3052 2.61554 -8.16959
      vertex -38.073 2.77876 -6.80986
      vertex -37.711 4.13004 -6.80986
    endloop
  endfacet
  facet normal -0.836766 0.224272 -0.499525
    outer loop
      vertex -37.3052 2.61554 -8.16959
      vertex -37.711 4.13004 -6.80986
      vertex -36.9643 3.88745 -8.16959
    endloop
  endfacet
  facet normal -0.808785 0.310502 -0.499454
    outer loop
      vertex -36.4925 5.11677 -8.16959
      vertex -37.711 4.13004 -6.80986
      vertex -37.2096 5.43607 -6.80986
    endloop
  endfacet
  facet normal -0.116341 0.734415 0.668654
    outer loop
      vertex -26.1087 10.5485 10.6066
      vertex -27.4237 11.4025 9.43981
      vertex -27.2052 10.3748 10.6066
    endloop
  endfacet
  facet normal -0.192505 0.718222 0.668654
    outer loop
      vertex -27.4237 11.4025 9.43981
      vertex -28.6023 11.0866 9.43981
      vertex -27.2052 10.3748 10.6066
    endloop
  endfacet
  facet normal -0.440844 0.678827 0.58724
    outer loop
      vertex -31.29 10.8946 8.16959
      vertex -30.9755 10 9.43981
      vertex -30.8286 10.0954 9.43981
    endloop
  endfacet
  facet normal -0.440776 0.678863 0.587249
    outer loop
      vertex -30.9755 10 9.43981
      vertex -31.29 10.8946 8.16959
      vertex -31.6335 10 8.94593
    endloop
  endfacet
  facet normal -0.545301 -0.673101 0.499582
    outer loop
      vertex -32.6135 -10 8.16959
      vertex -33.5149 -10 7.1857
      vertex -32.3944 -10.1775 8.16959
    endloop
  endfacet
  facet normal -0.41484 -0.814134 -0.406317
    outer loop
      vertex -30.4361 -12.2096 -6.80986
      vertex -32.0019 -12.1276 -5.37552
      vertex -31.6825 -11.5745 -6.80986
    endloop
  endfacet
  facet normal -0.393313 -0.771886 -0.499497
    outer loop
      vertex -30.4361 -12.2096 -6.80986
      vertex -31.6825 -11.5745 -6.80986
      vertex -31.29 -10.8946 -8.16959
    endloop
  endfacet
  facet normal 0.625768 -0.772977 -0.104501
    outer loop
      vertex 33.9512 -12 -0.785039
      vertex 33.8047 -12.1186 -0.785039
      vertex 33.9233 -12 -0.952108
    endloop
  endfacet
  facet normal 0.544652 -0.838662 0
    outer loop
      vertex 32.4897 -12.9726 -0.785039
      vertex 33.8047 -12.1186 0.785039
      vertex 32.4897 -12.9726 0.785039
    endloop
  endfacet
  facet normal 0.544652 -0.838662 0
    outer loop
      vertex 33.8047 -12.1186 0.785039
      vertex 32.4897 -12.9726 -0.785039
      vertex 33.8047 -12.1186 -0.785039
    endloop
  endfacet
  facet normal 0.518001 -0.797762 -0.308626
    outer loop
      vertex 32.2444 -12.5477 -3.88229
      vertex 32.4779 -12 -4.90612
      vertex 33.0879 -12 -3.88229
    endloop
  endfacet
  facet normal 0.518127 -0.797704 -0.308567
    outer loop
      vertex 32.4779 -12 -4.90612
      vertex 32.2444 -12.5477 -3.88229
      vertex 32.0019 -12.1276 -5.37552
    endloop
  endfacet
  facet normal 0.257428 -0.960642 -0.104393
    outer loop
      vertex 29.6289 -14.2463 -0.785039
      vertex 28.0803 -14.4916 -2.34652
      vertex 29.5782 -14.0902 -2.34652
    endloop
  endfacet
  facet normal 0.246189 -0.918763 -0.30865
    outer loop
      vertex 28.0124 -14.1723 -3.88229
      vertex 27.9115 -13.6977 -5.37552
      vertex 29.3274 -13.3183 -5.37552
    endloop
  endfacet
  facet normal 0.236501 -0.88261 -0.406284
    outer loop
      vertex 27.9115 -13.6977 -5.37552
      vertex 27.7788 -13.073 -6.80986
      vertex 29.3274 -13.3183 -5.37552
    endloop
  endfacet
  facet normal 0.340805 -0.888013 -0.308681
    outer loop
      vertex 30.8932 -13.2363 -3.88229
      vertex 29.4773 -13.7797 -3.88229
      vertex 30.6958 -12.793 -5.37552
    endloop
  endfacet
  facet normal 0.431773 -0.847518 -0.308684
    outer loop
      vertex 30.8932 -13.2363 -3.88229
      vertex 30.6958 -12.793 -5.37552
      vertex 32.0019 -12.1276 -5.37552
    endloop
  endfacet
  facet normal -0.053881 -0.201068 -0.978094
    outer loop
      vertex -25.8072 -3.79745 -14.4889
      vertex -26.1997 -3.69227 -14.4889
      vertex -25.4879 -2.29524 -14.8153
    endloop
  endfacet
  facet normal -0.00547532 -0.104516 -0.994508
    outer loop
      vertex -25 -0.785039 -14.9794
      vertex -25.2453 -2.33366 -14.8153
      vertex -25.0821 -0.780738 -14.9794
    endloop
  endfacet
  facet normal -0.080089 -0.298868 -0.950928
    outer loop
      vertex -25.8072 -3.79745 -14.4889
      vertex -26.6611 -5.11242 -14.0037
      vertex -26.1997 -3.69227 -14.4889
    endloop
  endfacet
  facet normal 0 -0.951053 -0.309029
    outer loop
      vertex -25 -14.0037 -5.37552
      vertex 25 -14.4889 -3.88229
      vertex -25 -14.4889 -3.88229
    endloop
  endfacet
  facet normal 0 -0.951053 -0.309029
    outer loop
      vertex 25 -14.4889 -3.88229
      vertex -25 -14.0037 -5.37552
      vertex 25 -14.0037 -5.37552
    endloop
  endfacet
  facet normal -0.246189 -0.918763 -0.30865
    outer loop
      vertex -28.0124 -14.1723 -3.88229
      vertex -29.3274 -13.3183 -5.37552
      vertex -27.9115 -13.6977 -5.37552
    endloop
  endfacet
  facet normal -0.246233 -0.918764 -0.308612
    outer loop
      vertex -28.0124 -14.1723 -3.88229
      vertex -29.4773 -13.7797 -3.88229
      vertex -29.3274 -13.3183 -5.37552
    endloop
  endfacet
  facet normal -0.173298 -0.646828 -0.742685
    outer loop
      vertex -26.9626 -9.23352 -11.6572
      vertex -28.2776 -10.0875 -10.6066
      vertex -27.9171 -8.97779 -11.6572
    endloop
  endfacet
  facet normal -0.367479 -0.721161 -0.58727
    outer loop
      vertex -30.1168 -11.4925 -8.16959
      vertex -30.8286 -10.0954 -9.43981
      vertex -29.7414 -10.6494 -9.43981
    endloop
  endfacet
  facet normal -0.364705 -0.561611 -0.742686
    outer loop
      vertex -30.3033 -9.18559 -10.6066
      vertex -30.5486 -7.63696 -11.6572
      vertex -29.7199 -8.17511 -11.6572
    endloop
  endfacet
  facet normal -0.209549 -0.781812 -0.587247
    outer loop
      vertex -27.6155 -12.3052 -8.16959
      vertex -28.6023 -11.0866 -9.43981
      vertex -27.4237 -11.4025 -9.43981
    endloop
  endfacet
  facet normal -0.310488 -0.808791 -0.499454
    outer loop
      vertex -29.13 -12.711 -6.80986
      vertex -30.4361 -12.2096 -6.80986
      vertex -30.1168 -11.4925 -8.16959
    endloop
  endfacet
  facet normal -0.393376 -0.771882 -0.499453
    outer loop
      vertex -30.4361 -12.2096 -6.80986
      vertex -31.29 -10.8946 -8.16959
      vertex -30.1168 -11.4925 -8.16959
    endloop
  endfacet
  facet normal -0.13547 -0.85565 -0.499511
    outer loop
      vertex -26.397 -13.2919 -6.80986
      vertex -27.6155 -12.3052 -8.16959
      vertex -26.315 -12.5111 -8.16959
    endloop
  endfacet
  facet normal -0.126571 -0.799444 -0.587256
    outer loop
      vertex -26.315 -12.5111 -8.16959
      vertex -27.6155 -12.3052 -8.16959
      vertex -26.2185 -11.5933 -9.43981
    endloop
  endfacet
  facet normal -0.142945 -0.902494 -0.406289
    outer loop
      vertex -26.4638 -13.927 -5.37552
      vertex -27.9115 -13.6977 -5.37552
      vertex -27.7788 -13.073 -6.80986
    endloop
  endfacet
  facet normal -0.236501 -0.88261 -0.406284
    outer loop
      vertex -27.9115 -13.6977 -5.37552
      vertex -29.3274 -13.3183 -5.37552
      vertex -27.7788 -13.073 -6.80986
    endloop
  endfacet
  facet normal -0.393376 -0.771882 0.499453
    outer loop
      vertex -30.1168 -11.4925 8.16959
      vertex -31.29 -10.8946 8.16959
      vertex -30.4361 -12.2096 6.80986
    endloop
  endfacet
  facet normal -0.367526 -0.72116 0.587242
    outer loop
      vertex -30.8286 -10.0954 9.43981
      vertex -31.29 -10.8946 8.16959
      vertex -30.1168 -11.4925 8.16959
    endloop
  endfacet
  facet normal -0.44075 -0.678796 0.587346
    outer loop
      vertex -31.29 -10.8946 8.16959
      vertex -32.2654 -10 8.47153
      vertex -32.3944 -10.1775 8.16959
    endloop
  endfacet
  facet normal -0.440846 -0.678854 0.587207
    outer loop
      vertex -32.2654 -10 8.47153
      vertex -31.29 -10.8946 8.16959
      vertex -31.6335 -10 8.94593
    endloop
  endfacet
  facet normal -0.440776 -0.678863 0.587249
    outer loop
      vertex -31.29 -10.8946 8.16959
      vertex -30.9755 -10 9.43981
      vertex -31.6335 -10 8.94593
    endloop
  endfacet
  facet normal -0.440844 -0.678827 0.58724
    outer loop
      vertex -30.9755 -10 9.43981
      vertex -31.29 -10.8946 8.16959
      vertex -30.8286 -10.0954 9.43981
    endloop
  endfacet
  facet normal -0.532797 -0.820392 0.207566
    outer loop
      vertex -33.5164 -11.7218 3.88229
      vertex -33.7082 -11.9858 2.34652
      vertex -32.4077 -12.8304 2.34652
    endloop
  endfacet
  facet normal -0.541683 -0.834074 0.104403
    outer loop
      vertex -32.4077 -12.8304 2.34652
      vertex -33.7082 -11.9858 2.34652
      vertex -32.4897 -12.9726 0.785039
    endloop
  endfacet
  facet normal -0.703239 -0.703239 -0.104445
    outer loop
      vertex -36.1061 -10 -1.11496
      vertex -35.0232 -11.1319 -0.785039
      vertex -36.1319 -10.0232 -0.785039
    endloop
  endfacet
  facet normal -0.703244 -0.703244 -0.104382
    outer loop
      vertex -34.9134 -11.0099 -2.34652
      vertex -36.1061 -10 -1.11496
      vertex -35.9233 -10 -2.34652
    endloop
  endfacet
  facet normal -0.703251 -0.703236 -0.104396
    outer loop
      vertex -36.1061 -10 -1.11496
      vertex -34.9134 -11.0099 -2.34652
      vertex -35.0232 -11.1319 -0.785039
    endloop
  endfacet
  facet normal -0.88264 -0.236454 -0.406247
    outer loop
      vertex -37.711 -4.13004 -6.80986
      vertex -38.1561 -3.30336 -6.32397
      vertex -38.073 -2.77876 -6.80986
    endloop
  endfacet
  facet normal -0.882673 -0.236545 -0.406122
    outer loop
      vertex -38.1561 -3.30336 -6.32397
      vertex -37.711 -4.13004 -6.80986
      vertex -37.8702 -4.18179 -6.43371
    endloop
  endfacet
  facet normal -0.742576 -0.0389141 -0.66863
    outer loop
      vertex -35.5485 -1.10869 -10.6066
      vertex -36.6572 0 -9.43981
      vertex -35.6066 0 -10.6066
    endloop
  endfacet
  facet normal -0.742589 0.0389422 -0.668615
    outer loop
      vertex -35.5485 1.10869 -10.6066
      vertex -36.6572 0 -9.43981
      vertex -36.5933 1.21851 -9.43981
    endloop
  endfacet
  facet normal -0.799445 -0.126567 -0.587255
    outer loop
      vertex -36.4025 -2.42367 -9.43981
      vertex -37.3052 -2.61554 -8.16959
      vertex -36.5933 -1.21851 -9.43981
    endloop
  endfacet
  facet normal -0.799447 -0.126565 -0.587253
    outer loop
      vertex -37.3052 -2.61554 -8.16959
      vertex -37.5111 -1.31497 -8.16959
      vertex -36.5933 -1.21851 -9.43981
    endloop
  endfacet
  facet normal -0.80828 0.0424126 -0.587269
    outer loop
      vertex -36.6572 0 -9.43981
      vertex -37.5801 0 -8.16959
      vertex -37.5111 1.31497 -8.16959
    endloop
  endfacet
  facet normal -0.471789 0.726598 -0.499471
    outer loop
      vertex -32.3944 10.1775 -8.16959
      vertex -32.8558 10.8126 -6.80986
      vertex -31.29 10.8946 -8.16959
    endloop
  endfacet
  facet normal -0.49763 0.766334 -0.406321
    outer loop
      vertex -31.6825 11.5745 -6.80986
      vertex -32.8558 10.8126 -6.80986
      vertex -32.0019 12.1276 -5.37552
    endloop
  endfacet
  facet normal -0.367526 0.72116 -0.587242
    outer loop
      vertex -30.8286 10.0954 -9.43981
      vertex -31.29 10.8946 -8.16959
      vertex -30.1168 11.4925 -8.16959
    endloop
  endfacet
  facet normal -0.404997 0.623639 -0.668619
    outer loop
      vertex -30.3033 9.18559 -10.6066
      vertex -31.8519 9.43086 -9.43981
      vertex -30.8286 10.0954 -9.43981
    endloop
  endfacet
  facet normal -0.499832 -0.0261915 -0.865726
    outer loop
      vertex -31.7726 -0.711823 -13.3651
      vertex -33.1248 -0.853953 -12.5801
      vertex -31.8099 0 -13.3651
    endloop
  endfacet
  facet normal -0.661396 -0.104775 -0.742683
    outer loop
      vertex -34.2335 -1.96265 -11.6572
      vertex -35.5485 -1.10869 -10.6066
      vertex -34.3881 -0.986728 -11.6572
    endloop
  endfacet
  facet normal -0.581069 -0.0920496 -0.808632
    outer loop
      vertex -34.2335 -1.96265 -11.6572
      vertex -34.3881 -0.986728 -11.6572
      vertex -33.1248 -0.853953 -12.5801
    endloop
  endfacet
  facet normal -0.393295 0.105433 -0.913347
    outer loop
      vertex -30.2581 1.11763 -14.0037
      vertex -31.4766 2.10436 -13.3651
      vertex -30.1124 1.66113 -14.0037
    endloop
  endfacet
  facet normal -0.646827 0.173294 -0.742687
    outer loop
      vertex -34.2335 1.96265 -11.6572
      vertex -35.0875 3.27762 -10.6066
      vertex -33.9778 2.91706 -11.6572
    endloop
  endfacet
  facet normal -0.568271 0.152248 -0.808634
    outer loop
      vertex -32.7697 2.52454 -12.5801
      vertex -34.2335 1.96265 -11.6572
      vertex -33.9778 2.91706 -11.6572
    endloop
  endfacet
  facet normal -0.419764 -0.272587 -0.865733
    outer loop
      vertex -30.5093 -4.00273 -13.3651
      vertex -31.6093 -4.80196 -12.5801
      vertex -30.8975 -3.40493 -13.3651
    endloop
  endfacet
  facet normal -0.419727 -0.272612 -0.865744
    outer loop
      vertex -31.6093 -4.80196 -12.5801
      vertex -32.0751 -4.08479 -12.5801
      vertex -30.8975 -3.40493 -13.3651
    endloop
  endfacet
  facet normal -0.721163 -0.367509 -0.58725
    outer loop
      vertex -35.8946 -6.29003 -8.16959
      vertex -36.4925 -5.11677 -8.16959
      vertex -35.0954 -5.82859 -9.43981
    endloop
  endfacet
  facet normal -0.721163 -0.367487 -0.587262
    outer loop
      vertex -35.0954 -5.82859 -9.43981
      vertex -36.4925 -5.11677 -8.16959
      vertex -35.6494 -4.74141 -9.43981
    endloop
  endfacet
  facet normal -0.691697 -0.691697 -0.20763
    outer loop
      vertex -34.695 -10.7673 -3.88229
      vertex -35.9233 -10 -2.34652
      vertex -35.4623 -10 -3.88229
    endloop
  endfacet
  facet normal -0.691697 -0.691697 -0.20763
    outer loop
      vertex -35.9233 -10 -2.34652
      vertex -34.695 -10.7673 -3.88229
      vertex -34.9134 -11.0099 -2.34652
    endloop
  endfacet
  facet normal -0.672587 -0.672587 -0.308631
    outer loop
      vertex -34.3703 -10.4068 -5.37552
      vertex -35.4623 -10 -3.88229
      vertex -34.7771 -10 -5.37552
    endloop
  endfacet
  facet normal -0.672587 -0.672587 -0.308631
    outer loop
      vertex -35.4623 -10 -3.88229
      vertex -34.3703 -10.4068 -5.37552
      vertex -34.695 -10.7673 -3.88229
    endloop
  endfacet
  facet normal -0.337611 -0.662546 -0.668619
    outer loop
      vertex -29.7414 -10.6494 -9.43981
      vertex -30.8286 -10.0954 -9.43981
      vertex -30.3033 -9.18559 -10.6066
    endloop
  endfacet
  facet normal -0.267092 -0.524206 -0.808622
    outer loop
      vertex -28.8395 -8.62369 -11.6572
      vertex -29.7199 -8.17511 -11.6572
      vertex -29.0848 -7.07507 -12.5801
    endloop
  endfacet
  facet normal -0.370235 -0.457212 -0.80863
    outer loop
      vertex -30.5486 -7.63696 -11.6572
      vertex -31.3165 -7.01514 -11.6572
      vertex -30.4665 -6.07119 -12.5801
    endloop
  endfacet
  facet normal -0.0920343 -0.581088 -0.80862
    outer loop
      vertex -25.854 -8.12483 -12.5801
      vertex -26.9626 -9.23352 -11.6572
      vertex -26.6986 -7.99106 -12.5801
    endloop
  endfacet
  facet normal -0.0920366 -0.581086 -0.808621
    outer loop
      vertex -25.9867 -9.38809 -11.6572
      vertex -26.9626 -9.23352 -11.6572
      vertex -25.854 -8.12483 -12.5801
    endloop
  endfacet
  facet normal -0.179346 -0.467253 -0.865743
    outer loop
      vertex -27.5245 -7.76974 -12.5801
      vertex -28.3229 -7.46329 -12.5801
      vertex -27.7698 -6.22111 -13.3651
    endloop
  endfacet
  facet normal -0.179381 -0.467254 -0.865734
    outer loop
      vertex -27.5245 -7.76974 -12.5801
      vertex -27.7698 -6.22111 -13.3651
      vertex -27.1044 -6.47656 -13.3651
    endloop
  endfacet
  facet normal -0.612574 -0.612574 -0.499505
    outer loop
      vertex -33.4177 -9.3488 -8.16959
      vertex -34.7384 -8.76846 -7.26164
      vertex -34.3488 -8.4177 -8.16959
    endloop
  endfacet
  facet normal -0.612561 -0.612633 -0.499448
    outer loop
      vertex -33.4177 -9.3488 -8.16959
      vertex -34.0679 -9.35231 -7.36783
      vertex -34.7384 -8.76846 -7.26164
    endloop
  endfacet
  facet normal -0.612608 -0.612557 -0.499486
    outer loop
      vertex -34.0679 -9.35231 -7.36783
      vertex -33.4177 -9.3488 -8.16959
      vertex -33.7204 -9.68499 -7.38604
    endloop
  endfacet
  facet normal -0.67324 -0.545195 -0.49951
    outer loop
      vertex -34.3488 -8.4177 -8.16959
      vertex -35.0061 -8.47674 -7.21924
      vertex -35.1775 -7.39437 -8.16959
    endloop
  endfacet
  facet normal -0.673236 -0.545202 -0.499508
    outer loop
      vertex -35.0061 -8.47674 -7.21924
      vertex -34.3488 -8.4177 -8.16959
      vertex -34.7384 -8.76846 -7.26164
    endloop
  endfacet
  facet normal -0.572336 -0.572336 -0.58725
    outer loop
      vertex -33.4177 -9.3488 -8.16959
      vertex -33.663 -7.80018 -9.43981
      vertex -32.8002 -8.66298 -9.43981
    endloop
  endfacet
  facet normal -0.572336 -0.572336 -0.58725
    outer loop
      vertex -33.663 -7.80018 -9.43981
      vertex -33.4177 -9.3488 -8.16959
      vertex -34.3488 -8.4177 -8.16959
    endloop
  endfacet
  facet normal -0.467257 -0.179334 -0.865742
    outer loop
      vertex -32.4633 -3.32287 -12.5801
      vertex -32.7697 -2.52454 -12.5801
      vertex -31.2211 -2.76982 -13.3651
    endloop
  endfacet
  facet normal -0.445943 -0.227209 -0.865743
    outer loop
      vertex -32.0751 -4.08479 -12.5801
      vertex -32.4633 -3.32287 -12.5801
      vertex -31.2211 -2.76982 -13.3651
    endloop
  endfacet
  facet normal 0.126609 -0.799403 0.587303
    outer loop
      vertex 27.5507 -12 8.59898
      vertex 27.0166 -12 8.71412
      vertex 27.6155 -12.3052 8.16959
    endloop
  endfacet
  facet normal 0.13547 -0.85565 -0.499511
    outer loop
      vertex 26.397 -13.2919 -6.80986
      vertex 26.315 -12.5111 -8.16959
      vertex 27.6155 -12.3052 -8.16959
    endloop
  endfacet
  facet normal 0.0453939 -0.865116 -0.499514
    outer loop
      vertex 26.397 -13.2919 -6.80986
      vertex 25 -12.5801 -8.16959
      vertex 26.315 -12.5111 -8.16959
    endloop
  endfacet
  facet normal 0 -0.669137 -0.743139
    outer loop
      vertex -25 -10.6066 -10.6066
      vertex 0 -9.43981 -11.6572
      vertex 0 -10.6066 -10.6066
    endloop
  endfacet
  facet normal -0 -0.669137 -0.743139
    outer loop
      vertex 0 -9.43981 -11.6572
      vertex -25 -10.6066 -10.6066
      vertex -25 -9.43981 -11.6572
    endloop
  endfacet
  facet normal -0 0 1
    outer loop
      vertex -19.4737 0.785039 14.9794
      vertex 0 -0.785039 14.9794
      vertex 0 0.785039 14.9794
    endloop
  endfacet
  facet normal 0 0 1
    outer loop
      vertex 0 -0.785039 14.9794
      vertex -19.4737 0.785039 14.9794
      vertex -19.4737 -0.785039 14.9794
    endloop
  endfacet
  facet normal -0.290028 0.755651 -0.587261
    outer loop
      vertex -28.6023 11.0866 -9.43981
      vertex -29.7414 10.6494 -9.43981
      vertex -28.8875 11.9643 -8.16959
    endloop
  endfacet
  facet normal -0.116341 0.734415 -0.668654
    outer loop
      vertex -27.2052 10.3748 -10.6066
      vertex -27.4237 11.4025 -9.43981
      vertex -26.1087 10.5485 -10.6066
    endloop
  endfacet
  facet normal -0.337611 0.662546 -0.668619
    outer loop
      vertex -30.3033 9.18559 -10.6066
      vertex -30.8286 10.0954 -9.43981
      vertex -29.7414 10.6494 -9.43981
    endloop
  endfacet
  facet normal -0.304007 0.596655 -0.742686
    outer loop
      vertex -29.7199 8.17511 -11.6572
      vertex -30.3033 9.18559 -10.6066
      vertex -28.8395 8.62369 -11.6572
    endloop
  endfacet
  facet normal -0.192505 0.718222 -0.668654
    outer loop
      vertex -27.2052 10.3748 -10.6066
      vertex -28.6023 11.0866 -9.43981
      vertex -27.4237 11.4025 -9.43981
    endloop
  endfacet
  facet normal -0.192432 0.718287 -0.668606
    outer loop
      vertex -28.2776 10.0875 -10.6066
      vertex -28.6023 11.0866 -9.43981
      vertex -27.2052 10.3748 -10.6066
    endloop
  endfacet
  facet normal -0.0213126 0.406639 -0.91334
    outer loop
      vertex -25 5.37552 -14.0037
      vertex -25.5619 5.34607 -14.0037
      vertex -25 6.80986 -13.3651
    endloop
  endfacet
  facet normal -0.0161945 0.308988 -0.950928
    outer loop
      vertex -25 3.88229 -14.4889
      vertex -25.5619 5.34607 -14.0037
      vertex -25 5.37552 -14.0037
    endloop
  endfacet
  facet normal -0.419764 0.272587 -0.865733
    outer loop
      vertex -30.8975 3.40493 -13.3651
      vertex -31.6093 4.80196 -12.5801
      vertex -30.5093 4.00273 -13.3651
    endloop
  endfacet
  facet normal -0.316449 0.256267 -0.913338
    outer loop
      vertex -28.9948 3.59692 -14.0037
      vertex -30.5093 4.00273 -13.3651
      vertex -30.0607 4.55668 -13.3651
    endloop
  endfacet
  facet normal -0.129523 0.483439 -0.865743
    outer loop
      vertex -26.4158 6.66105 -13.3651
      vertex -27.1044 6.47656 -13.3651
      vertex -26.6986 7.99106 -12.5801
    endloop
  endfacet
  facet normal -0.0920366 0.581086 -0.808621
    outer loop
      vertex -25.854 8.12483 -12.5801
      vertex -26.9626 9.23352 -11.6572
      vertex -25.9867 9.38809 -11.6572
    endloop
  endfacet
  facet normal -0.207872 -0.010848 -0.978096
    outer loop
      vertex -27.3337 -0.245277 -14.8153
      vertex -28.8823 0 -14.4889
      vertex -27.3465 0 -14.8153
    endloop
  endfacet
  facet normal -0.0932532 0.0475086 -0.994508
    outer loop
      vertex -25.7172 0.319304 -14.9794
      vertex -27.1437 0.954414 -14.8153
      vertex -25.6799 0.392519 -14.9794
    endloop
  endfacet
  facet normal -0.467965 0.577889 -0.66862
    outer loop
      vertex -31.2344 8.58092 -10.6066
      vertex -32.0972 7.88224 -10.6066
      vertex -31.8519 9.43086 -9.43981
    endloop
  endfacet
  facet normal -0.421423 0.520415 -0.742678
    outer loop
      vertex -31.3165 7.01514 -11.6572
      vertex -32.0972 7.88224 -10.6066
      vertex -31.2344 8.58092 -10.6066
    endloop
  endfacet
  facet normal -0.12955 0.483443 -0.865736
    outer loop
      vertex -27.1044 6.47656 -13.3651
      vertex -27.5245 7.76974 -12.5801
      vertex -26.6986 7.99106 -12.5801
    endloop
  endfacet
  facet normal -0.388979 0.314959 -0.865734
    outer loop
      vertex -30.5093 4.00273 -13.3651
      vertex -31.6093 4.80196 -12.5801
      vertex -31.0712 5.46652 -12.5801
    endloop
  endfacet
  facet normal -0.0307933 0.587521 -0.808623
    outer loop
      vertex -25.854 8.12483 -12.5801
      vertex -25.9867 9.38809 -11.6572
      vertex -25 8.16959 -12.5801
    endloop
  endfacet
  facet normal -0.0261961 0.499809 -0.865739
    outer loop
      vertex -25 6.80986 -13.3651
      vertex -25.854 8.12483 -12.5801
      vertex -25 8.16959 -12.5801
    endloop
  endfacet
  facet normal -0.625873 0.772906 -0.104398
    outer loop
      vertex -34.9134 11.0099 -2.34652
      vertex -35.0232 11.1319 -0.785039
      vertex -33.8047 12.1186 -0.785039
    endloop
  endfacet
  facet normal -0.246189 0.918763 -0.30865
    outer loop
      vertex -27.9115 13.6977 -5.37552
      vertex -29.3274 13.3183 -5.37552
      vertex -28.0124 14.1723 -3.88229
    endloop
  endfacet
  facet normal -0.246233 0.918764 -0.308612
    outer loop
      vertex -29.3274 13.3183 -5.37552
      vertex -29.4773 13.7797 -3.88229
      vertex -28.0124 14.1723 -3.88229
    endloop
  endfacet
  facet normal -0.153027 0.966162 -0.207639
    outer loop
      vertex -28.0124 14.1723 -3.88229
      vertex -28.0803 14.4916 -2.34652
      vertex -26.5486 14.7342 -2.34652
    endloop
  endfacet
  facet normal -0.253226 0.944855 -0.207667
    outer loop
      vertex -29.4773 13.7797 -3.88229
      vertex -29.5782 14.0902 -2.34652
      vertex -28.0124 14.1723 -3.88229
    endloop
  endfacet
  facet normal 0.0497714 0.949874 -0.308646
    outer loop
      vertex 26.4638 13.927 -5.37552
      vertex 25 14.0037 -5.37552
      vertex 25 14.4889 -3.88229
    endloop
  endfacet
  facet normal 0 0.951053 -0.309029
    outer loop
      vertex 25 14.0037 -5.37552
      vertex -25 14.4889 -3.88229
      vertex 25 14.4889 -3.88229
    endloop
  endfacet
  facet normal 0 0.951053 -0.309029
    outer loop
      vertex -25 14.4889 -3.88229
      vertex 25 14.0037 -5.37552
      vertex -25 14.0037 -5.37552
    endloop
  endfacet
  facet normal 0.258814 0.965927 -0
    outer loop
      vertex 29.6289 14.2463 -0.785039
      vertex 28.1144 14.6521 0.785039
      vertex 29.6289 14.2463 0.785039
    endloop
  endfacet
  facet normal 0.258814 0.965927 0
    outer loop
      vertex 28.1144 14.6521 0.785039
      vertex 29.6289 14.2463 -0.785039
      vertex 28.1144 14.6521 -0.785039
    endloop
  endfacet
  facet normal 0.153027 0.966162 0.207639
    outer loop
      vertex 28.0803 14.4916 2.34652
      vertex 26.5486 14.7342 2.34652
      vertex 28.0124 14.1723 3.88229
    endloop
  endfacet
  facet normal 0.155582 0.982293 0.104379
    outer loop
      vertex 26.5658 14.8974 0.785039
      vertex 26.5486 14.7342 2.34652
      vertex 28.0803 14.4916 2.34652
    endloop
  endfacet
  facet normal -0.444118 0.871583 -0.20761
    outer loop
      vertex -30.8932 13.2363 -3.88229
      vertex -32.4077 12.8304 -2.34652
      vertex -31.0259 13.5345 -2.34652
    endloop
  endfacet
  facet normal -0.44416 0.87155 -0.20766
    outer loop
      vertex -32.2444 12.5477 -3.88229
      vertex -32.4077 12.8304 -2.34652
      vertex -30.8932 13.2363 -3.88229
    endloop
  endfacet
  facet normal -0.148771 0.939479 0.30862
    outer loop
      vertex -26.5145 14.4095 3.88229
      vertex -28.0124 14.1723 3.88229
      vertex -26.4638 13.927 5.37552
    endloop
  endfacet
  facet normal -0.153027 0.966162 0.207639
    outer loop
      vertex -26.5486 14.7342 2.34652
      vertex -28.0803 14.4916 2.34652
      vertex -28.0124 14.1723 3.88229
    endloop
  endfacet
  facet normal -0.0511587 0.976872 0.207616
    outer loop
      vertex -25 14.8153 2.34652
      vertex -26.5486 14.7342 2.34652
      vertex -25 14.4889 3.88229
    endloop
  endfacet
  facet normal -0.0520126 0.993177 0.104375
    outer loop
      vertex -25 14.9794 0.785039
      vertex -26.5486 14.7342 2.34652
      vertex -25 14.8153 2.34652
    endloop
  endfacet
  facet normal -0.451507 0.886141 0.104384
    outer loop
      vertex -31.0927 13.6844 0.785039
      vertex -32.4897 12.9726 0.785039
      vertex -31.0259 13.5345 2.34652
    endloop
  endfacet
  facet normal -0.35641 0.928481 0.10438
    outer loop
      vertex -29.6289 14.2463 0.785039
      vertex -31.0927 13.6844 0.785039
      vertex -31.0259 13.5345 2.34652
    endloop
  endfacet
  facet normal -0.253226 0.944855 0.207667
    outer loop
      vertex -28.0124 14.1723 3.88229
      vertex -29.5782 14.0902 2.34652
      vertex -29.4773 13.7797 3.88229
    endloop
  endfacet
  facet normal -0.350548 0.913243 0.207614
    outer loop
      vertex -29.5782 14.0902 2.34652
      vertex -31.0259 13.5345 2.34652
      vertex -30.8932 13.2363 3.88229
    endloop
  endfacet
  facet normal -0.431773 0.847518 -0.308684
    outer loop
      vertex -30.6958 12.793 -5.37552
      vertex -32.0019 12.1276 -5.37552
      vertex -30.8932 13.2363 -3.88229
    endloop
  endfacet
  facet normal -0.340805 0.888013 -0.308681
    outer loop
      vertex -30.6958 12.793 -5.37552
      vertex -30.8932 13.2363 -3.88229
      vertex -29.4773 13.7797 -3.88229
    endloop
  endfacet
  facet normal -0.625861 0.772914 -0.104413
    outer loop
      vertex -33.7082 11.9858 -2.34652
      vertex -34.9134 11.0099 -2.34652
      vertex -33.8047 12.1186 -0.785039
    endloop
  endfacet
  facet normal -0.615586 0.760226 -0.207632
    outer loop
      vertex -34.695 10.7673 -3.88229
      vertex -34.9134 11.0099 -2.34652
      vertex -33.7082 11.9858 -2.34652
    endloop
  endfacet
  facet normal -0.629312 0.777153 0
    outer loop
      vertex -33.8047 12.1186 -0.785039
      vertex -35.0232 11.1319 0.785039
      vertex -33.8047 12.1186 0.785039
    endloop
  endfacet
  facet normal -0.629312 0.777153 0
    outer loop
      vertex -35.0232 11.1319 0.785039
      vertex -33.8047 12.1186 -0.785039
      vertex -35.0232 11.1319 -0.785039
    endloop
  endfacet
  facet normal -0.703239 0.703239 -0.104445
    outer loop
      vertex -35.0232 11.1319 -0.785039
      vertex -36.1061 10 -1.11496
      vertex -36.1319 10.0232 -0.785039
    endloop
  endfacet
  facet normal -0.703251 0.703236 -0.104396
    outer loop
      vertex -34.9134 11.0099 -2.34652
      vertex -36.1061 10 -1.11496
      vertex -35.0232 11.1319 -0.785039
    endloop
  endfacet
  facet normal -0.703244 0.703244 -0.104382
    outer loop
      vertex -36.1061 10 -1.11496
      vertex -34.9134 11.0099 -2.34652
      vertex -35.9233 10 -2.34652
    endloop
  endfacet
  facet normal -0.625861 0.772914 0.104413
    outer loop
      vertex -33.8047 12.1186 0.785039
      vertex -34.9134 11.0099 2.34652
      vertex -33.7082 11.9858 2.34652
    endloop
  endfacet
  facet normal -0.625873 0.772906 0.104398
    outer loop
      vertex -33.8047 12.1186 0.785039
      vertex -35.0232 11.1319 0.785039
      vertex -34.9134 11.0099 2.34652
    endloop
  endfacet
  facet normal -0.672587 0.672587 0.308631
    outer loop
      vertex -35.4623 10 3.88229
      vertex -34.3703 10.4068 5.37552
      vertex -34.695 10.7673 3.88229
    endloop
  endfacet
  facet normal -0.672587 0.672587 0.308631
    outer loop
      vertex -34.3703 10.4068 5.37552
      vertex -35.4623 10 3.88229
      vertex -34.7771 10 5.37552
    endloop
  endfacet
  facet normal -0.497704 0.766317 0.406262
    outer loop
      vertex -32.0019 12.1276 5.37552
      vertex -33.2312 11.3292 5.37552
      vertex -32.8558 10.8126 6.80986
    endloop
  endfacet
  facet normal -0.393313 0.771886 0.499497
    outer loop
      vertex -30.4361 12.2096 6.80986
      vertex -31.6825 11.5745 6.80986
      vertex -31.29 10.8946 8.16959
    endloop
  endfacet
  facet normal 0.327481 0.853057 -0.406264
    outer loop
      vertex 30.4361 12.2096 -6.80986
      vertex 29.13 12.711 -6.80986
      vertex 30.6958 12.793 -5.37552
    endloop
  endfacet
  facet normal 0.31048 0.808772 -0.49949
    outer loop
      vertex 30.3427 12 -7.2073
      vertex 29.13 12.711 -6.80986
      vertex 30.4361 12.2096 -6.80986
    endloop
  endfacet
  facet normal 0.31049 0.808779 -0.499473
    outer loop
      vertex 29.13 12.711 -6.80986
      vertex 30.3427 12 -7.2073
      vertex 29.7058 12 -7.60322
    endloop
  endfacet
  facet normal 0.236501 0.88261 -0.406284
    outer loop
      vertex 29.3274 13.3183 -5.37552
      vertex 27.7788 13.073 -6.80986
      vertex 27.9115 13.6977 -5.37552
    endloop
  endfacet
  facet normal 0.142945 0.902494 -0.406289
    outer loop
      vertex 27.7788 13.073 -6.80986
      vertex 26.4638 13.927 -5.37552
      vertex 27.9115 13.6977 -5.37552
    endloop
  endfacet
  facet normal 0.0520121 0.993177 -0.104376
    outer loop
      vertex 26.5486 14.7342 -2.34652
      vertex 25 14.9794 -0.785039
      vertex 26.5658 14.8974 -0.785039
    endloop
  endfacet
  facet normal 0.155582 0.982293 -0.104379
    outer loop
      vertex 28.0803 14.4916 -2.34652
      vertex 26.5486 14.7342 -2.34652
      vertex 26.5658 14.8974 -0.785039
    endloop
  endfacet
  facet normal 0.155596 0.982292 -0.104365
    outer loop
      vertex 28.0803 14.4916 -2.34652
      vertex 26.5658 14.8974 -0.785039
      vertex 28.1144 14.6521 -0.785039
    endloop
  endfacet
  facet normal 0.156451 0.987686 -0
    outer loop
      vertex 28.1144 14.6521 -0.785039
      vertex 26.5658 14.8974 0.785039
      vertex 28.1144 14.6521 0.785039
    endloop
  endfacet
  facet normal 0.156451 0.987686 0
    outer loop
      vertex 26.5658 14.8974 0.785039
      vertex 28.1144 14.6521 -0.785039
      vertex 26.5658 14.8974 -0.785039
    endloop
  endfacet
  facet normal 0.414792 0.814186 0.406262
    outer loop
      vertex 30.6958 12.793 5.37552
      vertex 30.4361 12.2096 6.80986
      vertex 32.0019 12.1276 5.37552
    endloop
  endfacet
  facet normal 0.236467 0.882634 0.406251
    outer loop
      vertex 29.3274 13.3183 5.37552
      vertex 27.7788 13.073 6.80986
      vertex 29.13 12.711 6.80986
    endloop
  endfacet
  facet normal 0.350492 0.913252 0.207667
    outer loop
      vertex 29.5782 14.0902 2.34652
      vertex 29.4773 13.7797 3.88229
      vertex 30.8932 13.2363 3.88229
    endloop
  endfacet
  facet normal 0.340887 0.888007 0.30861
    outer loop
      vertex 29.4773 13.7797 3.88229
      vertex 29.3274 13.3183 5.37552
      vertex 30.6958 12.793 5.37552
    endloop
  endfacet
  facet normal 0.152996 0.966161 0.207668
    outer loop
      vertex 26.5486 14.7342 2.34652
      vertex 26.5145 14.4095 3.88229
      vertex 28.0124 14.1723 3.88229
    endloop
  endfacet
  facet normal 0.246189 0.918763 0.30865
    outer loop
      vertex 28.0124 14.1723 3.88229
      vertex 27.9115 13.6977 5.37552
      vertex 29.3274 13.3183 5.37552
    endloop
  endfacet
  facet normal 0.253226 0.944855 0.207667
    outer loop
      vertex 29.5782 14.0902 2.34652
      vertex 28.0124 14.1723 3.88229
      vertex 29.4773 13.7797 3.88229
    endloop
  endfacet
  facet normal 0.431901 0.847494 0.308571
    outer loop
      vertex 32.2444 12.5477 3.88229
      vertex 30.8932 13.2363 3.88229
      vertex 32.0019 12.1276 5.37552
    endloop
  endfacet
  facet normal 0.54155 0.833911 0.106376
    outer loop
      vertex 33.6908 12 2.32412
      vertex 32.4077 12.8304 2.34652
      vertex 33.6864 12 2.34652
    endloop
  endfacet
  facet normal 0.541639 0.834102 0.104403
    outer loop
      vertex 32.4077 12.8304 2.34652
      vertex 33.6908 12 2.32412
      vertex 32.4897 12.9726 0.785039
    endloop
  endfacet
  facet normal 0.451528 0.886127 0.104409
    outer loop
      vertex 32.4897 12.9726 0.785039
      vertex 31.0259 13.5345 2.34652
      vertex 32.4077 12.8304 2.34652
    endloop
  endfacet
  facet normal -0 0.587798 0.809008
    outer loop
      vertex -18.0927 9.43981 11.6572
      vertex 0 8.16959 12.5801
      vertex 0 9.43981 11.6572
    endloop
  endfacet
  facet normal 1.27475e-06 0.58781 0.808999
    outer loop
      vertex -18.2342 8.71299 12.1853
      vertex 0 8.16959 12.5801
      vertex -18.0927 9.43981 11.6572
    endloop
  endfacet
  facet normal 0 0.587782 0.809019
    outer loop
      vertex 0 8.16959 12.5801
      vertex -18.2342 8.71299 12.1853
      vertex -18.3857 8.16959 12.5801
    endloop
  endfacet
  facet normal 0.126609 0.799403 0.587303
    outer loop
      vertex 27.6155 12.3052 8.16959
      vertex 27.0166 12 8.71412
      vertex 27.5507 12 8.59898
    endloop
  endfacet
  facet normal 0.126569 0.799431 0.587274
    outer loop
      vertex 26.315 12.5111 8.16959
      vertex 27.0166 12 8.71412
      vertex 27.6155 12.3052 8.16959
    endloop
  endfacet
  facet normal 0.126627 0.799458 0.587225
    outer loop
      vertex 27.0166 12 8.71412
      vertex 26.315 12.5111 8.16959
      vertex 26.2613 12 8.87699
    endloop
  endfacet
  facet normal 0.209496 0.781766 0.587327
    outer loop
      vertex 28.7544 12 8.16959
      vertex 27.6155 12.3052 8.16959
      vertex 27.8626 12 8.48769
    endloop
  endfacet
  facet normal 0.209554 0.781777 0.587292
    outer loop
      vertex 27.6155 12.3052 8.16959
      vertex 27.5507 12 8.59898
      vertex 27.8626 12 8.48769
    endloop
  endfacet
  facet normal 0 0.951053 0.309029
    outer loop
      vertex 25 14.4889 3.88229
      vertex -25 14.0037 5.37552
      vertex 25 14.0037 5.37552
    endloop
  endfacet
  facet normal 0 0.951053 0.309029
    outer loop
      vertex -25 14.0037 5.37552
      vertex 25 14.4889 3.88229
      vertex -25 14.4889 3.88229
    endloop
  endfacet
  facet normal -0.0478133 0.912503 0.406267
    outer loop
      vertex -25 13.3651 6.80986
      vertex -26.4638 13.927 5.37552
      vertex -26.397 13.2919 6.80986
    endloop
  endfacet
  facet normal -0.142945 0.902494 0.406289
    outer loop
      vertex -26.4638 13.927 5.37552
      vertex -27.9115 13.6977 5.37552
      vertex -27.7788 13.073 6.80986
    endloop
  endfacet
  facet normal -0.168519 -0.259483 -0.950931
    outer loop
      vertex -26.9411 -3.36216 -14.4889
      vertex -27.6878 -4.65534 -14.0037
      vertex -27.2819 -3.14083 -14.4889
    endloop
  endfacet
  facet normal -0.113377 -0.174576 -0.978094
    outer loop
      vertex -26.9411 -3.36216 -14.4889
      vertex -27.2819 -3.14083 -14.4889
      vertex -26.3792 -1.89837 -14.8153
    endloop
  endfacet
  facet normal -0.0813291 -0.0658711 -0.994508
    outer loop
      vertex -26.7438 -1.57013 -14.8153
      vertex -26.8984 -1.37925 -14.8153
      vertex -25.5834 -0.525293 -14.9794
    endloop
  endfacet
  facet normal -0.147175 -0.1472 -0.978096
    outer loop
      vertex -27.5978 -2.8851 -14.4889
      vertex -26.7438 -1.57013 -14.8153
      vertex -26.5701 -1.7438 -14.8153
    endloop
  endfacet
  facet normal -0.147202 -0.147182 -0.978095
    outer loop
      vertex -26.7438 -1.57013 -14.8153
      vertex -27.5978 -2.8851 -14.4889
      vertex -27.8851 -2.59776 -14.4889
    endloop
  endfacet
  facet normal -0.0877437 -0.0570401 -0.994509
    outer loop
      vertex -25.6351 -0.461434 -14.9794
      vertex -26.8984 -1.37925 -14.8153
      vertex -25.6799 -0.392519 -14.9794
    endloop
  endfacet
  facet normal -0.0163836 -0.10337 -0.994508
    outer loop
      vertex -25.0821 -0.780738 -14.9794
      vertex -25.2453 -2.33366 -14.8153
      vertex -25.1632 -0.767884 -14.9794
    endloop
  endfacet
  facet normal -0.0813291 0.0658711 -0.994508
    outer loop
      vertex -25.5834 0.525293 -14.9794
      vertex -26.8984 1.37925 -14.8153
      vertex -26.7438 1.57013 -14.8153
    endloop
  endfacet
  facet normal -0.0325603 -0.205599 -0.978094
    outer loop
      vertex -25.2453 -2.33366 -14.8153
      vertex -25.8072 -3.79745 -14.4889
      vertex -25.4879 -2.29524 -14.8153
    endloop
  endfacet
  facet normal -0.0570102 -0.0877688 -0.994508
    outer loop
      vertex -25.3925 -0.679864 -14.9794
      vertex -26.3792 -1.89837 -14.8153
      vertex -25.4614 -0.63511 -14.9794
    endloop
  endfacet
  facet normal -0.174597 -0.113324 -0.978097
    outer loop
      vertex -26.8984 -1.37925 -14.8153
      vertex -28.3622 -1.94114 -14.4889
      vertex -27.0321 -1.17326 -14.8153
    endloop
  endfacet
  facet normal -0.18543 -0.0945596 -0.978097
    outer loop
      vertex -27.0321 -1.17326 -14.8153
      vertex -28.3622 -1.94114 -14.4889
      vertex -27.1437 -0.954414 -14.8153
    endloop
  endfacet
  facet normal -0.0977296 -0.0374541 -0.994508
    outer loop
      vertex -25.7172 -0.319304 -14.9794
      vertex -27.1437 -0.954414 -14.8153
      vertex -25.7466 -0.24259 -14.9794
    endloop
  endfacet
  facet normal -0.0475224 -0.0932486 -0.994508
    outer loop
      vertex -25.3193 -0.717169 -14.9794
      vertex -25.9544 -2.14365 -14.8153
      vertex -25.3925 -0.679864 -14.9794
    endloop
  endfacet
  facet normal -0.0325603 0.205599 -0.978094
    outer loop
      vertex -25.4879 2.29524 -14.8153
      vertex -25.8072 3.79745 -14.4889
      vertex -25.2453 2.33366 -14.8153
    endloop
  endfacet
  facet normal -0.483433 0.129475 -0.865753
    outer loop
      vertex -31.661 1.41585 -13.3651
      vertex -32.9911 1.69855 -12.5801
      vertex -31.4766 2.10436 -13.3651
    endloop
  endfacet
  facet normal -0.402209 -0.0636892 -0.91333
    outer loop
      vertex -30.2581 -1.11763 -14.0037
      vertex -31.661 -1.41585 -13.3651
      vertex -30.3461 -0.561894 -14.0037
    endloop
  endfacet
  facet normal -0.305587 -0.0483892 -0.950934
    outer loop
      vertex -30.2581 -1.11763 -14.0037
      vertex -30.3461 -0.561894 -14.0037
      vertex -28.7974 -0.807172 -14.4889
    endloop
  endfacet
  facet normal -0.104514 -0.00545416 -0.994508
    outer loop
      vertex -27.3337 -0.245277 -14.8153
      vertex -27.3465 0 -14.8153
      vertex -25.785 0 -14.9794
    endloop
  endfacet
  facet normal -0.104511 -0.0054765 -0.994509
    outer loop
      vertex -25.7807 -0.0820589 -14.9794
      vertex -27.3337 -0.245277 -14.8153
      vertex -25.785 0 -14.9794
    endloop
  endfacet
  facet normal -0.629018 0.509383 -0.587252
    outer loop
      vertex -34.4309 6.85192 -9.43981
      vertex -35.1775 7.39437 -8.16959
      vertex -34.3488 8.4177 -8.16959
    endloop
  endfacet
  facet normal -0.814118 0.414677 -0.406516
    outer loop
      vertex -37.1353 5.6741 -6.71585
      vertex -37.2096 5.43607 -6.80986
      vertex -37.2028 5.56699 -6.68993
    endloop
  endfacet
  facet normal -0.813985 0.414722 -0.406736
    outer loop
      vertex -37.2096 5.43607 -6.80986
      vertex -37.1353 5.6741 -6.71585
      vertex -36.7844 6.27062 -6.80986
    endloop
  endfacet
  facet normal -0.572336 0.572336 -0.58725
    outer loop
      vertex -33.663 7.80018 -9.43981
      vertex -33.4177 9.3488 -8.16959
      vertex -32.8002 8.66298 -9.43981
    endloop
  endfacet
  facet normal -0.572336 0.572336 -0.58725
    outer loop
      vertex -33.4177 9.3488 -8.16959
      vertex -33.663 7.80018 -9.43981
      vertex -34.3488 8.4177 -8.16959
    endloop
  endfacet
  facet normal -0.577869 0.467958 -0.668642
    outer loop
      vertex -32.8822 7.0972 -10.6066
      vertex -34.4309 6.85192 -9.43981
      vertex -33.663 7.80018 -9.43981
    endloop
  endfacet
  facet normal -0.755656 0.290013 -0.587262
    outer loop
      vertex -35.6494 4.74141 -9.43981
      vertex -36.9643 3.88745 -8.16959
      vertex -36.4925 5.11677 -8.16959
    endloop
  endfacet
  facet normal -0.882621 0.236481 -0.406272
    outer loop
      vertex -38.073 2.77876 -6.80986
      vertex -38.3104 2.82922 -6.26474
      vertex -38.1561 3.30336 -6.32397
    endloop
  endfacet
  facet normal -0.64683 0.173291 -0.742685
    outer loop
      vertex -34.2335 1.96265 -11.6572
      vertex -35.3748 2.20524 -10.6066
      vertex -35.0875 3.27762 -10.6066
    endloop
  endfacet
  facet normal -0.799445 0.126567 -0.587255
    outer loop
      vertex -36.5933 1.21851 -9.43981
      vertex -37.3052 2.61554 -8.16959
      vertex -36.4025 2.42367 -9.43981
    endloop
  endfacet
  facet normal -0.126571 0.799444 0.587256
    outer loop
      vertex -26.315 12.5111 8.16959
      vertex -27.6155 12.3052 8.16959
      vertex -26.2185 11.5933 9.43981
    endloop
  endfacet
  facet normal -0.337611 0.662546 0.66862
    outer loop
      vertex -30.8286 10.0954 9.43981
      vertex -29.9907 10 9.95743
      vertex -29.7414 10.6494 9.43981
    endloop
  endfacet
  facet normal -0.337575 0.66261 0.668574
    outer loop
      vertex -29.9907 10 9.95743
      vertex -30.8286 10.0954 9.43981
      vertex -30.7735 10 9.56218
    endloop
  endfacet
  facet normal -0.240033 0.625184 0.74265
    outer loop
      vertex -28.2776 10.0875 10.6066
      vertex -28.5055 10 10.6066
      vertex -28.3112 10 10.6694
    endloop
  endfacet
  facet normal -0.545225 0.673245 0.49947
    outer loop
      vertex -32.8558 10.8126 6.80986
      vertex -33.5149 10 7.1857
      vertex -32.3944 10.1775 8.16959
    endloop
  endfacet
  facet normal -0.545161 0.673233 0.499557
    outer loop
      vertex -33.5149 10 7.1857
      vertex -32.8558 10.8126 6.80986
      vertex -33.8593 10 6.80986
    endloop
  endfacet
  facet normal -0.405021 0.623665 0.668581
    outer loop
      vertex -30.8286 10.0954 9.43981
      vertex -30.9755 10 9.43981
      vertex -30.7735 10 9.56218
    endloop
  endfacet
  facet normal -0.646113 -0.646113 0.406294
    outer loop
      vertex -34.004 -10 6.60495
      vertex -34.7771 -10 5.37552
      vertex -34.3703 -10.4068 5.37552
    endloop
  endfacet
  facet normal -0.853156 0.327391 -0.406128
    outer loop
      vertex -37.711 4.13004 -6.80986
      vertex -37.8702 4.18179 -6.43371
      vertex -37.7294 4.48163 -6.48778
    endloop
  endfacet
  facet normal -0.882673 0.236545 -0.406122
    outer loop
      vertex -37.711 4.13004 -6.80986
      vertex -38.1561 3.30336 -6.32397
      vertex -37.8702 4.18179 -6.43371
    endloop
  endfacet
  facet normal -0.88264 0.236454 -0.406247
    outer loop
      vertex -38.1561 3.30336 -6.32397
      vertex -37.711 4.13004 -6.80986
      vertex -38.073 2.77876 -6.80986
    endloop
  endfacet
  facet normal 0.444118 -0.871583 -0.20761
    outer loop
      vertex 31.0259 -13.5345 -2.34652
      vertex 30.8932 -13.2363 -3.88229
      vertex 32.4077 -12.8304 -2.34652
    endloop
  endfacet
  facet normal 0.532734 -0.820408 -0.207665
    outer loop
      vertex 32.2444 -12.5477 -3.88229
      vertex 33.2381 -12 -3.49686
      vertex 32.4077 -12.8304 -2.34652
    endloop
  endfacet
  facet normal 0.532722 -0.820433 -0.207599
    outer loop
      vertex 33.2381 -12 -3.49686
      vertex 32.2444 -12.5477 -3.88229
      vertex 33.0879 -12 -3.88229
    endloop
  endfacet
  facet normal 0.327473 -0.853064 -0.406256
    outer loop
      vertex 29.3274 -13.3183 -5.37552
      vertex 29.13 -12.711 -6.80986
      vertex 30.6958 -12.793 -5.37552
    endloop
  endfacet
  facet normal 0.327481 -0.853057 -0.406264
    outer loop
      vertex 30.6958 -12.793 -5.37552
      vertex 29.13 -12.711 -6.80986
      vertex 30.4361 -12.2096 -6.80986
    endloop
  endfacet
  facet normal -0.116341 -0.734415 -0.668654
    outer loop
      vertex -26.1087 -10.5485 -10.6066
      vertex -27.4237 -11.4025 -9.43981
      vertex -27.2052 -10.3748 -10.6066
    endloop
  endfacet
  facet normal -0.116276 -0.734462 -0.668615
    outer loop
      vertex -26.2185 -11.5933 -9.43981
      vertex -27.4237 -11.4025 -9.43981
      vertex -26.1087 -10.5485 -10.6066
    endloop
  endfacet
  facet normal -0.703244 -0.703244 0.104382
    outer loop
      vertex -36.1061 -10 1.11496
      vertex -34.9134 -11.0099 2.34652
      vertex -35.9233 -10 2.34652
    endloop
  endfacet
  facet normal -0.703239 -0.703239 0.104445
    outer loop
      vertex -35.0232 -11.1319 0.785039
      vertex -36.1061 -10 1.11496
      vertex -36.1319 -10.0232 0.785039
    endloop
  endfacet
  facet normal -0.703251 -0.703236 0.104396
    outer loop
      vertex -36.1061 -10 1.11496
      vertex -35.0232 -11.1319 0.785039
      vertex -34.9134 -11.0099 2.34652
    endloop
  endfacet
  facet normal -0.629312 -0.777153 0
    outer loop
      vertex -35.0232 -11.1319 -0.785039
      vertex -33.8047 -12.1186 0.785039
      vertex -35.0232 -11.1319 0.785039
    endloop
  endfacet
  facet normal -0.629312 -0.777153 -0
    outer loop
      vertex -33.8047 -12.1186 0.785039
      vertex -35.0232 -11.1319 -0.785039
      vertex -33.8047 -12.1186 -0.785039
    endloop
  endfacet
  facet normal -0.350548 -0.913243 0.207614
    outer loop
      vertex -30.8932 -13.2363 3.88229
      vertex -31.0259 -13.5345 2.34652
      vertex -29.5782 -14.0902 2.34652
    endloop
  endfacet
  facet normal -0.451528 -0.886127 0.104409
    outer loop
      vertex -32.4077 -12.8304 2.34652
      vertex -32.4897 -12.9726 0.785039
      vertex -31.0259 -13.5345 2.34652
    endloop
  endfacet
  facet normal -0.853156 -0.327391 -0.406128
    outer loop
      vertex -37.7294 -4.48163 -6.48778
      vertex -37.8702 -4.18179 -6.43371
      vertex -37.711 -4.13004 -6.80986
    endloop
  endfacet
  facet normal -0.853061 -0.3275 -0.406241
    outer loop
      vertex -37.2096 -5.43607 -6.80986
      vertex -37.7294 -4.48163 -6.48778
      vertex -37.711 -4.13004 -6.80986
    endloop
  endfacet
  facet normal -0.853017 -0.327424 -0.406393
    outer loop
      vertex -37.7294 -4.48163 -6.48778
      vertex -37.2096 -5.43607 -6.80986
      vertex -37.2687 -5.46237 -6.66462
    endloop
  endfacet
  facet normal -0.80828 -0.0424126 -0.587269
    outer loop
      vertex -37.5111 -1.31497 -8.16959
      vertex -37.5801 0 -8.16959
      vertex -36.6572 0 -9.43981
    endloop
  endfacet
  facet normal -0.865115 -0.0453949 -0.499516
    outer loop
      vertex -37.5111 -1.31497 -8.16959
      vertex -38.2919 -1.39703 -6.80986
      vertex -37.5801 0 -8.16959
    endloop
  endfacet
  facet normal -0.499817 -0.0262214 -0.865734
    outer loop
      vertex -33.1248 -0.853953 -12.5801
      vertex -33.1696 0 -12.5801
      vertex -31.8099 0 -13.3651
    endloop
  endfacet
  facet normal -0.742576 0.0389141 -0.66863
    outer loop
      vertex -35.6066 0 -10.6066
      vertex -36.6572 0 -9.43981
      vertex -35.5485 1.10869 -10.6066
    endloop
  endfacet
  facet normal -0.718228 -0.192506 -0.668648
    outer loop
      vertex -36.0866 -3.60227 -9.43981
      vertex -36.4025 -2.42367 -9.43981
      vertex -35.3748 -2.20524 -10.6066
    endloop
  endfacet
  facet normal -0.73442 -0.116336 -0.66865
    outer loop
      vertex -35.3748 -2.20524 -10.6066
      vertex -36.4025 -2.42367 -9.43981
      vertex -35.5485 -1.10869 -10.6066
    endloop
  endfacet
  facet normal -0.808293 -0.0423878 -0.587253
    outer loop
      vertex -36.5933 -1.21851 -9.43981
      vertex -37.5111 -1.31497 -8.16959
      vertex -36.6572 0 -9.43981
    endloop
  endfacet
  facet normal -0.742589 -0.0389422 -0.668615
    outer loop
      vertex -36.5933 -1.21851 -9.43981
      vertex -36.6572 0 -9.43981
      vertex -35.5485 -1.10869 -10.6066
    endloop
  endfacet
  facet normal -0.865146 0.045331 -0.499467
    outer loop
      vertex -37.5801 0 -8.16959
      vertex -38.3651 0 -6.80986
      vertex -38.2919 1.39703 -6.80986
    endloop
  endfacet
  facet normal -0.865146 -0.045331 -0.499467
    outer loop
      vertex -38.2919 -1.39703 -6.80986
      vertex -38.3651 0 -6.80986
      vertex -37.5801 0 -8.16959
    endloop
  endfacet
  facet normal -0.310488 0.808791 -0.499454
    outer loop
      vertex -30.1168 11.4925 -8.16959
      vertex -30.4361 12.2096 -6.80986
      vertex -29.13 12.711 -6.80986
    endloop
  endfacet
  facet normal -0.41484 0.814134 -0.406317
    outer loop
      vertex -31.6825 11.5745 -6.80986
      vertex -32.0019 12.1276 -5.37552
      vertex -30.4361 12.2096 -6.80986
    endloop
  endfacet
  facet normal -0.50936 0.629039 -0.58725
    outer loop
      vertex -32.8002 8.66298 -9.43981
      vertex -33.4177 9.3488 -8.16959
      vertex -31.8519 9.43086 -9.43981
    endloop
  endfacet
  facet normal -0.50938 0.628996 -0.587278
    outer loop
      vertex -31.8519 9.43086 -9.43981
      vertex -33.4177 9.3488 -8.16959
      vertex -32.3944 10.1775 -8.16959
    endloop
  endfacet
  facet normal -0.499832 0.0261915 -0.865726
    outer loop
      vertex -31.8099 0 -13.3651
      vertex -33.1248 0.853953 -12.5801
      vertex -31.7726 0.711823 -13.3651
    endloop
  endfacet
  facet normal -0.668725 0.035044 -0.742683
    outer loop
      vertex -34.3881 0.986728 -11.6572
      vertex -35.6066 0 -10.6066
      vertex -35.5485 1.10869 -10.6066
    endloop
  endfacet
  facet normal -0.402174 -0.0637513 -0.913341
    outer loop
      vertex -31.661 -1.41585 -13.3651
      vertex -31.7726 -0.711823 -13.3651
      vertex -30.3461 -0.561894 -14.0037
    endloop
  endfacet
  facet normal -0.483433 -0.129475 -0.865753
    outer loop
      vertex -31.4766 -2.10436 -13.3651
      vertex -32.9911 -1.69855 -12.5801
      vertex -31.661 -1.41585 -13.3651
    endloop
  endfacet
  facet normal -0.661396 0.104775 -0.742683
    outer loop
      vertex -34.3881 0.986728 -11.6572
      vertex -35.5485 1.10869 -10.6066
      vertex -34.2335 1.96265 -11.6572
    endloop
  endfacet
  facet normal -0.370235 0.457212 -0.80863
    outer loop
      vertex -30.4665 6.07119 -12.5801
      vertex -31.3165 7.01514 -11.6572
      vertex -30.5486 7.63696 -11.6572
    endloop
  endfacet
  facet normal -0.615649 -0.760193 -0.207565
    outer loop
      vertex -33.7082 -11.9858 -2.34652
      vertex -34.695 -10.7673 -3.88229
      vertex -33.5164 -11.7218 -3.88229
    endloop
  endfacet
  facet normal -0.615586 -0.760226 -0.207632
    outer loop
      vertex -33.7082 -11.9858 -2.34652
      vertex -34.9134 -11.0099 -2.34652
      vertex -34.695 -10.7673 -3.88229
    endloop
  endfacet
  facet normal -0.404997 -0.623639 -0.668619
    outer loop
      vertex -30.8286 -10.0954 -9.43981
      vertex -31.8519 -9.43086 -9.43981
      vertex -30.3033 -9.18559 -10.6066
    endloop
  endfacet
  facet normal -0.266496 -0.69422 -0.668609
    outer loop
      vertex -28.6023 -11.0866 -9.43981
      vertex -29.3141 -9.68961 -10.6066
      vertex -28.2776 -10.0875 -10.6066
    endloop
  endfacet
  facet normal -0.304007 -0.596655 -0.742686
    outer loop
      vertex -28.8395 -8.62369 -11.6572
      vertex -30.3033 -9.18559 -10.6066
      vertex -29.7199 -8.17511 -11.6572
    endloop
  endfacet
  facet normal -0.239992 -0.62516 -0.742684
    outer loop
      vertex -28.2776 -10.0875 -10.6066
      vertex -28.8395 -8.62369 -11.6572
      vertex -27.9171 -8.97779 -11.6572
    endloop
  endfacet
  facet normal -0.266448 0.694216 -0.668633
    outer loop
      vertex -29.3141 9.68961 -10.6066
      vertex -29.7414 10.6494 -9.43981
      vertex -28.6023 11.0866 -9.43981
    endloop
  endfacet
  facet normal -0.266496 0.69422 -0.668609
    outer loop
      vertex -28.2776 10.0875 -10.6066
      vertex -29.3141 9.68961 -10.6066
      vertex -28.6023 11.0866 -9.43981
    endloop
  endfacet
  facet normal -0.32042 0.493417 -0.808622
    outer loop
      vertex -29.0848 7.07507 -12.5801
      vertex -30.5486 7.63696 -11.6572
      vertex -29.7199 8.17511 -11.6572
    endloop
  endfacet
  facet normal -0.524208 0.267108 -0.808616
    outer loop
      vertex -32.0751 4.08479 -12.5801
      vertex -33.6237 3.83951 -11.6572
      vertex -33.1751 4.7199 -11.6572
    endloop
  endfacet
  facet normal -0.0637037 0.402183 -0.91334
    outer loop
      vertex -26.1176 5.25805 -14.0037
      vertex -26.4158 6.66105 -13.3651
      vertex -25.5619 5.34607 -14.0037
    endloop
  endfacet
  facet normal -0.0213146 0.40664 -0.91334
    outer loop
      vertex -25.5619 5.34607 -14.0037
      vertex -25.7118 6.77255 -13.3651
      vertex -25 6.80986 -13.3651
    endloop
  endfacet
  facet normal -0.053881 0.201068 -0.978094
    outer loop
      vertex -25.4879 2.29524 -14.8153
      vertex -26.1997 3.69227 -14.4889
      vertex -25.8072 3.79745 -14.4889
    endloop
  endfacet
  facet normal -0.0538858 0.201065 -0.978095
    outer loop
      vertex -25.7251 2.23167 -14.8153
      vertex -26.1997 3.69227 -14.4889
      vertex -25.4879 2.29524 -14.8153
    endloop
  endfacet
  facet normal -0.0740096 0.0740032 -0.994508
    outer loop
      vertex -25.5834 0.525293 -14.9794
      vertex -26.5701 1.7438 -14.8153
      vertex -25.5253 0.583398 -14.9794
    endloop
  endfacet
  facet normal -0.073999 0.0740118 -0.994508
    outer loop
      vertex -26.5701 1.7438 -14.8153
      vertex -25.5834 0.525293 -14.9794
      vertex -26.7438 1.57013 -14.8153
    endloop
  endfacet
  facet normal -0.113377 0.174576 -0.978094
    outer loop
      vertex -26.3792 1.89837 -14.8153
      vertex -27.2819 3.14083 -14.4889
      vertex -26.9411 3.36216 -14.4889
    endloop
  endfacet
  facet normal -0.320419 0.493419 -0.808622
    outer loop
      vertex -29.802 6.60933 -12.5801
      vertex -30.5486 7.63696 -11.6572
      vertex -29.0848 7.07507 -12.5801
    endloop
  endfacet
  facet normal -0.494298 0.0783545 -0.865754
    outer loop
      vertex -31.7726 0.711823 -13.3651
      vertex -32.9911 1.69855 -12.5801
      vertex -31.661 1.41585 -13.3651
    endloop
  endfacet
  facet normal -0.267092 0.524206 -0.808622
    outer loop
      vertex -29.0848 7.07507 -12.5801
      vertex -29.7199 8.17511 -11.6572
      vertex -28.8395 8.62369 -11.6572
    endloop
  endfacet
  facet normal -0.0944889 0.185487 -0.978093
    outer loop
      vertex -26.1733 2.03214 -14.8153
      vertex -26.9411 3.36216 -14.4889
      vertex -25.9544 2.14365 -14.8153
    endloop
  endfacet
  facet normal -0.672587 0.672587 -0.308631
    outer loop
      vertex -35.4623 10 -3.88229
      vertex -34.3703 10.4068 -5.37552
      vertex -34.7771 10 -5.37552
    endloop
  endfacet
  facet normal -0.672587 0.672587 -0.308631
    outer loop
      vertex -34.3703 10.4068 -5.37552
      vertex -35.4623 10 -3.88229
      vertex -34.695 10.7673 -3.88229
    endloop
  endfacet
  facet normal -0.152996 0.966161 -0.207668
    outer loop
      vertex -26.5145 14.4095 -3.88229
      vertex -28.0124 14.1723 -3.88229
      vertex -26.5486 14.7342 -2.34652
    endloop
  endfacet
  facet normal -0.148771 0.939479 -0.30862
    outer loop
      vertex -26.4638 13.927 -5.37552
      vertex -28.0124 14.1723 -3.88229
      vertex -26.5145 14.4095 -3.88229
    endloop
  endfacet
  facet normal -0.532797 0.820392 -0.207566
    outer loop
      vertex -33.5164 11.7218 -3.88229
      vertex -33.7082 11.9858 -2.34652
      vertex -32.4077 12.8304 -2.34652
    endloop
  endfacet
  facet normal -0.541683 0.834074 -0.104403
    outer loop
      vertex -32.4077 12.8304 -2.34652
      vertex -33.7082 11.9858 -2.34652
      vertex -32.4897 12.9726 -0.785039
    endloop
  endfacet
  facet normal -0.453987 0.891008 0
    outer loop
      vertex -31.0927 13.6844 -0.785039
      vertex -32.4897 12.9726 0.785039
      vertex -31.0927 13.6844 0.785039
    endloop
  endfacet
  facet normal -0.453987 0.891008 0
    outer loop
      vertex -32.4897 12.9726 0.785039
      vertex -31.0927 13.6844 -0.785039
      vertex -32.4897 12.9726 -0.785039
    endloop
  endfacet
  facet normal -0.350492 0.913252 0.207667
    outer loop
      vertex -29.5782 14.0902 2.34652
      vertex -30.8932 13.2363 3.88229
      vertex -29.4773 13.7797 3.88229
    endloop
  endfacet
  facet normal -0.431773 0.847518 0.308684
    outer loop
      vertex -30.8932 13.2363 3.88229
      vertex -32.0019 12.1276 5.37552
      vertex -30.6958 12.793 5.37552
    endloop
  endfacet
  facet normal -0.772683 0.626139 0.104454
    outer loop
      vertex -36.1319 10.0232 0.785039
      vertex -36.1507 10 0.785039
      vertex -36.1061 10 1.11496
    endloop
  endfacet
  facet normal -0.691697 0.691697 0.20763
    outer loop
      vertex -35.9233 10 2.34652
      vertex -34.695 10.7673 3.88229
      vertex -34.9134 11.0099 2.34652
    endloop
  endfacet
  facet normal -0.691697 0.691697 0.20763
    outer loop
      vertex -34.695 10.7673 3.88229
      vertex -35.9233 10 2.34652
      vertex -35.4623 10 3.88229
    endloop
  endfacet
  facet normal -0.509463 0.628864 0.587348
    outer loop
      vertex -32.3944 10.1775 8.16959
      vertex -32.6135 10 8.16959
      vertex -32.2654 10 8.47153
    endloop
  endfacet
  facet normal -0.545301 0.673101 0.499582
    outer loop
      vertex -32.3944 10.1775 8.16959
      vertex -33.5149 10 7.1857
      vertex -32.6135 10 8.16959
    endloop
  endfacet
  facet normal -0.340887 0.888007 0.30861
    outer loop
      vertex -29.4773 13.7797 3.88229
      vertex -30.6958 12.793 5.37552
      vertex -29.3274 13.3183 5.37552
    endloop
  endfacet
  facet normal -0.471808 0.726568 0.499495
    outer loop
      vertex -31.6825 11.5745 6.80986
      vertex -32.8558 10.8126 6.80986
      vertex -31.29 10.8946 8.16959
    endloop
  endfacet
  facet normal 0.310444 0.808777 -0.499504
    outer loop
      vertex 29.7058 12 -7.60322
      vertex 28.899 12 -8.10465
      vertex 29.13 12.711 -6.80986
    endloop
  endfacet
  facet normal 0.209496 0.781766 -0.587327
    outer loop
      vertex 27.8626 12 -8.48769
      vertex 27.6155 12.3052 -8.16959
      vertex 28.7544 12 -8.16959
    endloop
  endfacet
  facet normal 0.236467 0.882634 -0.406251
    outer loop
      vertex 29.13 12.711 -6.80986
      vertex 27.7788 13.073 -6.80986
      vertex 29.3274 13.3183 -5.37552
    endloop
  endfacet
  facet normal 0.327473 0.853064 -0.406256
    outer loop
      vertex 30.6958 12.793 -5.37552
      vertex 29.13 12.711 -6.80986
      vertex 29.3274 13.3183 -5.37552
    endloop
  endfacet
  facet normal 0.44416 0.87155 0.20766
    outer loop
      vertex 32.4077 12.8304 2.34652
      vertex 30.8932 13.2363 3.88229
      vertex 32.2444 12.5477 3.88229
    endloop
  endfacet
  facet normal 0.444118 0.871583 0.20761
    outer loop
      vertex 31.0259 13.5345 2.34652
      vertex 30.8932 13.2363 3.88229
      vertex 32.4077 12.8304 2.34652
    endloop
  endfacet
  facet normal 0.148771 0.939479 0.30862
    outer loop
      vertex 26.5145 14.4095 3.88229
      vertex 26.4638 13.927 5.37552
      vertex 28.0124 14.1723 3.88229
    endloop
  endfacet
  facet normal 0.0497714 0.949874 0.308646
    outer loop
      vertex 25 14.4889 3.88229
      vertex 25 14.0037 5.37552
      vertex 26.4638 13.927 5.37552
    endloop
  endfacet
  facet normal -0.0350776 0.668729 0.742678
    outer loop
      vertex -25 10.6066 10.6066
      vertex -25.4912 10 11.1296
      vertex -25 10 11.1528
    endloop
  endfacet
  facet normal -0.0350431 0.668714 0.742694
    outer loop
      vertex -26.1087 10.5485 10.6066
      vertex -25.4912 10 11.1296
      vertex -25 10.6066 10.6066
    endloop
  endfacet
  facet normal -0.0350248 0.668725 0.742684
    outer loop
      vertex -25.4912 10 11.1296
      vertex -26.1087 10.5485 10.6066
      vertex -26.051 10 11.1032
    endloop
  endfacet
  facet normal -0.13547 0.85565 0.499511
    outer loop
      vertex -26.397 13.2919 6.80986
      vertex -27.6155 12.3052 8.16959
      vertex -26.315 12.5111 8.16959
    endloop
  endfacet
  facet normal -0.0453939 0.865116 0.499514
    outer loop
      vertex -25 12.5801 8.16959
      vertex -26.397 13.2919 6.80986
      vertex -26.315 12.5111 8.16959
    endloop
  endfacet
  facet normal -0.0658606 -0.0813404 -0.994508
    outer loop
      vertex -26.3792 -1.89837 -14.8153
      vertex -26.5701 -1.7438 -14.8153
      vertex -25.5253 -0.583398 -14.9794
    endloop
  endfacet
  facet normal -0.0740096 -0.0740032 -0.994508
    outer loop
      vertex -26.5701 -1.7438 -14.8153
      vertex -25.5834 -0.525293 -14.9794
      vertex -25.5253 -0.583398 -14.9794
    endloop
  endfacet
  facet normal -0.073999 -0.0740118 -0.994508
    outer loop
      vertex -25.5834 -0.525293 -14.9794
      vertex -26.5701 -1.7438 -14.8153
      vertex -26.7438 -1.57013 -14.8153
    endloop
  endfacet
  facet normal -0.0270925 -0.101091 -0.994508
    outer loop
      vertex -25.4879 -2.29524 -14.8153
      vertex -25.7251 -2.23167 -14.8153
      vertex -25.1632 -0.767884 -14.9794
    endloop
  endfacet
  facet normal -0.00547532 0.104516 -0.994508
    outer loop
      vertex -25.0821 0.780738 -14.9794
      vertex -25.2453 2.33366 -14.8153
      vertex -25 0.785039 -14.9794
    endloop
  endfacet
  facet normal -0.00547928 -0.104515 -0.994508
    outer loop
      vertex -25 -2.34652 -14.8153
      vertex -25.2453 -2.33366 -14.8153
      vertex -25 -0.785039 -14.9794
    endloop
  endfacet
  facet normal -0.010898 -0.207876 -0.978094
    outer loop
      vertex -25 -3.88229 -14.4889
      vertex -25.2453 -2.33366 -14.8153
      vertex -25 -2.34652 -14.8153
    endloop
  endfacet
  facet normal -0.0745979 -0.194334 -0.978095
    outer loop
      vertex -25.7251 -2.23167 -14.8153
      vertex -26.5791 -3.54664 -14.4889
      vertex -25.9544 -2.14365 -14.8153
    endloop
  endfacet
  facet normal -0.0375116 -0.0977056 -0.994508
    outer loop
      vertex -25.2426 -0.746616 -14.9794
      vertex -25.9544 -2.14365 -14.8153
      vertex -25.3193 -0.717169 -14.9794
    endloop
  endfacet
  facet normal -0.0944889 -0.185487 -0.978093
    outer loop
      vertex -25.9544 -2.14365 -14.8153
      vertex -26.9411 -3.36216 -14.4889
      vertex -26.1733 -2.03214 -14.8153
    endloop
  endfacet
  facet normal -0.113411 -0.174563 -0.978093
    outer loop
      vertex -26.1733 -2.03214 -14.8153
      vertex -26.9411 -3.36216 -14.4889
      vertex -26.3792 -1.89837 -14.8153
    endloop
  endfacet
  facet normal -0.201078 -0.0538402 -0.978095
    outer loop
      vertex -28.6923 -1.19969 -14.4889
      vertex -28.7974 -0.807172 -14.4889
      vertex -27.2952 -0.487868 -14.8153
    endloop
  endfacet
  facet normal -0.393354 -0.10535 -0.913331
    outer loop
      vertex -31.4766 -2.10436 -13.3651
      vertex -31.661 -1.41585 -13.3651
      vertex -30.2581 -1.11763 -14.0037
    endloop
  endfacet
  facet normal -0.205587 0.0326273 -0.978095
    outer loop
      vertex -27.3337 0.245277 -14.8153
      vertex -28.7974 0.807172 -14.4889
      vertex -27.2952 0.487868 -14.8153
    endloop
  endfacet
  facet normal -0.207872 0.010848 -0.978096
    outer loop
      vertex -27.3465 0 -14.8153
      vertex -28.8823 0 -14.4889
      vertex -27.3337 0.245277 -14.8153
    endloop
  endfacet
  facet normal -0.406635 -0.021308 -0.913342
    outer loop
      vertex -31.7726 -0.711823 -13.3651
      vertex -31.8099 0 -13.3651
      vertex -30.3461 -0.561894 -14.0037
    endloop
  endfacet
  facet normal -0.305587 0.0483892 -0.950934
    outer loop
      vertex -28.7974 0.807172 -14.4889
      vertex -30.3461 0.561894 -14.0037
      vertex -30.2581 1.11763 -14.0037
    endloop
  endfacet
  facet normal -0.308976 -0.0162175 -0.950931
    outer loop
      vertex -28.861 -0.405808 -14.4889
      vertex -30.3461 -0.561894 -14.0037
      vertex -28.8823 0 -14.4889
    endloop
  endfacet
  facet normal -0.103367 -0.0164047 -0.994508
    outer loop
      vertex -27.2952 -0.487868 -14.8153
      vertex -27.3337 -0.245277 -14.8153
      vertex -25.7679 -0.163218 -14.9794
    endloop
  endfacet
  facet normal -0.308994 0.0161675 -0.950927
    outer loop
      vertex -28.8823 0 -14.4889
      vertex -30.3755 0 -14.0037
      vertex -30.3461 0.561894 -14.0037
    endloop
  endfacet
  facet normal -0.308976 0.0162175 -0.950931
    outer loop
      vertex -28.8823 0 -14.4889
      vertex -30.3461 0.561894 -14.0037
      vertex -28.861 0.405808 -14.4889
    endloop
  endfacet
  facet normal -0.629022 0.509381 -0.58725
    outer loop
      vertex -33.663 7.80018 -9.43981
      vertex -34.4309 6.85192 -9.43981
      vertex -34.3488 8.4177 -8.16959
    endloop
  endfacet
  facet normal -0.445943 0.227209 -0.865743
    outer loop
      vertex -31.2211 2.76982 -13.3651
      vertex -32.4633 3.32287 -12.5801
      vertex -32.0751 4.08479 -12.5801
    endloop
  endfacet
  facet normal -0.77189 0.39336 -0.499454
    outer loop
      vertex -36.4925 5.11677 -8.16959
      vertex -37.2096 5.43607 -6.80986
      vertex -35.8946 6.29003 -8.16959
    endloop
  endfacet
  facet normal -0.678842 0.440807 -0.58725
    outer loop
      vertex -35.0954 5.82859 -9.43981
      vertex -35.8946 6.29003 -8.16959
      vertex -34.4309 6.85192 -9.43981
    endloop
  endfacet
  facet normal -0.912496 0.0479098 -0.40627
    outer loop
      vertex -38.2919 1.39703 -6.80986
      vertex -38.6011 1.07654 -6.15318
      vertex -38.5789 1.4272 -6.16169
    endloop
  endfacet
  facet normal -0.912481 0.0477965 -0.406318
    outer loop
      vertex -38.2919 1.39703 -6.80986
      vertex -38.6277 0.683994 -6.13962
      vertex -38.6011 1.07654 -6.15318
    endloop
  endfacet
  facet normal -0.912486 0.0478114 -0.406305
    outer loop
      vertex -38.6277 0.683994 -6.13962
      vertex -38.2919 1.39703 -6.80986
      vertex -38.3651 0 -6.80986
    endloop
  endfacet
  facet normal -0.902494 0.142993 -0.406273
    outer loop
      vertex -38.073 2.77876 -6.80986
      vertex -38.4234 2.23925 -6.22137
      vertex -38.3104 2.82922 -6.26474
    endloop
  endfacet
  facet normal -0.327481 0.853057 0.406264
    outer loop
      vertex -29.13 12.711 6.80986
      vertex -30.6958 12.793 5.37552
      vertex -30.4361 12.2096 6.80986
    endloop
  endfacet
  facet normal -0.327473 0.853064 0.406256
    outer loop
      vertex -29.3274 13.3183 5.37552
      vertex -30.6958 12.793 5.37552
      vertex -29.13 12.711 6.80986
    endloop
  endfacet
  facet normal -0.337623 0.662546 0.668614
    outer loop
      vertex -29.7414 10.6494 9.43981
      vertex -29.9907 10 9.95743
      vertex -29.4523 10 10.2293
    endloop
  endfacet
  facet normal -0 0.207889 0.978153
    outer loop
      vertex -19.2237 3.88229 14.4889
      vertex 0 2.34652 14.8153
      vertex 0 3.88229 14.4889
    endloop
  endfacet
  facet normal 0 0.207889 0.978153
    outer loop
      vertex 0 2.34652 14.8153
      vertex -19.2237 3.88229 14.4889
      vertex -19.39 2.34652 14.8153
    endloop
  endfacet
  facet normal 0.451528 -0.886127 -0.104409
    outer loop
      vertex 32.4897 -12.9726 -0.785039
      vertex 31.0259 -13.5345 -2.34652
      vertex 32.4077 -12.8304 -2.34652
    endloop
  endfacet
  facet normal 0.350548 -0.913243 -0.207614
    outer loop
      vertex 31.0259 -13.5345 -2.34652
      vertex 29.5782 -14.0902 -2.34652
      vertex 30.8932 -13.2363 -3.88229
    endloop
  endfacet
  facet normal -0.541675 -0.834078 0.104412
    outer loop
      vertex -33.7082 -11.9858 2.34652
      vertex -33.8047 -12.1186 0.785039
      vertex -32.4897 -12.9726 0.785039
    endloop
  endfacet
  facet normal -0.544652 -0.838662 0
    outer loop
      vertex -33.8047 -12.1186 -0.785039
      vertex -32.4897 -12.9726 0.785039
      vertex -33.8047 -12.1186 0.785039
    endloop
  endfacet
  facet normal -0.544652 -0.838662 -0
    outer loop
      vertex -32.4897 -12.9726 0.785039
      vertex -33.8047 -12.1186 -0.785039
      vertex -32.4897 -12.9726 -0.785039
    endloop
  endfacet
  facet normal -0.350492 -0.913252 0.207667
    outer loop
      vertex -29.4773 -13.7797 3.88229
      vertex -30.8932 -13.2363 3.88229
      vertex -29.5782 -14.0902 2.34652
    endloop
  endfacet
  facet normal -0.340805 -0.888013 0.308681
    outer loop
      vertex -30.6958 -12.793 5.37552
      vertex -30.8932 -13.2363 3.88229
      vertex -29.4773 -13.7797 3.88229
    endloop
  endfacet
  facet normal -0.431773 -0.847518 0.308684
    outer loop
      vertex -30.6958 -12.793 5.37552
      vertex -32.0019 -12.1276 5.37552
      vertex -30.8932 -13.2363 3.88229
    endloop
  endfacet
  facet normal -0.44416 -0.87155 0.20766
    outer loop
      vertex -32.2444 -12.5477 3.88229
      vertex -32.4077 -12.8304 2.34652
      vertex -30.8932 -13.2363 3.88229
    endloop
  endfacet
  facet normal -0.668723 -0.035038 -0.742686
    outer loop
      vertex -34.3881 -0.986728 -11.6572
      vertex -35.6066 0 -10.6066
      vertex -34.4398 0 -11.6572
    endloop
  endfacet
  facet normal -0.668725 -0.035044 -0.742683
    outer loop
      vertex -35.5485 -1.10869 -10.6066
      vertex -35.6066 0 -10.6066
      vertex -34.3881 -0.986728 -11.6572
    endloop
  endfacet
  facet normal -0.718228 0.192506 -0.668648
    outer loop
      vertex -35.3748 2.20524 -10.6066
      vertex -36.4025 2.42367 -9.43981
      vertex -36.0866 3.60227 -9.43981
    endloop
  endfacet
  facet normal -0.71829 0.192436 -0.668602
    outer loop
      vertex -35.3748 2.20524 -10.6066
      vertex -36.0866 3.60227 -9.43981
      vertex -35.0875 3.27762 -10.6066
    endloop
  endfacet
  facet normal -0.310409 0.808788 -0.499508
    outer loop
      vertex -28.8875 11.9643 -8.16959
      vertex -30.1168 11.4925 -8.16959
      vertex -29.13 12.711 -6.80986
    endloop
  endfacet
  facet normal -0.290015 0.75565 -0.587269
    outer loop
      vertex -29.7414 10.6494 -9.43981
      vertex -30.1168 11.4925 -8.16959
      vertex -28.8875 11.9643 -8.16959
    endloop
  endfacet
  facet normal -0.367479 0.721161 -0.58727
    outer loop
      vertex -29.7414 10.6494 -9.43981
      vertex -30.8286 10.0954 -9.43981
      vertex -30.1168 11.4925 -8.16959
    endloop
  endfacet
  facet normal -0.393376 0.771882 -0.499453
    outer loop
      vertex -30.1168 11.4925 -8.16959
      vertex -31.29 10.8946 -8.16959
      vertex -30.4361 12.2096 -6.80986
    endloop
  endfacet
  facet normal -0.49436 -0.0782573 -0.865728
    outer loop
      vertex -32.9911 -1.69855 -12.5801
      vertex -33.1248 -0.853953 -12.5801
      vertex -31.7726 -0.711823 -13.3651
    endloop
  endfacet
  facet normal -0.58111 -0.0919899 -0.808609
    outer loop
      vertex -32.9911 -1.69855 -12.5801
      vertex -34.2335 -1.96265 -11.6572
      vertex -33.1248 -0.853953 -12.5801
    endloop
  endfacet
  facet normal -0.380148 -0.145896 -0.913347
    outer loop
      vertex -29.9108 -2.18642 -14.0037
      vertex -31.4766 -2.10436 -13.3651
      vertex -30.1124 -1.66113 -14.0037
    endloop
  endfacet
  facet normal -0.380147 -0.145956 -0.913337
    outer loop
      vertex -31.2211 -2.76982 -13.3651
      vertex -31.4766 -2.10436 -13.3651
      vertex -29.9108 -2.18642 -14.0037
    endloop
  endfacet
  facet normal -0.421423 -0.520415 -0.742678
    outer loop
      vertex -31.2344 -8.58092 -10.6066
      vertex -32.0972 -7.88224 -10.6066
      vertex -31.3165 -7.01514 -11.6572
    endloop
  endfacet
  facet normal -0.421416 -0.520417 -0.742681
    outer loop
      vertex -31.2344 -8.58092 -10.6066
      vertex -31.3165 -7.01514 -11.6572
      vertex -30.5486 -7.63696 -11.6572
    endloop
  endfacet
  facet normal -0.266448 -0.694216 -0.668633
    outer loop
      vertex -28.6023 -11.0866 -9.43981
      vertex -29.7414 -10.6494 -9.43981
      vertex -29.3141 -9.68961 -10.6066
    endloop
  endfacet
  facet normal -0.304008 -0.596653 -0.742687
    outer loop
      vertex -29.3141 -9.68961 -10.6066
      vertex -30.3033 -9.18559 -10.6066
      vertex -28.8395 -8.62369 -11.6572
    endloop
  endfacet
  facet normal -0.304008 0.596653 -0.742687
    outer loop
      vertex -28.8395 8.62369 -11.6572
      vertex -30.3033 9.18559 -10.6066
      vertex -29.3141 9.68961 -10.6066
    endloop
  endfacet
  facet normal -0.239985 0.625159 -0.742687
    outer loop
      vertex -28.8395 8.62369 -11.6572
      vertex -29.3141 9.68961 -10.6066
      vertex -28.2776 10.0875 -10.6066
    endloop
  endfacet
  facet normal -0.179381 0.467254 -0.865734
    outer loop
      vertex -27.1044 6.47656 -13.3651
      vertex -27.7698 6.22111 -13.3651
      vertex -27.5245 7.76974 -12.5801
    endloop
  endfacet
  facet normal -0.0782934 0.494331 -0.865741
    outer loop
      vertex -25.7118 6.77255 -13.3651
      vertex -26.6986 7.99106 -12.5801
      vertex -25.854 8.12483 -12.5801
    endloop
  endfacet
  facet normal -0.0261981 0.499808 -0.86574
    outer loop
      vertex -25.7118 6.77255 -13.3651
      vertex -25.854 8.12483 -12.5801
      vertex -25 6.80986 -13.3651
    endloop
  endfacet
  facet normal -0.0483985 0.305603 -0.950928
    outer loop
      vertex -25.4058 3.86102 -14.4889
      vertex -25.8072 3.79745 -14.4889
      vertex -25.5619 5.34607 -14.0037
    endloop
  endfacet
  facet normal -0.0161956 0.308988 -0.950928
    outer loop
      vertex -25.4058 3.86102 -14.4889
      vertex -25.5619 5.34607 -14.0037
      vertex -25 3.88229 -14.4889
    endloop
  endfacet
  facet normal -0.0745946 0.194336 -0.978095
    outer loop
      vertex -25.7251 2.23167 -14.8153
      vertex -26.5791 3.54664 -14.4889
      vertex -26.1997 3.69227 -14.4889
    endloop
  endfacet
  facet normal -0.168519 0.259483 -0.950931
    outer loop
      vertex -27.2819 3.14083 -14.4889
      vertex -27.6878 4.65534 -14.0037
      vertex -26.9411 3.36216 -14.4889
    endloop
  endfacet
  facet normal -0.0813407 0.0658532 -0.994508
    outer loop
      vertex -25.6351 0.461434 -14.9794
      vertex -26.8984 1.37925 -14.8153
      vertex -25.5834 0.525293 -14.9794
    endloop
  endfacet
  facet normal -0.0877437 0.0570401 -0.994509
    outer loop
      vertex -25.6799 0.392519 -14.9794
      vertex -26.8984 1.37925 -14.8153
      vertex -25.6351 0.461434 -14.9794
    endloop
  endfacet
  facet normal -0.0570102 0.0877688 -0.994508
    outer loop
      vertex -25.4614 0.63511 -14.9794
      vertex -26.3792 1.89837 -14.8153
      vertex -25.3925 0.679864 -14.9794
    endloop
  endfacet
  facet normal -0.0658379 0.0813552 -0.994508
    outer loop
      vertex -25.5253 0.583398 -14.9794
      vertex -26.3792 1.89837 -14.8153
      vertex -25.4614 0.63511 -14.9794
    endloop
  endfacet
  facet normal -0.568285 0.152324 -0.80861
    outer loop
      vertex -32.9911 1.69855 -12.5801
      vertex -34.2335 1.96265 -11.6572
      vertex -32.7697 2.52454 -12.5801
    endloop
  endfacet
  facet normal -0.483449 0.129585 -0.865728
    outer loop
      vertex -31.4766 2.10436 -13.3651
      vertex -32.9911 1.69855 -12.5801
      vertex -32.7697 2.52454 -12.5801
    endloop
  endfacet
  facet normal -0.561612 0.364737 -0.74267
    outer loop
      vertex -32.637 5.54858 -11.6572
      vertex -34.1856 5.3033 -10.6066
      vertex -33.5809 6.2344 -10.6066
    endloop
  endfacet
  facet normal -0.457201 0.370283 -0.808615
    outer loop
      vertex -31.0712 5.46652 -12.5801
      vertex -32.637 5.54858 -11.6572
      vertex -32.0151 6.31646 -11.6572
    endloop
  endfacet
  facet normal -0.46726 0.179402 -0.865727
    outer loop
      vertex -31.4766 2.10436 -13.3651
      vertex -32.7697 2.52454 -12.5801
      vertex -31.2211 2.76982 -13.3651
    endloop
  endfacet
  facet normal -0.207882 0.0109113 -0.978093
    outer loop
      vertex -27.3337 0.245277 -14.8153
      vertex -28.8823 0 -14.4889
      vertex -28.861 0.405808 -14.4889
    endloop
  endfacet
  facet normal -0.184864 0.362816 -0.91334
    outer loop
      vertex -27.1864 4.91078 -14.0037
      vertex -28.4049 5.89751 -13.3651
      vertex -27.7698 6.22111 -13.3651
    endloop
  endfacet
  facet normal -0.080089 0.298868 -0.950928
    outer loop
      vertex -26.1997 3.69227 -14.4889
      vertex -26.6611 5.11242 -14.0037
      vertex -25.8072 3.79745 -14.4889
    endloop
  endfacet
  facet normal -0.35641 0.928481 -0.10438
    outer loop
      vertex -31.0259 13.5345 -2.34652
      vertex -31.0927 13.6844 -0.785039
      vertex -29.6289 14.2463 -0.785039
    endloop
  endfacet
  facet normal -0.451507 0.886141 -0.104384
    outer loop
      vertex -31.0259 13.5345 -2.34652
      vertex -32.4897 12.9726 -0.785039
      vertex -31.0927 13.6844 -0.785039
    endloop
  endfacet
  facet normal -0.707107 0.707107 0
    outer loop
      vertex -35.0232 11.1319 -0.785039
      vertex -36.1319 10.0232 0.785039
      vertex -35.0232 11.1319 0.785039
    endloop
  endfacet
  facet normal -0.707107 0.707107 0
    outer loop
      vertex -36.1319 10.0232 0.785039
      vertex -35.0232 11.1319 -0.785039
      vertex -36.1319 10.0232 -0.785039
    endloop
  endfacet
  facet normal -0.517997 0.797787 0.308569
    outer loop
      vertex -32.2444 12.5477 3.88229
      vertex -33.5164 11.7218 3.88229
      vertex -32.0019 12.1276 5.37552
    endloop
  endfacet
  facet normal -0.51808 0.79769 0.30868
    outer loop
      vertex -32.0019 12.1276 5.37552
      vertex -33.5164 11.7218 3.88229
      vertex -33.2312 11.3292 5.37552
    endloop
  endfacet
  facet normal -0.367526 0.72116 0.587242
    outer loop
      vertex -30.1168 11.4925 8.16959
      vertex -31.29 10.8946 8.16959
      vertex -30.8286 10.0954 9.43981
    endloop
  endfacet
  facet normal -0.367479 0.721161 0.58727
    outer loop
      vertex -30.1168 11.4925 8.16959
      vertex -30.8286 10.0954 9.43981
      vertex -29.7414 10.6494 9.43981
    endloop
  endfacet
  facet normal 0.0478133 0.912503 0.406267
    outer loop
      vertex 26.4638 13.927 5.37552
      vertex 25 13.3651 6.80986
      vertex 26.397 13.2919 6.80986
    endloop
  endfacet
  facet normal 0.142971 0.902499 0.406269
    outer loop
      vertex 26.4638 13.927 5.37552
      vertex 26.397 13.2919 6.80986
      vertex 27.7788 13.073 6.80986
    endloop
  endfacet
  facet normal -0.0658379 -0.0813552 -0.994508
    outer loop
      vertex -25.4614 -0.63511 -14.9794
      vertex -26.3792 -1.89837 -14.8153
      vertex -25.5253 -0.583398 -14.9794
    endloop
  endfacet
  facet normal -0.0375066 -0.0977081 -0.994508
    outer loop
      vertex -25.7251 -2.23167 -14.8153
      vertex -25.9544 -2.14365 -14.8153
      vertex -25.2426 -0.746616 -14.9794
    endloop
  endfacet
  facet normal -0.0270795 -0.101096 -0.994508
    outer loop
      vertex -25.1632 -0.767884 -14.9794
      vertex -25.7251 -2.23167 -14.8153
      vertex -25.2426 -0.746616 -14.9794
    endloop
  endfacet
  facet normal -0.0475052 -0.0932552 -0.994508
    outer loop
      vertex -25.9544 -2.14365 -14.8153
      vertex -26.1733 -2.03214 -14.8153
      vertex -25.3925 -0.679864 -14.9794
    endloop
  endfacet
  facet normal -0.057018 -0.0877625 -0.994508
    outer loop
      vertex -26.1733 -2.03214 -14.8153
      vertex -26.3792 -1.89837 -14.8153
      vertex -25.3925 -0.679864 -14.9794
    endloop
  endfacet
  facet normal -0.103373 0.0163034 -0.994509
    outer loop
      vertex -25.7807 0.0820589 -14.9794
      vertex -27.3337 0.245277 -14.8153
      vertex -25.7679 0.163218 -14.9794
    endloop
  endfacet
  facet normal -0.104511 0.0054765 -0.994509
    outer loop
      vertex -25.785 0 -14.9794
      vertex -27.3337 0.245277 -14.8153
      vertex -25.7807 0.0820589 -14.9794
    endloop
  endfacet
  facet normal -0.308994 -0.0161675 -0.950927
    outer loop
      vertex -30.3461 -0.561894 -14.0037
      vertex -30.3755 0 -14.0037
      vertex -28.8823 0 -14.4889
    endloop
  endfacet
  facet normal -0.406635 0.021308 -0.913342
    outer loop
      vertex -30.3461 0.561894 -14.0037
      vertex -31.8099 0 -13.3651
      vertex -31.7726 0.711823 -13.3651
    endloop
  endfacet
  facet normal -0.194326 -0.0746303 -0.978094
    outer loop
      vertex -28.5466 -1.57907 -14.4889
      vertex -28.6923 -1.19969 -14.4889
      vertex -27.2317 -0.725113 -14.8153
    endloop
  endfacet
  facet normal -0.393295 -0.105433 -0.913347
    outer loop
      vertex -30.1124 -1.66113 -14.0037
      vertex -31.4766 -2.10436 -13.3651
      vertex -30.2581 -1.11763 -14.0037
    endloop
  endfacet
  facet normal -0.288853 -0.110933 -0.950925
    outer loop
      vertex -28.5466 -1.57907 -14.4889
      vertex -30.1124 -1.66113 -14.0037
      vertex -28.6923 -1.19969 -14.4889
    endloop
  endfacet
  facet normal -0.205587 -0.0326273 -0.978095
    outer loop
      vertex -27.2952 -0.487868 -14.8153
      vertex -28.7974 -0.807172 -14.4889
      vertex -27.3337 -0.245277 -14.8153
    endloop
  endfacet
  facet normal -0.205604 -0.03258 -0.978093
    outer loop
      vertex -28.7974 -0.807172 -14.4889
      vertex -28.861 -0.405808 -14.4889
      vertex -27.3337 -0.245277 -14.8153
    endloop
  endfacet
  facet normal -0.305591 -0.0484239 -0.950931
    outer loop
      vertex -28.7974 -0.807172 -14.4889
      vertex -30.3461 -0.561894 -14.0037
      vertex -28.861 -0.405808 -14.4889
    endloop
  endfacet
  facet normal -0.721163 0.367487 -0.587262
    outer loop
      vertex -35.6494 4.74141 -9.43981
      vertex -36.4925 5.11677 -8.16959
      vertex -35.0954 5.82859 -9.43981
    endloop
  endfacet
  facet normal -0.623659 0.404973 -0.668615
    outer loop
      vertex -34.1856 5.3033 -10.6066
      vertex -35.0954 5.82859 -9.43981
      vertex -34.4309 6.85192 -9.43981
    endloop
  endfacet
  facet normal -0.662547 0.337618 -0.668615
    outer loop
      vertex -34.1856 5.3033 -10.6066
      vertex -35.6494 4.74141 -9.43981
      vertex -35.0954 5.82859 -9.43981
    endloop
  endfacet
  facet normal -0.721163 0.367509 -0.58725
    outer loop
      vertex -35.0954 5.82859 -9.43981
      vertex -36.4925 5.11677 -8.16959
      vertex -35.8946 6.29003 -8.16959
    endloop
  endfacet
  facet normal -0.726588 0.471786 -0.499488
    outer loop
      vertex -35.8946 6.29003 -8.16959
      vertex -36.542 6.6638 -6.8748
      vertex -35.8281 7.56072 -7.06611
    endloop
  endfacet
  facet normal -0.726552 0.471832 -0.499496
    outer loop
      vertex -35.1775 7.39437 -8.16959
      vertex -35.8281 7.56072 -7.06611
      vertex -35.6736 7.7548 -7.10751
    endloop
  endfacet
  facet normal -0.726571 0.471797 -0.499502
    outer loop
      vertex -35.8281 7.56072 -7.06611
      vertex -35.1775 7.39437 -8.16959
      vertex -35.8946 6.29003 -8.16959
    endloop
  endfacet
  facet normal -0.755656 0.29002 -0.587258
    outer loop
      vertex -36.0866 3.60227 -9.43981
      vertex -36.9643 3.88745 -8.16959
      vertex -35.6494 4.74141 -9.43981
    endloop
  endfacet
  facet normal -0.781805 0.209541 -0.587259
    outer loop
      vertex -36.0866 3.60227 -9.43981
      vertex -37.3052 2.61554 -8.16959
      vertex -36.9643 3.88745 -8.16959
    endloop
  endfacet
  facet normal -0.902491 0.142977 -0.406286
    outer loop
      vertex -38.2919 1.39703 -6.80986
      vertex -38.4234 2.23925 -6.22137
      vertex -38.073 2.77876 -6.80986
    endloop
  endfacet
  facet normal -0.902501 0.142963 -0.406268
    outer loop
      vertex -38.4234 2.23925 -6.22137
      vertex -38.2919 1.39703 -6.80986
      vertex -38.5789 1.4272 -6.16169
    endloop
  endfacet
  facet normal -0.855673 0.13556 -0.499446
    outer loop
      vertex -37.3052 2.61554 -8.16959
      vertex -38.2919 1.39703 -6.80986
      vertex -38.073 2.77876 -6.80986
    endloop
  endfacet
  facet normal -0.310488 0.808791 0.499454
    outer loop
      vertex -29.13 12.711 6.80986
      vertex -30.4361 12.2096 6.80986
      vertex -30.1168 11.4925 8.16959
    endloop
  endfacet
  facet normal -0.290015 0.75565 0.587269
    outer loop
      vertex -28.8875 11.9643 8.16959
      vertex -30.1168 11.4925 8.16959
      vertex -29.7414 10.6494 9.43981
    endloop
  endfacet
  facet normal -0.209549 0.781812 0.587247
    outer loop
      vertex -27.6155 12.3052 8.16959
      vertex -28.6023 11.0866 9.43981
      vertex -27.4237 11.4025 9.43981
    endloop
  endfacet
  facet normal -0.192432 0.718287 0.668606
    outer loop
      vertex -27.2052 10.3748 10.6066
      vertex -28.6023 11.0866 9.43981
      vertex -28.2776 10.0875 10.6066
    endloop
  endfacet
  facet normal -0.772683 0.626139 -0.104454
    outer loop
      vertex -36.1061 10 -1.11496
      vertex -36.1507 10 -0.785039
      vertex -36.1319 10.0232 -0.785039
    endloop
  endfacet
  facet normal 0.44416 -0.87155 -0.20766
    outer loop
      vertex 32.4077 -12.8304 -2.34652
      vertex 30.8932 -13.2363 -3.88229
      vertex 32.2444 -12.5477 -3.88229
    endloop
  endfacet
  facet normal 0.431901 -0.847494 -0.308571
    outer loop
      vertex 32.2444 -12.5477 -3.88229
      vertex 30.8932 -13.2363 -3.88229
      vertex 32.0019 -12.1276 -5.37552
    endloop
  endfacet
  facet normal -0.431901 -0.847494 0.308571
    outer loop
      vertex -32.0019 -12.1276 5.37552
      vertex -32.2444 -12.5477 3.88229
      vertex -30.8932 -13.2363 3.88229
    endloop
  endfacet
  facet normal -0.517997 -0.797787 0.308569
    outer loop
      vertex -32.0019 -12.1276 5.37552
      vertex -33.5164 -11.7218 3.88229
      vertex -32.2444 -12.5477 3.88229
    endloop
  endfacet
  facet normal -0.440838 0.67883 -0.58724
    outer loop
      vertex -30.8286 10.0954 -9.43981
      vertex -31.8519 9.43086 -9.43981
      vertex -31.29 10.8946 -8.16959
    endloop
  endfacet
  facet normal -0.440778 0.678838 -0.587276
    outer loop
      vertex -31.8519 9.43086 -9.43981
      vertex -32.3944 10.1775 -8.16959
      vertex -31.29 10.8946 -8.16959
    endloop
  endfacet
  facet normal -0.587505 0.0308216 -0.808633
    outer loop
      vertex -33.1696 0 -12.5801
      vertex -34.3881 0.986728 -11.6572
      vertex -33.1248 0.853953 -12.5801
    endloop
  endfacet
  facet normal -0.499817 0.0262214 -0.865734
    outer loop
      vertex -31.8099 0 -13.3651
      vertex -33.1696 0 -12.5801
      vertex -33.1248 0.853953 -12.5801
    endloop
  endfacet
  facet normal -0.404999 -0.623636 -0.668621
    outer loop
      vertex -30.3033 -9.18559 -10.6066
      vertex -31.8519 -9.43086 -9.43981
      vertex -31.2344 -8.58092 -10.6066
    endloop
  endfacet
  facet normal -0.364718 -0.56161 -0.742681
    outer loop
      vertex -30.3033 -9.18559 -10.6066
      vertex -31.2344 -8.58092 -10.6066
      vertex -30.5486 -7.63696 -11.6572
    endloop
  endfacet
  facet normal -0.184847 0.362835 -0.913336
    outer loop
      vertex -27.6878 4.65534 -14.0037
      vertex -28.4049 5.89751 -13.3651
      vertex -27.1864 4.91078 -14.0037
    endloop
  endfacet
  facet normal -0.27258 0.41975 -0.865743
    outer loop
      vertex -28.4049 5.89751 -13.3651
      vertex -29.802 6.60933 -12.5801
      vertex -29.0848 7.07507 -12.5801
    endloop
  endfacet
  facet normal -0.194353 0.0745877 -0.978092
    outer loop
      vertex -27.2317 0.725113 -14.8153
      vertex -28.5466 1.57907 -14.4889
      vertex -27.1437 0.954414 -14.8153
    endloop
  endfacet
  facet normal -0.18543 0.0945596 -0.978097
    outer loop
      vertex -27.1437 0.954414 -14.8153
      vertex -28.3622 1.94114 -14.4889
      vertex -27.0321 1.17326 -14.8153
    endloop
  endfacet
  facet normal -0.168509 0.259486 -0.950932
    outer loop
      vertex -27.2819 3.14083 -14.4889
      vertex -28.1597 4.34889 -14.0037
      vertex -27.6878 4.65534 -14.0037
    endloop
  endfacet
  facet normal -0.0658606 0.0813404 -0.994508
    outer loop
      vertex -25.5253 0.583398 -14.9794
      vertex -26.5701 1.7438 -14.8153
      vertex -26.3792 1.89837 -14.8153
    endloop
  endfacet
  facet normal -0.057018 0.0877625 -0.994508
    outer loop
      vertex -25.3925 0.679864 -14.9794
      vertex -26.3792 1.89837 -14.8153
      vertex -26.1733 2.03214 -14.8153
    endloop
  endfacet
  facet normal -0.316451 0.256261 -0.913339
    outer loop
      vertex -29.3489 3.15965 -14.0037
      vertex -30.5093 4.00273 -13.3651
      vertex -28.9948 3.59692 -14.0037
    endloop
  endfacet
  facet normal -0.524208 0.267085 -0.808623
    outer loop
      vertex -32.4633 3.32287 -12.5801
      vertex -33.6237 3.83951 -11.6572
      vertex -32.0751 4.08479 -12.5801
    endloop
  endfacet
  facet normal -0.380148 0.145896 -0.913347
    outer loop
      vertex -30.1124 1.66113 -14.0037
      vertex -31.4766 2.10436 -13.3651
      vertex -29.9108 2.18642 -14.0037
    endloop
  endfacet
  facet normal -0.694221 0.266511 -0.668603
    outer loop
      vertex -35.0875 3.27762 -10.6066
      vertex -36.0866 3.60227 -9.43981
      vertex -34.6896 4.31409 -10.6066
    endloop
  endfacet
  facet normal -0.623611 0.405002 -0.668643
    outer loop
      vertex -34.1856 5.3033 -10.6066
      vertex -34.4309 6.85192 -9.43981
      vertex -33.5809 6.2344 -10.6066
    endloop
  endfacet
  facet normal -0.445938 0.227213 -0.865745
    outer loop
      vertex -31.2211 2.76982 -13.3651
      vertex -32.0751 4.08479 -12.5801
      vertex -30.8975 3.40493 -13.3651
    endloop
  endfacet
  facet normal -0.298844 0.0801132 -0.950933
    outer loop
      vertex -28.7974 0.807172 -14.4889
      vertex -30.2581 1.11763 -14.0037
      vertex -30.1124 1.66113 -14.0037
    endloop
  endfacet
  facet normal -0.402174 0.0637513 -0.913341
    outer loop
      vertex -30.3461 0.561894 -14.0037
      vertex -31.7726 0.711823 -13.3651
      vertex -31.661 1.41585 -13.3651
    endloop
  endfacet
  facet normal -0.227218 0.44594 -0.865742
    outer loop
      vertex -28.4049 5.89751 -13.3651
      vertex -29.0848 7.07507 -12.5801
      vertex -27.7698 6.22111 -13.3651
    endloop
  endfacet
  facet normal -0.110879 0.288864 -0.950928
    outer loop
      vertex -26.5791 3.54664 -14.4889
      vertex -26.6611 5.11242 -14.0037
      vertex -26.1997 3.69227 -14.4889
    endloop
  endfacet
  facet normal -0.130988 0.161775 -0.978096
    outer loop
      vertex -26.5701 1.7438 -14.8153
      vertex -27.5978 2.8851 -14.4889
      vertex -26.3792 1.89837 -14.8153
    endloop
  endfacet
  facet normal -0.314959 0.388977 -0.865736
    outer loop
      vertex -29.5567 5.06071 -13.3651
      vertex -30.4665 6.07119 -12.5801
      vertex -29.0027 5.50929 -13.3651
    endloop
  endfacet
  facet normal -0.14594 0.380147 -0.91334
    outer loop
      vertex -27.1864 4.91078 -14.0037
      vertex -27.7698 6.22111 -13.3651
      vertex -27.1044 6.47656 -13.3651
    endloop
  endfacet
  facet normal -0.41484 0.814134 0.406317
    outer loop
      vertex -30.4361 12.2096 6.80986
      vertex -32.0019 12.1276 5.37552
      vertex -31.6825 11.5745 6.80986
    endloop
  endfacet
  facet normal -0.49763 0.766334 0.406321
    outer loop
      vertex -32.0019 12.1276 5.37552
      vertex -32.8558 10.8126 6.80986
      vertex -31.6825 11.5745 6.80986
    endloop
  endfacet
  facet normal -0.414792 0.814186 0.406262
    outer loop
      vertex -30.6958 12.793 5.37552
      vertex -32.0019 12.1276 5.37552
      vertex -30.4361 12.2096 6.80986
    endloop
  endfacet
  facet normal -0.224259 0.836776 0.499513
    outer loop
      vertex -27.6155 12.3052 8.16959
      vertex -29.13 12.711 6.80986
      vertex -28.8875 11.9643 8.16959
    endloop
  endfacet
  facet normal -0.305591 0.0484239 -0.950931
    outer loop
      vertex -28.861 0.405808 -14.4889
      vertex -30.3461 0.561894 -14.0037
      vertex -28.7974 0.807172 -14.4889
    endloop
  endfacet
  facet normal -0.205604 0.03258 -0.978093
    outer loop
      vertex -27.3337 0.245277 -14.8153
      vertex -28.861 0.405808 -14.4889
      vertex -28.7974 0.807172 -14.4889
    endloop
  endfacet
  facet normal -0.406625 -0.0212759 -0.913347
    outer loop
      vertex -30.3461 -0.561894 -14.0037
      vertex -31.8099 0 -13.3651
      vertex -30.3755 0 -14.0037
    endloop
  endfacet
  facet normal -0.406625 0.0212759 -0.913347
    outer loop
      vertex -30.3755 0 -14.0037
      vertex -31.8099 0 -13.3651
      vertex -30.3461 0.561894 -14.0037
    endloop
  endfacet
  facet normal -0.298894 -0.0800313 -0.950925
    outer loop
      vertex -28.6923 -1.19969 -14.4889
      vertex -30.1124 -1.66113 -14.0037
      vertex -28.7974 -0.807172 -14.4889
    endloop
  endfacet
  facet normal -0.298844 -0.0801132 -0.950933
    outer loop
      vertex -30.1124 -1.66113 -14.0037
      vertex -30.2581 -1.11763 -14.0037
      vertex -28.7974 -0.807172 -14.4889
    endloop
  endfacet
  facet normal -0.865115 0.0453949 -0.499516
    outer loop
      vertex -37.5801 0 -8.16959
      vertex -38.2919 1.39703 -6.80986
      vertex -37.5111 1.31497 -8.16959
    endloop
  endfacet
  facet normal -0.855648 0.135462 -0.499516
    outer loop
      vertex -37.5111 1.31497 -8.16959
      vertex -38.2919 1.39703 -6.80986
      vertex -37.3052 2.61554 -8.16959
    endloop
  endfacet
  facet normal -0.209527 0.781808 0.58726
    outer loop
      vertex -27.6155 12.3052 8.16959
      vertex -28.8875 11.9643 8.16959
      vertex -28.6023 11.0866 9.43981
    endloop
  endfacet
  facet normal -0.290028 0.755651 0.587261
    outer loop
      vertex -28.8875 11.9643 8.16959
      vertex -29.7414 10.6494 9.43981
      vertex -28.6023 11.0866 9.43981
    endloop
  endfacet
  facet normal -0.224194 0.836827 0.499457
    outer loop
      vertex -27.7788 13.073 6.80986
      vertex -29.13 12.711 6.80986
      vertex -27.6155 12.3052 8.16959
    endloop
  endfacet
  facet normal -0.236467 0.882634 0.406251
    outer loop
      vertex -27.7788 13.073 6.80986
      vertex -29.3274 13.3183 5.37552
      vertex -29.13 12.711 6.80986
    endloop
  endfacet
  facet normal -0.239619 0.625144 0.742817
    outer loop
      vertex -28.2776 10.0875 10.6066
      vertex -28.3112 10 10.6694
      vertex -28.2492 10 10.6894
    endloop
  endfacet
  facet normal -0.173315 0.646825 0.742684
    outer loop
      vertex -27.2052 10.3748 10.6066
      vertex -28.1429 10 10.7142
      vertex -27.1256 10 10.9516
    endloop
  endfacet
  facet normal -0.173256 0.646711 0.742796
    outer loop
      vertex -28.1429 10 10.7142
      vertex -27.2052 10.3748 10.6066
      vertex -28.2776 10.0875 10.6066
    endloop
  endfacet
  facet normal 0.532771 -0.820394 -0.207627
    outer loop
      vertex 33.6864 -12 -2.34652
      vertex 32.4077 -12.8304 -2.34652
      vertex 33.2381 -12 -3.49686
    endloop
  endfacet
  facet normal 0.541639 -0.834102 -0.104403
    outer loop
      vertex 32.4077 -12.8304 -2.34652
      vertex 33.6908 -12 -2.32412
      vertex 32.4897 -12.9726 -0.785039
    endloop
  endfacet
  facet normal 0.54155 -0.833911 -0.106376
    outer loop
      vertex 33.6908 -12 -2.32412
      vertex 32.4077 -12.8304 -2.34652
      vertex 33.6864 -12 -2.34652
    endloop
  endfacet
  facet normal -0.58111 0.0919899 -0.808609
    outer loop
      vertex -33.1248 0.853953 -12.5801
      vertex -34.2335 1.96265 -11.6572
      vertex -32.9911 1.69855 -12.5801
    endloop
  endfacet
  facet normal -0.49436 0.0782573 -0.865728
    outer loop
      vertex -31.7726 0.711823 -13.3651
      vertex -33.1248 0.853953 -12.5801
      vertex -32.9911 1.69855 -12.5801
    endloop
  endfacet
  facet normal -0.267105 0.524205 -0.808619
    outer loop
      vertex -28.3229 7.46329 -12.5801
      vertex -29.0848 7.07507 -12.5801
      vertex -28.8395 8.62369 -11.6572
    endloop
  endfacet
  facet normal -0.210823 0.549262 -0.808619
    outer loop
      vertex -28.3229 7.46329 -12.5801
      vertex -28.8395 8.62369 -11.6572
      vertex -27.5245 7.76974 -12.5801
    endloop
  endfacet
  facet normal -0.415991 0.416012 -0.808632
    outer loop
      vertex -31.0712 5.46652 -12.5801
      vertex -31.3165 7.01514 -11.6572
      vertex -30.4665 6.07119 -12.5801
    endloop
  endfacet
  facet normal -0.416041 0.415994 -0.808615
    outer loop
      vertex -31.3165 7.01514 -11.6572
      vertex -31.0712 5.46652 -12.5801
      vertex -32.0151 6.31646 -11.6572
    endloop
  endfacet
  facet normal -0.473542 0.473488 -0.742676
    outer loop
      vertex -32.0151 6.31646 -11.6572
      vertex -32.0972 7.88224 -10.6066
      vertex -31.3165 7.01514 -11.6572
    endloop
  endfacet
  facet normal -0.473519 0.473495 -0.742685
    outer loop
      vertex -32.0972 7.88224 -10.6066
      vertex -32.0151 6.31646 -11.6572
      vertex -32.8822 7.0972 -10.6066
    endloop
  endfacet
  facet normal -0.549264 0.210808 -0.808622
    outer loop
      vertex -32.7697 2.52454 -12.5801
      vertex -33.6237 3.83951 -11.6572
      vertex -32.4633 3.32287 -12.5801
    endloop
  endfacet
  facet normal -0.549236 0.210835 -0.808634
    outer loop
      vertex -32.7697 2.52454 -12.5801
      vertex -33.9778 2.91706 -11.6572
      vertex -33.6237 3.83951 -11.6572
    endloop
  endfacet
  facet normal -0.457218 0.370213 -0.808637
    outer loop
      vertex -31.6093 4.80196 -12.5801
      vertex -32.637 5.54858 -11.6572
      vertex -31.0712 5.46652 -12.5801
    endloop
  endfacet
  facet normal -0.353919 0.353898 -0.865735
    outer loop
      vertex -30.0607 4.55668 -13.3651
      vertex -30.4665 6.07119 -12.5801
      vertex -29.5567 5.06071 -13.3651
    endloop
  endfacet
  facet normal -0.353891 0.353909 -0.865742
    outer loop
      vertex -30.4665 6.07119 -12.5801
      vertex -30.0607 4.55668 -13.3651
      vertex -31.0712 5.46652 -12.5801
    endloop
  endfacet
  facet normal -0.467257 0.179334 -0.865742
    outer loop
      vertex -31.2211 2.76982 -13.3651
      vertex -32.7697 2.52454 -12.5801
      vertex -32.4633 3.32287 -12.5801
    endloop
  endfacet
  facet normal -0.493434 0.320409 -0.808617
    outer loop
      vertex -32.0751 4.08479 -12.5801
      vertex -33.1751 4.7199 -11.6572
      vertex -32.637 5.54858 -11.6572
    endloop
  endfacet
  facet normal -0.520403 0.421425 -0.742685
    outer loop
      vertex -32.0151 6.31646 -11.6572
      vertex -33.5809 6.2344 -10.6066
      vertex -32.8822 7.0972 -10.6066
    endloop
  endfacet
  facet normal -0.520395 0.421464 -0.742669
    outer loop
      vertex -32.637 5.54858 -11.6572
      vertex -33.5809 6.2344 -10.6066
      vertex -32.0151 6.31646 -11.6572
    endloop
  endfacet
  facet normal -0.402209 0.0636892 -0.91333
    outer loop
      vertex -30.3461 0.561894 -14.0037
      vertex -31.661 1.41585 -13.3651
      vertex -30.2581 1.11763 -14.0037
    endloop
  endfacet
  facet normal -0.393354 0.10535 -0.913331
    outer loop
      vertex -30.2581 1.11763 -14.0037
      vertex -31.661 1.41585 -13.3651
      vertex -31.4766 2.10436 -13.3651
    endloop
  endfacet
  facet normal -0.145922 0.380147 -0.913343
    outer loop
      vertex -26.6611 5.11242 -14.0037
      vertex -27.1864 4.91078 -14.0037
      vertex -27.1044 6.47656 -13.3651
    endloop
  endfacet
  facet normal -0.105389 0.393318 -0.913342
    outer loop
      vertex -26.6611 5.11242 -14.0037
      vertex -27.1044 6.47656 -13.3651
      vertex -26.1176 5.25805 -14.0037
    endloop
  endfacet
  facet normal -0.341515 0.221747 -0.913343
    outer loop
      vertex -29.6553 2.68776 -14.0037
      vertex -30.8975 3.40493 -13.3651
      vertex -29.3489 3.15965 -14.0037
    endloop
  endfacet
  facet normal -0.113411 0.174563 -0.978093
    outer loop
      vertex -26.3792 1.89837 -14.8153
      vertex -26.9411 3.36216 -14.4889
      vertex -26.1733 2.03214 -14.8153
    endloop
  endfacet
  facet normal -0.194688 0.240496 -0.950925
    outer loop
      vertex -27.5978 2.8851 -14.4889
      vertex -28.5969 3.99479 -14.0037
      vertex -27.2819 3.14083 -14.4889
    endloop
  endfacet
  facet normal -0.174566 0.113403 -0.978093
    outer loop
      vertex -26.8984 1.37925 -14.8153
      vertex -28.3622 1.94114 -14.4889
      vertex -28.1408 2.28195 -14.4889
    endloop
  endfacet
  facet normal -0.25948 0.168566 -0.950924
    outer loop
      vertex -28.3622 1.94114 -14.4889
      vertex -29.6553 2.68776 -14.0037
      vertex -28.1408 2.28195 -14.4889
    endloop
  endfacet
  facet normal -0.362793 0.184892 -0.913343
    outer loop
      vertex -29.9108 2.18642 -14.0037
      vertex -30.8975 3.40493 -13.3651
      vertex -29.6553 2.68776 -14.0037
    endloop
  endfacet
  facet normal -0.272586 0.419741 -0.865745
    outer loop
      vertex -29.0027 5.50929 -13.3651
      vertex -29.802 6.60933 -12.5801
      vertex -28.4049 5.89751 -13.3651
    endloop
  endfacet
  facet normal -0.256294 0.316441 -0.913333
    outer loop
      vertex -28.5969 3.99479 -14.0037
      vertex -29.0027 5.50929 -13.3651
      vertex -28.1597 4.34889 -14.0037
    endloop
  endfacet
  facet normal -0.104791 0.661389 0.742687
    outer loop
      vertex -26.1087 10.5485 10.6066
      vertex -26.4649 10 11.0448
      vertex -26.051 10 11.1032
    endloop
  endfacet
  facet normal -0.703244 0.703244 0.104382
    outer loop
      vertex -34.9134 11.0099 2.34652
      vertex -36.1061 10 1.11496
      vertex -35.9233 10 2.34652
    endloop
  endfacet
  facet normal -0.703251 0.703236 0.104396
    outer loop
      vertex -35.0232 11.1319 0.785039
      vertex -36.1061 10 1.11496
      vertex -34.9134 11.0099 2.34652
    endloop
  endfacet
  facet normal -0.703239 0.703239 0.104445
    outer loop
      vertex -36.1061 10 1.11496
      vertex -35.0232 11.1319 0.785039
      vertex -36.1319 10.0232 0.785039
    endloop
  endfacet
  facet normal -0.227223 0.445935 -0.865743
    outer loop
      vertex -27.7698 6.22111 -13.3651
      vertex -29.0848 7.07507 -12.5801
      vertex -28.3229 7.46329 -12.5801
    endloop
  endfacet
  facet normal -0.179346 0.467253 -0.865743
    outer loop
      vertex -27.7698 6.22111 -13.3651
      vertex -28.3229 7.46329 -12.5801
      vertex -27.5245 7.76974 -12.5801
    endloop
  endfacet
  facet normal -0.314979 0.388938 -0.865746
    outer loop
      vertex -29.0027 5.50929 -13.3651
      vertex -30.4665 6.07119 -12.5801
      vertex -29.802 6.60933 -12.5801
    endloop
  endfacet
  facet normal -0.370264 0.457205 -0.808621
    outer loop
      vertex -30.4665 6.07119 -12.5801
      vertex -30.5486 7.63696 -11.6572
      vertex -29.802 6.60933 -12.5801
    endloop
  endfacet
  facet normal -0.596667 0.304 -0.74268
    outer loop
      vertex -33.6237 3.83951 -11.6572
      vertex -34.6896 4.31409 -10.6066
      vertex -34.1856 5.3033 -10.6066
    endloop
  endfacet
  facet normal -0.625162 0.239999 -0.742679
    outer loop
      vertex -33.6237 3.83951 -11.6572
      vertex -35.0875 3.27762 -10.6066
      vertex -34.6896 4.31409 -10.6066
    endloop
  endfacet
  facet normal -0.596643 0.304018 -0.742691
    outer loop
      vertex -33.6237 3.83951 -11.6572
      vertex -34.1856 5.3033 -10.6066
      vertex -33.1751 4.7199 -11.6572
    endloop
  endfacet
  facet normal -0.561618 0.364684 -0.742692
    outer loop
      vertex -33.1751 4.7199 -11.6572
      vertex -34.1856 5.3033 -10.6066
      vertex -32.637 5.54858 -11.6572
    endloop
  endfacet
  facet normal -0.140451 0.27569 -0.95093
    outer loop
      vertex -26.9411 3.36216 -14.4889
      vertex -27.6878 4.65534 -14.0037
      vertex -27.1864 4.91078 -14.0037
    endloop
  endfacet
  facet normal -0.140491 0.275682 -0.950927
    outer loop
      vertex -26.9411 3.36216 -14.4889
      vertex -27.1864 4.91078 -14.0037
      vertex -26.5791 3.54664 -14.4889
    endloop
  endfacet
  facet normal -0.287916 0.287938 -0.913343
    outer loop
      vertex -28.9948 3.59692 -14.0037
      vertex -29.5567 5.06071 -13.3651
      vertex -28.5969 3.99479 -14.0037
    endloop
  endfacet
  facet normal -0.287943 0.287926 -0.913339
    outer loop
      vertex -29.5567 5.06071 -13.3651
      vertex -28.9948 3.59692 -14.0037
      vertex -30.0607 4.55668 -13.3651
    endloop
  endfacet
  facet normal -0.130975 0.161791 -0.978095
    outer loop
      vertex -26.3792 1.89837 -14.8153
      vertex -27.5978 2.8851 -14.4889
      vertex -27.2819 3.14083 -14.4889
    endloop
  endfacet
  facet normal -0.174597 0.113324 -0.978097
    outer loop
      vertex -27.0321 1.17326 -14.8153
      vertex -28.3622 1.94114 -14.4889
      vertex -26.8984 1.37925 -14.8153
    endloop
  endfacet
  facet normal -0.0877909 0.0569816 -0.994508
    outer loop
      vertex -25.6799 0.392519 -14.9794
      vertex -27.0321 1.17326 -14.8153
      vertex -26.8984 1.37925 -14.8153
    endloop
  endfacet
  facet normal -0.259501 0.168495 -0.95093
    outer loop
      vertex -28.1408 2.28195 -14.4889
      vertex -29.6553 2.68776 -14.0037
      vertex -29.3489 3.15965 -14.0037
    endloop
  endfacet
  facet normal -0.185499 0.0944733 -0.978093
    outer loop
      vertex -27.1437 0.954414 -14.8153
      vertex -28.5466 1.57907 -14.4889
      vertex -28.3622 1.94114 -14.4889
    endloop
  endfacet
  facet normal -0.240451 0.194717 -0.950931
    outer loop
      vertex -28.1408 2.28195 -14.4889
      vertex -29.3489 3.15965 -14.0037
      vertex -28.9948 3.59692 -14.0037
    endloop
  endfacet
  facet normal -0.388946 0.314976 -0.865743
    outer loop
      vertex -30.5093 4.00273 -13.3651
      vertex -31.0712 5.46652 -12.5801
      vertex -30.0607 4.55668 -13.3651
    endloop
  endfacet
  facet normal -0.256241 0.316459 -0.913342
    outer loop
      vertex -28.5969 3.99479 -14.0037
      vertex -29.5567 5.06071 -13.3651
      vertex -29.0027 5.50929 -13.3651
    endloop
  endfacet
  facet normal -0.194732 0.240432 -0.950932
    outer loop
      vertex -27.2819 3.14083 -14.4889
      vertex -28.5969 3.99479 -14.0037
      vertex -28.1597 4.34889 -14.0037
    endloop
  endfacet
  facet normal -0.275702 0.140413 -0.950932
    outer loop
      vertex -28.5466 1.57907 -14.4889
      vertex -29.9108 2.18642 -14.0037
      vertex -28.3622 1.94114 -14.4889
    endloop
  endfacet
  facet normal -0.288859 0.11086 -0.950931
    outer loop
      vertex -28.5466 1.57907 -14.4889
      vertex -30.1124 1.66113 -14.0037
      vertex -29.9108 2.18642 -14.0037
    endloop
  endfacet
  facet normal -0.173301 0.646672 0.74282
    outer loop
      vertex -28.1429 10 10.7142
      vertex -28.2776 10.0875 10.6066
      vertex -28.2492 10 10.6894
    endloop
  endfacet
  facet normal -0.493375 0.320446 -0.808638
    outer loop
      vertex -32.0751 4.08479 -12.5801
      vertex -32.637 5.54858 -11.6572
      vertex -31.6093 4.80196 -12.5801
    endloop
  endfacet
  facet normal -0.419727 0.272612 -0.865744
    outer loop
      vertex -30.8975 3.40493 -13.3651
      vertex -32.0751 4.08479 -12.5801
      vertex -31.6093 4.80196 -12.5801
    endloop
  endfacet
  facet normal -0.147175 0.1472 -0.978096
    outer loop
      vertex -26.7438 1.57013 -14.8153
      vertex -27.5978 2.8851 -14.4889
      vertex -26.5701 1.7438 -14.8153
    endloop
  endfacet
  facet normal -0.147202 0.147182 -0.978095
    outer loop
      vertex -27.5978 2.8851 -14.4889
      vertex -26.7438 1.57013 -14.8153
      vertex -27.8851 2.59776 -14.4889
    endloop
  endfacet
  facet normal -0.161759 0.131014 -0.978095
    outer loop
      vertex -26.8984 1.37925 -14.8153
      vertex -27.8851 2.59776 -14.4889
      vertex -26.7438 1.57013 -14.8153
    endloop
  endfacet
  facet normal -0.298894 0.0800313 -0.950925
    outer loop
      vertex -28.7974 0.807172 -14.4889
      vertex -30.1124 1.66113 -14.0037
      vertex -28.6923 1.19969 -14.4889
    endloop
  endfacet
  facet normal -0.288853 0.110933 -0.950925
    outer loop
      vertex -28.6923 1.19969 -14.4889
      vertex -30.1124 1.66113 -14.0037
      vertex -28.5466 1.57907 -14.4889
    endloop
  endfacet
  facet normal -0.218809 0.218779 -0.950925
    outer loop
      vertex -27.8851 2.59776 -14.4889
      vertex -28.5969 3.99479 -14.0037
      vertex -27.5978 2.8851 -14.4889
    endloop
  endfacet
  facet normal -0.218779 0.218795 -0.950928
    outer loop
      vertex -28.5969 3.99479 -14.0037
      vertex -27.8851 2.59776 -14.4889
      vertex -28.9948 3.59692 -14.0037
    endloop
  endfacet
  facet normal -0.34151 0.22177 -0.913339
    outer loop
      vertex -29.3489 3.15965 -14.0037
      vertex -30.8975 3.40493 -13.3651
      vertex -30.5093 4.00273 -13.3651
    endloop
  endfacet
  facet normal -0.221784 0.341513 -0.913335
    outer loop
      vertex -28.1597 4.34889 -14.0037
      vertex -29.0027 5.50929 -13.3651
      vertex -28.4049 5.89751 -13.3651
    endloop
  endfacet
  facet normal -0.221778 0.341515 -0.913336
    outer loop
      vertex -28.1597 4.34889 -14.0037
      vertex -28.4049 5.89751 -13.3651
      vertex -27.6878 4.65534 -14.0037
    endloop
  endfacet
  facet normal -0.380147 0.145956 -0.913337
    outer loop
      vertex -29.9108 2.18642 -14.0037
      vertex -31.4766 2.10436 -13.3651
      vertex -31.2211 2.76982 -13.3651
    endloop
  endfacet
  facet normal -0.362823 0.184865 -0.913337
    outer loop
      vertex -29.9108 2.18642 -14.0037
      vertex -31.2211 2.76982 -13.3651
      vertex -30.8975 3.40493 -13.3651
    endloop
  endfacet
  facet normal -0.240472 0.194702 -0.950928
    outer loop
      vertex -28.1408 2.28195 -14.4889
      vertex -28.9948 3.59692 -14.0037
      vertex -27.8851 2.59776 -14.4889
    endloop
  endfacet
  facet normal 1 0 0
    outer loop
      vertex 40 4.97261 4.47736
      vertex 40 12 17.5
      vertex 40 5 5
    endloop
  endfacet
  facet normal 1 0 0
    outer loop
      vertex 40 12 17.5
      vertex 40 4.97261 5.52264
      vertex 40 5 5
    endloop
  endfacet
  facet normal 1 0 0
    outer loop
      vertex 40 12 17.5
      vertex 40 4.89074 6.03956
      vertex 40 4.97261 5.52264
    endloop
  endfacet
  facet normal 1 0 0
    outer loop
      vertex 40 12 17.5
      vertex 40 4.75528 6.54508
      vertex 40 4.89074 6.03956
    endloop
  endfacet
  facet normal 1 0 0
    outer loop
      vertex 40 12 17.5
      vertex 40 4.56773 7.03368
      vertex 40 4.75528 6.54508
    endloop
  endfacet
  facet normal 1 0 0
    outer loop
      vertex 40 12 17.5
      vertex 40 4.33013 7.5
      vertex 40 4.56773 7.03368
    endloop
  endfacet
  facet normal 1 0 0
    outer loop
      vertex 40 12 17.5
      vertex 40 4.04508 7.93893
      vertex 40 4.33013 7.5
    endloop
  endfacet
  facet normal 1 0 0
    outer loop
      vertex 40 12 17.5
      vertex 40 3.71572 8.34565
      vertex 40 4.04508 7.93893
    endloop
  endfacet
  facet normal 1 0 0
    outer loop
      vertex 40 12 17.5
      vertex 40 3.34565 8.71572
      vertex 40 3.71572 8.34565
    endloop
  endfacet
  facet normal 1 0 0
    outer loop
      vertex 40 12 17.5
      vertex 40 2.93893 9.04508
      vertex 40 3.34565 8.71572
    endloop
  endfacet
  facet normal 1 0 0
    outer loop
      vertex 40 12 17.5
      vertex 40 2.5 9.33013
      vertex 40 2.93893 9.04508
    endloop
  endfacet
  facet normal 1 0 0
    outer loop
      vertex 40 12 17.5
      vertex 40 2.03368 9.56773
      vertex 40 2.5 9.33013
    endloop
  endfacet
  facet normal 1 0 0
    outer loop
      vertex 40 12 17.5
      vertex 40 1.54508 9.75528
      vertex 40 2.03368 9.56773
    endloop
  endfacet
  facet normal 1 0 0
    outer loop
      vertex 40 12 17.5
      vertex 40 1.03956 9.89074
      vertex 40 1.54508 9.75528
    endloop
  endfacet
  facet normal 1 0 0
    outer loop
      vertex 40 12 17.5
      vertex 40 0.522642 9.97261
      vertex 40 1.03956 9.89074
    endloop
  endfacet
  facet normal 1 0 0
    outer loop
      vertex 40 12 17.5
      vertex 40 0 10
      vertex 40 0.522642 9.97261
    endloop
  endfacet
  facet normal 1 -0 0
    outer loop
      vertex 40 -12 17.5
      vertex 40 0 10
      vertex 40 12 17.5
    endloop
  endfacet
  facet normal 1 0 0
    outer loop
      vertex 40 0 10
      vertex 40 -12 17.5
      vertex 40 -0.522642 9.97261
    endloop
  endfacet
  facet normal 1 0 0
    outer loop
      vertex 40 -0.522642 9.97261
      vertex 40 -12 17.5
      vertex 40 -1.03956 9.89074
    endloop
  endfacet
  facet normal 1 0 0
    outer loop
      vertex 40 -1.03956 9.89074
      vertex 40 -12 17.5
      vertex 40 -1.54508 9.75528
    endloop
  endfacet
  facet normal 1 0 0
    outer loop
      vertex 40 -1.54508 9.75528
      vertex 40 -12 17.5
      vertex 40 -2.03368 9.56773
    endloop
  endfacet
  facet normal 1 0 0
    outer loop
      vertex 40 -4.97261 5.52264
      vertex 40 -12 17.5
      vertex 40 -5 5
    endloop
  endfacet
  facet normal 1 0 0
    outer loop
      vertex 40 -4.89074 6.03956
      vertex 40 -12 17.5
      vertex 40 -4.97261 5.52264
    endloop
  endfacet
  facet normal 1 0 0
    outer loop
      vertex 40 -4.75528 6.54508
      vertex 40 -12 17.5
      vertex 40 -4.89074 6.03956
    endloop
  endfacet
  facet normal 1 0 0
    outer loop
      vertex 40 -4.56773 7.03368
      vertex 40 -12 17.5
      vertex 40 -4.75528 6.54508
    endloop
  endfacet
  facet normal 1 0 0
    outer loop
      vertex 40 -4.33013 7.5
      vertex 40 -12 17.5
      vertex 40 -4.56773 7.03368
    endloop
  endfacet
  facet normal 1 0 0
    outer loop
      vertex 40 -4.04508 7.93893
      vertex 40 -12 17.5
      vertex 40 -4.33013 7.5
    endloop
  endfacet
  facet normal 1 0 0
    outer loop
      vertex 40 -3.71572 8.34565
      vertex 40 -12 17.5
      vertex 40 -4.04508 7.93893
    endloop
  endfacet
  facet normal 1 0 0
    outer loop
      vertex 40 -3.34565 8.71572
      vertex 40 -12 17.5
      vertex 40 -3.71572 8.34565
    endloop
  endfacet
  facet normal 1 0 0
    outer loop
      vertex 40 -2.93893 9.04508
      vertex 40 -12 17.5
      vertex 40 -3.34565 8.71572
    endloop
  endfacet
  facet normal 1 0 0
    outer loop
      vertex 40 -2.5 9.33013
      vertex 40 -12 17.5
      vertex 40 -2.93893 9.04508
    endloop
  endfacet
  facet normal 1 0 0
    outer loop
      vertex 40 -2.03368 9.56773
      vertex 40 -12 17.5
      vertex 40 -2.5 9.33013
    endloop
  endfacet
  facet normal 1 0 0
    outer loop
      vertex 40 4.89074 3.96044
      vertex 40 12 17.5
      vertex 40 4.97261 4.47736
    endloop
  endfacet
  facet normal 1 0 0
    outer loop
      vertex 40 12 17.5
      vertex 40 4.89074 3.96044
      vertex 40 12 -17.5
    endloop
  endfacet
  facet normal 1 -0 0
    outer loop
      vertex 40 4.75528 3.45491
      vertex 40 12 -17.5
      vertex 40 4.89074 3.96044
    endloop
  endfacet
  facet normal 1 -0 0
    outer loop
      vertex 40 4.56773 2.96632
      vertex 40 12 -17.5
      vertex 40 4.75528 3.45491
    endloop
  endfacet
  facet normal 1 -0 0
    outer loop
      vertex 40 4.33013 2.5
      vertex 40 12 -17.5
      vertex 40 4.56773 2.96632
    endloop
  endfacet
  facet normal 1 -0 0
    outer loop
      vertex 40 4.04508 2.06107
      vertex 40 12 -17.5
      vertex 40 4.33013 2.5
    endloop
  endfacet
  facet normal 1 -0 0
    outer loop
      vertex 40 3.71572 1.65435
      vertex 40 12 -17.5
      vertex 40 4.04508 2.06107
    endloop
  endfacet
  facet normal 1 -0 0
    outer loop
      vertex 40 3.34565 1.28428
      vertex 40 12 -17.5
      vertex 40 3.71572 1.65435
    endloop
  endfacet
  facet normal 1 -0 0
    outer loop
      vertex 40 2.93893 0.954914
      vertex 40 12 -17.5
      vertex 40 3.34565 1.28428
    endloop
  endfacet
  facet normal 1 -0 0
    outer loop
      vertex 40 2.5 0.669872
      vertex 40 12 -17.5
      vertex 40 2.93893 0.954914
    endloop
  endfacet
  facet normal 1 -0 0
    outer loop
      vertex 40 2.03368 0.432272
      vertex 40 12 -17.5
      vertex 40 2.5 0.669872
    endloop
  endfacet
  facet normal 1 -0 0
    outer loop
      vertex 40 1.54508 0.244717
      vertex 40 12 -17.5
      vertex 40 2.03368 0.432272
    endloop
  endfacet
  facet normal 1 -0 0
    outer loop
      vertex 40 1.03956 0.109262
      vertex 40 12 -17.5
      vertex 40 1.54508 0.244717
    endloop
  endfacet
  facet normal 1 -0 0
    outer loop
      vertex 40 0.522642 0.0273905
      vertex 40 12 -17.5
      vertex 40 1.03956 0.109262
    endloop
  endfacet
  facet normal 1 -0 0
    outer loop
      vertex 40 0 0
      vertex 40 12 -17.5
      vertex 40 0.522642 0.0273905
    endloop
  endfacet
  facet normal 1 0 0
    outer loop
      vertex 40 -12 -17.5
      vertex 40 0 0
      vertex 40 -0.522642 0.0273905
    endloop
  endfacet
  facet normal 1 0 0
    outer loop
      vertex 40 -12 -17.5
      vertex 40 -0.522642 0.0273905
      vertex 40 -1.03956 0.109262
    endloop
  endfacet
  facet normal 1 0 0
    outer loop
      vertex 40 -12 -17.5
      vertex 40 -1.03956 0.109262
      vertex 40 -1.54508 0.244717
    endloop
  endfacet
  facet normal 1 0 0
    outer loop
      vertex 40 -12 -17.5
      vertex 40 -1.54508 0.244717
      vertex 40 -2.03368 0.432272
    endloop
  endfacet
  facet normal 1 0 0
    outer loop
      vertex 40 -12 -17.5
      vertex 40 -2.03368 0.432272
      vertex 40 -2.5 0.669872
    endloop
  endfacet
  facet normal 1 0 0
    outer loop
      vertex 40 -12 -17.5
      vertex 40 -2.5 0.669872
      vertex 40 -2.93893 0.954914
    endloop
  endfacet
  facet normal 1 0 0
    outer loop
      vertex 40 -12 -17.5
      vertex 40 -2.93893 0.954914
      vertex 40 -3.34565 1.28428
    endloop
  endfacet
  facet normal 1 0 0
    outer loop
      vertex 40 -12 -17.5
      vertex 40 -3.34565 1.28428
      vertex 40 -3.71572 1.65435
    endloop
  endfacet
  facet normal 1 0 0
    outer loop
      vertex 40 -12 17.5
      vertex 40 -4.97261 4.47736
      vertex 40 -5 5
    endloop
  endfacet
  facet normal 1 0 0
    outer loop
      vertex 40 -12 17.5
      vertex 40 -4.89074 3.96044
      vertex 40 -4.97261 4.47736
    endloop
  endfacet
  facet normal 1 0 0
    outer loop
      vertex 40 -12 -17.5
      vertex 40 -4.89074 3.96044
      vertex 40 -12 17.5
    endloop
  endfacet
  facet normal 1 0 0
    outer loop
      vertex 40 -4.89074 3.96044
      vertex 40 -12 -17.5
      vertex 40 -4.75528 3.45491
    endloop
  endfacet
  facet normal 1 0 0
    outer loop
      vertex 40 -4.75528 3.45491
      vertex 40 -12 -17.5
      vertex 40 -4.56773 2.96632
    endloop
  endfacet
  facet normal 1 0 0
    outer loop
      vertex 40 0 0
      vertex 40 -12 -17.5
      vertex 40 12 -17.5
    endloop
  endfacet
  facet normal 1 0 0
    outer loop
      vertex 40 -4.04508 2.06107
      vertex 40 -12 -17.5
      vertex 40 -3.71572 1.65435
    endloop
  endfacet
  facet normal 1 0 0
    outer loop
      vertex 40 -4.33013 2.5
      vertex 40 -12 -17.5
      vertex 40 -4.04508 2.06107
    endloop
  endfacet
  facet normal 1 0 0
    outer loop
      vertex 40 -4.56773 2.96632
      vertex 40 -12 -17.5
      vertex 40 -4.33013 2.5
    endloop
  endfacet
  facet normal -0 0 1
    outer loop
      vertex 0 12 17.5
      vertex 40 -12 17.5
      vertex 40 12 17.5
    endloop
  endfacet
  facet normal 0 0 1
    outer loop
      vertex 40 -12 17.5
      vertex 0 12 17.5
      vertex 0 -12 17.5
    endloop
  endfacet
  facet normal 0 0 -1
    outer loop
      vertex 0 -12 -17.5
      vertex 23.5 -10.9471 -17.5
      vertex 23.5 -12 -17.5
    endloop
  endfacet
  facet normal -0 0 -1
    outer loop
      vertex 23.5 -10.9471 -17.5
      vertex 0 -12 -17.5
      vertex 23.5 10.9471 -17.5
    endloop
  endfacet
  facet normal 0 0 -1
    outer loop
      vertex 0 12 -17.5
      vertex 23.5 10.9471 -17.5
      vertex 0 -12 -17.5
    endloop
  endfacet
  facet normal 0 0 -1
    outer loop
      vertex 23.5 10.9471 -17.5
      vertex 0 12 -17.5
      vertex 23.5 12 -17.5
    endloop
  endfacet
  facet normal 0 0 -1
    outer loop
      vertex 23.5 -10.9471 -17.5
      vertex 26.5 10.9471 -17.5
      vertex 26.5 -10.9471 -17.5
    endloop
  endfacet
  facet normal -0 0 -1
    outer loop
      vertex 26.5 10.9471 -17.5
      vertex 23.5 -10.9471 -17.5
      vertex 23.5 10.9471 -17.5
    endloop
  endfacet
  facet normal 0 0 -1
    outer loop
      vertex 26.5 -10.9471 -17.5
      vertex 40 -12 -17.5
      vertex 26.5 -12 -17.5
    endloop
  endfacet
  facet normal 0 0 -1
    outer loop
      vertex 40 -12 -17.5
      vertex 26.5 -10.9471 -17.5
      vertex 40 12 -17.5
    endloop
  endfacet
  facet normal 0 0 -1
    outer loop
      vertex 26.5 10.9471 -17.5
      vertex 40 12 -17.5
      vertex 26.5 -10.9471 -17.5
    endloop
  endfacet
  facet normal -0 0 -1
    outer loop
      vertex 40 12 -17.5
      vertex 26.5 10.9471 -17.5
      vertex 26.5 12 -17.5
    endloop
  endfacet
  facet normal -1 0 0
    outer loop
      vertex 0 11.6572 9.43981
      vertex 0 12 17.5
      vertex 0 12 8.96797
    endloop
  endfacet
  facet normal -1 0 0
    outer loop
      vertex 0 10.6066 10.6066
      vertex 0 12 17.5
      vertex 0 11.6572 9.43981
    endloop
  endfacet
  facet normal -1 0 0
    outer loop
      vertex 0 9.43981 11.6572
      vertex 0 12 17.5
      vertex 0 10.6066 10.6066
    endloop
  endfacet
  facet normal -1 0 0
    outer loop
      vertex 0 8.16959 12.5801
      vertex 0 12 17.5
      vertex 0 9.43981 11.6572
    endloop
  endfacet
  facet normal -1 0 0
    outer loop
      vertex 0 6.80986 13.3651
      vertex 0 12 17.5
      vertex 0 8.16959 12.5801
    endloop
  endfacet
  facet normal -1 0 0
    outer loop
      vertex 0 5.37552 14.0037
      vertex 0 12 17.5
      vertex 0 6.80986 13.3651
    endloop
  endfacet
  facet normal -1 0 0
    outer loop
      vertex 0 3.88229 14.4889
      vertex 0 12 17.5
      vertex 0 5.37552 14.0037
    endloop
  endfacet
  facet normal -1 0 0
    outer loop
      vertex 0 2.34652 14.8153
      vertex 0 12 17.5
      vertex 0 3.88229 14.4889
    endloop
  endfacet
  facet normal -1 0 0
    outer loop
      vertex 0 0.785039 14.9794
      vertex 0 12 17.5
      vertex 0 2.34652 14.8153
    endloop
  endfacet
  facet normal -1 0 0
    outer loop
      vertex 0 -0.785039 14.9794
      vertex 0 12 17.5
      vertex 0 0.785039 14.9794
    endloop
  endfacet
  facet normal -1 0 0
    outer loop
      vertex 0 -12 17.5
      vertex 0 -0.785039 14.9794
      vertex 0 -2.34652 14.8153
    endloop
  endfacet
  facet normal -1 0 0
    outer loop
      vertex 0 -0.785039 14.9794
      vertex 0 -12 17.5
      vertex 0 12 17.5
    endloop
  endfacet
  facet normal -1 0 0
    outer loop
      vertex 0 -3.88229 14.4889
      vertex 0 -12 17.5
      vertex 0 -2.34652 14.8153
    endloop
  endfacet
  facet normal -1 0 0
    outer loop
      vertex 0 -5.37552 14.0037
      vertex 0 -12 17.5
      vertex 0 -3.88229 14.4889
    endloop
  endfacet
  facet normal -1 0 0
    outer loop
      vertex 0 -6.80986 13.3651
      vertex 0 -12 17.5
      vertex 0 -5.37552 14.0037
    endloop
  endfacet
  facet normal -1 0 0
    outer loop
      vertex 0 -8.16959 12.5801
      vertex 0 -12 17.5
      vertex 0 -6.80986 13.3651
    endloop
  endfacet
  facet normal -1 0 0
    outer loop
      vertex 0 -9.43981 11.6572
      vertex 0 -12 17.5
      vertex 0 -8.16959 12.5801
    endloop
  endfacet
  facet normal -1 0 0
    outer loop
      vertex 0 -10.6066 10.6066
      vertex 0 -12 17.5
      vertex 0 -9.43981 11.6572
    endloop
  endfacet
  facet normal -1 0 0
    outer loop
      vertex 0 -11.6572 9.43981
      vertex 0 -12 17.5
      vertex 0 -10.6066 10.6066
    endloop
  endfacet
  facet normal -1 0 0
    outer loop
      vertex 0 -12 17.5
      vertex 0 -11.6572 9.43981
      vertex 0 -12 8.96797
    endloop
  endfacet
  facet normal -1 0 0
    outer loop
      vertex 0 12 -17.5
      vertex 0 11.6572 -9.43981
      vertex 0 12 -8.96797
    endloop
  endfacet
  facet normal -1 0 0
    outer loop
      vertex 0 12 -17.5
      vertex 0 10.6066 -10.6066
      vertex 0 11.6572 -9.43981
    endloop
  endfacet
  facet normal -1 0 0
    outer loop
      vertex 0 12 -17.5
      vertex 0 9.43981 -11.6572
      vertex 0 10.6066 -10.6066
    endloop
  endfacet
  facet normal -1 0 0
    outer loop
      vertex 0 12 -17.5
      vertex 0 8.16959 -12.5801
      vertex 0 9.43981 -11.6572
    endloop
  endfacet
  facet normal -1 0 0
    outer loop
      vertex 0 12 -17.5
      vertex 0 6.80986 -13.3651
      vertex 0 8.16959 -12.5801
    endloop
  endfacet
  facet normal -1 0 0
    outer loop
      vertex 0 12 -17.5
      vertex 0 5.37552 -14.0037
      vertex 0 6.80986 -13.3651
    endloop
  endfacet
  facet normal -1 0 0
    outer loop
      vertex 0 12 -17.5
      vertex 0 3.88229 -14.4889
      vertex 0 5.37552 -14.0037
    endloop
  endfacet
  facet normal -1 0 0
    outer loop
      vertex 0 12 -17.5
      vertex 0 2.34652 -14.8153
      vertex 0 3.88229 -14.4889
    endloop
  endfacet
  facet normal -1 0 0
    outer loop
      vertex 0 12 -17.5
      vertex 0 0.785039 -14.9794
      vertex 0 2.34652 -14.8153
    endloop
  endfacet
  facet normal -1 0 0
    outer loop
      vertex 0 12 -17.5
      vertex 0 -0.785039 -14.9794
      vertex 0 0.785039 -14.9794
    endloop
  endfacet
  facet normal -1 0 0
    outer loop
      vertex 0 -12 -17.5
      vertex 0 -0.785039 -14.9794
      vertex 0 12 -17.5
    endloop
  endfacet
  facet normal -1 -0 0
    outer loop
      vertex 0 -0.785039 -14.9794
      vertex 0 -12 -17.5
      vertex 0 -2.34652 -14.8153
    endloop
  endfacet
  facet normal -1 0 0
    outer loop
      vertex 0 -12 -17.5
      vertex 0 -3.88229 -14.4889
      vertex 0 -2.34652 -14.8153
    endloop
  endfacet
  facet normal -1 0 0
    outer loop
      vertex 0 -12 -17.5
      vertex 0 -5.37552 -14.0037
      vertex 0 -3.88229 -14.4889
    endloop
  endfacet
  facet normal -1 0 0
    outer loop
      vertex 0 -12 -17.5
      vertex 0 -6.80986 -13.3651
      vertex 0 -5.37552 -14.0037
    endloop
  endfacet
  facet normal -1 0 0
    outer loop
      vertex 0 -12 -17.5
      vertex 0 -8.16959 -12.5801
      vertex 0 -6.80986 -13.3651
    endloop
  endfacet
  facet normal -1 0 0
    outer loop
      vertex 0 -12 -17.5
      vertex 0 -9.43981 -11.6572
      vertex 0 -8.16959 -12.5801
    endloop
  endfacet
  facet normal -1 0 0
    outer loop
      vertex 0 -12 -17.5
      vertex 0 -10.6066 -10.6066
      vertex 0 -9.43981 -11.6572
    endloop
  endfacet
  facet normal -1 0 0
    outer loop
      vertex 0 -12 -17.5
      vertex 0 -11.6572 -9.43981
      vertex 0 -10.6066 -10.6066
    endloop
  endfacet
  facet normal -1 -0 0
    outer loop
      vertex 0 -11.6572 -9.43981
      vertex 0 -12 -17.5
      vertex 0 -12 -8.96797
    endloop
  endfacet
  facet normal 0 1 0
    outer loop
      vertex 40 12 17.5
      vertex 25 12 8.96797
      vertex 0 12 17.5
    endloop
  endfacet
  facet normal 0 1 0
    outer loop
      vertex 40 12 17.5
      vertex 25.5279 12 8.92989
      vertex 25 12 8.96797
    endloop
  endfacet
  facet normal 0 1 0
    outer loop
      vertex 40 12 17.5
      vertex 26.2613 12 8.87699
      vertex 25.5279 12 8.92989
    endloop
  endfacet
  facet normal 0 1 0
    outer loop
      vertex 40 12 17.5
      vertex 27.0166 12 8.71412
      vertex 26.2613 12 8.87699
    endloop
  endfacet
  facet normal 0 1 0
    outer loop
      vertex 40 12 17.5
      vertex 27.5507 12 8.59898
      vertex 27.0166 12 8.71412
    endloop
  endfacet
  facet normal 0 1 0
    outer loop
      vertex 40 12 17.5
      vertex 27.8626 12 8.48769
      vertex 27.5507 12 8.59898
    endloop
  endfacet
  facet normal 0 1 0
    outer loop
      vertex 40 12 17.5
      vertex 28.7544 12 8.16959
      vertex 27.8626 12 8.48769
    endloop
  endfacet
  facet normal 0 1 0
    outer loop
      vertex 40 12 17.5
      vertex 28.899 12 8.10465
      vertex 28.7544 12 8.16959
    endloop
  endfacet
  facet normal 0 1 0
    outer loop
      vertex 40 12 17.5
      vertex 29.7058 12 7.60322
      vertex 28.899 12 8.10465
    endloop
  endfacet
  facet normal 0 1 0
    outer loop
      vertex 40 12 17.5
      vertex 30.3427 12 7.2073
      vertex 29.7058 12 7.60322
    endloop
  endfacet
  facet normal 0 1 0
    outer loop
      vertex 40 12 17.5
      vertex 30.5722 12 7.02662
      vertex 30.3427 12 7.2073
    endloop
  endfacet
  facet normal 0 1 0
    outer loop
      vertex 40 12 17.5
      vertex 30.8475 12 6.80986
      vertex 30.5722 12 7.02662
    endloop
  endfacet
  facet normal 0 1 0
    outer loop
      vertex 40 12 17.5
      vertex 31.9282 12 5.70636
      vertex 30.8475 12 6.80986
    endloop
  endfacet
  facet normal 0 1 0
    outer loop
      vertex 40 12 17.5
      vertex 32.0847 12 5.51466
      vertex 31.9282 12 5.70636
    endloop
  endfacet
  facet normal 0 1 0
    outer loop
      vertex 40 12 17.5
      vertex 32.1983 12 5.37552
      vertex 32.0847 12 5.51466
    endloop
  endfacet
  facet normal 0 1 0
    outer loop
      vertex 40 12 17.5
      vertex 32.4779 12 4.90612
      vertex 32.1983 12 5.37552
    endloop
  endfacet
  facet normal 0 1 0
    outer loop
      vertex 40 12 17.5
      vertex 33.0879 12 3.88229
      vertex 32.4779 12 4.90612
    endloop
  endfacet
  facet normal 0 1 0
    outer loop
      vertex 40 12 17.5
      vertex 33.2381 12 3.49686
      vertex 33.0879 12 3.88229
    endloop
  endfacet
  facet normal 0 1 0
    outer loop
      vertex 40 12 17.5
      vertex 33.6864 12 2.34652
      vertex 33.2381 12 3.49686
    endloop
  endfacet
  facet normal 0 1 0
    outer loop
      vertex 40 12 17.5
      vertex 33.6908 12 2.32412
      vertex 33.6864 12 2.34652
    endloop
  endfacet
  facet normal 0 1 0
    outer loop
      vertex 40 12 17.5
      vertex 33.7185 12 2.1801
      vertex 33.6908 12 2.32412
    endloop
  endfacet
  facet normal 0 1 0
    outer loop
      vertex 40 12 17.5
      vertex 33.9233 12 0.952108
      vertex 33.7185 12 2.1801
    endloop
  endfacet
  facet normal 0 1 0
    outer loop
      vertex 40 12 17.5
      vertex 33.9512 12 0.785039
      vertex 33.9233 12 0.952108
    endloop
  endfacet
  facet normal 0 1 0
    outer loop
      vertex 40 12 17.5
      vertex 33.9512 12 -0.785039
      vertex 33.9512 12 0.785039
    endloop
  endfacet
  facet normal 0 1 -0
    outer loop
      vertex 40 12 -17.5
      vertex 33.9512 12 -0.785039
      vertex 40 12 17.5
    endloop
  endfacet
  facet normal 0 1 0
    outer loop
      vertex 33.9512 12 -0.785039
      vertex 40 12 -17.5
      vertex 33.9233 12 -0.952108
    endloop
  endfacet
  facet normal 0 1 0
    outer loop
      vertex 33.9233 12 -0.952108
      vertex 40 12 -17.5
      vertex 33.7185 12 -2.1801
    endloop
  endfacet
  facet normal 0 1 0
    outer loop
      vertex 33.7185 12 -2.1801
      vertex 40 12 -17.5
      vertex 33.6908 12 -2.32412
    endloop
  endfacet
  facet normal 0 1 0
    outer loop
      vertex 40 12 -17.5
      vertex 32.4779 12 -4.90612
      vertex 33.0879 12 -3.88229
    endloop
  endfacet
  facet normal 0 1 0
    outer loop
      vertex 40 12 -17.5
      vertex 32.0847 12 -5.51466
      vertex 32.1983 12 -5.37552
    endloop
  endfacet
  facet normal 0 1 0
    outer loop
      vertex 26.5 12 -13.7517
      vertex 25.5279 12 -8.92989
      vertex 26.2613 12 -8.87699
    endloop
  endfacet
  facet normal 0 1 0
    outer loop
      vertex 23.5 12 -13.7517
      vertex 25 12 -8.96797
      vertex 26.5 12 -13.7517
    endloop
  endfacet
  facet normal 0 1 0
    outer loop
      vertex 25.5279 12 -8.92989
      vertex 26.5 12 -13.7517
      vertex 25 12 -8.96797
    endloop
  endfacet
  facet normal 0 1 0
    outer loop
      vertex 27.0166 12 -8.71412
      vertex 26.5 12 -13.7517
      vertex 26.2613 12 -8.87699
    endloop
  endfacet
  facet normal 0 1 0
    outer loop
      vertex 27.5507 12 -8.59898
      vertex 26.5 12 -13.7517
      vertex 27.0166 12 -8.71412
    endloop
  endfacet
  facet normal 0 1 0
    outer loop
      vertex 27.8626 12 -8.48769
      vertex 26.5 12 -13.7517
      vertex 27.5507 12 -8.59898
    endloop
  endfacet
  facet normal 0 1 0
    outer loop
      vertex 28.7544 12 -8.16959
      vertex 26.5 12 -13.7517
      vertex 27.8626 12 -8.48769
    endloop
  endfacet
  facet normal 0 1 0
    outer loop
      vertex 28.899 12 -8.10465
      vertex 26.5 12 -13.7517
      vertex 28.7544 12 -8.16959
    endloop
  endfacet
  facet normal 0 1 0
    outer loop
      vertex 29.7058 12 -7.60322
      vertex 26.5 12 -13.7517
      vertex 28.899 12 -8.10465
    endloop
  endfacet
  facet normal 0 1 0
    outer loop
      vertex 40 12 -17.5
      vertex 29.7058 12 -7.60322
      vertex 30.3427 12 -7.2073
    endloop
  endfacet
  facet normal 0 1 0
    outer loop
      vertex 40 12 -17.5
      vertex 30.3427 12 -7.2073
      vertex 30.5722 12 -7.02662
    endloop
  endfacet
  facet normal 0 1 0
    outer loop
      vertex 40 12 -17.5
      vertex 30.5722 12 -7.02662
      vertex 30.8475 12 -6.80986
    endloop
  endfacet
  facet normal 0 1 0
    outer loop
      vertex 40 12 -17.5
      vertex 30.8475 12 -6.80986
      vertex 31.9282 12 -5.70636
    endloop
  endfacet
  facet normal 0 1 0
    outer loop
      vertex 32.0847 12 -5.51466
      vertex 40 12 -17.5
      vertex 31.9282 12 -5.70636
    endloop
  endfacet
  facet normal 0 1 0
    outer loop
      vertex 33.6908 12 -2.32412
      vertex 40 12 -17.5
      vertex 33.6864 12 -2.34652
    endloop
  endfacet
  facet normal 0 1 0
    outer loop
      vertex 40 12 -17.5
      vertex 33.2381 12 -3.49686
      vertex 33.6864 12 -2.34652
    endloop
  endfacet
  facet normal 0 1 0
    outer loop
      vertex 40 12 -17.5
      vertex 33.0879 12 -3.88229
      vertex 33.2381 12 -3.49686
    endloop
  endfacet
  facet normal 0 1 0
    outer loop
      vertex 32.4779 12 -4.90612
      vertex 40 12 -17.5
      vertex 32.1983 12 -5.37552
    endloop
  endfacet
  facet normal 0 1 0
    outer loop
      vertex 29.7058 12 -7.60322
      vertex 40 12 -17.5
      vertex 26.5 12 -13.7517
    endloop
  endfacet
  facet normal 0 1 0
    outer loop
      vertex 26.5 12 -13.7517
      vertex 40 12 -17.5
      vertex 26.5 12 -17.5
    endloop
  endfacet
  facet normal 0 1 0
    outer loop
      vertex 0 12 17.5
      vertex 25 12 8.96797
      vertex 0 12 8.96797
    endloop
  endfacet
  facet normal 0 1 0
    outer loop
      vertex 25 12 -8.96797
      vertex 23.5 12 -13.7517
      vertex 0 12 -8.96797
    endloop
  endfacet
  facet normal 0 1 0
    outer loop
      vertex 0 12 -17.5
      vertex 23.5 12 -13.7517
      vertex 23.5 12 -17.5
    endloop
  endfacet
  facet normal 0 1 0
    outer loop
      vertex 23.5 12 -13.7517
      vertex 0 12 -17.5
      vertex 0 12 -8.96797
    endloop
  endfacet
  facet normal 0 -1 0
    outer loop
      vertex 0 -12 -8.96797
      vertex 23.5 -12 -13.5705
      vertex 25 -12 -8.96797
    endloop
  endfacet
  facet normal 0 -1 0
    outer loop
      vertex 0 -12 -17.5
      vertex 23.5 -12 -13.5705
      vertex 0 -12 -8.96797
    endloop
  endfacet
  facet normal 0 -1 -0
    outer loop
      vertex 23.5 -12 -13.5705
      vertex 0 -12 -17.5
      vertex 23.5 -12 -17.5
    endloop
  endfacet
  facet normal 0 -1 0
    outer loop
      vertex 25 -12 8.96797
      vertex 0 -12 17.5
      vertex 0 -12 8.96797
    endloop
  endfacet
  facet normal 0 -1 0
    outer loop
      vertex 0 -12 17.5
      vertex 25 -12 8.96797
      vertex 40 -12 17.5
    endloop
  endfacet
  facet normal 0 -1 0
    outer loop
      vertex 25.5279 -12 8.92989
      vertex 40 -12 17.5
      vertex 25 -12 8.96797
    endloop
  endfacet
  facet normal 0 -1 0
    outer loop
      vertex 26.2613 -12 8.87699
      vertex 40 -12 17.5
      vertex 25.5279 -12 8.92989
    endloop
  endfacet
  facet normal 0 -1 0
    outer loop
      vertex 27.0166 -12 8.71412
      vertex 40 -12 17.5
      vertex 26.2613 -12 8.87699
    endloop
  endfacet
  facet normal 0 -1 0
    outer loop
      vertex 27.5507 -12 8.59898
      vertex 40 -12 17.5
      vertex 27.0166 -12 8.71412
    endloop
  endfacet
  facet normal 0 -1 0
    outer loop
      vertex 27.8626 -12 8.48769
      vertex 40 -12 17.5
      vertex 27.5507 -12 8.59898
    endloop
  endfacet
  facet normal 0 -1 0
    outer loop
      vertex 28.7544 -12 8.16959
      vertex 40 -12 17.5
      vertex 27.8626 -12 8.48769
    endloop
  endfacet
  facet normal 0 -1 0
    outer loop
      vertex 28.899 -12 8.10465
      vertex 40 -12 17.5
      vertex 28.7544 -12 8.16959
    endloop
  endfacet
  facet normal 0 -1 0
    outer loop
      vertex 29.7058 -12 7.60322
      vertex 40 -12 17.5
      vertex 28.899 -12 8.10465
    endloop
  endfacet
  facet normal 0 -1 0
    outer loop
      vertex 30.3427 -12 7.2073
      vertex 40 -12 17.5
      vertex 29.7058 -12 7.60322
    endloop
  endfacet
  facet normal 0 -1 0
    outer loop
      vertex 30.5722 -12 7.02662
      vertex 40 -12 17.5
      vertex 30.3427 -12 7.2073
    endloop
  endfacet
  facet normal 0 -1 0
    outer loop
      vertex 30.8475 -12 6.80986
      vertex 40 -12 17.5
      vertex 30.5722 -12 7.02662
    endloop
  endfacet
  facet normal 0 -1 0
    outer loop
      vertex 31.9282 -12 5.70636
      vertex 40 -12 17.5
      vertex 30.8475 -12 6.80986
    endloop
  endfacet
  facet normal 0 -1 0
    outer loop
      vertex 32.0847 -12 5.51466
      vertex 40 -12 17.5
      vertex 31.9282 -12 5.70636
    endloop
  endfacet
  facet normal 0 -1 0
    outer loop
      vertex 32.1983 -12 5.37552
      vertex 40 -12 17.5
      vertex 32.0847 -12 5.51466
    endloop
  endfacet
  facet normal 0 -1 0
    outer loop
      vertex 32.4779 -12 4.90612
      vertex 40 -12 17.5
      vertex 32.1983 -12 5.37552
    endloop
  endfacet
  facet normal 0 -1 0
    outer loop
      vertex 33.0879 -12 3.88229
      vertex 40 -12 17.5
      vertex 32.4779 -12 4.90612
    endloop
  endfacet
  facet normal 0 -1 0
    outer loop
      vertex 33.2381 -12 3.49686
      vertex 40 -12 17.5
      vertex 33.0879 -12 3.88229
    endloop
  endfacet
  facet normal 0 -1 0
    outer loop
      vertex 33.6864 -12 2.34652
      vertex 40 -12 17.5
      vertex 33.2381 -12 3.49686
    endloop
  endfacet
  facet normal 0 -1 0
    outer loop
      vertex 33.6908 -12 2.32412
      vertex 40 -12 17.5
      vertex 33.6864 -12 2.34652
    endloop
  endfacet
  facet normal 0 -1 0
    outer loop
      vertex 33.7185 -12 2.1801
      vertex 40 -12 17.5
      vertex 33.6908 -12 2.32412
    endloop
  endfacet
  facet normal 0 -1 0
    outer loop
      vertex 33.9233 -12 0.952108
      vertex 40 -12 17.5
      vertex 33.7185 -12 2.1801
    endloop
  endfacet
  facet normal 0 -1 0
    outer loop
      vertex 33.9512 -12 0.785039
      vertex 40 -12 17.5
      vertex 33.9233 -12 0.952108
    endloop
  endfacet
  facet normal 0 -1 0
    outer loop
      vertex 33.9512 -12 -0.785039
      vertex 40 -12 17.5
      vertex 33.9512 -12 0.785039
    endloop
  endfacet
  facet normal 0 -1 0
    outer loop
      vertex 40 -12 -17.5
      vertex 33.9512 -12 -0.785039
      vertex 33.9233 -12 -0.952108
    endloop
  endfacet
  facet normal 0 -1 0
    outer loop
      vertex 40 -12 -17.5
      vertex 33.9233 -12 -0.952108
      vertex 33.7185 -12 -2.1801
    endloop
  endfacet
  facet normal 0 -1 0
    outer loop
      vertex 40 -12 -17.5
      vertex 33.7185 -12 -2.1801
      vertex 33.6908 -12 -2.32412
    endloop
  endfacet
  facet normal 0 -1 0
    outer loop
      vertex 40 -12 -17.5
      vertex 33.6908 -12 -2.32412
      vertex 33.6864 -12 -2.34652
    endloop
  endfacet
  facet normal 0 -1 0
    outer loop
      vertex 40 -12 -17.5
      vertex 32.4779 -12 -4.90612
      vertex 32.1983 -12 -5.37552
    endloop
  endfacet
  facet normal 0 -1 0
    outer loop
      vertex 40 -12 -17.5
      vertex 32.0847 -12 -5.51466
      vertex 31.9282 -12 -5.70636
    endloop
  endfacet
  facet normal 0 -1 0
    outer loop
      vertex 26.5 -12 -13.5705
      vertex 25.5279 -12 -8.92989
      vertex 25 -12 -8.96797
    endloop
  endfacet
  facet normal 0 -1 0
    outer loop
      vertex 26.5 -12 -13.5705
      vertex 25 -12 -8.96797
      vertex 23.5 -12 -13.5705
    endloop
  endfacet
  facet normal 0 -1 0
    outer loop
      vertex 25.5279 -12 -8.92989
      vertex 26.5 -12 -13.5705
      vertex 26.2613 -12 -8.87699
    endloop
  endfacet
  facet normal 0 -1 0
    outer loop
      vertex 26.2613 -12 -8.87699
      vertex 26.5 -12 -13.5705
      vertex 27.0166 -12 -8.71412
    endloop
  endfacet
  facet normal 0 -1 -0
    outer loop
      vertex 27.0166 -12 -8.71412
      vertex 26.5 -12 -13.5705
      vertex 27.5507 -12 -8.59898
    endloop
  endfacet
  facet normal 0 -1 -0
    outer loop
      vertex 27.5507 -12 -8.59898
      vertex 26.5 -12 -13.5705
      vertex 27.8626 -12 -8.48769
    endloop
  endfacet
  facet normal 0 -1 -0
    outer loop
      vertex 27.8626 -12 -8.48769
      vertex 26.5 -12 -13.5705
      vertex 28.7544 -12 -8.16959
    endloop
  endfacet
  facet normal 0 -1 -0
    outer loop
      vertex 28.7544 -12 -8.16959
      vertex 26.5 -12 -13.5705
      vertex 28.899 -12 -8.10465
    endloop
  endfacet
  facet normal 0 -1 -0
    outer loop
      vertex 28.899 -12 -8.10465
      vertex 26.5 -12 -13.5705
      vertex 29.7058 -12 -7.60322
    endloop
  endfacet
  facet normal 0 -1 0
    outer loop
      vertex 40 -12 -17.5
      vertex 29.7058 -12 -7.60322
      vertex 26.5 -12 -13.5705
    endloop
  endfacet
  facet normal 0 -1 0
    outer loop
      vertex 29.7058 -12 -7.60322
      vertex 40 -12 -17.5
      vertex 30.3427 -12 -7.2073
    endloop
  endfacet
  facet normal 0 -1 0
    outer loop
      vertex 30.3427 -12 -7.2073
      vertex 40 -12 -17.5
      vertex 30.5722 -12 -7.02662
    endloop
  endfacet
  facet normal 0 -1 0
    outer loop
      vertex 30.5722 -12 -7.02662
      vertex 40 -12 -17.5
      vertex 30.8475 -12 -6.80986
    endloop
  endfacet
  facet normal 0 -1 0
    outer loop
      vertex 30.8475 -12 -6.80986
      vertex 40 -12 -17.5
      vertex 31.9282 -12 -5.70636
    endloop
  endfacet
  facet normal 0 -1 0
    outer loop
      vertex 40 -12 -17.5
      vertex 26.5 -12 -13.5705
      vertex 26.5 -12 -17.5
    endloop
  endfacet
  facet normal 0 -1 0
    outer loop
      vertex 32.0847 -12 -5.51466
      vertex 40 -12 -17.5
      vertex 32.1983 -12 -5.37552
    endloop
  endfacet
  facet normal 0 -1 0
    outer loop
      vertex 33.9512 -12 -0.785039
      vertex 40 -12 -17.5
      vertex 40 -12 17.5
    endloop
  endfacet
  facet normal 0 -1 0
    outer loop
      vertex 33.2381 -12 -3.49686
      vertex 40 -12 -17.5
      vertex 33.6864 -12 -2.34652
    endloop
  endfacet
  facet normal 0 -1 0
    outer loop
      vertex 33.0879 -12 -3.88229
      vertex 40 -12 -17.5
      vertex 33.2381 -12 -3.49686
    endloop
  endfacet
  facet normal 0 -1 0
    outer loop
      vertex 32.4779 -12 -4.90612
      vertex 40 -12 -17.5
      vertex 33.0879 -12 -3.88229
    endloop
  endfacet
  facet normal -0.15642 0 0.987691
    outer loop
      vertex -35.6187 10 22.2222
      vertex -34.0679 -10 22.4678
      vertex -34.0679 10 22.4678
    endloop
  endfacet
  facet normal -0.15642 0 0.987691
    outer loop
      vertex -34.0679 -10 22.4678
      vertex -35.6187 10 22.2222
      vertex -35.6187 -10 22.2222
    endloop
  endfacet
  facet normal 0.838682 -0 0.544621
    outer loop
      vertex -20.3647 -10 16.3668
      vertex -19.5096 10 15.05
      vertex -20.3647 10 16.3668
    endloop
  endfacet
  facet normal 0.838682 0 0.544621
    outer loop
      vertex -19.5096 10 15.05
      vertex -20.3647 -10 16.3668
      vertex -19.5096 -10 15.05
    endloop
  endfacet
  facet normal -0.70711 0 -0.707104
    outer loop
      vertex -43.6472 -10 -2.48696
      vertex -42.537 10 -3.59717
      vertex -42.537 -10 -3.59717
    endloop
  endfacet
  facet normal -0.70711 0 -0.707104
    outer loop
      vertex -42.537 10 -3.59717
      vertex -43.6472 -10 -2.48696
      vertex -43.6472 10 -2.48696
    endloop
  endfacet
  facet normal 0.891013 0 0.453977
    outer loop
      vertex -19.5096 10 15.05
      vertex -18.7968 6.1676 13.651
      vertex -18.7968 10 13.651
    endloop
  endfacet
  facet normal 0.891015 1.5431e-06 0.453974
    outer loop
      vertex -19.5096 10 15.05
      vertex -18.9765 5.37552 14.0037
      vertex -18.7968 6.1676 13.651
    endloop
  endfacet
  facet normal 0.891018 3.4553e-06 0.453967
    outer loop
      vertex -19.5096 10 15.05
      vertex -19.2237 3.88229 14.4889
      vertex -18.9765 5.37552 14.0037
    endloop
  endfacet
  facet normal 0.891013 2.12892e-06 0.453979
    outer loop
      vertex -19.5096 10 15.05
      vertex -19.39 2.34652 14.8153
      vertex -19.2237 3.88229 14.4889
    endloop
  endfacet
  facet normal 0.890854 -9.90011e-06 0.45429
    outer loop
      vertex -19.5096 10 15.05
      vertex -19.4737 0.785039 14.9794
      vertex -19.39 2.34652 14.8153
    endloop
  endfacet
  facet normal 0.891376 0 0.453264
    outer loop
      vertex -19.5096 10 15.05
      vertex -19.4737 -0.785039 14.9794
      vertex -19.4737 0.785039 14.9794
    endloop
  endfacet
  facet normal 0.891376 -0 0.453264
    outer loop
      vertex -19.5096 -10 15.05
      vertex -19.4737 -0.785039 14.9794
      vertex -19.5096 10 15.05
    endloop
  endfacet
  facet normal 0.890854 9.90011e-06 0.45429
    outer loop
      vertex -19.5096 -10 15.05
      vertex -19.39 -2.34652 14.8153
      vertex -19.4737 -0.785039 14.9794
    endloop
  endfacet
  facet normal 0.891013 -2.12892e-06 0.453979
    outer loop
      vertex -19.5096 -10 15.05
      vertex -19.2237 -3.88229 14.4889
      vertex -19.39 -2.34652 14.8153
    endloop
  endfacet
  facet normal 0.891018 -3.4553e-06 0.453967
    outer loop
      vertex -19.5096 -10 15.05
      vertex -18.9765 -5.37552 14.0037
      vertex -19.2237 -3.88229 14.4889
    endloop
  endfacet
  facet normal 0.891015 -1.5431e-06 0.453974
    outer loop
      vertex -19.5096 -10 15.05
      vertex -18.7968 -6.1676 13.651
      vertex -18.9765 -5.37552 14.0037
    endloop
  endfacet
  facet normal 0.891013 0 0.453977
    outer loop
      vertex -18.7968 -6.1676 13.651
      vertex -19.5096 -10 15.05
      vertex -18.7968 -10 13.651
    endloop
  endfacet
  facet normal -0.998629 0 -0.0523539
    outer loop
      vertex -47.4178 -10 5.98207
      vertex -47.5 10 7.55
      vertex -47.4178 10 5.98207
    endloop
  endfacet
  facet normal -0.998629 -0 -0.0523539
    outer loop
      vertex -47.5 10 7.55
      vertex -47.4178 -10 5.98207
      vertex -47.5 -10 7.55
    endloop
  endfacet
  facet normal -0.35833 0 0.933595
    outer loop
      vertex -38.6011 10 21.2532
      vertex -37.1353 -10 21.8158
      vertex -37.1353 10 21.8158
    endloop
  endfacet
  facet normal -0.35833 0 0.933595
    outer loop
      vertex -37.1353 -10 21.8158
      vertex -38.6011 10 21.2532
      vertex -38.6011 -10 21.2532
    endloop
  endfacet
  facet normal 0.933631 -0 0.358235
    outer loop
      vertex -18.7968 -10 13.651
      vertex -18.6871 -6.80986 13.3651
      vertex -18.7968 -6.1676 13.651
    endloop
  endfacet
  facet normal 0.933564 1.79936e-05 0.35841
    outer loop
      vertex -18.7968 -10 13.651
      vertex -18.3857 -8.16959 12.5801
      vertex -18.6871 -6.80986 13.3651
    endloop
  endfacet
  facet normal 0.9336 -4.36037e-05 0.358318
    outer loop
      vertex -18.7968 -10 13.651
      vertex -18.2342 -8.71299 12.1853
      vertex -18.3857 -8.16959 12.5801
    endloop
  endfacet
  facet normal 0.933587 0 0.358352
    outer loop
      vertex -18.2342 -8.71299 12.1853
      vertex -18.7968 -10 13.651
      vertex -18.2342 -10 12.1853
    endloop
  endfacet
  facet normal 0.933587 0 0.358352
    outer loop
      vertex -18.7968 10 13.651
      vertex -18.2342 8.71299 12.1853
      vertex -18.2342 10 12.1853
    endloop
  endfacet
  facet normal 0.9336 4.36037e-05 0.358318
    outer loop
      vertex -18.7968 10 13.651
      vertex -18.3857 8.16959 12.5801
      vertex -18.2342 8.71299 12.1853
    endloop
  endfacet
  facet normal 0.933564 -1.79936e-05 0.35841
    outer loop
      vertex -18.7968 10 13.651
      vertex -18.6871 6.80986 13.3651
      vertex -18.3857 8.16959 12.5801
    endloop
  endfacet
  facet normal 0.933631 0 0.358235
    outer loop
      vertex -18.6871 6.80986 13.3651
      vertex -18.7968 10 13.651
      vertex -18.7968 6.1676 13.651
    endloop
  endfacet
  facet normal -0.544621 0 0.838682
    outer loop
      vertex -41.3168 10 19.6853
      vertex -40 -10 20.5404
      vertex -40 10 20.5404
    endloop
  endfacet
  facet normal -0.544621 0 0.838682
    outer loop
      vertex -40 -10 20.5404
      vertex -41.3168 10 19.6853
      vertex -41.3168 -10 19.6853
    endloop
  endfacet
  facet normal -0.891007 0 -0.45399
    outer loop
      vertex -45.4904 -10 0.0499992
      vertex -46.2032 10 1.44895
      vertex -45.4904 10 0.0499992
    endloop
  endfacet
  facet normal -0.891007 -0 -0.45399
    outer loop
      vertex -46.2032 10 1.44895
      vertex -45.4904 -10 0.0499992
      vertex -46.2032 -10 1.44895
    endloop
  endfacet
  facet normal -0.838682 0 0.544621
    outer loop
      vertex -45.4904 -10 15.05
      vertex -44.6353 10 16.3668
      vertex -45.4904 10 15.05
    endloop
  endfacet
  facet normal -0.838682 0 0.544621
    outer loop
      vertex -44.6353 10 16.3668
      vertex -45.4904 -10 15.05
      vertex -44.6353 -10 16.3668
    endloop
  endfacet
  facet normal 0.258836 0 0.965921
    outer loop
      vertex -29.3813 10 22.2222
      vertex -27.8647 -10 21.8158
      vertex -27.8647 10 21.8158
    endloop
  endfacet
  facet normal 0.258836 0 0.965921
    outer loop
      vertex -27.8647 -10 21.8158
      vertex -29.3813 10 22.2222
      vertex -29.3813 -10 22.2222
    endloop
  endfacet
  facet normal -0.544635 0 -0.838673
    outer loop
      vertex -41.3168 -10 -4.58525
      vertex -40 10 -5.44038
      vertex -40 -10 -5.44038
    endloop
  endfacet
  facet normal -0.544635 0 -0.838673
    outer loop
      vertex -40 10 -5.44038
      vertex -41.3168 -10 -4.58525
      vertex -41.3168 10 -4.58525
    endloop
  endfacet
  facet normal 0.454003 0 0.891
    outer loop
      vertex -26.3989 10 21.2532
      vertex -25 -10 20.5404
      vertex -25 10 20.5404
    endloop
  endfacet
  facet normal 0.454003 0 0.891
    outer loop
      vertex -25 -10 20.5404
      vertex -26.3989 10 21.2532
      vertex -26.3989 -10 21.2532
    endloop
  endfacet
  facet normal -0.629321 0 0.777145
    outer loop
      vertex -42.537 10 18.6972
      vertex -41.3168 -10 19.6853
      vertex -41.3168 10 19.6853
    endloop
  endfacet
  facet normal -0.629321 0 0.777145
    outer loop
      vertex -41.3168 -10 19.6853
      vertex -42.537 10 18.6972
      vertex -42.537 -10 18.6972
    endloop
  endfacet
  facet normal 0.965928 -0 0.258812
    outer loop
      vertex -18.2342 -10 12.1853
      vertex -18.0927 -9.43981 11.6572
      vertex -18.2342 -8.71299 12.1853
    endloop
  endfacet
  facet normal 0.965916 4.42881e-05 0.258856
    outer loop
      vertex -18.0927 -9.43981 11.6572
      vertex -18.2342 -10 12.1853
      vertex -17.9575 -10 11.1528
    endloop
  endfacet
  facet normal 0.965916 -4.42881e-05 0.258856
    outer loop
      vertex -18.2342 10 12.1853
      vertex -18.0927 9.43981 11.6572
      vertex -17.9575 10 11.1528
    endloop
  endfacet
  facet normal 0.965928 0 0.258812
    outer loop
      vertex -18.0927 9.43981 11.6572
      vertex -18.2342 10 12.1853
      vertex -18.2342 8.71299 12.1853
    endloop
  endfacet
  facet normal -0.707107 0 0.707107
    outer loop
      vertex -43.6472 10 17.587
      vertex -42.537 -10 18.6972
      vertex -42.537 10 18.6972
    endloop
  endfacet
  facet normal -0.707107 0 0.707107
    outer loop
      vertex -42.537 -10 18.6972
      vertex -43.6472 10 17.587
      vertex -43.6472 -10 17.587
    endloop
  endfacet
  facet normal -0.258836 0 0.965921
    outer loop
      vertex -37.1353 10 21.8158
      vertex -35.6187 -10 22.2222
      vertex -35.6187 10 22.2222
    endloop
  endfacet
  facet normal -0.258836 0 0.965921
    outer loop
      vertex -35.6187 -10 22.2222
      vertex -37.1353 10 21.8158
      vertex -37.1353 -10 21.8158
    endloop
  endfacet
  facet normal 0 -1 0
    outer loop
      vertex -29.9907 -10 9.95743
      vertex -32.5 -10 22.55
      vertex -34.0679 -10 22.4678
    endloop
  endfacet
  facet normal 0 -1 0
    outer loop
      vertex -30.7735 -10 9.56218
      vertex -34.0679 -10 22.4678
      vertex -35.6187 -10 22.2222
    endloop
  endfacet
  facet normal 0 -1 0
    outer loop
      vertex -32.5 -10 22.55
      vertex -29.9907 -10 9.95743
      vertex -29.4523 -10 10.2293
    endloop
  endfacet
  facet normal 0 -1 0
    outer loop
      vertex -30.9755 -10 9.43981
      vertex -35.6187 -10 22.2222
      vertex -37.1353 -10 21.8158
    endloop
  endfacet
  facet normal 0 -1 0
    outer loop
      vertex -32.5 -10 22.55
      vertex -29.4523 -10 10.2293
      vertex -30.9321 -10 22.4678
    endloop
  endfacet
  facet normal 0 -1 0
    outer loop
      vertex -30.9755 -10 9.43981
      vertex -37.1353 -10 21.8158
      vertex -38.6011 -10 21.2532
    endloop
  endfacet
  facet normal 0 -1 0
    outer loop
      vertex -30.9321 -10 22.4678
      vertex -29.1559 -10 10.3474
      vertex -29.3813 -10 22.2222
    endloop
  endfacet
  facet normal 0 -1 0
    outer loop
      vertex -31.6335 -10 8.94593
      vertex -38.6011 -10 21.2532
      vertex -40 -10 20.5404
    endloop
  endfacet
  facet normal -0 -1 0
    outer loop
      vertex -28.5055 -10 10.6066
      vertex -29.3813 -10 22.2222
      vertex -29.1559 -10 10.3474
    endloop
  endfacet
  facet normal 0 -1 0
    outer loop
      vertex -32.2654 -10 8.47153
      vertex -40 -10 20.5404
      vertex -41.3168 -10 19.6853
    endloop
  endfacet
  facet normal -0 -1 0
    outer loop
      vertex -28.3112 -10 10.6694
      vertex -29.3813 -10 22.2222
      vertex -28.5055 -10 10.6066
    endloop
  endfacet
  facet normal 0 -1 0
    outer loop
      vertex -32.6135 -10 8.16959
      vertex -41.3168 -10 19.6853
      vertex -42.537 -10 18.6972
    endloop
  endfacet
  facet normal 0 -1 0
    outer loop
      vertex -29.3813 -10 22.2222
      vertex -28.3112 -10 10.6694
      vertex -27.8647 -10 21.8158
    endloop
  endfacet
  facet normal 0 -1 0
    outer loop
      vertex -32.6135 -10 8.16959
      vertex -42.537 -10 18.6972
      vertex -43.6472 -10 17.587
    endloop
  endfacet
  facet normal -0 -1 0
    outer loop
      vertex -28.1429 -10 10.7142
      vertex -27.8647 -10 21.8158
      vertex -28.2492 -10 10.6894
    endloop
  endfacet
  facet normal 0 -1 0
    outer loop
      vertex -33.5149 -10 7.1857
      vertex -43.6472 -10 17.587
      vertex -44.6353 -10 16.3668
    endloop
  endfacet
  facet normal -0 -1 0
    outer loop
      vertex -27.1256 -10 10.9516
      vertex -26.3989 -10 21.2532
      vertex -28.1429 -10 10.7142
    endloop
  endfacet
  facet normal 0 -1 0
    outer loop
      vertex -33.8593 -10 6.80986
      vertex -44.6353 -10 16.3668
      vertex -45.4904 -10 15.05
    endloop
  endfacet
  facet normal 0 -1 -0
    outer loop
      vertex -25 -10 20.5404
      vertex -26.4649 -10 11.0448
      vertex -23.6832 -10 19.6853
    endloop
  endfacet
  facet normal 0 -1 0
    outer loop
      vertex -33.8593 -10 6.80986
      vertex -45.4904 -10 15.05
      vertex -46.2032 -10 13.651
    endloop
  endfacet
  facet normal -0 -1 0
    outer loop
      vertex -26.051 -10 11.1032
      vertex -23.6832 -10 19.6853
      vertex -26.4649 -10 11.0448
    endloop
  endfacet
  facet normal 0 -1 0
    outer loop
      vertex -34.004 -10 6.60495
      vertex -46.2032 -10 13.651
      vertex -46.7658 -10 12.1853
    endloop
  endfacet
  facet normal -0 -1 0
    outer loop
      vertex -25 -10 11.1528
      vertex -22.463 -10 18.6972
      vertex -25.4912 -10 11.1296
    endloop
  endfacet
  facet normal 0 -1 -0
    outer loop
      vertex -20.3647 -10 16.3668
      vertex -25 -10 11.1528
      vertex -19.5096 -10 15.05
    endloop
  endfacet
  facet normal 0 -1 -0
    outer loop
      vertex -18.7968 -10 13.651
      vertex -25 -10 11.1528
      vertex -18.2342 -10 12.1853
    endloop
  endfacet
  facet normal 0 -1 -0
    outer loop
      vertex -19.5096 -10 15.05
      vertex -25 -10 11.1528
      vertex -18.7968 -10 13.651
    endloop
  endfacet
  facet normal 0 -1 -0
    outer loop
      vertex -21.3528 -10 17.587
      vertex -25 -10 11.1528
      vertex -20.3647 -10 16.3668
    endloop
  endfacet
  facet normal 0 -1 -0
    outer loop
      vertex -22.463 -10 18.6972
      vertex -25 -10 11.1528
      vertex -21.3528 -10 17.587
    endloop
  endfacet
  facet normal 0 -1 -0
    outer loop
      vertex -23.6832 -10 19.6853
      vertex -25.4912 -10 11.1296
      vertex -22.463 -10 18.6972
    endloop
  endfacet
  facet normal -0 -1 0
    outer loop
      vertex -25.4912 -10 11.1296
      vertex -23.6832 -10 19.6853
      vertex -26.051 -10 11.1032
    endloop
  endfacet
  facet normal -0 -1 0
    outer loop
      vertex -26.4649 -10 11.0448
      vertex -25 -10 20.5404
      vertex -27.1256 -10 10.9516
    endloop
  endfacet
  facet normal 0 -1 0
    outer loop
      vertex -34.004 -10 6.60495
      vertex -46.7658 -10 12.1853
      vertex -47.1722 -10 10.6687
    endloop
  endfacet
  facet normal 0 -1 -0
    outer loop
      vertex -26.3989 -10 21.2532
      vertex -27.1256 -10 10.9516
      vertex -25 -10 20.5404
    endloop
  endfacet
  facet normal 0 -1 -0
    outer loop
      vertex -27.8647 -10 21.8158
      vertex -28.1429 -10 10.7142
      vertex -26.3989 -10 21.2532
    endloop
  endfacet
  facet normal -0 -1 0
    outer loop
      vertex -28.2492 -10 10.6894
      vertex -27.8647 -10 21.8158
      vertex -28.3112 -10 10.6694
    endloop
  endfacet
  facet normal -0 -1 0
    outer loop
      vertex -29.1559 -10 10.3474
      vertex -30.9321 -10 22.4678
      vertex -29.4523 -10 10.2293
    endloop
  endfacet
  facet normal 0 -1 0
    outer loop
      vertex -34.0679 -10 22.4678
      vertex -30.7735 -10 9.56218
      vertex -29.9907 -10 9.95743
    endloop
  endfacet
  facet normal 0 -1 0
    outer loop
      vertex -35.6187 -10 22.2222
      vertex -30.9755 -10 9.43981
      vertex -30.7735 -10 9.56218
    endloop
  endfacet
  facet normal 0 -1 0
    outer loop
      vertex -34.7771 -10 5.37552
      vertex -47.1722 -10 10.6687
      vertex -47.4178 -10 9.11793
    endloop
  endfacet
  facet normal 0 -1 0
    outer loop
      vertex -38.6011 -10 21.2532
      vertex -31.6335 -10 8.94593
      vertex -30.9755 -10 9.43981
    endloop
  endfacet
  facet normal 0 -1 0
    outer loop
      vertex -40 -10 20.5404
      vertex -32.2654 -10 8.47153
      vertex -31.6335 -10 8.94593
    endloop
  endfacet
  facet normal 0 -1 0
    outer loop
      vertex -41.3168 -10 19.6853
      vertex -32.6135 -10 8.16959
      vertex -32.2654 -10 8.47153
    endloop
  endfacet
  facet normal 0 -1 0
    outer loop
      vertex -34.7771 -10 5.37552
      vertex -47.4178 -10 9.11793
      vertex -47.5 -10 7.55
    endloop
  endfacet
  facet normal 0 -1 0
    outer loop
      vertex -43.6472 -10 17.587
      vertex -33.5149 -10 7.1857
      vertex -32.6135 -10 8.16959
    endloop
  endfacet
  facet normal 0 -1 0
    outer loop
      vertex -44.6353 -10 16.3668
      vertex -33.8593 -10 6.80986
      vertex -33.5149 -10 7.1857
    endloop
  endfacet
  facet normal 0 -1 0
    outer loop
      vertex -46.2032 -10 13.651
      vertex -33.9085 -10 6.74025
      vertex -33.8593 -10 6.80986
    endloop
  endfacet
  facet normal 0 -1 0
    outer loop
      vertex -46.2032 -10 13.651
      vertex -34.004 -10 6.60495
      vertex -33.9085 -10 6.74025
    endloop
  endfacet
  facet normal 0 -1 0
    outer loop
      vertex -35.4623 -10 3.88229
      vertex -47.5 -10 7.55
      vertex -47.4178 -10 5.98207
    endloop
  endfacet
  facet normal 0 -1 0
    outer loop
      vertex -47.1722 -10 10.6687
      vertex -34.7771 -10 5.37552
      vertex -34.004 -10 6.60495
    endloop
  endfacet
  facet normal 0 -1 0
    outer loop
      vertex -35.4623 -10 3.88229
      vertex -47.4178 -10 5.98207
      vertex -47.1722 -10 4.43132
    endloop
  endfacet
  facet normal 0 -1 0
    outer loop
      vertex -47.5 -10 7.55
      vertex -35.4623 -10 3.88229
      vertex -34.7771 -10 5.37552
    endloop
  endfacet
  facet normal 0 -1 0
    outer loop
      vertex -46.7658 -10 2.91474
      vertex -35.4623 -10 3.88229
      vertex -47.1722 -10 4.43132
    endloop
  endfacet
  facet normal 0 -1 0
    outer loop
      vertex -46.7658 -10 2.91474
      vertex -35.9233 -10 2.34652
      vertex -35.4623 -10 3.88229
    endloop
  endfacet
  facet normal 0 -1 0
    outer loop
      vertex -46.2032 -10 1.44895
      vertex -35.9233 -10 2.34652
      vertex -46.7658 -10 2.91474
    endloop
  endfacet
  facet normal 0 -1 0
    outer loop
      vertex -45.4904 -10 0.0499992
      vertex -35.9233 -10 2.34652
      vertex -46.2032 -10 1.44895
    endloop
  endfacet
  facet normal 0 -1 0
    outer loop
      vertex -35.9233 -10 2.34652
      vertex -45.4904 -10 0.0499992
      vertex -36.1061 -10 1.11496
    endloop
  endfacet
  facet normal 0 -1 0
    outer loop
      vertex -44.6353 -10 -1.26678
      vertex -36.1061 -10 1.11496
      vertex -45.4904 -10 0.0499992
    endloop
  endfacet
  facet normal 0 -1 0
    outer loop
      vertex -36.1061 -10 1.11496
      vertex -44.6353 -10 -1.26678
      vertex -36.1507 -10 0.785039
    endloop
  endfacet
  facet normal 0 -1 0
    outer loop
      vertex -43.6472 -10 -2.48696
      vertex -36.1507 -10 0.785039
      vertex -44.6353 -10 -1.26678
    endloop
  endfacet
  facet normal 0 -1 -0
    outer loop
      vertex -36.1507 -10 0.785039
      vertex -43.6472 -10 -2.48696
      vertex -36.1507 -10 -0.785039
    endloop
  endfacet
  facet normal 0 -1 0
    outer loop
      vertex -42.537 -10 -3.59717
      vertex -36.1507 -10 -0.785039
      vertex -43.6472 -10 -2.48696
    endloop
  endfacet
  facet normal 0 -1 0
    outer loop
      vertex -41.3168 -10 -4.58525
      vertex -36.1507 -10 -0.785039
      vertex -42.537 -10 -3.59717
    endloop
  endfacet
  facet normal 0 -1 -0
    outer loop
      vertex -36.1507 -10 -0.785039
      vertex -41.3168 -10 -4.58525
      vertex -36.1061 -10 -1.11496
    endloop
  endfacet
  facet normal 0 -1 -0
    outer loop
      vertex -36.1061 -10 -1.11496
      vertex -41.3168 -10 -4.58525
      vertex -35.9233 -10 -2.34652
    endloop
  endfacet
  facet normal 0 -1 0
    outer loop
      vertex -40 -10 -5.44038
      vertex -35.9233 -10 -2.34652
      vertex -41.3168 -10 -4.58525
    endloop
  endfacet
  facet normal 0 -1 0
    outer loop
      vertex -38.6011 -10 -6.15318
      vertex -35.9233 -10 -2.34652
      vertex -40 -10 -5.44038
    endloop
  endfacet
  facet normal 0 -1 -0
    outer loop
      vertex -35.9233 -10 -2.34652
      vertex -38.6011 -10 -6.15318
      vertex -35.4623 -10 -3.88229
    endloop
  endfacet
  facet normal 0 -1 0
    outer loop
      vertex -37.1353 -10 -6.71585
      vertex -35.4623 -10 -3.88229
      vertex -38.6011 -10 -6.15318
    endloop
  endfacet
  facet normal 0 -1 -0
    outer loop
      vertex -35.4623 -10 -3.88229
      vertex -37.1353 -10 -6.71585
      vertex -34.7771 -10 -5.37552
    endloop
  endfacet
  facet normal 0 -1 0
    outer loop
      vertex -35.6187 -10 -7.12221
      vertex -34.7771 -10 -5.37552
      vertex -37.1353 -10 -6.71585
    endloop
  endfacet
  facet normal 0 -1 -0
    outer loop
      vertex -34.7771 -10 -5.37552
      vertex -35.6187 -10 -7.12221
      vertex -34.004 -10 -6.60495
    endloop
  endfacet
  facet normal 0 -1 0
    outer loop
      vertex -34.0679 -10 -7.36783
      vertex -34.004 -10 -6.60495
      vertex -35.6187 -10 -7.12221
    endloop
  endfacet
  facet normal 0 -1 -0
    outer loop
      vertex -34.004 -10 -6.60495
      vertex -34.0679 -10 -7.36783
      vertex -33.9085 -10 -6.74025
    endloop
  endfacet
  facet normal 0 -1 -0
    outer loop
      vertex -33.9085 -10 -6.74025
      vertex -34.0679 -10 -7.36783
      vertex -33.8593 -10 -6.80986
    endloop
  endfacet
  facet normal 0 -1 -0
    outer loop
      vertex -33.8593 -10 -6.80986
      vertex -34.0679 -10 -7.36783
      vertex -33.5149 -10 -7.1857
    endloop
  endfacet
  facet normal 0 -1 -0
    outer loop
      vertex -33.5149 -10 -7.1857
      vertex -34.0679 -10 -7.36783
      vertex -33.3118 -10 -7.40746
    endloop
  endfacet
  facet normal 0 -1 -0
    outer loop
      vertex -18.2342 -10 12.1853
      vertex -25 -10 11.1528
      vertex -17.9575 -10 11.1528
    endloop
  endfacet
  facet normal 0.777145 -0 0.629321
    outer loop
      vertex -21.3528 -10 17.587
      vertex -20.3647 10 16.3668
      vertex -21.3528 10 17.587
    endloop
  endfacet
  facet normal 0.777145 0 0.629321
    outer loop
      vertex -20.3647 10 16.3668
      vertex -21.3528 -10 17.587
      vertex -20.3647 -10 16.3668
    endloop
  endfacet
  facet normal 0.544621 0 0.838682
    outer loop
      vertex -25 10 20.5404
      vertex -23.6832 -10 19.6853
      vertex -23.6832 10 19.6853
    endloop
  endfacet
  facet normal 0.544621 0 0.838682
    outer loop
      vertex -23.6832 -10 19.6853
      vertex -25 10 20.5404
      vertex -25 -10 20.5404
    endloop
  endfacet
  facet normal -0.777145 0 0.629321
    outer loop
      vertex -44.6353 -10 16.3668
      vertex -43.6472 10 17.587
      vertex -44.6353 10 16.3668
    endloop
  endfacet
  facet normal -0.777145 0 0.629321
    outer loop
      vertex -43.6472 10 17.587
      vertex -44.6353 -10 16.3668
      vertex -43.6472 -10 17.587
    endloop
  endfacet
  facet normal -0.98769 0 0.156423
    outer loop
      vertex -47.4178 -10 9.11793
      vertex -47.1722 10 10.6687
      vertex -47.4178 10 9.11793
    endloop
  endfacet
  facet normal -0.98769 0 0.156423
    outer loop
      vertex -47.1722 10 10.6687
      vertex -47.4178 -10 9.11793
      vertex -47.1722 -10 10.6687
    endloop
  endfacet
  facet normal -0.891013 0 0.453977
    outer loop
      vertex -46.2032 -10 13.651
      vertex -45.4904 10 15.05
      vertex -46.2032 10 13.651
    endloop
  endfacet
  facet normal -0.891013 0 0.453977
    outer loop
      vertex -45.4904 10 15.05
      vertex -46.2032 -10 13.651
      vertex -45.4904 -10 15.05
    endloop
  endfacet
  facet normal -0.965921 0 0.258836
    outer loop
      vertex -47.1722 -10 10.6687
      vertex -46.7658 10 12.1853
      vertex -47.1722 10 10.6687
    endloop
  endfacet
  facet normal -0.965921 0 0.258836
    outer loop
      vertex -46.7658 10 12.1853
      vertex -47.1722 -10 10.6687
      vertex -46.7658 -10 12.1853
    endloop
  endfacet
  facet normal 0.35833 0 0.933595
    outer loop
      vertex -27.8647 10 21.8158
      vertex -26.3989 -10 21.2532
      vertex -26.3989 10 21.2532
    endloop
  endfacet
  facet normal 0.35833 0 0.933595
    outer loop
      vertex -26.3989 -10 21.2532
      vertex -27.8647 10 21.8158
      vertex -27.8647 -10 21.8158
    endloop
  endfacet
  facet normal -0.258812 0 -0.965928
    outer loop
      vertex -37.1353 -10 -6.71585
      vertex -35.6187 -7.8091 -7.12221
      vertex -35.6187 -10 -7.12221
    endloop
  endfacet
  facet normal -0.258715 -7.2192e-05 -0.965954
    outer loop
      vertex -35.6187 -7.8091 -7.12221
      vertex -37.1353 -10 -6.71585
      vertex -35.6736 -7.7548 -7.10751
    endloop
  endfacet
  facet normal -0.258825 4.45762e-06 -0.965924
    outer loop
      vertex -35.6736 -7.7548 -7.10751
      vertex -37.1353 -10 -6.71585
      vertex -35.8281 -7.56072 -7.06611
    endloop
  endfacet
  facet normal -0.258834 9.88445e-06 -0.965922
    outer loop
      vertex -35.8281 -7.56072 -7.06611
      vertex -37.1353 -10 -6.71585
      vertex -36.542 -6.6638 -6.8748
    endloop
  endfacet
  facet normal -0.258779 -5.35824e-07 -0.965936
    outer loop
      vertex -36.542 -6.6638 -6.8748
      vertex -37.1353 -10 -6.71585
      vertex -36.7844 -6.27062 -6.80986
    endloop
  endfacet
  facet normal -0.258785 0 -0.965935
    outer loop
      vertex -36.7844 -6.27062 -6.80986
      vertex -37.1353 -10 -6.71585
      vertex -37.1353 -5.6741 -6.71585
    endloop
  endfacet
  facet normal -0.258715 7.2192e-05 -0.965954
    outer loop
      vertex -37.1353 10 -6.71585
      vertex -35.6187 7.8091 -7.12221
      vertex -35.6736 7.7548 -7.10751
    endloop
  endfacet
  facet normal -0.258825 -4.45762e-06 -0.965924
    outer loop
      vertex -37.1353 10 -6.71585
      vertex -35.6736 7.7548 -7.10751
      vertex -35.8281 7.56072 -7.06611
    endloop
  endfacet
  facet normal -0.258834 -9.88445e-06 -0.965922
    outer loop
      vertex -37.1353 10 -6.71585
      vertex -35.8281 7.56072 -7.06611
      vertex -36.542 6.6638 -6.8748
    endloop
  endfacet
  facet normal -0.258779 5.35824e-07 -0.965936
    outer loop
      vertex -37.1353 10 -6.71585
      vertex -36.542 6.6638 -6.8748
      vertex -36.7844 6.27062 -6.80986
    endloop
  endfacet
  facet normal -0.258785 -0 -0.965935
    outer loop
      vertex -37.1353 10 -6.71585
      vertex -36.7844 6.27062 -6.80986
      vertex -37.1353 5.6741 -6.71585
    endloop
  endfacet
  facet normal -0.258812 0 -0.965928
    outer loop
      vertex -35.6187 7.8091 -7.12221
      vertex -37.1353 10 -6.71585
      vertex -35.6187 10 -7.12221
    endloop
  endfacet
  facet normal 0.707107 -0 0.707107
    outer loop
      vertex -22.463 -10 18.6972
      vertex -21.3528 10 17.587
      vertex -22.463 10 18.6972
    endloop
  endfacet
  facet normal 0.707107 0 0.707107
    outer loop
      vertex -21.3528 10 17.587
      vertex -22.463 -10 18.6972
      vertex -21.3528 -10 17.587
    endloop
  endfacet
  facet normal -0.77714 0 -0.629327
    outer loop
      vertex -43.6472 -10 -2.48696
      vertex -44.6353 10 -1.26678
      vertex -43.6472 10 -2.48696
    endloop
  endfacet
  facet normal -0.77714 -0 -0.629327
    outer loop
      vertex -44.6353 10 -1.26678
      vertex -43.6472 -10 -2.48696
      vertex -44.6353 -10 -1.26678
    endloop
  endfacet
  facet normal 0.629321 0 0.777145
    outer loop
      vertex -23.6832 10 19.6853
      vertex -22.463 -10 18.6972
      vertex -22.463 10 18.6972
    endloop
  endfacet
  facet normal 0.629321 0 0.777145
    outer loop
      vertex -22.463 -10 18.6972
      vertex -23.6832 10 19.6853
      vertex -23.6832 -10 19.6853
    endloop
  endfacet
  facet normal -0.0523549 0 0.998629
    outer loop
      vertex -34.0679 10 22.4678
      vertex -32.5 -10 22.55
      vertex -32.5 10 22.55
    endloop
  endfacet
  facet normal -0.0523549 0 0.998629
    outer loop
      vertex -32.5 -10 22.55
      vertex -34.0679 10 22.4678
      vertex -34.0679 -10 22.4678
    endloop
  endfacet
  facet normal 0.0523549 0 0.998629
    outer loop
      vertex -32.5 10 22.55
      vertex -30.9321 -10 22.4678
      vertex -30.9321 10 22.4678
    endloop
  endfacet
  facet normal 0.0523549 0 0.998629
    outer loop
      vertex -30.9321 -10 22.4678
      vertex -32.5 10 22.55
      vertex -32.5 -10 22.55
    endloop
  endfacet
  facet normal -0.0523419 -1.19242e-05 -0.998629
    outer loop
      vertex -33.7204 9.68499 -7.38604
      vertex -34.0679 10 -7.36783
      vertex -33.3118 10 -7.40746
    endloop
  endfacet
  facet normal -0.0523311 -0 -0.99863
    outer loop
      vertex -34.0679 10 -7.36783
      vertex -33.7204 9.68499 -7.38604
      vertex -34.0679 9.35231 -7.36783
    endloop
  endfacet
  facet normal -0.0523419 1.19242e-05 -0.998629
    outer loop
      vertex -34.0679 -10 -7.36783
      vertex -33.7204 -9.68499 -7.38604
      vertex -33.3118 -10 -7.40746
    endloop
  endfacet
  facet normal -0.0523311 0 -0.99863
    outer loop
      vertex -33.7204 -9.68499 -7.38604
      vertex -34.0679 -10 -7.36783
      vertex -34.0679 -9.35231 -7.36783
    endloop
  endfacet
  facet normal -0.358369 0 -0.93358
    outer loop
      vertex -38.6011 -10 -6.15318
      vertex -37.1353 -5.6741 -6.71585
      vertex -37.1353 -10 -6.71585
    endloop
  endfacet
  facet normal -0.35844 2.7676e-05 -0.933553
    outer loop
      vertex -37.1353 -5.6741 -6.71585
      vertex -38.6011 -10 -6.15318
      vertex -37.2028 -5.56699 -6.68993
    endloop
  endfacet
  facet normal -0.358476 4.07718e-05 -0.933539
    outer loop
      vertex -37.2028 -5.56699 -6.68993
      vertex -38.6011 -10 -6.15318
      vertex -37.2687 -5.46237 -6.66462
    endloop
  endfacet
  facet normal -0.358356 3.31968e-07 -0.933585
    outer loop
      vertex -37.2687 -5.46237 -6.66462
      vertex -38.6011 -10 -6.15318
      vertex -37.7294 -4.48163 -6.48778
    endloop
  endfacet
  facet normal -0.358459 1.90052e-05 -0.933545
    outer loop
      vertex -37.7294 -4.48163 -6.48778
      vertex -38.6011 -10 -6.15318
      vertex -37.8702 -4.18179 -6.43371
    endloop
  endfacet
  facet normal -0.358343 2.2025e-06 -0.93359
    outer loop
      vertex -37.8702 -4.18179 -6.43371
      vertex -38.6011 -10 -6.15318
      vertex -38.1561 -3.30336 -6.32397
    endloop
  endfacet
  facet normal -0.358358 3.34108e-06 -0.933584
    outer loop
      vertex -38.1561 -3.30336 -6.32397
      vertex -38.6011 -10 -6.15318
      vertex -38.3104 -2.82922 -6.26474
    endloop
  endfacet
  facet normal -0.358314 1.3113e-06 -0.933601
    outer loop
      vertex -38.3104 -2.82922 -6.26474
      vertex -38.6011 -10 -6.15318
      vertex -38.4234 -2.23925 -6.22137
    endloop
  endfacet
  facet normal -0.358306 1.09938e-06 -0.933604
    outer loop
      vertex -38.4234 -2.23925 -6.22137
      vertex -38.6011 -10 -6.15318
      vertex -38.5789 -1.4272 -6.16169
    endloop
  endfacet
  facet normal -0.357936 0 -0.933746
    outer loop
      vertex -38.5789 -1.4272 -6.16169
      vertex -38.6011 -10 -6.15318
      vertex -38.6011 -1.07654 -6.15318
    endloop
  endfacet
  facet normal -0.35844 -2.7676e-05 -0.933553
    outer loop
      vertex -38.6011 10 -6.15318
      vertex -37.1353 5.6741 -6.71585
      vertex -37.2028 5.56699 -6.68993
    endloop
  endfacet
  facet normal -0.358476 -4.07718e-05 -0.933539
    outer loop
      vertex -38.6011 10 -6.15318
      vertex -37.2028 5.56699 -6.68993
      vertex -37.2687 5.46237 -6.66462
    endloop
  endfacet
  facet normal -0.358356 -3.31968e-07 -0.933585
    outer loop
      vertex -38.6011 10 -6.15318
      vertex -37.2687 5.46237 -6.66462
      vertex -37.7294 4.48163 -6.48778
    endloop
  endfacet
  facet normal -0.358459 -1.90052e-05 -0.933545
    outer loop
      vertex -38.6011 10 -6.15318
      vertex -37.7294 4.48163 -6.48778
      vertex -37.8702 4.18179 -6.43371
    endloop
  endfacet
  facet normal -0.358343 -2.2025e-06 -0.93359
    outer loop
      vertex -38.6011 10 -6.15318
      vertex -37.8702 4.18179 -6.43371
      vertex -38.1561 3.30336 -6.32397
    endloop
  endfacet
  facet normal -0.358358 -3.34108e-06 -0.933584
    outer loop
      vertex -38.6011 10 -6.15318
      vertex -38.1561 3.30336 -6.32397
      vertex -38.3104 2.82922 -6.26474
    endloop
  endfacet
  facet normal -0.358314 -1.3113e-06 -0.933601
    outer loop
      vertex -38.6011 10 -6.15318
      vertex -38.3104 2.82922 -6.26474
      vertex -38.4234 2.23925 -6.22137
    endloop
  endfacet
  facet normal -0.358306 -1.09938e-06 -0.933604
    outer loop
      vertex -38.6011 10 -6.15318
      vertex -38.4234 2.23925 -6.22137
      vertex -38.5789 1.4272 -6.16169
    endloop
  endfacet
  facet normal -0.358369 0 -0.93358
    outer loop
      vertex -37.1353 5.6741 -6.71585
      vertex -38.6011 10 -6.15318
      vertex -37.1353 10 -6.71585
    endloop
  endfacet
  facet normal -0.357936 -0 -0.933746
    outer loop
      vertex -38.6011 10 -6.15318
      vertex -38.5789 1.4272 -6.16169
      vertex -38.6011 1.07654 -6.15318
    endloop
  endfacet
  facet normal -0.454003 0 0.891
    outer loop
      vertex -40 10 20.5404
      vertex -38.6011 -10 21.2532
      vertex -38.6011 10 21.2532
    endloop
  endfacet
  facet normal -0.454003 0 0.891
    outer loop
      vertex -38.6011 -10 21.2532
      vertex -40 10 20.5404
      vertex -40 -10 20.5404
    endloop
  endfacet
  facet normal 0.15642 0 0.987691
    outer loop
      vertex -30.9321 10 22.4678
      vertex -29.3813 -10 22.2222
      vertex -29.3813 10 22.2222
    endloop
  endfacet
  facet normal 0.15642 0 0.987691
    outer loop
      vertex -29.3813 -10 22.2222
      vertex -30.9321 10 22.4678
      vertex -30.9321 -10 22.4678
    endloop
  endfacet
  facet normal -0.96592 0 -0.258839
    outer loop
      vertex -46.7658 -10 2.91474
      vertex -47.1722 10 4.43132
      vertex -46.7658 10 2.91474
    endloop
  endfacet
  facet normal -0.96592 -0 -0.258839
    outer loop
      vertex -47.1722 10 4.43132
      vertex -46.7658 -10 2.91474
      vertex -47.1722 -10 4.43132
    endloop
  endfacet
  facet normal -0.933594 0 -0.358332
    outer loop
      vertex -46.2032 -10 1.44895
      vertex -46.7658 10 2.91474
      vertex -46.2032 10 1.44895
    endloop
  endfacet
  facet normal -0.933594 -0 -0.358332
    outer loop
      vertex -46.7658 10 2.91474
      vertex -46.2032 -10 1.44895
      vertex -46.7658 -10 2.91474
    endloop
  endfacet
  facet normal -0.98769 0 -0.156425
    outer loop
      vertex -47.1722 -10 4.43132
      vertex -47.4178 10 5.98207
      vertex -47.1722 10 4.43132
    endloop
  endfacet
  facet normal -0.98769 -0 -0.156425
    outer loop
      vertex -47.4178 10 5.98207
      vertex -47.1722 -10 4.43132
      vertex -47.4178 -10 5.98207
    endloop
  endfacet
  facet normal -0.838678 0 -0.544627
    outer loop
      vertex -44.6353 -10 -1.26678
      vertex -45.4904 10 0.0499992
      vertex -44.6353 10 -1.26678
    endloop
  endfacet
  facet normal -0.838678 -0 -0.544627
    outer loop
      vertex -45.4904 10 0.0499992
      vertex -44.6353 -10 -1.26678
      vertex -45.4904 -10 0.0499992
    endloop
  endfacet
  facet normal -0.15643 6.45675e-06 -0.987689
    outer loop
      vertex -35.6187 10 -7.12221
      vertex -34.0679 9.35231 -7.36783
      vertex -34.7384 8.76846 -7.26164
    endloop
  endfacet
  facet normal -0.156437 1.1637e-06 -0.987688
    outer loop
      vertex -35.6187 10 -7.12221
      vertex -34.7384 8.76846 -7.26164
      vertex -35.0061 8.47674 -7.21924
    endloop
  endfacet
  facet normal -0.15644 -0 -0.987687
    outer loop
      vertex -35.6187 10 -7.12221
      vertex -35.0061 8.47674 -7.21924
      vertex -35.6187 7.8091 -7.12221
    endloop
  endfacet
  facet normal -0.156433 0 -0.987689
    outer loop
      vertex -34.0679 9.35231 -7.36783
      vertex -35.6187 10 -7.12221
      vertex -34.0679 10 -7.36783
    endloop
  endfacet
  facet normal -0.156433 0 -0.987689
    outer loop
      vertex -35.6187 -10 -7.12221
      vertex -34.0679 -9.35231 -7.36783
      vertex -34.0679 -10 -7.36783
    endloop
  endfacet
  facet normal -0.15643 -6.45675e-06 -0.987689
    outer loop
      vertex -34.0679 -9.35231 -7.36783
      vertex -35.6187 -10 -7.12221
      vertex -34.7384 -8.76846 -7.26164
    endloop
  endfacet
  facet normal -0.156437 -1.1637e-06 -0.987688
    outer loop
      vertex -34.7384 -8.76846 -7.26164
      vertex -35.6187 -10 -7.12221
      vertex -35.0061 -8.47674 -7.21924
    endloop
  endfacet
  facet normal -0.15644 0 -0.987687
    outer loop
      vertex -35.0061 -8.47674 -7.21924
      vertex -35.6187 -10 -7.12221
      vertex -35.6187 -7.8091 -7.12221
    endloop
  endfacet
  facet normal 0 1 0
    outer loop
      vertex -29.4523 10 10.2293
      vertex -32.5 10 22.55
      vertex -30.9321 10 22.4678
    endloop
  endfacet
  facet normal 0 1 0
    outer loop
      vertex -29.1559 10 10.3474
      vertex -30.9321 10 22.4678
      vertex -29.3813 10 22.2222
    endloop
  endfacet
  facet normal 0 1 -0
    outer loop
      vertex -29.9907 10 9.95743
      vertex -32.5 10 22.55
      vertex -29.4523 10 10.2293
    endloop
  endfacet
  facet normal 0 1 -0
    outer loop
      vertex -28.3112 10 10.6694
      vertex -29.3813 10 22.2222
      vertex -27.8647 10 21.8158
    endloop
  endfacet
  facet normal 0 1 0
    outer loop
      vertex -32.5 10 22.55
      vertex -29.9907 10 9.95743
      vertex -34.0679 10 22.4678
    endloop
  endfacet
  facet normal 0 1 0
    outer loop
      vertex -28.1429 10 10.7142
      vertex -27.8647 10 21.8158
      vertex -26.3989 10 21.2532
    endloop
  endfacet
  facet normal 0 1 -0
    outer loop
      vertex -30.7735 10 9.56218
      vertex -34.0679 10 22.4678
      vertex -29.9907 10 9.95743
    endloop
  endfacet
  facet normal 0 1 0
    outer loop
      vertex -27.1256 10 10.9516
      vertex -26.3989 10 21.2532
      vertex -25 10 20.5404
    endloop
  endfacet
  facet normal 0 1 0
    outer loop
      vertex -30.9321 10 22.4678
      vertex -29.1559 10 10.3474
      vertex -29.4523 10 10.2293
    endloop
  endfacet
  facet normal 0 1 0
    outer loop
      vertex -26.4649 10 11.0448
      vertex -25 10 20.5404
      vertex -23.6832 10 19.6853
    endloop
  endfacet
  facet normal 0 1 0
    outer loop
      vertex -34.0679 10 22.4678
      vertex -30.7735 10 9.56218
      vertex -35.6187 10 22.2222
    endloop
  endfacet
  facet normal 0 1 0
    outer loop
      vertex -25.4912 10 11.1296
      vertex -23.6832 10 19.6853
      vertex -22.463 10 18.6972
    endloop
  endfacet
  facet normal 0 1 0
    outer loop
      vertex -29.3813 10 22.2222
      vertex -28.5055 10 10.6066
      vertex -29.1559 10 10.3474
    endloop
  endfacet
  facet normal 0 1 0
    outer loop
      vertex -25 10 11.1528
      vertex -22.463 10 18.6972
      vertex -21.3528 10 17.587
    endloop
  endfacet
  facet normal 0 1 -0
    outer loop
      vertex -30.9755 10 9.43981
      vertex -35.6187 10 22.2222
      vertex -30.7735 10 9.56218
    endloop
  endfacet
  facet normal 0 1 0
    outer loop
      vertex -25 10 11.1528
      vertex -21.3528 10 17.587
      vertex -20.3647 10 16.3668
    endloop
  endfacet
  facet normal 0 1 0
    outer loop
      vertex -27.8647 10 21.8158
      vertex -28.2492 10 10.6894
      vertex -28.3112 10 10.6694
    endloop
  endfacet
  facet normal 0 1 0
    outer loop
      vertex -25 10 11.1528
      vertex -20.3647 10 16.3668
      vertex -19.5096 10 15.05
    endloop
  endfacet
  facet normal 0 1 0
    outer loop
      vertex -26.3989 10 21.2532
      vertex -27.1256 10 10.9516
      vertex -28.1429 10 10.7142
    endloop
  endfacet
  facet normal 0 1 0
    outer loop
      vertex -25 10 11.1528
      vertex -19.5096 10 15.05
      vertex -18.7968 10 13.651
    endloop
  endfacet
  facet normal 0 1 0
    outer loop
      vertex -27.8647 10 21.8158
      vertex -28.1429 10 10.7142
      vertex -28.2492 10 10.6894
    endloop
  endfacet
  facet normal 0 1 0
    outer loop
      vertex -25 10 11.1528
      vertex -18.7968 10 13.651
      vertex -18.2342 10 12.1853
    endloop
  endfacet
  facet normal 0 1 0
    outer loop
      vertex -23.6832 10 19.6853
      vertex -26.051 10 11.1032
      vertex -26.4649 10 11.0448
    endloop
  endfacet
  facet normal 0 1 0
    outer loop
      vertex -25 10 11.1528
      vertex -18.2342 10 12.1853
      vertex -17.9575 10 11.1528
    endloop
  endfacet
  facet normal 0 1 0
    outer loop
      vertex -22.463 10 18.6972
      vertex -25 10 11.1528
      vertex -25.4912 10 11.1296
    endloop
  endfacet
  facet normal 0 1 0
    outer loop
      vertex -23.6832 10 19.6853
      vertex -25.4912 10 11.1296
      vertex -26.051 10 11.1032
    endloop
  endfacet
  facet normal 0 1 0
    outer loop
      vertex -25 10 20.5404
      vertex -26.4649 10 11.0448
      vertex -27.1256 10 10.9516
    endloop
  endfacet
  facet normal 0 1 0
    outer loop
      vertex -29.3813 10 22.2222
      vertex -28.3112 10 10.6694
      vertex -28.5055 10 10.6066
    endloop
  endfacet
  facet normal 0 1 0
    outer loop
      vertex -35.6187 10 22.2222
      vertex -30.9755 10 9.43981
      vertex -37.1353 10 21.8158
    endloop
  endfacet
  facet normal 0 1 0
    outer loop
      vertex -37.1353 10 21.8158
      vertex -30.9755 10 9.43981
      vertex -38.6011 10 21.2532
    endloop
  endfacet
  facet normal 0 1 -0
    outer loop
      vertex -31.6335 10 8.94593
      vertex -38.6011 10 21.2532
      vertex -30.9755 10 9.43981
    endloop
  endfacet
  facet normal 0 1 0
    outer loop
      vertex -38.6011 10 21.2532
      vertex -31.6335 10 8.94593
      vertex -40 10 20.5404
    endloop
  endfacet
  facet normal 0 1 -0
    outer loop
      vertex -32.2654 10 8.47153
      vertex -40 10 20.5404
      vertex -31.6335 10 8.94593
    endloop
  endfacet
  facet normal 0 1 0
    outer loop
      vertex -40 10 20.5404
      vertex -32.2654 10 8.47153
      vertex -41.3168 10 19.6853
    endloop
  endfacet
  facet normal 0 1 -0
    outer loop
      vertex -32.6135 10 8.16959
      vertex -41.3168 10 19.6853
      vertex -32.2654 10 8.47153
    endloop
  endfacet
  facet normal 0 1 0
    outer loop
      vertex -41.3168 10 19.6853
      vertex -32.6135 10 8.16959
      vertex -42.537 10 18.6972
    endloop
  endfacet
  facet normal 0 1 0
    outer loop
      vertex -42.537 10 18.6972
      vertex -32.6135 10 8.16959
      vertex -43.6472 10 17.587
    endloop
  endfacet
  facet normal 0 1 -0
    outer loop
      vertex -33.5149 10 7.1857
      vertex -43.6472 10 17.587
      vertex -32.6135 10 8.16959
    endloop
  endfacet
  facet normal 0 1 0
    outer loop
      vertex -43.6472 10 17.587
      vertex -33.5149 10 7.1857
      vertex -44.6353 10 16.3668
    endloop
  endfacet
  facet normal 0 1 -0
    outer loop
      vertex -33.8593 10 6.80986
      vertex -44.6353 10 16.3668
      vertex -33.5149 10 7.1857
    endloop
  endfacet
  facet normal 0 1 0
    outer loop
      vertex -44.6353 10 16.3668
      vertex -33.8593 10 6.80986
      vertex -45.4904 10 15.05
    endloop
  endfacet
  facet normal 0 1 0
    outer loop
      vertex -45.4904 10 15.05
      vertex -33.8593 10 6.80986
      vertex -46.2032 10 13.651
    endloop
  endfacet
  facet normal 0 1 -0
    outer loop
      vertex -33.9085 10 6.74025
      vertex -46.2032 10 13.651
      vertex -33.8593 10 6.80986
    endloop
  endfacet
  facet normal 0 1 -0
    outer loop
      vertex -34.004 10 6.60495
      vertex -46.2032 10 13.651
      vertex -33.9085 10 6.74025
    endloop
  endfacet
  facet normal 0 1 0
    outer loop
      vertex -46.2032 10 13.651
      vertex -34.004 10 6.60495
      vertex -46.7658 10 12.1853
    endloop
  endfacet
  facet normal 0 1 0
    outer loop
      vertex -46.7658 10 12.1853
      vertex -34.004 10 6.60495
      vertex -47.1722 10 10.6687
    endloop
  endfacet
  facet normal 0 1 -0
    outer loop
      vertex -34.7771 10 5.37552
      vertex -47.1722 10 10.6687
      vertex -34.004 10 6.60495
    endloop
  endfacet
  facet normal 0 1 0
    outer loop
      vertex -47.1722 10 10.6687
      vertex -34.7771 10 5.37552
      vertex -47.4178 10 9.11793
    endloop
  endfacet
  facet normal 0 1 0
    outer loop
      vertex -47.4178 10 9.11793
      vertex -34.7771 10 5.37552
      vertex -47.5 10 7.55
    endloop
  endfacet
  facet normal 0 1 -0
    outer loop
      vertex -35.4623 10 3.88229
      vertex -47.5 10 7.55
      vertex -34.7771 10 5.37552
    endloop
  endfacet
  facet normal 0 1 0
    outer loop
      vertex -47.5 10 7.55
      vertex -35.4623 10 3.88229
      vertex -47.4178 10 5.98207
    endloop
  endfacet
  facet normal 0 1 0
    outer loop
      vertex -47.4178 10 5.98207
      vertex -35.4623 10 3.88229
      vertex -47.1722 10 4.43132
    endloop
  endfacet
  facet normal 0 1 0
    outer loop
      vertex -35.4623 10 3.88229
      vertex -46.7658 10 2.91474
      vertex -47.1722 10 4.43132
    endloop
  endfacet
  facet normal 0 1 -0
    outer loop
      vertex -35.9233 10 2.34652
      vertex -46.7658 10 2.91474
      vertex -35.4623 10 3.88229
    endloop
  endfacet
  facet normal 0 1 0
    outer loop
      vertex -35.9233 10 2.34652
      vertex -46.2032 10 1.44895
      vertex -46.7658 10 2.91474
    endloop
  endfacet
  facet normal 0 1 0
    outer loop
      vertex -45.4904 10 0.0499992
      vertex -35.9233 10 2.34652
      vertex -36.1061 10 1.11496
    endloop
  endfacet
  facet normal 0 1 0
    outer loop
      vertex -44.6353 10 -1.26678
      vertex -36.1061 10 1.11496
      vertex -36.1507 10 0.785039
    endloop
  endfacet
  facet normal 0 1 0
    outer loop
      vertex -35.9233 10 2.34652
      vertex -45.4904 10 0.0499992
      vertex -46.2032 10 1.44895
    endloop
  endfacet
  facet normal 0 1 0
    outer loop
      vertex -43.6472 10 -2.48696
      vertex -36.1507 10 0.785039
      vertex -36.1507 10 -0.785039
    endloop
  endfacet
  facet normal 0 1 0
    outer loop
      vertex -41.3168 10 -4.58525
      vertex -36.1507 10 -0.785039
      vertex -36.1061 10 -1.11496
    endloop
  endfacet
  facet normal 0 1 0
    outer loop
      vertex -36.1061 10 1.11496
      vertex -44.6353 10 -1.26678
      vertex -45.4904 10 0.0499992
    endloop
  endfacet
  facet normal 0 1 0
    outer loop
      vertex -41.3168 10 -4.58525
      vertex -36.1061 10 -1.11496
      vertex -35.9233 10 -2.34652
    endloop
  endfacet
  facet normal 0 1 0
    outer loop
      vertex -36.1507 10 0.785039
      vertex -43.6472 10 -2.48696
      vertex -44.6353 10 -1.26678
    endloop
  endfacet
  facet normal 0 1 0
    outer loop
      vertex -36.1507 10 -0.785039
      vertex -42.537 10 -3.59717
      vertex -43.6472 10 -2.48696
    endloop
  endfacet
  facet normal 0 1 0
    outer loop
      vertex -38.6011 10 -6.15318
      vertex -35.9233 10 -2.34652
      vertex -35.4623 10 -3.88229
    endloop
  endfacet
  facet normal 0 1 0
    outer loop
      vertex -36.1507 10 -0.785039
      vertex -41.3168 10 -4.58525
      vertex -42.537 10 -3.59717
    endloop
  endfacet
  facet normal 0 1 0
    outer loop
      vertex -37.1353 10 -6.71585
      vertex -35.4623 10 -3.88229
      vertex -34.7771 10 -5.37552
    endloop
  endfacet
  facet normal 0 1 0
    outer loop
      vertex -35.9233 10 -2.34652
      vertex -40 10 -5.44038
      vertex -41.3168 10 -4.58525
    endloop
  endfacet
  facet normal 0 1 0
    outer loop
      vertex -35.9233 10 -2.34652
      vertex -38.6011 10 -6.15318
      vertex -40 10 -5.44038
    endloop
  endfacet
  facet normal 0 1 0
    outer loop
      vertex -35.6187 10 -7.12221
      vertex -34.7771 10 -5.37552
      vertex -34.004 10 -6.60495
    endloop
  endfacet
  facet normal 0 1 0
    outer loop
      vertex -35.4623 10 -3.88229
      vertex -37.1353 10 -6.71585
      vertex -38.6011 10 -6.15318
    endloop
  endfacet
  facet normal 0 1 0
    outer loop
      vertex -34.0679 10 -7.36783
      vertex -34.004 10 -6.60495
      vertex -33.9085 10 -6.74025
    endloop
  endfacet
  facet normal 0 1 0
    outer loop
      vertex -34.0679 10 -7.36783
      vertex -33.9085 10 -6.74025
      vertex -33.8593 10 -6.80986
    endloop
  endfacet
  facet normal 0 1 0
    outer loop
      vertex -34.7771 10 -5.37552
      vertex -35.6187 10 -7.12221
      vertex -37.1353 10 -6.71585
    endloop
  endfacet
  facet normal 0 1 0
    outer loop
      vertex -34.0679 10 -7.36783
      vertex -33.8593 10 -6.80986
      vertex -33.5149 10 -7.1857
    endloop
  endfacet
  facet normal 0 1 0
    outer loop
      vertex -34.004 10 -6.60495
      vertex -34.0679 10 -7.36783
      vertex -35.6187 10 -7.12221
    endloop
  endfacet
  facet normal -0 1 0
    outer loop
      vertex -34.0679 10 -7.36783
      vertex -33.5149 10 -7.1857
      vertex -33.3118 10 -7.40746
    endloop
  endfacet
  facet normal -0.454003 0 -0.891
    outer loop
      vertex -40 -10 -5.44038
      vertex -38.6011 -1.07654 -6.15318
      vertex -38.6011 -10 -6.15318
    endloop
  endfacet
  facet normal -0.454052 9.74696e-06 -0.890975
    outer loop
      vertex -38.6011 -1.07654 -6.15318
      vertex -40 -10 -5.44038
      vertex -38.6277 -0.683994 -6.13962
    endloop
  endfacet
  facet normal -0.454136 2.53068e-05 -0.890932
    outer loop
      vertex -38.6277 -0.683994 -6.13962
      vertex -40 -10 -5.44038
      vertex -38.674 0 -6.116
    endloop
  endfacet
  facet normal -0.454052 -9.74696e-06 -0.890975
    outer loop
      vertex -40 10 -5.44038
      vertex -38.6011 1.07654 -6.15318
      vertex -38.6277 0.683994 -6.13962
    endloop
  endfacet
  facet normal -0.454136 -2.53068e-05 -0.890932
    outer loop
      vertex -40 10 -5.44038
      vertex -38.6277 0.683994 -6.13962
      vertex -38.674 0 -6.116
    endloop
  endfacet
  facet normal -0.453985 -0 -0.891009
    outer loop
      vertex -40 10 -5.44038
      vertex -38.674 0 -6.116
      vertex -40 -10 -5.44038
    endloop
  endfacet
  facet normal -0.454003 0 -0.891
    outer loop
      vertex -38.6011 1.07654 -6.15318
      vertex -40 10 -5.44038
      vertex -38.6011 10 -6.15318
    endloop
  endfacet
  facet normal -0.933587 0 0.358352
    outer loop
      vertex -46.7658 -10 12.1853
      vertex -46.2032 10 13.651
      vertex -46.7658 10 12.1853
    endloop
  endfacet
  facet normal -0.933587 0 0.358352
    outer loop
      vertex -46.2032 10 13.651
      vertex -46.7658 -10 12.1853
      vertex -46.2032 -10 13.651
    endloop
  endfacet
  facet normal -0.998629 0 0.0523539
    outer loop
      vertex -47.5 -10 7.55
      vertex -47.4178 10 9.11793
      vertex -47.5 10 7.55
    endloop
  endfacet
  facet normal -0.998629 0 0.0523539
    outer loop
      vertex -47.4178 10 9.11793
      vertex -47.5 -10 7.55
      vertex -47.4178 -10 9.11793
    endloop
  endfacet
  facet normal -0.629313 0 -0.777152
    outer loop
      vertex -42.537 -10 -3.59717
      vertex -41.3168 10 -4.58525
      vertex -41.3168 -10 -4.58525
    endloop
  endfacet
  facet normal -0.629313 0 -0.777152
    outer loop
      vertex -41.3168 10 -4.58525
      vertex -42.537 -10 -3.59717
      vertex -42.537 10 -3.59717
    endloop
  endfacet
  facet normal 1 0 0
    outer loop
      vertex 26.5 -14.9195 -14.266
      vertex 26.5 -12 -13.5705
      vertex 26.5 -12.0217 -13.4895
    endloop
  endfacet
  facet normal 1 0 0
    outer loop
      vertex 26.5 -10.9471 -17.5
      vertex 26.5 -11 -20.9804
      vertex 26.5 -10.0805 -20.734
    endloop
  endfacet
  facet normal 1 -0 0
    outer loop
      vertex 26.5 -12 -17.5
      vertex 26.5 -11 -20.9804
      vertex 26.5 -10.9471 -17.5
    endloop
  endfacet
  facet normal 1 -0 0
    outer loop
      vertex 26.5 -14 -17.6975
      vertex 26.5 -11 -20.9804
      vertex 26.5 -12 -17.5
    endloop
  endfacet
  facet normal 1 0 0
    outer loop
      vertex 26.5 -12 -13.5705
      vertex 26.5 -14.9195 -14.266
      vertex 26.5 -12 -17.5
    endloop
  endfacet
  facet normal 1 0 0
    outer loop
      vertex 26.5 -14 -32.5
      vertex 26.5 -11 -20.9804
      vertex 26.5 -14 -17.6975
    endloop
  endfacet
  facet normal 1 0 0
    outer loop
      vertex 26.5 -11 -20.9804
      vertex 26.5 -14 -32.5
      vertex 26.5 -11 -32.5
    endloop
  endfacet
  facet normal 1 0 0
    outer loop
      vertex 26.5 -12 -17.5
      vertex 26.5 -14.9195 -14.266
      vertex 26.5 -14 -17.6975
    endloop
  endfacet
  facet normal 0 0 1
    outer loop
      vertex 91.989 -12.2909 -32.5
      vertex 91.989 -12.7091 -32.5
      vertex 92 -12.5 -32.5
    endloop
  endfacet
  facet normal 0 0 1
    outer loop
      vertex 91.9563 -12.0842 -32.5
      vertex 91.989 -12.7091 -32.5
      vertex 91.989 -12.2909 -32.5
    endloop
  endfacet
  facet normal 0 0 1
    outer loop
      vertex 91.9563 -12.0842 -32.5
      vertex 91.9563 -12.9158 -32.5
      vertex 91.989 -12.7091 -32.5
    endloop
  endfacet
  facet normal 0 0 1
    outer loop
      vertex 91.9021 -11.882 -32.5
      vertex 91.9563 -12.9158 -32.5
      vertex 91.9563 -12.0842 -32.5
    endloop
  endfacet
  facet normal 0 0 1
    outer loop
      vertex 91.9021 -11.882 -32.5
      vertex 91.9021 -13.118 -32.5
      vertex 91.9563 -12.9158 -32.5
    endloop
  endfacet
  facet normal 0 0 1
    outer loop
      vertex 91.8271 -11.6865 -32.5
      vertex 91.9021 -13.118 -32.5
      vertex 91.9021 -11.882 -32.5
    endloop
  endfacet
  facet normal 0 0 1
    outer loop
      vertex 91.8271 -11.6865 -32.5
      vertex 91.8271 -13.3135 -32.5
      vertex 91.9021 -13.118 -32.5
    endloop
  endfacet
  facet normal 0 0 1
    outer loop
      vertex 91.732 -11.5 -32.5
      vertex 91.8271 -13.3135 -32.5
      vertex 91.8271 -11.6865 -32.5
    endloop
  endfacet
  facet normal 0 0 1
    outer loop
      vertex 91.732 -11.5 -32.5
      vertex 91.732 -13.5 -32.5
      vertex 91.8271 -13.3135 -32.5
    endloop
  endfacet
  facet normal 0 0 1
    outer loop
      vertex 91.618 -11.3244 -32.5
      vertex 91.732 -13.5 -32.5
      vertex 91.732 -11.5 -32.5
    endloop
  endfacet
  facet normal 0 0 1
    outer loop
      vertex 91.618 -11.3244 -32.5
      vertex 91.618 -13.6756 -32.5
      vertex 91.732 -13.5 -32.5
    endloop
  endfacet
  facet normal 0 0 1
    outer loop
      vertex 91.4863 -11.1617 -32.5
      vertex 91.618 -13.6756 -32.5
      vertex 91.618 -11.3244 -32.5
    endloop
  endfacet
  facet normal 0 0 1
    outer loop
      vertex 91.4863 -11.1617 -32.5
      vertex 91.4863 -13.8383 -32.5
      vertex 91.618 -13.6756 -32.5
    endloop
  endfacet
  facet normal 0 0 1
    outer loop
      vertex 91.3383 -11.0137 -32.5
      vertex 91.4863 -13.8383 -32.5
      vertex 91.4863 -11.1617 -32.5
    endloop
  endfacet
  facet normal 0 0 1
    outer loop
      vertex 91.3383 -11.0137 -32.5
      vertex 91.3383 -13.9863 -32.5
      vertex 91.4863 -13.8383 -32.5
    endloop
  endfacet
  facet normal 0 0 1
    outer loop
      vertex 91.1756 -10.882 -32.5
      vertex 91.3383 -13.9863 -32.5
      vertex 91.3383 -11.0137 -32.5
    endloop
  endfacet
  facet normal 0 0 1
    outer loop
      vertex 91.1756 -10.882 -32.5
      vertex 91.1756 -14.118 -32.5
      vertex 91.3383 -13.9863 -32.5
    endloop
  endfacet
  facet normal 0 0 1
    outer loop
      vertex 91 -10.7679 -32.5
      vertex 91.1756 -14.118 -32.5
      vertex 91.1756 -10.882 -32.5
    endloop
  endfacet
  facet normal 0 0 1
    outer loop
      vertex 91 -10.7679 -32.5
      vertex 91 -14.232 -32.5
      vertex 91.1756 -14.118 -32.5
    endloop
  endfacet
  facet normal 0 0 1
    outer loop
      vertex 90.8135 -10.6729 -32.5
      vertex 91 -14.232 -32.5
      vertex 91 -10.7679 -32.5
    endloop
  endfacet
  facet normal 0 0 1
    outer loop
      vertex 90.8135 -10.6729 -32.5
      vertex 90.8135 -14.3271 -32.5
      vertex 91 -14.232 -32.5
    endloop
  endfacet
  facet normal 0 0 1
    outer loop
      vertex 90.618 -10.5979 -32.5
      vertex 90.8135 -14.3271 -32.5
      vertex 90.8135 -10.6729 -32.5
    endloop
  endfacet
  facet normal 0 0 1
    outer loop
      vertex 90.618 -10.5979 -32.5
      vertex 90.618 -14.4021 -32.5
      vertex 90.8135 -14.3271 -32.5
    endloop
  endfacet
  facet normal 0 0 1
    outer loop
      vertex 90.4158 -10.5437 -32.5
      vertex 90.618 -14.4021 -32.5
      vertex 90.618 -10.5979 -32.5
    endloop
  endfacet
  facet normal 0 0 1
    outer loop
      vertex 90.4158 -10.5437 -32.5
      vertex 90.4158 -14.4563 -32.5
      vertex 90.618 -14.4021 -32.5
    endloop
  endfacet
  facet normal 0 0 1
    outer loop
      vertex 90.2091 -10.511 -32.5
      vertex 90.4158 -14.4563 -32.5
      vertex 90.4158 -10.5437 -32.5
    endloop
  endfacet
  facet normal 0 0 1
    outer loop
      vertex 90.2091 -10.511 -32.5
      vertex 90.2091 -14.489 -32.5
      vertex 90.4158 -14.4563 -32.5
    endloop
  endfacet
  facet normal 0 0 1
    outer loop
      vertex 90 -10.5 -32.5
      vertex 90.2091 -14.489 -32.5
      vertex 90.2091 -10.511 -32.5
    endloop
  endfacet
  facet normal 0 0 1
    outer loop
      vertex 90 -10.5 -32.5
      vertex 90 -14.5 -32.5
      vertex 90.2091 -14.489 -32.5
    endloop
  endfacet
  facet normal 0 0 1
    outer loop
      vertex 90 -10.5 -32.5
      vertex 66.5 -11 -32.5
      vertex 90 -14.5 -32.5
    endloop
  endfacet
  facet normal 0 0 1
    outer loop
      vertex 90 -10.5 -32.5
      vertex 63.5 -11 -32.5
      vertex 66.5 -11 -32.5
    endloop
  endfacet
  facet normal 0 0 1
    outer loop
      vertex 63.5 -11 -32.5
      vertex 26.5 -11 -32.5
      vertex 63.5 -14 -32.5
    endloop
  endfacet
  facet normal 0 0 1
    outer loop
      vertex 90 -10.5 -32.5
      vertex 26.5 -11 -32.5
      vertex 63.5 -11 -32.5
    endloop
  endfacet
  facet normal -0 0 1
    outer loop
      vertex 0 -10.5 -32.5
      vertex 26.5 -11 -32.5
      vertex 90 -10.5 -32.5
    endloop
  endfacet
  facet normal 0 0 1
    outer loop
      vertex 23.5 -11 -32.5
      vertex 0 -10.5 -32.5
      vertex 23.5 -14 -32.5
    endloop
  endfacet
  facet normal 0 0 1
    outer loop
      vertex 26.5 -11 -32.5
      vertex 0 -10.5 -32.5
      vertex 23.5 -11 -32.5
    endloop
  endfacet
  facet normal -0 0 1
    outer loop
      vertex 66.5 -14 -32.5
      vertex 90 -14.5 -32.5
      vertex 66.5 -11 -32.5
    endloop
  endfacet
  facet normal -0 0 1
    outer loop
      vertex 63.5 -14 -32.5
      vertex 90 -14.5 -32.5
      vertex 66.5 -14 -32.5
    endloop
  endfacet
  facet normal 0 0 1
    outer loop
      vertex 26.5 -14 -32.5
      vertex 63.5 -14 -32.5
      vertex 26.5 -11 -32.5
    endloop
  endfacet
  facet normal -0 0 1
    outer loop
      vertex 26.5 -14 -32.5
      vertex 90 -14.5 -32.5
      vertex 63.5 -14 -32.5
    endloop
  endfacet
  facet normal 0 0 1
    outer loop
      vertex 0 -14.5 -32.5
      vertex 26.5 -14 -32.5
      vertex 23.5 -14 -32.5
    endloop
  endfacet
  facet normal 0 0 1
    outer loop
      vertex 26.5 -14 -32.5
      vertex 0 -14.5 -32.5
      vertex 90 -14.5 -32.5
    endloop
  endfacet
  facet normal 0 0 1
    outer loop
      vertex 0 -10.5 -32.5
      vertex 0 -14.5 -32.5
      vertex 23.5 -14 -32.5
    endloop
  endfacet
  facet normal -0 0 1
    outer loop
      vertex -0.209057 -10.511 -32.5
      vertex 0 -14.5 -32.5
      vertex 0 -10.5 -32.5
    endloop
  endfacet
  facet normal 0 0 1
    outer loop
      vertex -0.209057 -10.511 -32.5
      vertex -0.209057 -14.489 -32.5
      vertex 0 -14.5 -32.5
    endloop
  endfacet
  facet normal -0 0 1
    outer loop
      vertex -0.415823 -10.5437 -32.5
      vertex -0.209057 -14.489 -32.5
      vertex -0.209057 -10.511 -32.5
    endloop
  endfacet
  facet normal 0 0 1
    outer loop
      vertex -0.415823 -10.5437 -32.5
      vertex -0.415823 -14.4563 -32.5
      vertex -0.209057 -14.489 -32.5
    endloop
  endfacet
  facet normal -0 0 1
    outer loop
      vertex -0.618033 -10.5979 -32.5
      vertex -0.415823 -14.4563 -32.5
      vertex -0.415823 -10.5437 -32.5
    endloop
  endfacet
  facet normal 0 0 1
    outer loop
      vertex -0.618033 -10.5979 -32.5
      vertex -0.618033 -14.4021 -32.5
      vertex -0.415823 -14.4563 -32.5
    endloop
  endfacet
  facet normal -0 0 1
    outer loop
      vertex -0.813473 -10.6729 -32.5
      vertex -0.618033 -14.4021 -32.5
      vertex -0.618033 -10.5979 -32.5
    endloop
  endfacet
  facet normal 0 0 1
    outer loop
      vertex -0.813473 -10.6729 -32.5
      vertex -0.813473 -14.3271 -32.5
      vertex -0.618033 -14.4021 -32.5
    endloop
  endfacet
  facet normal -0 0 1
    outer loop
      vertex -1 -10.7679 -32.5
      vertex -0.813473 -14.3271 -32.5
      vertex -0.813473 -10.6729 -32.5
    endloop
  endfacet
  facet normal 0 0 1
    outer loop
      vertex -1 -10.7679 -32.5
      vertex -1 -14.232 -32.5
      vertex -0.813473 -14.3271 -32.5
    endloop
  endfacet
  facet normal -0 0 1
    outer loop
      vertex -1.17557 -10.882 -32.5
      vertex -1 -14.232 -32.5
      vertex -1 -10.7679 -32.5
    endloop
  endfacet
  facet normal 0 0 1
    outer loop
      vertex -1.17557 -10.882 -32.5
      vertex -1.17557 -14.118 -32.5
      vertex -1 -14.232 -32.5
    endloop
  endfacet
  facet normal -0 0 1
    outer loop
      vertex -1.33826 -11.0137 -32.5
      vertex -1.17557 -14.118 -32.5
      vertex -1.17557 -10.882 -32.5
    endloop
  endfacet
  facet normal 0 0 1
    outer loop
      vertex -1.33826 -11.0137 -32.5
      vertex -1.33826 -13.9863 -32.5
      vertex -1.17557 -14.118 -32.5
    endloop
  endfacet
  facet normal -0 0 1
    outer loop
      vertex -1.48629 -11.1617 -32.5
      vertex -1.33826 -13.9863 -32.5
      vertex -1.33826 -11.0137 -32.5
    endloop
  endfacet
  facet normal 0 0 1
    outer loop
      vertex -1.48629 -11.1617 -32.5
      vertex -1.48629 -13.8383 -32.5
      vertex -1.33826 -13.9863 -32.5
    endloop
  endfacet
  facet normal -0 0 1
    outer loop
      vertex -1.61803 -11.3244 -32.5
      vertex -1.48629 -13.8383 -32.5
      vertex -1.48629 -11.1617 -32.5
    endloop
  endfacet
  facet normal 0 0 1
    outer loop
      vertex -1.61803 -11.3244 -32.5
      vertex -1.61803 -13.6756 -32.5
      vertex -1.48629 -13.8383 -32.5
    endloop
  endfacet
  facet normal -0 0 1
    outer loop
      vertex -1.73205 -11.5 -32.5
      vertex -1.61803 -13.6756 -32.5
      vertex -1.61803 -11.3244 -32.5
    endloop
  endfacet
  facet normal 0 0 1
    outer loop
      vertex -1.73205 -11.5 -32.5
      vertex -1.73205 -13.5 -32.5
      vertex -1.61803 -13.6756 -32.5
    endloop
  endfacet
  facet normal -0 0 1
    outer loop
      vertex -1.82709 -11.6865 -32.5
      vertex -1.73205 -13.5 -32.5
      vertex -1.73205 -11.5 -32.5
    endloop
  endfacet
  facet normal 0 0 1
    outer loop
      vertex -1.82709 -11.6865 -32.5
      vertex -1.82709 -13.3135 -32.5
      vertex -1.73205 -13.5 -32.5
    endloop
  endfacet
  facet normal -0 0 1
    outer loop
      vertex -1.90211 -11.882 -32.5
      vertex -1.82709 -13.3135 -32.5
      vertex -1.82709 -11.6865 -32.5
    endloop
  endfacet
  facet normal 0 0 1
    outer loop
      vertex -1.90211 -11.882 -32.5
      vertex -1.90211 -13.118 -32.5
      vertex -1.82709 -13.3135 -32.5
    endloop
  endfacet
  facet normal -0 0 1
    outer loop
      vertex -1.9563 -12.0842 -32.5
      vertex -1.90211 -13.118 -32.5
      vertex -1.90211 -11.882 -32.5
    endloop
  endfacet
  facet normal 0 0 1
    outer loop
      vertex -1.9563 -12.0842 -32.5
      vertex -1.9563 -12.9158 -32.5
      vertex -1.90211 -13.118 -32.5
    endloop
  endfacet
  facet normal -0 0 1
    outer loop
      vertex -1.98904 -12.2909 -32.5
      vertex -1.9563 -12.9158 -32.5
      vertex -1.9563 -12.0842 -32.5
    endloop
  endfacet
  facet normal 0 0 1
    outer loop
      vertex -1.98904 -12.2909 -32.5
      vertex -1.98904 -12.7091 -32.5
      vertex -1.9563 -12.9158 -32.5
    endloop
  endfacet
  facet normal 0 -0 1
    outer loop
      vertex -1.98904 -12.7091 -32.5
      vertex -1.98904 -12.2909 -32.5
      vertex -2 -12.5 -32.5
    endloop
  endfacet
  facet normal -1 0 0
    outer loop
      vertex 23.5 -14 -32.5
      vertex 23.5 -11 -20.9804
      vertex 23.5 -11 -32.5
    endloop
  endfacet
  facet normal -1 0 0
    outer loop
      vertex 23.5 -14.9195 -14.266
      vertex 23.5 -12 -13.5705
      vertex 23.5 -12 -17.5
    endloop
  endfacet
  facet normal -1 -0 0
    outer loop
      vertex 23.5 -11 -20.9804
      vertex 23.5 -14 -32.5
      vertex 23.5 -14 -17.6975
    endloop
  endfacet
  facet normal -1 0 0
    outer loop
      vertex 23.5 -11 -20.9804
      vertex 23.5 -14 -17.6975
      vertex 23.5 -12 -17.5
    endloop
  endfacet
  facet normal -1 0 0
    outer loop
      vertex 23.5 -14.9195 -14.266
      vertex 23.5 -12 -17.5
      vertex 23.5 -14 -17.6975
    endloop
  endfacet
  facet normal -1 -0 0
    outer loop
      vertex 23.5 -12 -13.5705
      vertex 23.5 -14.9195 -14.266
      vertex 23.5 -12.0217 -13.4895
    endloop
  endfacet
  facet normal -1 0 0
    outer loop
      vertex 23.5 -11 -20.9804
      vertex 23.5 -10.9471 -17.5
      vertex 23.5 -10.0805 -20.734
    endloop
  endfacet
  facet normal -1 -0 0
    outer loop
      vertex 23.5 -10.9471 -17.5
      vertex 23.5 -11 -20.9804
      vertex 23.5 -12 -17.5
    endloop
  endfacet
  facet normal 0 1 -0
    outer loop
      vertex 26.5 -11 -32.5
      vertex 23.5 -11 -20.9804
      vertex 26.5 -11 -20.9804
    endloop
  endfacet
  facet normal 0 1 0
    outer loop
      vertex 23.5 -11 -20.9804
      vertex 26.5 -11 -32.5
      vertex 23.5 -11 -32.5
    endloop
  endfacet
  facet normal 0 -1 0
    outer loop
      vertex 23.5 -14 -32.5
      vertex 26.5 -14 -17.6975
      vertex 23.5 -14 -17.6975
    endloop
  endfacet
  facet normal 0 -1 -0
    outer loop
      vertex 26.5 -14 -17.6975
      vertex 23.5 -14 -32.5
      vertex 26.5 -14 -32.5
    endloop
  endfacet
  facet normal 0 -0.25883 0.965923
    outer loop
      vertex 23.5 -12.0217 -13.4895
      vertex 26.5 -14.9195 -14.266
      vertex 26.5 -12.0217 -13.4895
    endloop
  endfacet
  facet normal 0 -0.25883 0.965923
    outer loop
      vertex 26.5 -14.9195 -14.266
      vertex 23.5 -12.0217 -13.4895
      vertex 23.5 -14.9195 -14.266
    endloop
  endfacet
  facet normal 0 0.258839 -0.96592
    outer loop
      vertex 23.5 -11 -20.9804
      vertex 26.5 -10.0805 -20.734
      vertex 26.5 -11 -20.9804
    endloop
  endfacet
  facet normal 0 0.258839 -0.96592
    outer loop
      vertex 26.5 -10.0805 -20.734
      vertex 23.5 -11 -20.9804
      vertex 23.5 -10.0805 -20.734
    endloop
  endfacet
  facet normal 0 0.965937 0.258776
    outer loop
      vertex 26.5 -12 -13.5705
      vertex 23.5 -12.0217 -13.4895
      vertex 26.5 -12.0217 -13.4895
    endloop
  endfacet
  facet normal 0 0.965937 0.258776
    outer loop
      vertex 23.5 -12.0217 -13.4895
      vertex 26.5 -12 -13.5705
      vertex 23.5 -12 -13.5705
    endloop
  endfacet
  facet normal 0 0.965922 0.258834
    outer loop
      vertex 26.5 -10.0805 -20.734
      vertex 23.5 -10.9471 -17.5
      vertex 26.5 -10.9471 -17.5
    endloop
  endfacet
  facet normal 0 0.965922 0.258834
    outer loop
      vertex 23.5 -10.9471 -17.5
      vertex 26.5 -10.0805 -20.734
      vertex 23.5 -10.0805 -20.734
    endloop
  endfacet
  facet normal 0 -0.965924 -0.258828
    outer loop
      vertex 23.5 -14 -17.6975
      vertex 26.5 -14.9195 -14.266
      vertex 23.5 -14.9195 -14.266
    endloop
  endfacet
  facet normal 0 -0.965924 -0.258828
    outer loop
      vertex 26.5 -14.9195 -14.266
      vertex 23.5 -14 -17.6975
      vertex 26.5 -14 -17.6975
    endloop
  endfacet
  facet normal 1 0 0
    outer loop
      vertex 66.5 -11 -17.6975
      vertex 66.5 -14.9195 -20.734
      vertex 66.5 -14 -20.9804
    endloop
  endfacet
  facet normal 1 0 0
    outer loop
      vertex 66.5 -12.9783 -13.4895
      vertex 66.5 -11 -17.6975
      vertex 66.5 -10.0805 -14.266
    endloop
  endfacet
  facet normal 1 0 0
    outer loop
      vertex 66.5 -14.9195 -20.734
      vertex 66.5 -11 -17.6975
      vertex 66.5 -12.9783 -13.4895
    endloop
  endfacet
  facet normal 1 0 0
    outer loop
      vertex 66.5 -11 -17.6975
      vertex 66.5 -14 -20.9804
      vertex 66.5 -11 -32.5
    endloop
  endfacet
  facet normal 1 0 0
    outer loop
      vertex 66.5 -11 -32.5
      vertex 66.5 -14 -20.9804
      vertex 66.5 -14 -32.5
    endloop
  endfacet
  facet normal -1 0 0
    outer loop
      vertex 63.5 -14 -20.9804
      vertex 63.5 -11 -17.6975
      vertex 63.5 -11 -32.5
    endloop
  endfacet
  facet normal -1 0 0
    outer loop
      vertex 63.5 -14 -20.9804
      vertex 63.5 -11 -32.5
      vertex 63.5 -14 -32.5
    endloop
  endfacet
  facet normal -1 0 0
    outer loop
      vertex 63.5 -14.9195 -20.734
      vertex 63.5 -11 -17.6975
      vertex 63.5 -14 -20.9804
    endloop
  endfacet
  facet normal -1 -0 0
    outer loop
      vertex 63.5 -11 -17.6975
      vertex 63.5 -14.9195 -20.734
      vertex 63.5 -12.9783 -13.4895
    endloop
  endfacet
  facet normal -1 -0 0
    outer loop
      vertex 63.5 -10.0805 -14.266
      vertex 63.5 -11 -17.6975
      vertex 63.5 -12.9783 -13.4895
    endloop
  endfacet
  facet normal 0 1 -0
    outer loop
      vertex 66.5 -11 -32.5
      vertex 63.5 -11 -17.6975
      vertex 66.5 -11 -17.6975
    endloop
  endfacet
  facet normal 0 1 0
    outer loop
      vertex 63.5 -11 -17.6975
      vertex 66.5 -11 -32.5
      vertex 63.5 -11 -32.5
    endloop
  endfacet
  facet normal 0 -1 0
    outer loop
      vertex 63.5 -14 -32.5
      vertex 66.5 -14 -20.9804
      vertex 63.5 -14 -20.9804
    endloop
  endfacet
  facet normal 0 -1 -0
    outer loop
      vertex 66.5 -14 -20.9804
      vertex 63.5 -14 -32.5
      vertex 66.5 -14 -32.5
    endloop
  endfacet
  facet normal -0 0.25883 0.965923
    outer loop
      vertex 63.5 -10.0805 -14.266
      vertex 66.5 -12.9783 -13.4895
      vertex 66.5 -10.0805 -14.266
    endloop
  endfacet
  facet normal 0 0.25883 0.965923
    outer loop
      vertex 66.5 -12.9783 -13.4895
      vertex 63.5 -10.0805 -14.266
      vertex 63.5 -12.9783 -13.4895
    endloop
  endfacet
  facet normal 0 -0.258839 -0.96592
    outer loop
      vertex 63.5 -14.9195 -20.734
      vertex 66.5 -14 -20.9804
      vertex 66.5 -14.9195 -20.734
    endloop
  endfacet
  facet normal -0 -0.258839 -0.96592
    outer loop
      vertex 66.5 -14 -20.9804
      vertex 63.5 -14.9195 -20.734
      vertex 63.5 -14 -20.9804
    endloop
  endfacet
  facet normal 0 0.965924 -0.258828
    outer loop
      vertex 66.5 -11 -17.6975
      vertex 63.5 -10.0805 -14.266
      vertex 66.5 -10.0805 -14.266
    endloop
  endfacet
  facet normal 0 0.965924 -0.258828
    outer loop
      vertex 63.5 -10.0805 -14.266
      vertex 66.5 -11 -17.6975
      vertex 63.5 -11 -17.6975
    endloop
  endfacet
  facet normal 0 -0.965924 0.258824
    outer loop
      vertex 63.5 -14.9195 -20.734
      vertex 66.5 -12.9783 -13.4895
      vertex 63.5 -12.9783 -13.4895
    endloop
  endfacet
  facet normal 0 -0.965924 0.258824
    outer loop
      vertex 66.5 -12.9783 -13.4895
      vertex 63.5 -14.9195 -20.734
      vertex 66.5 -14.9195 -20.734
    endloop
  endfacet
  facet normal 1 0 0
    outer loop
      vertex 26.5 12 -17.5
      vertex 26.5 10.9471 -17.5
      vertex 26.5 11 -17.6975
    endloop
  endfacet
  facet normal 1 -0 0
    outer loop
      vertex 26.5 12 -17.5
      vertex 26.5 14.9195 -20.734
      vertex 26.5 12.9783 -13.4895
    endloop
  endfacet
  facet normal 1 0 0
    outer loop
      vertex 26.5 14.9195 -20.734
      vertex 26.5 12 -17.5
      vertex 26.5 14 -20.9804
    endloop
  endfacet
  facet normal 1 0 0
    outer loop
      vertex 26.5 12 -17.5
      vertex 26.5 12.9783 -13.4895
      vertex 26.5 12 -13.7517
    endloop
  endfacet
  facet normal 1 -0 0
    outer loop
      vertex 26.5 11 -17.6975
      vertex 26.5 14 -20.9804
      vertex 26.5 12 -17.5
    endloop
  endfacet
  facet normal 1 0 0
    outer loop
      vertex 26.5 11 -32.5
      vertex 26.5 14 -20.9804
      vertex 26.5 11 -17.6975
    endloop
  endfacet
  facet normal 1 0 0
    outer loop
      vertex 26.5 14 -20.9804
      vertex 26.5 11 -32.5
      vertex 26.5 14 -32.5
    endloop
  endfacet
  facet normal 0 0 1
    outer loop
      vertex 91.989 12.7091 -32.5
      vertex 91.989 12.2909 -32.5
      vertex 92 12.5 -32.5
    endloop
  endfacet
  facet normal 0 0 1
    outer loop
      vertex 91.9563 12.9158 -32.5
      vertex 91.989 12.2909 -32.5
      vertex 91.989 12.7091 -32.5
    endloop
  endfacet
  facet normal 0 0 1
    outer loop
      vertex 91.9563 12.9158 -32.5
      vertex 91.9563 12.0842 -32.5
      vertex 91.989 12.2909 -32.5
    endloop
  endfacet
  facet normal 0 0 1
    outer loop
      vertex 91.9021 13.118 -32.5
      vertex 91.9563 12.0842 -32.5
      vertex 91.9563 12.9158 -32.5
    endloop
  endfacet
  facet normal 0 0 1
    outer loop
      vertex 91.9021 13.118 -32.5
      vertex 91.9021 11.882 -32.5
      vertex 91.9563 12.0842 -32.5
    endloop
  endfacet
  facet normal 0 0 1
    outer loop
      vertex 91.8271 13.3135 -32.5
      vertex 91.9021 11.882 -32.5
      vertex 91.9021 13.118 -32.5
    endloop
  endfacet
  facet normal 0 0 1
    outer loop
      vertex 91.8271 13.3135 -32.5
      vertex 91.8271 11.6865 -32.5
      vertex 91.9021 11.882 -32.5
    endloop
  endfacet
  facet normal 0 0 1
    outer loop
      vertex 91.732 13.5 -32.5
      vertex 91.8271 11.6865 -32.5
      vertex 91.8271 13.3135 -32.5
    endloop
  endfacet
  facet normal 0 0 1
    outer loop
      vertex 91.732 13.5 -32.5
      vertex 91.732 11.5 -32.5
      vertex 91.8271 11.6865 -32.5
    endloop
  endfacet
  facet normal 0 0 1
    outer loop
      vertex 91.618 13.6756 -32.5
      vertex 91.732 11.5 -32.5
      vertex 91.732 13.5 -32.5
    endloop
  endfacet
  facet normal 0 0 1
    outer loop
      vertex 91.618 13.6756 -32.5
      vertex 91.618 11.3244 -32.5
      vertex 91.732 11.5 -32.5
    endloop
  endfacet
  facet normal 0 0 1
    outer loop
      vertex 91.4863 13.8383 -32.5
      vertex 91.618 11.3244 -32.5
      vertex 91.618 13.6756 -32.5
    endloop
  endfacet
  facet normal 0 0 1
    outer loop
      vertex 91.4863 13.8383 -32.5
      vertex 91.4863 11.1617 -32.5
      vertex 91.618 11.3244 -32.5
    endloop
  endfacet
  facet normal 0 0 1
    outer loop
      vertex 91.3383 13.9863 -32.5
      vertex 91.4863 11.1617 -32.5
      vertex 91.4863 13.8383 -32.5
    endloop
  endfacet
  facet normal 0 0 1
    outer loop
      vertex 91.3383 13.9863 -32.5
      vertex 91.3383 11.0137 -32.5
      vertex 91.4863 11.1617 -32.5
    endloop
  endfacet
  facet normal 0 0 1
    outer loop
      vertex 91.1756 14.118 -32.5
      vertex 91.3383 11.0137 -32.5
      vertex 91.3383 13.9863 -32.5
    endloop
  endfacet
  facet normal 0 0 1
    outer loop
      vertex 91.1756 14.118 -32.5
      vertex 91.1756 10.882 -32.5
      vertex 91.3383 11.0137 -32.5
    endloop
  endfacet
  facet normal 0 0 1
    outer loop
      vertex 91 14.232 -32.5
      vertex 91.1756 10.882 -32.5
      vertex 91.1756 14.118 -32.5
    endloop
  endfacet
  facet normal 0 0 1
    outer loop
      vertex 91 14.232 -32.5
      vertex 91 10.7679 -32.5
      vertex 91.1756 10.882 -32.5
    endloop
  endfacet
  facet normal 0 0 1
    outer loop
      vertex 90.8135 14.3271 -32.5
      vertex 91 10.7679 -32.5
      vertex 91 14.232 -32.5
    endloop
  endfacet
  facet normal 0 0 1
    outer loop
      vertex 90.8135 14.3271 -32.5
      vertex 90.8135 10.6729 -32.5
      vertex 91 10.7679 -32.5
    endloop
  endfacet
  facet normal 0 0 1
    outer loop
      vertex 90.618 14.4021 -32.5
      vertex 90.8135 10.6729 -32.5
      vertex 90.8135 14.3271 -32.5
    endloop
  endfacet
  facet normal 0 0 1
    outer loop
      vertex 90.618 14.4021 -32.5
      vertex 90.618 10.5979 -32.5
      vertex 90.8135 10.6729 -32.5
    endloop
  endfacet
  facet normal 0 0 1
    outer loop
      vertex 90.4158 14.4563 -32.5
      vertex 90.618 10.5979 -32.5
      vertex 90.618 14.4021 -32.5
    endloop
  endfacet
  facet normal 0 0 1
    outer loop
      vertex 90.4158 14.4563 -32.5
      vertex 90.4158 10.5437 -32.5
      vertex 90.618 10.5979 -32.5
    endloop
  endfacet
  facet normal 0 0 1
    outer loop
      vertex 90.2091 14.489 -32.5
      vertex 90.4158 10.5437 -32.5
      vertex 90.4158 14.4563 -32.5
    endloop
  endfacet
  facet normal 0 0 1
    outer loop
      vertex 90.2091 14.489 -32.5
      vertex 90.2091 10.511 -32.5
      vertex 90.4158 10.5437 -32.5
    endloop
  endfacet
  facet normal 0 0 1
    outer loop
      vertex 90 14.5 -32.5
      vertex 90.2091 10.511 -32.5
      vertex 90.2091 14.489 -32.5
    endloop
  endfacet
  facet normal 0 0 1
    outer loop
      vertex 90 14.5 -32.5
      vertex 90 10.5 -32.5
      vertex 90.2091 10.511 -32.5
    endloop
  endfacet
  facet normal 0 0 1
    outer loop
      vertex 90 14.5 -32.5
      vertex 66.5 14 -32.5
      vertex 90 10.5 -32.5
    endloop
  endfacet
  facet normal 0 0 1
    outer loop
      vertex 90 14.5 -32.5
      vertex 63.5 14 -32.5
      vertex 66.5 14 -32.5
    endloop
  endfacet
  facet normal 0 0 1
    outer loop
      vertex 63.5 14 -32.5
      vertex 26.5 14 -32.5
      vertex 63.5 11 -32.5
    endloop
  endfacet
  facet normal 0 0 1
    outer loop
      vertex 90 14.5 -32.5
      vertex 26.5 14 -32.5
      vertex 63.5 14 -32.5
    endloop
  endfacet
  facet normal -0 0 1
    outer loop
      vertex 0 14.5 -32.5
      vertex 26.5 14 -32.5
      vertex 90 14.5 -32.5
    endloop
  endfacet
  facet normal 0 0 1
    outer loop
      vertex 23.5 14 -32.5
      vertex 0 14.5 -32.5
      vertex 23.5 11 -32.5
    endloop
  endfacet
  facet normal 0 0 1
    outer loop
      vertex 26.5 14 -32.5
      vertex 0 14.5 -32.5
      vertex 23.5 14 -32.5
    endloop
  endfacet
  facet normal -0 0 1
    outer loop
      vertex 66.5 11 -32.5
      vertex 90 10.5 -32.5
      vertex 66.5 14 -32.5
    endloop
  endfacet
  facet normal -0 0 1
    outer loop
      vertex 63.5 11 -32.5
      vertex 90 10.5 -32.5
      vertex 66.5 11 -32.5
    endloop
  endfacet
  facet normal 0 0 1
    outer loop
      vertex 26.5 11 -32.5
      vertex 63.5 11 -32.5
      vertex 26.5 14 -32.5
    endloop
  endfacet
  facet normal -0 0 1
    outer loop
      vertex 26.5 11 -32.5
      vertex 90 10.5 -32.5
      vertex 63.5 11 -32.5
    endloop
  endfacet
  facet normal 0 0 1
    outer loop
      vertex 0 10.5 -32.5
      vertex 26.5 11 -32.5
      vertex 23.5 11 -32.5
    endloop
  endfacet
  facet normal 0 0 1
    outer loop
      vertex 26.5 11 -32.5
      vertex 0 10.5 -32.5
      vertex 90 10.5 -32.5
    endloop
  endfacet
  facet normal 0 0 1
    outer loop
      vertex 0 14.5 -32.5
      vertex 0 10.5 -32.5
      vertex 23.5 11 -32.5
    endloop
  endfacet
  facet normal -0 0 1
    outer loop
      vertex -0.209057 14.489 -32.5
      vertex 0 10.5 -32.5
      vertex 0 14.5 -32.5
    endloop
  endfacet
  facet normal 0 0 1
    outer loop
      vertex -0.209057 14.489 -32.5
      vertex -0.209057 10.511 -32.5
      vertex 0 10.5 -32.5
    endloop
  endfacet
  facet normal -0 0 1
    outer loop
      vertex -0.415823 14.4563 -32.5
      vertex -0.209057 10.511 -32.5
      vertex -0.209057 14.489 -32.5
    endloop
  endfacet
  facet normal 0 0 1
    outer loop
      vertex -0.415823 14.4563 -32.5
      vertex -0.415823 10.5437 -32.5
      vertex -0.209057 10.511 -32.5
    endloop
  endfacet
  facet normal -0 0 1
    outer loop
      vertex -0.618033 14.4021 -32.5
      vertex -0.415823 10.5437 -32.5
      vertex -0.415823 14.4563 -32.5
    endloop
  endfacet
  facet normal 0 0 1
    outer loop
      vertex -0.618033 14.4021 -32.5
      vertex -0.618033 10.5979 -32.5
      vertex -0.415823 10.5437 -32.5
    endloop
  endfacet
  facet normal -0 0 1
    outer loop
      vertex -0.813473 14.3271 -32.5
      vertex -0.618033 10.5979 -32.5
      vertex -0.618033 14.4021 -32.5
    endloop
  endfacet
  facet normal 0 0 1
    outer loop
      vertex -0.813473 14.3271 -32.5
      vertex -0.813473 10.6729 -32.5
      vertex -0.618033 10.5979 -32.5
    endloop
  endfacet
  facet normal -0 0 1
    outer loop
      vertex -1 14.232 -32.5
      vertex -0.813473 10.6729 -32.5
      vertex -0.813473 14.3271 -32.5
    endloop
  endfacet
  facet normal 0 0 1
    outer loop
      vertex -1 14.232 -32.5
      vertex -1 10.7679 -32.5
      vertex -0.813473 10.6729 -32.5
    endloop
  endfacet
  facet normal -0 0 1
    outer loop
      vertex -1.17557 14.118 -32.5
      vertex -1 10.7679 -32.5
      vertex -1 14.232 -32.5
    endloop
  endfacet
  facet normal 0 0 1
    outer loop
      vertex -1.17557 14.118 -32.5
      vertex -1.17557 10.882 -32.5
      vertex -1 10.7679 -32.5
    endloop
  endfacet
  facet normal -0 0 1
    outer loop
      vertex -1.33826 13.9863 -32.5
      vertex -1.17557 10.882 -32.5
      vertex -1.17557 14.118 -32.5
    endloop
  endfacet
  facet normal 0 0 1
    outer loop
      vertex -1.33826 13.9863 -32.5
      vertex -1.33826 11.0137 -32.5
      vertex -1.17557 10.882 -32.5
    endloop
  endfacet
  facet normal -0 0 1
    outer loop
      vertex -1.48629 13.8383 -32.5
      vertex -1.33826 11.0137 -32.5
      vertex -1.33826 13.9863 -32.5
    endloop
  endfacet
  facet normal 0 0 1
    outer loop
      vertex -1.48629 13.8383 -32.5
      vertex -1.48629 11.1617 -32.5
      vertex -1.33826 11.0137 -32.5
    endloop
  endfacet
  facet normal -0 0 1
    outer loop
      vertex -1.61803 13.6756 -32.5
      vertex -1.48629 11.1617 -32.5
      vertex -1.48629 13.8383 -32.5
    endloop
  endfacet
  facet normal 0 0 1
    outer loop
      vertex -1.61803 13.6756 -32.5
      vertex -1.61803 11.3244 -32.5
      vertex -1.48629 11.1617 -32.5
    endloop
  endfacet
  facet normal -0 0 1
    outer loop
      vertex -1.73205 13.5 -32.5
      vertex -1.61803 11.3244 -32.5
      vertex -1.61803 13.6756 -32.5
    endloop
  endfacet
  facet normal 0 0 1
    outer loop
      vertex -1.73205 13.5 -32.5
      vertex -1.73205 11.5 -32.5
      vertex -1.61803 11.3244 -32.5
    endloop
  endfacet
  facet normal -0 0 1
    outer loop
      vertex -1.82709 13.3135 -32.5
      vertex -1.73205 11.5 -32.5
      vertex -1.73205 13.5 -32.5
    endloop
  endfacet
  facet normal 0 0 1
    outer loop
      vertex -1.82709 13.3135 -32.5
      vertex -1.82709 11.6865 -32.5
      vertex -1.73205 11.5 -32.5
    endloop
  endfacet
  facet normal -0 0 1
    outer loop
      vertex -1.90211 13.118 -32.5
      vertex -1.82709 11.6865 -32.5
      vertex -1.82709 13.3135 -32.5
    endloop
  endfacet
  facet normal 0 0 1
    outer loop
      vertex -1.90211 13.118 -32.5
      vertex -1.90211 11.882 -32.5
      vertex -1.82709 11.6865 -32.5
    endloop
  endfacet
  facet normal -0 0 1
    outer loop
      vertex -1.9563 12.9158 -32.5
      vertex -1.90211 11.882 -32.5
      vertex -1.90211 13.118 -32.5
    endloop
  endfacet
  facet normal 0 0 1
    outer loop
      vertex -1.9563 12.9158 -32.5
      vertex -1.9563 12.0842 -32.5
      vertex -1.90211 11.882 -32.5
    endloop
  endfacet
  facet normal -0 0 1
    outer loop
      vertex -1.98904 12.7091 -32.5
      vertex -1.9563 12.0842 -32.5
      vertex -1.9563 12.9158 -32.5
    endloop
  endfacet
  facet normal 0 0 1
    outer loop
      vertex -1.98904 12.7091 -32.5
      vertex -1.98904 12.2909 -32.5
      vertex -1.9563 12.0842 -32.5
    endloop
  endfacet
  facet normal 0 -0 1
    outer loop
      vertex -1.98904 12.2909 -32.5
      vertex -1.98904 12.7091 -32.5
      vertex -2 12.5 -32.5
    endloop
  endfacet
  facet normal -1 0 0
    outer loop
      vertex 23.5 11 -32.5
      vertex 23.5 14 -20.9804
      vertex 23.5 14 -32.5
    endloop
  endfacet
  facet normal -1 0 0
    outer loop
      vertex 23.5 14 -20.9804
      vertex 23.5 12 -17.5
      vertex 23.5 12.9783 -13.4895
    endloop
  endfacet
  facet normal -1 -0 0
    outer loop
      vertex 23.5 14 -20.9804
      vertex 23.5 11 -32.5
      vertex 23.5 11 -17.6975
    endloop
  endfacet
  facet normal -1 0 0
    outer loop
      vertex 23.5 14 -20.9804
      vertex 23.5 11 -17.6975
      vertex 23.5 12 -17.5
    endloop
  endfacet
  facet normal -1 -0 0
    outer loop
      vertex 23.5 12 -17.5
      vertex 23.5 11 -17.6975
      vertex 23.5 10.9471 -17.5
    endloop
  endfacet
  facet normal -1 -0 0
    outer loop
      vertex 23.5 14.9195 -20.734
      vertex 23.5 14 -20.9804
      vertex 23.5 12.9783 -13.4895
    endloop
  endfacet
  facet normal -1 0 0
    outer loop
      vertex 23.5 12.9783 -13.4895
      vertex 23.5 12 -17.5
      vertex 23.5 12 -13.7517
    endloop
  endfacet
  facet normal 0 1 -0
    outer loop
      vertex 26.5 14 -32.5
      vertex 23.5 14 -20.9804
      vertex 26.5 14 -20.9804
    endloop
  endfacet
  facet normal 0 1 0
    outer loop
      vertex 23.5 14 -20.9804
      vertex 26.5 14 -32.5
      vertex 23.5 14 -32.5
    endloop
  endfacet
  facet normal 0 -1 0
    outer loop
      vertex 23.5 11 -32.5
      vertex 26.5 11 -17.6975
      vertex 23.5 11 -17.6975
    endloop
  endfacet
  facet normal 0 -1 -0
    outer loop
      vertex 26.5 11 -17.6975
      vertex 23.5 11 -32.5
      vertex 26.5 11 -32.5
    endloop
  endfacet
  facet normal 0 -0.258879 0.96591
    outer loop
      vertex 23.5 12.9783 -13.4895
      vertex 26.5 12 -13.7517
      vertex 26.5 12.9783 -13.4895
    endloop
  endfacet
  facet normal 0 -0.258879 0.96591
    outer loop
      vertex 26.5 12 -13.7517
      vertex 23.5 12.9783 -13.4895
      vertex 23.5 12 -13.7517
    endloop
  endfacet
  facet normal 0 0.258839 -0.96592
    outer loop
      vertex 23.5 14 -20.9804
      vertex 26.5 14.9195 -20.734
      vertex 26.5 14 -20.9804
    endloop
  endfacet
  facet normal 0 0.258839 -0.96592
    outer loop
      vertex 26.5 14.9195 -20.734
      vertex 23.5 14 -20.9804
      vertex 23.5 14.9195 -20.734
    endloop
  endfacet
  facet normal 0 -0.96595 -0.258728
    outer loop
      vertex 23.5 11 -17.6975
      vertex 26.5 10.9471 -17.5
      vertex 23.5 10.9471 -17.5
    endloop
  endfacet
  facet normal 0 -0.96595 -0.258728
    outer loop
      vertex 26.5 10.9471 -17.5
      vertex 23.5 11 -17.6975
      vertex 26.5 11 -17.6975
    endloop
  endfacet
  facet normal 0 0.965924 0.258824
    outer loop
      vertex 26.5 14.9195 -20.734
      vertex 23.5 12.9783 -13.4895
      vertex 26.5 12.9783 -13.4895
    endloop
  endfacet
  facet normal 0 0.965924 0.258824
    outer loop
      vertex 23.5 12.9783 -13.4895
      vertex 26.5 14.9195 -20.734
      vertex 23.5 14.9195 -20.734
    endloop
  endfacet
  facet normal 1 0 0
    outer loop
      vertex 66.5 14 -17.6975
      vertex 66.5 10.0805 -20.734
      vertex 66.5 11 -20.9804
    endloop
  endfacet
  facet normal 1 0 0
    outer loop
      vertex 66.5 12.0217 -13.4895
      vertex 66.5 14 -17.6975
      vertex 66.5 14.9195 -14.266
    endloop
  endfacet
  facet normal 1 0 0
    outer loop
      vertex 66.5 10.0805 -20.734
      vertex 66.5 14 -17.6975
      vertex 66.5 12.0217 -13.4895
    endloop
  endfacet
  facet normal 1 0 0
    outer loop
      vertex 66.5 14 -17.6975
      vertex 66.5 11 -20.9804
      vertex 66.5 14 -32.5
    endloop
  endfacet
  facet normal 1 0 0
    outer loop
      vertex 66.5 14 -32.5
      vertex 66.5 11 -20.9804
      vertex 66.5 11 -32.5
    endloop
  endfacet
  facet normal -1 0 0
    outer loop
      vertex 63.5 11 -20.9804
      vertex 63.5 14 -17.6975
      vertex 63.5 14 -32.5
    endloop
  endfacet
  facet normal -1 0 0
    outer loop
      vertex 63.5 11 -20.9804
      vertex 63.5 14 -32.5
      vertex 63.5 11 -32.5
    endloop
  endfacet
  facet normal -1 0 0
    outer loop
      vertex 63.5 10.0805 -20.734
      vertex 63.5 14 -17.6975
      vertex 63.5 11 -20.9804
    endloop
  endfacet
  facet normal -1 -0 0
    outer loop
      vertex 63.5 14 -17.6975
      vertex 63.5 10.0805 -20.734
      vertex 63.5 12.0217 -13.4895
    endloop
  endfacet
  facet normal -1 -0 0
    outer loop
      vertex 63.5 14.9195 -14.266
      vertex 63.5 14 -17.6975
      vertex 63.5 12.0217 -13.4895
    endloop
  endfacet
  facet normal 0 1 -0
    outer loop
      vertex 66.5 14 -32.5
      vertex 63.5 14 -17.6975
      vertex 66.5 14 -17.6975
    endloop
  endfacet
  facet normal 0 1 0
    outer loop
      vertex 63.5 14 -17.6975
      vertex 66.5 14 -32.5
      vertex 63.5 14 -32.5
    endloop
  endfacet
  facet normal 0 -1 0
    outer loop
      vertex 63.5 11 -32.5
      vertex 66.5 11 -20.9804
      vertex 63.5 11 -20.9804
    endloop
  endfacet
  facet normal 0 -1 -0
    outer loop
      vertex 66.5 11 -20.9804
      vertex 63.5 11 -32.5
      vertex 66.5 11 -32.5
    endloop
  endfacet
  facet normal -0 0.25883 0.965923
    outer loop
      vertex 63.5 14.9195 -14.266
      vertex 66.5 12.0217 -13.4895
      vertex 66.5 14.9195 -14.266
    endloop
  endfacet
  facet normal 0 0.25883 0.965923
    outer loop
      vertex 66.5 12.0217 -13.4895
      vertex 63.5 14.9195 -14.266
      vertex 63.5 12.0217 -13.4895
    endloop
  endfacet
  facet normal 0 -0.258839 -0.96592
    outer loop
      vertex 63.5 10.0805 -20.734
      vertex 66.5 11 -20.9804
      vertex 66.5 10.0805 -20.734
    endloop
  endfacet
  facet normal -0 -0.258839 -0.96592
    outer loop
      vertex 66.5 11 -20.9804
      vertex 63.5 10.0805 -20.734
      vertex 63.5 11 -20.9804
    endloop
  endfacet
  facet normal 0 0.965924 -0.258828
    outer loop
      vertex 66.5 14 -17.6975
      vertex 63.5 14.9195 -14.266
      vertex 66.5 14.9195 -14.266
    endloop
  endfacet
  facet normal 0 0.965924 -0.258828
    outer loop
      vertex 63.5 14.9195 -14.266
      vertex 66.5 14 -17.6975
      vertex 63.5 14 -17.6975
    endloop
  endfacet
  facet normal 0 -0.965924 0.258824
    outer loop
      vertex 63.5 10.0805 -20.734
      vertex 66.5 12.0217 -13.4895
      vertex 63.5 12.0217 -13.4895
    endloop
  endfacet
  facet normal 0 -0.965924 0.258824
    outer loop
      vertex 66.5 12.0217 -13.4895
      vertex 63.5 10.0805 -20.734
      vertex 66.5 10.0805 -20.734
    endloop
  endfacet
  facet normal 0 -1 0
    outer loop
      vertex 0 -14.5 -36.5
      vertex 90 -14.5 -32.5
      vertex 0 -14.5 -32.5
    endloop
  endfacet
  facet normal 0 -1 -0
    outer loop
      vertex 90 -14.5 -32.5
      vertex 0 -14.5 -36.5
      vertex 90 -14.5 -36.5
    endloop
  endfacet
  facet normal 0 1 -0
    outer loop
      vertex 90 -10.5 -36.5
      vertex 0 -10.5 -32.5
      vertex 90 -10.5 -32.5
    endloop
  endfacet
  facet normal 0 1 0
    outer loop
      vertex 0 -10.5 -32.5
      vertex 90 -10.5 -36.5
      vertex 0 -10.5 -36.5
    endloop
  endfacet
  facet normal -0.156208 -0.987724 0
    outer loop
      vertex -0.415823 -14.4563 -36.5
      vertex -0.209057 -14.489 -32.5
      vertex -0.415823 -14.4563 -32.5
    endloop
  endfacet
  facet normal -0.156208 -0.987724 -0
    outer loop
      vertex -0.209057 -14.489 -32.5
      vertex -0.415823 -14.4563 -36.5
      vertex -0.209057 -14.489 -36.5
    endloop
  endfacet
  facet normal -0.156208 0.987724 0
    outer loop
      vertex -0.209057 -10.511 -36.5
      vertex -0.415823 -10.5437 -32.5
      vertex -0.209057 -10.511 -32.5
    endloop
  endfacet
  facet normal -0.156208 0.987724 0
    outer loop
      vertex -0.415823 -10.5437 -32.5
      vertex -0.209057 -10.511 -36.5
      vertex -0.415823 -10.5437 -36.5
    endloop
  endfacet
  facet normal -0.0525445 0.998619 0
    outer loop
      vertex 0 -10.5 -36.5
      vertex -0.209057 -10.511 -32.5
      vertex 0 -10.5 -32.5
    endloop
  endfacet
  facet normal -0.0525445 0.998619 0
    outer loop
      vertex -0.209057 -10.511 -32.5
      vertex 0 -10.5 -36.5
      vertex -0.209057 -10.511 -36.5
    endloop
  endfacet
  facet normal 0.777267 -0.629171 0
    outer loop
      vertex 91.4863 -13.8383 -32.5
      vertex 91.618 -13.6756 -36.5
      vertex 91.618 -13.6756 -32.5
    endloop
  endfacet
  facet normal 0.777267 -0.629171 0
    outer loop
      vertex 91.618 -13.6756 -36.5
      vertex 91.4863 -13.8383 -32.5
      vertex 91.4863 -13.8383 -36.5
    endloop
  endfacet
  facet normal -0.544584 -0.838707 0
    outer loop
      vertex -1.17557 -14.118 -36.5
      vertex -1 -14.232 -32.5
      vertex -1.17557 -14.118 -32.5
    endloop
  endfacet
  facet normal -0.544584 -0.838707 -0
    outer loop
      vertex -1 -14.232 -32.5
      vertex -1.17557 -14.118 -36.5
      vertex -1 -14.232 -36.5
    endloop
  endfacet
  facet normal 0.544854 0.838531 -0
    outer loop
      vertex 91.1756 -10.882 -36.5
      vertex 91 -10.7679 -32.5
      vertex 91.1756 -10.882 -32.5
    endloop
  endfacet
  facet normal 0.544854 0.838531 0
    outer loop
      vertex 91 -10.7679 -32.5
      vertex 91.1756 -10.882 -36.5
      vertex 91 -10.7679 -36.5
    endloop
  endfacet
  facet normal 0.358179 0.933653 -0
    outer loop
      vertex 90.8135 -10.6729 -36.5
      vertex 90.618 -10.5979 -32.5
      vertex 90.8135 -10.6729 -32.5
    endloop
  endfacet
  facet normal 0.358179 0.933653 0
    outer loop
      vertex 90.618 -10.5979 -32.5
      vertex 90.8135 -10.6729 -36.5
      vertex 90.618 -10.5979 -36.5
    endloop
  endfacet
  facet normal 0.258911 0.965901 -0
    outer loop
      vertex 90.618 -10.5979 -36.5
      vertex 90.4158 -10.5437 -32.5
      vertex 90.618 -10.5979 -32.5
    endloop
  endfacet
  facet normal 0.258911 0.965901 0
    outer loop
      vertex 90.4158 -10.5437 -32.5
      vertex 90.618 -10.5979 -36.5
      vertex 90.4158 -10.5437 -36.5
    endloop
  endfacet
  facet normal 0.0525338 0.998619 -0
    outer loop
      vertex 90.2091 -10.511 -36.5
      vertex 90 -10.5 -32.5
      vertex 90.2091 -10.511 -32.5
    endloop
  endfacet
  facet normal 0.0525338 0.998619 0
    outer loop
      vertex 90 -10.5 -32.5
      vertex 90.2091 -10.511 -36.5
      vertex 90 -10.5 -36.5
    endloop
  endfacet
  facet normal -0.965913 -0.258867 0
    outer loop
      vertex -1.90211 -13.118 -36.5
      vertex -1.9563 -12.9158 -32.5
      vertex -1.9563 -12.9158 -36.5
    endloop
  endfacet
  facet normal -0.965913 -0.258867 0
    outer loop
      vertex -1.9563 -12.9158 -32.5
      vertex -1.90211 -13.118 -36.5
      vertex -1.90211 -13.118 -32.5
    endloop
  endfacet
  facet normal 0.933653 -0.358179 0
    outer loop
      vertex 91.8271 -13.3135 -32.5
      vertex 91.9021 -13.118 -36.5
      vertex 91.9021 -13.118 -32.5
    endloop
  endfacet
  facet normal 0.933653 -0.358179 0
    outer loop
      vertex 91.9021 -13.118 -36.5
      vertex 91.8271 -13.3135 -32.5
      vertex 91.8271 -13.3135 -36.5
    endloop
  endfacet
  facet normal -0.358275 -0.933616 0
    outer loop
      vertex -0.813473 -14.3271 -36.5
      vertex -0.618033 -14.4021 -32.5
      vertex -0.813473 -14.3271 -32.5
    endloop
  endfacet
  facet normal -0.358275 -0.933616 -0
    outer loop
      vertex -0.618033 -14.4021 -32.5
      vertex -0.813473 -14.3271 -36.5
      vertex -0.618033 -14.4021 -36.5
    endloop
  endfacet
  facet normal 0.890864 0.454269 0
    outer loop
      vertex 91.8271 -11.6865 -32.5
      vertex 91.732 -11.5 -36.5
      vertex 91.732 -11.5 -32.5
    endloop
  endfacet
  facet normal 0.890864 0.454269 0
    outer loop
      vertex 91.732 -11.5 -36.5
      vertex 91.8271 -11.6865 -32.5
      vertex 91.8271 -11.6865 -36.5
    endloop
  endfacet
  facet normal 0.933653 0.358179 0
    outer loop
      vertex 91.9021 -11.882 -32.5
      vertex 91.8271 -11.6865 -36.5
      vertex 91.8271 -11.6865 -32.5
    endloop
  endfacet
  facet normal 0.933653 0.358179 0
    outer loop
      vertex 91.8271 -11.6865 -36.5
      vertex 91.9021 -11.882 -32.5
      vertex 91.9021 -11.882 -36.5
    endloop
  endfacet
  facet normal 0.544518 -0.838749 0
    outer loop
      vertex 91 -14.232 -36.5
      vertex 91.1756 -14.118 -32.5
      vertex 91 -14.232 -32.5
    endloop
  endfacet
  facet normal 0.544518 -0.838749 0
    outer loop
      vertex 91.1756 -14.118 -32.5
      vertex 91 -14.232 -36.5
      vertex 91.1756 -14.118 -36.5
    endloop
  endfacet
  facet normal 0.707107 -0.707107 0
    outer loop
      vertex 91.3383 -13.9863 -36.5
      vertex 91.4863 -13.8383 -32.5
      vertex 91.3383 -13.9863 -32.5
    endloop
  endfacet
  facet normal 0.707107 -0.707107 0
    outer loop
      vertex 91.4863 -13.8383 -32.5
      vertex 91.3383 -13.9863 -36.5
      vertex 91.4863 -13.8383 -36.5
    endloop
  endfacet
  facet normal -0.0525445 -0.998619 0
    outer loop
      vertex -0.209057 -14.489 -36.5
      vertex 0 -14.5 -32.5
      vertex -0.209057 -14.489 -32.5
    endloop
  endfacet
  facet normal -0.0525445 -0.998619 -0
    outer loop
      vertex 0 -14.5 -32.5
      vertex -0.209057 -14.489 -36.5
      vertex 0 -14.5 -36.5
    endloop
  endfacet
  facet normal 0.965901 -0.258911 0
    outer loop
      vertex 91.9021 -13.118 -32.5
      vertex 91.9563 -12.9158 -36.5
      vertex 91.9563 -12.9158 -32.5
    endloop
  endfacet
  facet normal 0.965901 -0.258911 0
    outer loop
      vertex 91.9563 -12.9158 -36.5
      vertex 91.9021 -13.118 -32.5
      vertex 91.9021 -13.118 -36.5
    endloop
  endfacet
  facet normal -0.258899 0.965904 0
    outer loop
      vertex -0.415823 -10.5437 -36.5
      vertex -0.618033 -10.5979 -32.5
      vertex -0.415823 -10.5437 -32.5
    endloop
  endfacet
  facet normal -0.258899 0.965904 0
    outer loop
      vertex -0.618033 -10.5979 -32.5
      vertex -0.415823 -10.5437 -36.5
      vertex -0.618033 -10.5979 -36.5
    endloop
  endfacet
  facet normal 0.987716 -0.156257 0
    outer loop
      vertex 91.9563 -12.9158 -32.5
      vertex 91.989 -12.7091 -36.5
      vertex 91.989 -12.7091 -32.5
    endloop
  endfacet
  facet normal 0.987716 -0.156257 0
    outer loop
      vertex 91.989 -12.7091 -36.5
      vertex 91.9563 -12.9158 -32.5
      vertex 91.9563 -12.9158 -36.5
    endloop
  endfacet
  facet normal 0.156257 -0.987716 0
    outer loop
      vertex 90.2091 -14.489 -36.5
      vertex 90.4158 -14.4563 -32.5
      vertex 90.2091 -14.489 -32.5
    endloop
  endfacet
  facet normal 0.156257 -0.987716 0
    outer loop
      vertex 90.4158 -14.4563 -32.5
      vertex 90.2091 -14.489 -36.5
      vertex 90.4158 -14.4563 -36.5
    endloop
  endfacet
  facet normal 0.965901 0.258911 0
    outer loop
      vertex 91.9563 -12.0842 -32.5
      vertex 91.9021 -11.882 -36.5
      vertex 91.9021 -11.882 -32.5
    endloop
  endfacet
  facet normal 0.965901 0.258911 0
    outer loop
      vertex 91.9021 -11.882 -36.5
      vertex 91.9563 -12.0842 -32.5
      vertex 91.9563 -12.0842 -36.5
    endloop
  endfacet
  facet normal 0.707107 0.707107 -0
    outer loop
      vertex 91.4863 -11.1617 -36.5
      vertex 91.3383 -11.0137 -32.5
      vertex 91.4863 -11.1617 -32.5
    endloop
  endfacet
  facet normal 0.707107 0.707107 0
    outer loop
      vertex 91.3383 -11.0137 -32.5
      vertex 91.4863 -11.1617 -36.5
      vertex 91.3383 -11.0137 -36.5
    endloop
  endfacet
  facet normal 0.454269 -0.890864 0
    outer loop
      vertex 90.8135 -14.3271 -36.5
      vertex 91 -14.232 -32.5
      vertex 90.8135 -14.3271 -32.5
    endloop
  endfacet
  facet normal 0.454269 -0.890864 0
    outer loop
      vertex 91 -14.232 -32.5
      vertex 90.8135 -14.3271 -36.5
      vertex 91 -14.232 -36.5
    endloop
  endfacet
  facet normal 0.629171 -0.777267 0
    outer loop
      vertex 91.1756 -14.118 -36.5
      vertex 91.3383 -13.9863 -32.5
      vertex 91.1756 -14.118 -32.5
    endloop
  endfacet
  facet normal 0.629171 -0.777267 0
    outer loop
      vertex 91.3383 -13.9863 -32.5
      vertex 91.1756 -14.118 -36.5
      vertex 91.3383 -13.9863 -36.5
    endloop
  endfacet
  facet normal 0 0 -1
    outer loop
      vertex 91.989 -12.7091 -36.5
      vertex 91.989 -12.2909 -36.5
      vertex 92 -12.5 -36.5
    endloop
  endfacet
  facet normal 0 0 -1
    outer loop
      vertex 91.9563 -12.9158 -36.5
      vertex 91.989 -12.2909 -36.5
      vertex 91.989 -12.7091 -36.5
    endloop
  endfacet
  facet normal 0 0 -1
    outer loop
      vertex 91.9563 -12.9158 -36.5
      vertex 91.9563 -12.0842 -36.5
      vertex 91.989 -12.2909 -36.5
    endloop
  endfacet
  facet normal 0 0 -1
    outer loop
      vertex 91.9021 -13.118 -36.5
      vertex 91.9563 -12.0842 -36.5
      vertex 91.9563 -12.9158 -36.5
    endloop
  endfacet
  facet normal 0 0 -1
    outer loop
      vertex 91.9021 -13.118 -36.5
      vertex 91.9021 -11.882 -36.5
      vertex 91.9563 -12.0842 -36.5
    endloop
  endfacet
  facet normal 0 0 -1
    outer loop
      vertex 91.8271 -13.3135 -36.5
      vertex 91.9021 -11.882 -36.5
      vertex 91.9021 -13.118 -36.5
    endloop
  endfacet
  facet normal 0 0 -1
    outer loop
      vertex 91.8271 -13.3135 -36.5
      vertex 91.8271 -11.6865 -36.5
      vertex 91.9021 -11.882 -36.5
    endloop
  endfacet
  facet normal 0 0 -1
    outer loop
      vertex 91.732 -13.5 -36.5
      vertex 91.8271 -11.6865 -36.5
      vertex 91.8271 -13.3135 -36.5
    endloop
  endfacet
  facet normal 0 0 -1
    outer loop
      vertex 91.732 -13.5 -36.5
      vertex 91.732 -11.5 -36.5
      vertex 91.8271 -11.6865 -36.5
    endloop
  endfacet
  facet normal 0 0 -1
    outer loop
      vertex 91.618 -13.6756 -36.5
      vertex 91.732 -11.5 -36.5
      vertex 91.732 -13.5 -36.5
    endloop
  endfacet
  facet normal 0 0 -1
    outer loop
      vertex 91.618 -13.6756 -36.5
      vertex 91.618 -11.3244 -36.5
      vertex 91.732 -11.5 -36.5
    endloop
  endfacet
  facet normal 0 0 -1
    outer loop
      vertex 91.4863 -13.8383 -36.5
      vertex 91.618 -11.3244 -36.5
      vertex 91.618 -13.6756 -36.5
    endloop
  endfacet
  facet normal 0 0 -1
    outer loop
      vertex 91.4863 -13.8383 -36.5
      vertex 91.4863 -11.1617 -36.5
      vertex 91.618 -11.3244 -36.5
    endloop
  endfacet
  facet normal 0 0 -1
    outer loop
      vertex 91.3383 -13.9863 -36.5
      vertex 91.4863 -11.1617 -36.5
      vertex 91.4863 -13.8383 -36.5
    endloop
  endfacet
  facet normal 0 0 -1
    outer loop
      vertex 91.3383 -13.9863 -36.5
      vertex 91.3383 -11.0137 -36.5
      vertex 91.4863 -11.1617 -36.5
    endloop
  endfacet
  facet normal 0 0 -1
    outer loop
      vertex 91.1756 -14.118 -36.5
      vertex 91.3383 -11.0137 -36.5
      vertex 91.3383 -13.9863 -36.5
    endloop
  endfacet
  facet normal 0 0 -1
    outer loop
      vertex 91.1756 -14.118 -36.5
      vertex 91.1756 -10.882 -36.5
      vertex 91.3383 -11.0137 -36.5
    endloop
  endfacet
  facet normal 0 0 -1
    outer loop
      vertex 91 -14.232 -36.5
      vertex 91.1756 -10.882 -36.5
      vertex 91.1756 -14.118 -36.5
    endloop
  endfacet
  facet normal 0 0 -1
    outer loop
      vertex 91 -14.232 -36.5
      vertex 91 -10.7679 -36.5
      vertex 91.1756 -10.882 -36.5
    endloop
  endfacet
  facet normal 0 0 -1
    outer loop
      vertex 90.8135 -14.3271 -36.5
      vertex 91 -10.7679 -36.5
      vertex 91 -14.232 -36.5
    endloop
  endfacet
  facet normal 0 0 -1
    outer loop
      vertex 90.8135 -14.3271 -36.5
      vertex 90.8135 -10.6729 -36.5
      vertex 91 -10.7679 -36.5
    endloop
  endfacet
  facet normal 0 0 -1
    outer loop
      vertex 90.618 -14.4021 -36.5
      vertex 90.8135 -10.6729 -36.5
      vertex 90.8135 -14.3271 -36.5
    endloop
  endfacet
  facet normal 0 0 -1
    outer loop
      vertex 90.618 -14.4021 -36.5
      vertex 90.618 -10.5979 -36.5
      vertex 90.8135 -10.6729 -36.5
    endloop
  endfacet
  facet normal 0 0 -1
    outer loop
      vertex 90.4158 -14.4563 -36.5
      vertex 90.618 -10.5979 -36.5
      vertex 90.618 -14.4021 -36.5
    endloop
  endfacet
  facet normal 0 0 -1
    outer loop
      vertex 90.4158 -14.4563 -36.5
      vertex 90.4158 -10.5437 -36.5
      vertex 90.618 -10.5979 -36.5
    endloop
  endfacet
  facet normal 0 0 -1
    outer loop
      vertex 90.2091 -14.489 -36.5
      vertex 90.4158 -10.5437 -36.5
      vertex 90.4158 -14.4563 -36.5
    endloop
  endfacet
  facet normal 0 0 -1
    outer loop
      vertex 90.2091 -14.489 -36.5
      vertex 90.2091 -10.511 -36.5
      vertex 90.4158 -10.5437 -36.5
    endloop
  endfacet
  facet normal 0 0 -1
    outer loop
      vertex 90 -14.5 -36.5
      vertex 90.2091 -10.511 -36.5
      vertex 90.2091 -14.489 -36.5
    endloop
  endfacet
  facet normal 0 0 -1
    outer loop
      vertex 90 -14.5 -36.5
      vertex 90 -10.5 -36.5
      vertex 90.2091 -10.511 -36.5
    endloop
  endfacet
  facet normal 0 0 -1
    outer loop
      vertex 0 -14.5 -36.5
      vertex 90 -10.5 -36.5
      vertex 90 -14.5 -36.5
    endloop
  endfacet
  facet normal 0 0 -1
    outer loop
      vertex 0 -14.5 -36.5
      vertex 0 -10.5 -36.5
      vertex 90 -10.5 -36.5
    endloop
  endfacet
  facet normal 0 0 -1
    outer loop
      vertex -0.209057 -14.489 -36.5
      vertex 0 -10.5 -36.5
      vertex 0 -14.5 -36.5
    endloop
  endfacet
  facet normal 0 0 -1
    outer loop
      vertex -0.209057 -14.489 -36.5
      vertex -0.209057 -10.511 -36.5
      vertex 0 -10.5 -36.5
    endloop
  endfacet
  facet normal 0 0 -1
    outer loop
      vertex -0.415823 -14.4563 -36.5
      vertex -0.209057 -10.511 -36.5
      vertex -0.209057 -14.489 -36.5
    endloop
  endfacet
  facet normal 0 0 -1
    outer loop
      vertex -0.415823 -14.4563 -36.5
      vertex -0.415823 -10.5437 -36.5
      vertex -0.209057 -10.511 -36.5
    endloop
  endfacet
  facet normal 0 0 -1
    outer loop
      vertex -0.618033 -14.4021 -36.5
      vertex -0.415823 -10.5437 -36.5
      vertex -0.415823 -14.4563 -36.5
    endloop
  endfacet
  facet normal 0 0 -1
    outer loop
      vertex -0.618033 -14.4021 -36.5
      vertex -0.618033 -10.5979 -36.5
      vertex -0.415823 -10.5437 -36.5
    endloop
  endfacet
  facet normal 0 0 -1
    outer loop
      vertex -0.813473 -14.3271 -36.5
      vertex -0.618033 -10.5979 -36.5
      vertex -0.618033 -14.4021 -36.5
    endloop
  endfacet
  facet normal 0 0 -1
    outer loop
      vertex -0.813473 -14.3271 -36.5
      vertex -0.813473 -10.6729 -36.5
      vertex -0.618033 -10.5979 -36.5
    endloop
  endfacet
  facet normal 0 0 -1
    outer loop
      vertex -1 -14.232 -36.5
      vertex -0.813473 -10.6729 -36.5
      vertex -0.813473 -14.3271 -36.5
    endloop
  endfacet
  facet normal 0 0 -1
    outer loop
      vertex -1 -14.232 -36.5
      vertex -1 -10.7679 -36.5
      vertex -0.813473 -10.6729 -36.5
    endloop
  endfacet
  facet normal 0 0 -1
    outer loop
      vertex -1.17557 -14.118 -36.5
      vertex -1 -10.7679 -36.5
      vertex -1 -14.232 -36.5
    endloop
  endfacet
  facet normal 0 0 -1
    outer loop
      vertex -1.17557 -14.118 -36.5
      vertex -1.17557 -10.882 -36.5
      vertex -1 -10.7679 -36.5
    endloop
  endfacet
  facet normal 0 0 -1
    outer loop
      vertex -1.33826 -13.9863 -36.5
      vertex -1.17557 -10.882 -36.5
      vertex -1.17557 -14.118 -36.5
    endloop
  endfacet
  facet normal 0 0 -1
    outer loop
      vertex -1.33826 -13.9863 -36.5
      vertex -1.33826 -11.0137 -36.5
      vertex -1.17557 -10.882 -36.5
    endloop
  endfacet
  facet normal 0 0 -1
    outer loop
      vertex -1.48629 -13.8383 -36.5
      vertex -1.33826 -11.0137 -36.5
      vertex -1.33826 -13.9863 -36.5
    endloop
  endfacet
  facet normal 0 0 -1
    outer loop
      vertex -1.48629 -13.8383 -36.5
      vertex -1.48629 -11.1617 -36.5
      vertex -1.33826 -11.0137 -36.5
    endloop
  endfacet
  facet normal 0 0 -1
    outer loop
      vertex -1.61803 -13.6756 -36.5
      vertex -1.48629 -11.1617 -36.5
      vertex -1.48629 -13.8383 -36.5
    endloop
  endfacet
  facet normal 0 0 -1
    outer loop
      vertex -1.61803 -13.6756 -36.5
      vertex -1.61803 -11.3244 -36.5
      vertex -1.48629 -11.1617 -36.5
    endloop
  endfacet
  facet normal 0 0 -1
    outer loop
      vertex -1.73205 -13.5 -36.5
      vertex -1.61803 -11.3244 -36.5
      vertex -1.61803 -13.6756 -36.5
    endloop
  endfacet
  facet normal 0 0 -1
    outer loop
      vertex -1.73205 -13.5 -36.5
      vertex -1.73205 -11.5 -36.5
      vertex -1.61803 -11.3244 -36.5
    endloop
  endfacet
  facet normal 0 0 -1
    outer loop
      vertex -1.82709 -13.3135 -36.5
      vertex -1.73205 -11.5 -36.5
      vertex -1.73205 -13.5 -36.5
    endloop
  endfacet
  facet normal 0 0 -1
    outer loop
      vertex -1.82709 -13.3135 -36.5
      vertex -1.82709 -11.6865 -36.5
      vertex -1.73205 -11.5 -36.5
    endloop
  endfacet
  facet normal 0 0 -1
    outer loop
      vertex -1.90211 -13.118 -36.5
      vertex -1.82709 -11.6865 -36.5
      vertex -1.82709 -13.3135 -36.5
    endloop
  endfacet
  facet normal 0 0 -1
    outer loop
      vertex -1.90211 -13.118 -36.5
      vertex -1.90211 -11.882 -36.5
      vertex -1.82709 -11.6865 -36.5
    endloop
  endfacet
  facet normal 0 0 -1
    outer loop
      vertex -1.9563 -12.9158 -36.5
      vertex -1.90211 -11.882 -36.5
      vertex -1.90211 -13.118 -36.5
    endloop
  endfacet
  facet normal 0 0 -1
    outer loop
      vertex -1.9563 -12.9158 -36.5
      vertex -1.9563 -12.0842 -36.5
      vertex -1.90211 -11.882 -36.5
    endloop
  endfacet
  facet normal 0 0 -1
    outer loop
      vertex -1.98904 -12.7091 -36.5
      vertex -1.9563 -12.0842 -36.5
      vertex -1.9563 -12.9158 -36.5
    endloop
  endfacet
  facet normal 0 0 -1
    outer loop
      vertex -1.98904 -12.7091 -36.5
      vertex -1.98904 -12.2909 -36.5
      vertex -1.9563 -12.0842 -36.5
    endloop
  endfacet
  facet normal 0 -0 -1
    outer loop
      vertex -1.98904 -12.2909 -36.5
      vertex -1.98904 -12.7091 -36.5
      vertex -2 -12.5 -36.5
    endloop
  endfacet
  facet normal 0.838749 0.544518 0
    outer loop
      vertex 91.732 -11.5 -32.5
      vertex 91.618 -11.3244 -36.5
      vertex 91.618 -11.3244 -32.5
    endloop
  endfacet
  facet normal 0.838749 0.544518 0
    outer loop
      vertex 91.618 -11.3244 -36.5
      vertex 91.732 -11.5 -32.5
      vertex 91.732 -11.5 -36.5
    endloop
  endfacet
  facet normal -0.258899 -0.965904 0
    outer loop
      vertex -0.618033 -14.4021 -36.5
      vertex -0.415823 -14.4563 -32.5
      vertex -0.618033 -14.4021 -32.5
    endloop
  endfacet
  facet normal -0.258899 -0.965904 -0
    outer loop
      vertex -0.415823 -14.4563 -32.5
      vertex -0.618033 -14.4021 -36.5
      vertex -0.415823 -14.4563 -36.5
    endloop
  endfacet
  facet normal 0.998619 -0.0525338 0
    outer loop
      vertex 91.989 -12.7091 -32.5
      vertex 92 -12.5 -36.5
      vertex 92 -12.5 -32.5
    endloop
  endfacet
  facet normal 0.998619 -0.0525338 0
    outer loop
      vertex 92 -12.5 -36.5
      vertex 91.989 -12.7091 -32.5
      vertex 91.989 -12.7091 -36.5
    endloop
  endfacet
  facet normal -0.453838 0.891084 0
    outer loop
      vertex -0.813473 -10.6729 -36.5
      vertex -1 -10.7679 -32.5
      vertex -0.813473 -10.6729 -32.5
    endloop
  endfacet
  facet normal -0.453838 0.891084 0
    outer loop
      vertex -1 -10.7679 -32.5
      vertex -0.813473 -10.6729 -36.5
      vertex -1 -10.7679 -36.5
    endloop
  endfacet
  facet normal -0.933621 -0.358262 0
    outer loop
      vertex -1.82709 -13.3135 -36.5
      vertex -1.90211 -13.118 -32.5
      vertex -1.90211 -13.118 -36.5
    endloop
  endfacet
  facet normal -0.933621 -0.358262 0
    outer loop
      vertex -1.90211 -13.118 -32.5
      vertex -1.82709 -13.3135 -36.5
      vertex -1.82709 -13.3135 -32.5
    endloop
  endfacet
  facet normal 0.156257 0.987716 -0
    outer loop
      vertex 90.4158 -10.5437 -36.5
      vertex 90.2091 -10.511 -32.5
      vertex 90.4158 -10.5437 -32.5
    endloop
  endfacet
  facet normal 0.156257 0.987716 0
    outer loop
      vertex 90.2091 -10.511 -32.5
      vertex 90.4158 -10.5437 -36.5
      vertex 90.2091 -10.511 -36.5
    endloop
  endfacet
  facet normal 0.258911 -0.965901 0
    outer loop
      vertex 90.4158 -14.4563 -36.5
      vertex 90.618 -14.4021 -32.5
      vertex 90.4158 -14.4563 -32.5
    endloop
  endfacet
  facet normal 0.258911 -0.965901 0
    outer loop
      vertex 90.618 -14.4021 -32.5
      vertex 90.4158 -14.4563 -36.5
      vertex 90.618 -14.4021 -36.5
    endloop
  endfacet
  facet normal 0.45389 0.891058 -0
    outer loop
      vertex 91 -10.7679 -36.5
      vertex 90.8135 -10.6729 -32.5
      vertex 91 -10.7679 -32.5
    endloop
  endfacet
  facet normal 0.45389 0.891058 0
    outer loop
      vertex 90.8135 -10.6729 -32.5
      vertex 91 -10.7679 -36.5
      vertex 90.8135 -10.6729 -36.5
    endloop
  endfacet
  facet normal 0.0525338 -0.998619 0
    outer loop
      vertex 90 -14.5 -36.5
      vertex 90.2091 -14.489 -32.5
      vertex 90 -14.5 -32.5
    endloop
  endfacet
  facet normal 0.0525338 -0.998619 0
    outer loop
      vertex 90.2091 -14.489 -32.5
      vertex 90 -14.5 -36.5
      vertex 90.2091 -14.489 -36.5
    endloop
  endfacet
  facet normal -0.838705 -0.544585 0
    outer loop
      vertex -1.61803 -13.6756 -36.5
      vertex -1.73205 -13.5 -32.5
      vertex -1.73205 -13.5 -36.5
    endloop
  endfacet
  facet normal -0.838705 -0.544585 0
    outer loop
      vertex -1.73205 -13.5 -32.5
      vertex -1.61803 -13.6756 -36.5
      vertex -1.61803 -13.6756 -32.5
    endloop
  endfacet
  facet normal 0.987716 0.156257 0
    outer loop
      vertex 91.989 -12.2909 -32.5
      vertex 91.9563 -12.0842 -36.5
      vertex 91.9563 -12.0842 -32.5
    endloop
  endfacet
  facet normal 0.987716 0.156257 0
    outer loop
      vertex 91.9563 -12.0842 -36.5
      vertex 91.989 -12.2909 -32.5
      vertex 91.989 -12.2909 -36.5
    endloop
  endfacet
  facet normal 0.629171 0.777267 -0
    outer loop
      vertex 91.3383 -11.0137 -36.5
      vertex 91.1756 -10.882 -32.5
      vertex 91.3383 -11.0137 -32.5
    endloop
  endfacet
  facet normal 0.629171 0.777267 0
    outer loop
      vertex 91.1756 -10.882 -32.5
      vertex 91.3383 -11.0137 -36.5
      vertex 91.1756 -10.882 -36.5
    endloop
  endfacet
  facet normal -0.89098 -0.454042 0
    outer loop
      vertex -1.73205 -13.5 -36.5
      vertex -1.82709 -13.3135 -32.5
      vertex -1.82709 -13.3135 -36.5
    endloop
  endfacet
  facet normal -0.89098 -0.454042 0
    outer loop
      vertex -1.82709 -13.3135 -32.5
      vertex -1.73205 -13.5 -36.5
      vertex -1.73205 -13.5 -32.5
    endloop
  endfacet
  facet normal -0.777174 0.629286 0
    outer loop
      vertex -1.61803 -11.3244 -36.5
      vertex -1.48629 -11.1617 -32.5
      vertex -1.48629 -11.1617 -36.5
    endloop
  endfacet
  facet normal -0.777174 0.629286 0
    outer loop
      vertex -1.48629 -11.1617 -32.5
      vertex -1.61803 -11.3244 -36.5
      vertex -1.61803 -11.3244 -32.5
    endloop
  endfacet
  facet normal -0.629194 -0.777248 0
    outer loop
      vertex -1.33826 -13.9863 -36.5
      vertex -1.17557 -14.118 -32.5
      vertex -1.33826 -13.9863 -32.5
    endloop
  endfacet
  facet normal -0.629194 -0.777248 -0
    outer loop
      vertex -1.17557 -14.118 -32.5
      vertex -1.33826 -13.9863 -36.5
      vertex -1.17557 -14.118 -36.5
    endloop
  endfacet
  facet normal -0.987687 -0.156443 0
    outer loop
      vertex -1.9563 -12.9158 -36.5
      vertex -1.98904 -12.7091 -32.5
      vertex -1.98904 -12.7091 -36.5
    endloop
  endfacet
  facet normal -0.987687 -0.156443 0
    outer loop
      vertex -1.98904 -12.7091 -32.5
      vertex -1.9563 -12.9158 -36.5
      vertex -1.9563 -12.9158 -32.5
    endloop
  endfacet
  facet normal 0.777267 0.629171 0
    outer loop
      vertex 91.618 -11.3244 -32.5
      vertex 91.4863 -11.1617 -36.5
      vertex 91.4863 -11.1617 -32.5
    endloop
  endfacet
  facet normal 0.777267 0.629171 0
    outer loop
      vertex 91.4863 -11.1617 -36.5
      vertex 91.618 -11.3244 -32.5
      vertex 91.618 -11.3244 -36.5
    endloop
  endfacet
  facet normal -0.707035 0.707178 0
    outer loop
      vertex -1.48629 -11.1617 -36.5
      vertex -1.33826 -11.0137 -32.5
      vertex -1.33826 -11.0137 -36.5
    endloop
  endfacet
  facet normal -0.707035 0.707178 0
    outer loop
      vertex -1.33826 -11.0137 -32.5
      vertex -1.48629 -11.1617 -36.5
      vertex -1.48629 -11.1617 -32.5
    endloop
  endfacet
  facet normal 0.358179 -0.933653 0
    outer loop
      vertex 90.618 -14.4021 -36.5
      vertex 90.8135 -14.3271 -32.5
      vertex 90.618 -14.4021 -32.5
    endloop
  endfacet
  facet normal 0.358179 -0.933653 0
    outer loop
      vertex 90.8135 -14.3271 -32.5
      vertex 90.618 -14.4021 -36.5
      vertex 90.8135 -14.3271 -36.5
    endloop
  endfacet
  facet normal 0.998619 0.0525338 0
    outer loop
      vertex 92 -12.5 -32.5
      vertex 91.989 -12.2909 -36.5
      vertex 91.989 -12.2909 -32.5
    endloop
  endfacet
  facet normal 0.998619 0.0525338 0
    outer loop
      vertex 91.989 -12.2909 -36.5
      vertex 92 -12.5 -32.5
      vertex 92 -12.5 -36.5
    endloop
  endfacet
  facet normal -0.54492 0.838488 0
    outer loop
      vertex -1 -10.7679 -36.5
      vertex -1.17557 -10.882 -32.5
      vertex -1 -10.7679 -32.5
    endloop
  endfacet
  facet normal -0.54492 0.838488 0
    outer loop
      vertex -1.17557 -10.882 -32.5
      vertex -1 -10.7679 -36.5
      vertex -1.17557 -10.882 -36.5
    endloop
  endfacet
  facet normal 0.890864 -0.454269 0
    outer loop
      vertex 91.732 -13.5 -32.5
      vertex 91.8271 -13.3135 -36.5
      vertex 91.8271 -13.3135 -32.5
    endloop
  endfacet
  facet normal 0.890864 -0.454269 0
    outer loop
      vertex 91.8271 -13.3135 -36.5
      vertex 91.732 -13.5 -32.5
      vertex 91.732 -13.5 -36.5
    endloop
  endfacet
  facet normal -0.998629 -0.0523433 0
    outer loop
      vertex -1.98904 -12.7091 -36.5
      vertex -2 -12.5 -32.5
      vertex -2 -12.5 -36.5
    endloop
  endfacet
  facet normal -0.998629 -0.0523433 0
    outer loop
      vertex -2 -12.5 -32.5
      vertex -1.98904 -12.7091 -36.5
      vertex -1.98904 -12.7091 -32.5
    endloop
  endfacet
  facet normal -0.777174 -0.629286 0
    outer loop
      vertex -1.48629 -13.8383 -36.5
      vertex -1.61803 -13.6756 -32.5
      vertex -1.61803 -13.6756 -36.5
    endloop
  endfacet
  facet normal -0.777174 -0.629286 0
    outer loop
      vertex -1.61803 -13.6756 -32.5
      vertex -1.48629 -13.8383 -36.5
      vertex -1.48629 -13.8383 -32.5
    endloop
  endfacet
  facet normal 0.838749 -0.544518 0
    outer loop
      vertex 91.618 -13.6756 -32.5
      vertex 91.732 -13.5 -36.5
      vertex 91.732 -13.5 -32.5
    endloop
  endfacet
  facet normal 0.838749 -0.544518 0
    outer loop
      vertex 91.732 -13.5 -36.5
      vertex 91.618 -13.6756 -32.5
      vertex 91.618 -13.6756 -36.5
    endloop
  endfacet
  facet normal -0.998629 0.0523433 0
    outer loop
      vertex -2 -12.5 -36.5
      vertex -1.98904 -12.2909 -32.5
      vertex -1.98904 -12.2909 -36.5
    endloop
  endfacet
  facet normal -0.998629 0.0523433 0
    outer loop
      vertex -1.98904 -12.2909 -32.5
      vertex -2 -12.5 -36.5
      vertex -2 -12.5 -32.5
    endloop
  endfacet
  facet normal -0.454217 -0.890891 0
    outer loop
      vertex -1 -14.232 -36.5
      vertex -0.813473 -14.3271 -32.5
      vertex -1 -14.232 -32.5
    endloop
  endfacet
  facet normal -0.454217 -0.890891 -0
    outer loop
      vertex -0.813473 -14.3271 -32.5
      vertex -1 -14.232 -36.5
      vertex -0.813473 -14.3271 -36.5
    endloop
  endfacet
  facet normal -0.987687 0.156443 0
    outer loop
      vertex -1.98904 -12.2909 -36.5
      vertex -1.9563 -12.0842 -32.5
      vertex -1.9563 -12.0842 -36.5
    endloop
  endfacet
  facet normal -0.987687 0.156443 0
    outer loop
      vertex -1.9563 -12.0842 -32.5
      vertex -1.98904 -12.2909 -36.5
      vertex -1.98904 -12.2909 -32.5
    endloop
  endfacet
  facet normal -0.629194 0.777248 0
    outer loop
      vertex -1.17557 -10.882 -36.5
      vertex -1.33826 -11.0137 -32.5
      vertex -1.17557 -10.882 -32.5
    endloop
  endfacet
  facet normal -0.629194 0.777248 0
    outer loop
      vertex -1.33826 -11.0137 -32.5
      vertex -1.17557 -10.882 -36.5
      vertex -1.33826 -11.0137 -36.5
    endloop
  endfacet
  facet normal -0.933621 0.358262 0
    outer loop
      vertex -1.90211 -11.882 -36.5
      vertex -1.82709 -11.6865 -32.5
      vertex -1.82709 -11.6865 -36.5
    endloop
  endfacet
  facet normal -0.933621 0.358262 0
    outer loop
      vertex -1.82709 -11.6865 -32.5
      vertex -1.90211 -11.882 -36.5
      vertex -1.90211 -11.882 -32.5
    endloop
  endfacet
  facet normal -0.838705 0.544585 0
    outer loop
      vertex -1.73205 -11.5 -36.5
      vertex -1.61803 -11.3244 -32.5
      vertex -1.61803 -11.3244 -36.5
    endloop
  endfacet
  facet normal -0.838705 0.544585 0
    outer loop
      vertex -1.61803 -11.3244 -32.5
      vertex -1.73205 -11.5 -36.5
      vertex -1.73205 -11.5 -32.5
    endloop
  endfacet
  facet normal -0.707035 -0.707178 0
    outer loop
      vertex -1.33826 -13.9863 -36.5
      vertex -1.48629 -13.8383 -32.5
      vertex -1.48629 -13.8383 -36.5
    endloop
  endfacet
  facet normal -0.707035 -0.707178 0
    outer loop
      vertex -1.48629 -13.8383 -32.5
      vertex -1.33826 -13.9863 -36.5
      vertex -1.33826 -13.9863 -32.5
    endloop
  endfacet
  facet normal -0.965913 0.258867 0
    outer loop
      vertex -1.9563 -12.0842 -36.5
      vertex -1.90211 -11.882 -32.5
      vertex -1.90211 -11.882 -36.5
    endloop
  endfacet
  facet normal -0.965913 0.258867 0
    outer loop
      vertex -1.90211 -11.882 -32.5
      vertex -1.9563 -12.0842 -36.5
      vertex -1.9563 -12.0842 -32.5
    endloop
  endfacet
  facet normal -0.89098 0.454042 0
    outer loop
      vertex -1.82709 -11.6865 -36.5
      vertex -1.73205 -11.5 -32.5
      vertex -1.73205 -11.5 -36.5
    endloop
  endfacet
  facet normal -0.89098 0.454042 0
    outer loop
      vertex -1.73205 -11.5 -32.5
      vertex -1.82709 -11.6865 -36.5
      vertex -1.82709 -11.6865 -32.5
    endloop
  endfacet
  facet normal -0.358275 0.933616 0
    outer loop
      vertex -0.618033 -10.5979 -36.5
      vertex -0.813473 -10.6729 -32.5
      vertex -0.618033 -10.5979 -32.5
    endloop
  endfacet
  facet normal -0.358275 0.933616 0
    outer loop
      vertex -0.813473 -10.6729 -32.5
      vertex -0.618033 -10.5979 -36.5
      vertex -0.813473 -10.6729 -36.5
    endloop
  endfacet
  facet normal 0 -1 0
    outer loop
      vertex 0 10.5 -36.5
      vertex 90 10.5 -32.5
      vertex 0 10.5 -32.5
    endloop
  endfacet
  facet normal 0 -1 -0
    outer loop
      vertex 90 10.5 -32.5
      vertex 0 10.5 -36.5
      vertex 90 10.5 -36.5
    endloop
  endfacet
  facet normal -0.156208 -0.987724 0
    outer loop
      vertex -0.415823 10.5437 -36.5
      vertex -0.209057 10.511 -32.5
      vertex -0.415823 10.5437 -32.5
    endloop
  endfacet
  facet normal -0.156208 -0.987724 -0
    outer loop
      vertex -0.209057 10.511 -32.5
      vertex -0.415823 10.5437 -36.5
      vertex -0.209057 10.511 -36.5
    endloop
  endfacet
  facet normal 0 1 -0
    outer loop
      vertex 90 14.5 -36.5
      vertex 0 14.5 -32.5
      vertex 90 14.5 -32.5
    endloop
  endfacet
  facet normal 0 1 0
    outer loop
      vertex 0 14.5 -32.5
      vertex 90 14.5 -36.5
      vertex 0 14.5 -36.5
    endloop
  endfacet
  facet normal -0.987687 0.156443 0
    outer loop
      vertex -1.98904 12.7091 -36.5
      vertex -1.9563 12.9158 -32.5
      vertex -1.9563 12.9158 -36.5
    endloop
  endfacet
  facet normal -0.987687 0.156443 0
    outer loop
      vertex -1.9563 12.9158 -32.5
      vertex -1.98904 12.7091 -36.5
      vertex -1.98904 12.7091 -32.5
    endloop
  endfacet
  facet normal 0.933653 0.358179 0
    outer loop
      vertex 91.9021 13.118 -32.5
      vertex 91.8271 13.3135 -36.5
      vertex 91.8271 13.3135 -32.5
    endloop
  endfacet
  facet normal 0.933653 0.358179 0
    outer loop
      vertex 91.8271 13.3135 -36.5
      vertex 91.9021 13.118 -32.5
      vertex 91.9021 13.118 -36.5
    endloop
  endfacet
  facet normal 0.45389 -0.891058 0
    outer loop
      vertex 90.8135 10.6729 -36.5
      vertex 91 10.7679 -32.5
      vertex 90.8135 10.6729 -32.5
    endloop
  endfacet
  facet normal 0.45389 -0.891058 0
    outer loop
      vertex 91 10.7679 -32.5
      vertex 90.8135 10.6729 -36.5
      vertex 91 10.7679 -36.5
    endloop
  endfacet
  facet normal -0.156208 0.987724 0
    outer loop
      vertex -0.209057 14.489 -36.5
      vertex -0.415823 14.4563 -32.5
      vertex -0.209057 14.489 -32.5
    endloop
  endfacet
  facet normal -0.156208 0.987724 0
    outer loop
      vertex -0.415823 14.4563 -32.5
      vertex -0.209057 14.489 -36.5
      vertex -0.415823 14.4563 -36.5
    endloop
  endfacet
  facet normal 0.544518 0.838749 -0
    outer loop
      vertex 91.1756 14.118 -36.5
      vertex 91 14.232 -32.5
      vertex 91.1756 14.118 -32.5
    endloop
  endfacet
  facet normal 0.544518 0.838749 0
    outer loop
      vertex 91 14.232 -32.5
      vertex 91.1756 14.118 -36.5
      vertex 91 14.232 -36.5
    endloop
  endfacet
  facet normal 0.156257 0.987716 -0
    outer loop
      vertex 90.4158 14.4563 -36.5
      vertex 90.2091 14.489 -32.5
      vertex 90.4158 14.4563 -32.5
    endloop
  endfacet
  facet normal 0.156257 0.987716 0
    outer loop
      vertex 90.2091 14.489 -32.5
      vertex 90.4158 14.4563 -36.5
      vertex 90.2091 14.489 -36.5
    endloop
  endfacet
  facet normal 0.258911 -0.965901 0
    outer loop
      vertex 90.4158 10.5437 -36.5
      vertex 90.618 10.5979 -32.5
      vertex 90.4158 10.5437 -32.5
    endloop
  endfacet
  facet normal 0.258911 -0.965901 0
    outer loop
      vertex 90.618 10.5979 -32.5
      vertex 90.4158 10.5437 -36.5
      vertex 90.618 10.5979 -36.5
    endloop
  endfacet
  facet normal -0.258899 -0.965904 0
    outer loop
      vertex -0.618033 10.5979 -36.5
      vertex -0.415823 10.5437 -32.5
      vertex -0.618033 10.5979 -32.5
    endloop
  endfacet
  facet normal -0.258899 -0.965904 -0
    outer loop
      vertex -0.415823 10.5437 -32.5
      vertex -0.618033 10.5979 -36.5
      vertex -0.415823 10.5437 -36.5
    endloop
  endfacet
  facet normal -0.0525445 0.998619 0
    outer loop
      vertex 0 14.5 -36.5
      vertex -0.209057 14.489 -32.5
      vertex 0 14.5 -32.5
    endloop
  endfacet
  facet normal -0.0525445 0.998619 0
    outer loop
      vertex -0.209057 14.489 -32.5
      vertex 0 14.5 -36.5
      vertex -0.209057 14.489 -36.5
    endloop
  endfacet
  facet normal 0.838749 -0.544518 0
    outer loop
      vertex 91.618 11.3244 -32.5
      vertex 91.732 11.5 -36.5
      vertex 91.732 11.5 -32.5
    endloop
  endfacet
  facet normal 0.838749 -0.544518 0
    outer loop
      vertex 91.732 11.5 -36.5
      vertex 91.618 11.3244 -32.5
      vertex 91.618 11.3244 -36.5
    endloop
  endfacet
  facet normal 0.358179 -0.933653 0
    outer loop
      vertex 90.618 10.5979 -36.5
      vertex 90.8135 10.6729 -32.5
      vertex 90.618 10.5979 -32.5
    endloop
  endfacet
  facet normal 0.358179 -0.933653 0
    outer loop
      vertex 90.8135 10.6729 -32.5
      vertex 90.618 10.5979 -36.5
      vertex 90.8135 10.6729 -36.5
    endloop
  endfacet
  facet normal 0.890864 0.454269 0
    outer loop
      vertex 91.8271 13.3135 -32.5
      vertex 91.732 13.5 -36.5
      vertex 91.732 13.5 -32.5
    endloop
  endfacet
  facet normal 0.890864 0.454269 0
    outer loop
      vertex 91.732 13.5 -36.5
      vertex 91.8271 13.3135 -32.5
      vertex 91.8271 13.3135 -36.5
    endloop
  endfacet
  facet normal -0.0525445 -0.998619 0
    outer loop
      vertex -0.209057 10.511 -36.5
      vertex 0 10.5 -32.5
      vertex -0.209057 10.511 -32.5
    endloop
  endfacet
  facet normal -0.0525445 -0.998619 -0
    outer loop
      vertex 0 10.5 -32.5
      vertex -0.209057 10.511 -36.5
      vertex 0 10.5 -36.5
    endloop
  endfacet
  facet normal 0.838749 0.544518 0
    outer loop
      vertex 91.732 13.5 -32.5
      vertex 91.618 13.6756 -36.5
      vertex 91.618 13.6756 -32.5
    endloop
  endfacet
  facet normal 0.838749 0.544518 0
    outer loop
      vertex 91.618 13.6756 -36.5
      vertex 91.732 13.5 -32.5
      vertex 91.732 13.5 -36.5
    endloop
  endfacet
  facet normal -0.454217 0.890891 0
    outer loop
      vertex -0.813473 14.3271 -36.5
      vertex -1 14.232 -32.5
      vertex -0.813473 14.3271 -32.5
    endloop
  endfacet
  facet normal -0.454217 0.890891 0
    outer loop
      vertex -1 14.232 -32.5
      vertex -0.813473 14.3271 -36.5
      vertex -1 14.232 -36.5
    endloop
  endfacet
  facet normal -0.453838 -0.891084 0
    outer loop
      vertex -1 10.7679 -36.5
      vertex -0.813473 10.6729 -32.5
      vertex -1 10.7679 -32.5
    endloop
  endfacet
  facet normal -0.453838 -0.891084 -0
    outer loop
      vertex -0.813473 10.6729 -32.5
      vertex -1 10.7679 -36.5
      vertex -0.813473 10.6729 -36.5
    endloop
  endfacet
  facet normal -0.777174 0.629286 0
    outer loop
      vertex -1.61803 13.6756 -36.5
      vertex -1.48629 13.8383 -32.5
      vertex -1.48629 13.8383 -36.5
    endloop
  endfacet
  facet normal -0.777174 0.629286 0
    outer loop
      vertex -1.48629 13.8383 -32.5
      vertex -1.61803 13.6756 -36.5
      vertex -1.61803 13.6756 -32.5
    endloop
  endfacet
  facet normal 0.258911 0.965901 -0
    outer loop
      vertex 90.618 14.4021 -36.5
      vertex 90.4158 14.4563 -32.5
      vertex 90.618 14.4021 -32.5
    endloop
  endfacet
  facet normal 0.258911 0.965901 0
    outer loop
      vertex 90.4158 14.4563 -32.5
      vertex 90.618 14.4021 -36.5
      vertex 90.4158 14.4563 -36.5
    endloop
  endfacet
  facet normal 0.998619 0.0525338 0
    outer loop
      vertex 92 12.5 -32.5
      vertex 91.989 12.7091 -36.5
      vertex 91.989 12.7091 -32.5
    endloop
  endfacet
  facet normal 0.998619 0.0525338 0
    outer loop
      vertex 91.989 12.7091 -36.5
      vertex 92 12.5 -32.5
      vertex 92 12.5 -36.5
    endloop
  endfacet
  facet normal -0.629194 -0.777248 0
    outer loop
      vertex -1.33826 11.0137 -36.5
      vertex -1.17557 10.882 -32.5
      vertex -1.33826 11.0137 -32.5
    endloop
  endfacet
  facet normal -0.629194 -0.777248 -0
    outer loop
      vertex -1.17557 10.882 -32.5
      vertex -1.33826 11.0137 -36.5
      vertex -1.17557 10.882 -36.5
    endloop
  endfacet
  facet normal 0.987716 0.156257 0
    outer loop
      vertex 91.989 12.7091 -32.5
      vertex 91.9563 12.9158 -36.5
      vertex 91.9563 12.9158 -32.5
    endloop
  endfacet
  facet normal 0.987716 0.156257 0
    outer loop
      vertex 91.9563 12.9158 -36.5
      vertex 91.989 12.7091 -32.5
      vertex 91.989 12.7091 -36.5
    endloop
  endfacet
  facet normal -0.998629 0.0523433 0
    outer loop
      vertex -2 12.5 -36.5
      vertex -1.98904 12.7091 -32.5
      vertex -1.98904 12.7091 -36.5
    endloop
  endfacet
  facet normal -0.998629 0.0523433 0
    outer loop
      vertex -1.98904 12.7091 -32.5
      vertex -2 12.5 -36.5
      vertex -2 12.5 -32.5
    endloop
  endfacet
  facet normal -0.965913 -0.258867 0
    outer loop
      vertex -1.90211 11.882 -36.5
      vertex -1.9563 12.0842 -32.5
      vertex -1.9563 12.0842 -36.5
    endloop
  endfacet
  facet normal -0.965913 -0.258867 0
    outer loop
      vertex -1.9563 12.0842 -32.5
      vertex -1.90211 11.882 -36.5
      vertex -1.90211 11.882 -32.5
    endloop
  endfacet
  facet normal -0.258899 0.965904 0
    outer loop
      vertex -0.415823 14.4563 -36.5
      vertex -0.618033 14.4021 -32.5
      vertex -0.415823 14.4563 -32.5
    endloop
  endfacet
  facet normal -0.258899 0.965904 0
    outer loop
      vertex -0.618033 14.4021 -32.5
      vertex -0.415823 14.4563 -36.5
      vertex -0.618033 14.4021 -36.5
    endloop
  endfacet
  facet normal 0.358179 0.933653 -0
    outer loop
      vertex 90.8135 14.3271 -36.5
      vertex 90.618 14.4021 -32.5
      vertex 90.8135 14.3271 -32.5
    endloop
  endfacet
  facet normal 0.358179 0.933653 0
    outer loop
      vertex 90.618 14.4021 -32.5
      vertex 90.8135 14.3271 -36.5
      vertex 90.618 14.4021 -36.5
    endloop
  endfacet
  facet normal 0.0525338 0.998619 -0
    outer loop
      vertex 90.2091 14.489 -36.5
      vertex 90 14.5 -32.5
      vertex 90.2091 14.489 -32.5
    endloop
  endfacet
  facet normal 0.0525338 0.998619 0
    outer loop
      vertex 90 14.5 -32.5
      vertex 90.2091 14.489 -36.5
      vertex 90 14.5 -36.5
    endloop
  endfacet
  facet normal -0.777174 -0.629286 0
    outer loop
      vertex -1.48629 11.1617 -36.5
      vertex -1.61803 11.3244 -32.5
      vertex -1.61803 11.3244 -36.5
    endloop
  endfacet
  facet normal -0.777174 -0.629286 0
    outer loop
      vertex -1.61803 11.3244 -32.5
      vertex -1.48629 11.1617 -36.5
      vertex -1.48629 11.1617 -32.5
    endloop
  endfacet
  facet normal 0.890864 -0.454269 0
    outer loop
      vertex 91.732 11.5 -32.5
      vertex 91.8271 11.6865 -36.5
      vertex 91.8271 11.6865 -32.5
    endloop
  endfacet
  facet normal 0.890864 -0.454269 0
    outer loop
      vertex 91.8271 11.6865 -36.5
      vertex 91.732 11.5 -32.5
      vertex 91.732 11.5 -36.5
    endloop
  endfacet
  facet normal 0.965901 0.258911 0
    outer loop
      vertex 91.9563 12.9158 -32.5
      vertex 91.9021 13.118 -36.5
      vertex 91.9021 13.118 -32.5
    endloop
  endfacet
  facet normal 0.965901 0.258911 0
    outer loop
      vertex 91.9021 13.118 -36.5
      vertex 91.9563 12.9158 -32.5
      vertex 91.9563 12.9158 -36.5
    endloop
  endfacet
  facet normal 0.933653 -0.358179 0
    outer loop
      vertex 91.8271 11.6865 -32.5
      vertex 91.9021 11.882 -36.5
      vertex 91.9021 11.882 -32.5
    endloop
  endfacet
  facet normal 0.933653 -0.358179 0
    outer loop
      vertex 91.9021 11.882 -36.5
      vertex 91.8271 11.6865 -32.5
      vertex 91.8271 11.6865 -36.5
    endloop
  endfacet
  facet normal 0.454269 0.890864 -0
    outer loop
      vertex 91 14.232 -36.5
      vertex 90.8135 14.3271 -32.5
      vertex 91 14.232 -32.5
    endloop
  endfacet
  facet normal 0.454269 0.890864 0
    outer loop
      vertex 90.8135 14.3271 -32.5
      vertex 91 14.232 -36.5
      vertex 90.8135 14.3271 -36.5
    endloop
  endfacet
  facet normal -0.707035 0.707178 0
    outer loop
      vertex -1.48629 13.8383 -36.5
      vertex -1.33826 13.9863 -32.5
      vertex -1.33826 13.9863 -36.5
    endloop
  endfacet
  facet normal -0.707035 0.707178 0
    outer loop
      vertex -1.33826 13.9863 -32.5
      vertex -1.48629 13.8383 -36.5
      vertex -1.48629 13.8383 -32.5
    endloop
  endfacet
  facet normal 0.777267 -0.629171 0
    outer loop
      vertex 91.4863 11.1617 -32.5
      vertex 91.618 11.3244 -36.5
      vertex 91.618 11.3244 -32.5
    endloop
  endfacet
  facet normal 0.777267 -0.629171 0
    outer loop
      vertex 91.618 11.3244 -36.5
      vertex 91.4863 11.1617 -32.5
      vertex 91.4863 11.1617 -36.5
    endloop
  endfacet
  facet normal 0.707107 -0.707107 0
    outer loop
      vertex 91.3383 11.0137 -36.5
      vertex 91.4863 11.1617 -32.5
      vertex 91.3383 11.0137 -32.5
    endloop
  endfacet
  facet normal 0.707107 -0.707107 0
    outer loop
      vertex 91.4863 11.1617 -32.5
      vertex 91.3383 11.0137 -36.5
      vertex 91.4863 11.1617 -36.5
    endloop
  endfacet
  facet normal 0.544854 -0.838531 0
    outer loop
      vertex 91 10.7679 -36.5
      vertex 91.1756 10.882 -32.5
      vertex 91 10.7679 -32.5
    endloop
  endfacet
  facet normal 0.544854 -0.838531 0
    outer loop
      vertex 91.1756 10.882 -32.5
      vertex 91 10.7679 -36.5
      vertex 91.1756 10.882 -36.5
    endloop
  endfacet
  facet normal -0.933621 -0.358262 0
    outer loop
      vertex -1.82709 11.6865 -36.5
      vertex -1.90211 11.882 -32.5
      vertex -1.90211 11.882 -36.5
    endloop
  endfacet
  facet normal -0.933621 -0.358262 0
    outer loop
      vertex -1.90211 11.882 -32.5
      vertex -1.82709 11.6865 -36.5
      vertex -1.82709 11.6865 -32.5
    endloop
  endfacet
  facet normal 0.0525338 -0.998619 0
    outer loop
      vertex 90 10.5 -36.5
      vertex 90.2091 10.511 -32.5
      vertex 90 10.5 -32.5
    endloop
  endfacet
  facet normal 0.0525338 -0.998619 0
    outer loop
      vertex 90.2091 10.511 -32.5
      vertex 90 10.5 -36.5
      vertex 90.2091 10.511 -36.5
    endloop
  endfacet
  facet normal -0.838705 -0.544585 0
    outer loop
      vertex -1.61803 11.3244 -36.5
      vertex -1.73205 11.5 -32.5
      vertex -1.73205 11.5 -36.5
    endloop
  endfacet
  facet normal -0.838705 -0.544585 0
    outer loop
      vertex -1.73205 11.5 -32.5
      vertex -1.61803 11.3244 -36.5
      vertex -1.61803 11.3244 -32.5
    endloop
  endfacet
  facet normal 0.998619 -0.0525338 0
    outer loop
      vertex 91.989 12.2909 -32.5
      vertex 92 12.5 -36.5
      vertex 92 12.5 -32.5
    endloop
  endfacet
  facet normal 0.998619 -0.0525338 0
    outer loop
      vertex 92 12.5 -36.5
      vertex 91.989 12.2909 -32.5
      vertex 91.989 12.2909 -36.5
    endloop
  endfacet
  facet normal 0.629171 -0.777267 0
    outer loop
      vertex 91.1756 10.882 -36.5
      vertex 91.3383 11.0137 -32.5
      vertex 91.1756 10.882 -32.5
    endloop
  endfacet
  facet normal 0.629171 -0.777267 0
    outer loop
      vertex 91.3383 11.0137 -32.5
      vertex 91.1756 10.882 -36.5
      vertex 91.3383 11.0137 -36.5
    endloop
  endfacet
  facet normal -0.707035 -0.707178 0
    outer loop
      vertex -1.33826 11.0137 -36.5
      vertex -1.48629 11.1617 -32.5
      vertex -1.48629 11.1617 -36.5
    endloop
  endfacet
  facet normal -0.707035 -0.707178 0
    outer loop
      vertex -1.48629 11.1617 -32.5
      vertex -1.33826 11.0137 -36.5
      vertex -1.33826 11.0137 -32.5
    endloop
  endfacet
  facet normal -0.89098 0.454042 0
    outer loop
      vertex -1.82709 13.3135 -36.5
      vertex -1.73205 13.5 -32.5
      vertex -1.73205 13.5 -36.5
    endloop
  endfacet
  facet normal -0.89098 0.454042 0
    outer loop
      vertex -1.73205 13.5 -32.5
      vertex -1.82709 13.3135 -36.5
      vertex -1.82709 13.3135 -32.5
    endloop
  endfacet
  facet normal 0.629171 0.777267 -0
    outer loop
      vertex 91.3383 13.9863 -36.5
      vertex 91.1756 14.118 -32.5
      vertex 91.3383 13.9863 -32.5
    endloop
  endfacet
  facet normal 0.629171 0.777267 0
    outer loop
      vertex 91.1756 14.118 -32.5
      vertex 91.3383 13.9863 -36.5
      vertex 91.1756 14.118 -36.5
    endloop
  endfacet
  facet normal -0.838705 0.544585 0
    outer loop
      vertex -1.73205 13.5 -36.5
      vertex -1.61803 13.6756 -32.5
      vertex -1.61803 13.6756 -36.5
    endloop
  endfacet
  facet normal -0.838705 0.544585 0
    outer loop
      vertex -1.61803 13.6756 -32.5
      vertex -1.73205 13.5 -36.5
      vertex -1.73205 13.5 -32.5
    endloop
  endfacet
  facet normal -0.987687 -0.156443 0
    outer loop
      vertex -1.9563 12.0842 -36.5
      vertex -1.98904 12.2909 -32.5
      vertex -1.98904 12.2909 -36.5
    endloop
  endfacet
  facet normal -0.987687 -0.156443 0
    outer loop
      vertex -1.98904 12.2909 -32.5
      vertex -1.9563 12.0842 -36.5
      vertex -1.9563 12.0842 -32.5
    endloop
  endfacet
  facet normal -0.54492 -0.838488 0
    outer loop
      vertex -1.17557 10.882 -36.5
      vertex -1 10.7679 -32.5
      vertex -1.17557 10.882 -32.5
    endloop
  endfacet
  facet normal -0.54492 -0.838488 -0
    outer loop
      vertex -1 10.7679 -32.5
      vertex -1.17557 10.882 -36.5
      vertex -1 10.7679 -36.5
    endloop
  endfacet
  facet normal -0.933621 0.358262 0
    outer loop
      vertex -1.90211 13.118 -36.5
      vertex -1.82709 13.3135 -32.5
      vertex -1.82709 13.3135 -36.5
    endloop
  endfacet
  facet normal -0.933621 0.358262 0
    outer loop
      vertex -1.82709 13.3135 -32.5
      vertex -1.90211 13.118 -36.5
      vertex -1.90211 13.118 -32.5
    endloop
  endfacet
  facet normal 0.777267 0.629171 0
    outer loop
      vertex 91.618 13.6756 -32.5
      vertex 91.4863 13.8383 -36.5
      vertex 91.4863 13.8383 -32.5
    endloop
  endfacet
  facet normal 0.777267 0.629171 0
    outer loop
      vertex 91.4863 13.8383 -36.5
      vertex 91.618 13.6756 -32.5
      vertex 91.618 13.6756 -36.5
    endloop
  endfacet
  facet normal -0.965913 0.258867 0
    outer loop
      vertex -1.9563 12.9158 -36.5
      vertex -1.90211 13.118 -32.5
      vertex -1.90211 13.118 -36.5
    endloop
  endfacet
  facet normal -0.965913 0.258867 0
    outer loop
      vertex -1.90211 13.118 -32.5
      vertex -1.9563 12.9158 -36.5
      vertex -1.9563 12.9158 -32.5
    endloop
  endfacet
  facet normal 0.707107 0.707107 -0
    outer loop
      vertex 91.4863 13.8383 -36.5
      vertex 91.3383 13.9863 -32.5
      vertex 91.4863 13.8383 -32.5
    endloop
  endfacet
  facet normal 0.707107 0.707107 0
    outer loop
      vertex 91.3383 13.9863 -32.5
      vertex 91.4863 13.8383 -36.5
      vertex 91.3383 13.9863 -36.5
    endloop
  endfacet
  facet normal 0.987716 -0.156257 0
    outer loop
      vertex 91.9563 12.0842 -32.5
      vertex 91.989 12.2909 -36.5
      vertex 91.989 12.2909 -32.5
    endloop
  endfacet
  facet normal 0.987716 -0.156257 0
    outer loop
      vertex 91.989 12.2909 -36.5
      vertex 91.9563 12.0842 -32.5
      vertex 91.9563 12.0842 -36.5
    endloop
  endfacet
  facet normal -0.89098 -0.454042 0
    outer loop
      vertex -1.73205 11.5 -36.5
      vertex -1.82709 11.6865 -32.5
      vertex -1.82709 11.6865 -36.5
    endloop
  endfacet
  facet normal -0.89098 -0.454042 0
    outer loop
      vertex -1.82709 11.6865 -32.5
      vertex -1.73205 11.5 -36.5
      vertex -1.73205 11.5 -32.5
    endloop
  endfacet
  facet normal -0.629194 0.777248 0
    outer loop
      vertex -1.17557 14.118 -36.5
      vertex -1.33826 13.9863 -32.5
      vertex -1.17557 14.118 -32.5
    endloop
  endfacet
  facet normal -0.629194 0.777248 0
    outer loop
      vertex -1.33826 13.9863 -32.5
      vertex -1.17557 14.118 -36.5
      vertex -1.33826 13.9863 -36.5
    endloop
  endfacet
  facet normal 0 0 -1
    outer loop
      vertex 91.989 12.2909 -36.5
      vertex 91.989 12.7091 -36.5
      vertex 92 12.5 -36.5
    endloop
  endfacet
  facet normal 0 0 -1
    outer loop
      vertex 91.9563 12.0842 -36.5
      vertex 91.989 12.7091 -36.5
      vertex 91.989 12.2909 -36.5
    endloop
  endfacet
  facet normal 0 0 -1
    outer loop
      vertex 91.9563 12.0842 -36.5
      vertex 91.9563 12.9158 -36.5
      vertex 91.989 12.7091 -36.5
    endloop
  endfacet
  facet normal 0 0 -1
    outer loop
      vertex 91.9021 11.882 -36.5
      vertex 91.9563 12.9158 -36.5
      vertex 91.9563 12.0842 -36.5
    endloop
  endfacet
  facet normal 0 0 -1
    outer loop
      vertex 91.9021 11.882 -36.5
      vertex 91.9021 13.118 -36.5
      vertex 91.9563 12.9158 -36.5
    endloop
  endfacet
  facet normal 0 0 -1
    outer loop
      vertex 91.8271 11.6865 -36.5
      vertex 91.9021 13.118 -36.5
      vertex 91.9021 11.882 -36.5
    endloop
  endfacet
  facet normal 0 0 -1
    outer loop
      vertex 91.8271 11.6865 -36.5
      vertex 91.8271 13.3135 -36.5
      vertex 91.9021 13.118 -36.5
    endloop
  endfacet
  facet normal 0 0 -1
    outer loop
      vertex 91.732 11.5 -36.5
      vertex 91.8271 13.3135 -36.5
      vertex 91.8271 11.6865 -36.5
    endloop
  endfacet
  facet normal 0 0 -1
    outer loop
      vertex 91.732 11.5 -36.5
      vertex 91.732 13.5 -36.5
      vertex 91.8271 13.3135 -36.5
    endloop
  endfacet
  facet normal 0 0 -1
    outer loop
      vertex 91.618 11.3244 -36.5
      vertex 91.732 13.5 -36.5
      vertex 91.732 11.5 -36.5
    endloop
  endfacet
  facet normal 0 0 -1
    outer loop
      vertex 91.618 11.3244 -36.5
      vertex 91.618 13.6756 -36.5
      vertex 91.732 13.5 -36.5
    endloop
  endfacet
  facet normal 0 0 -1
    outer loop
      vertex 91.4863 11.1617 -36.5
      vertex 91.618 13.6756 -36.5
      vertex 91.618 11.3244 -36.5
    endloop
  endfacet
  facet normal 0 0 -1
    outer loop
      vertex 91.4863 11.1617 -36.5
      vertex 91.4863 13.8383 -36.5
      vertex 91.618 13.6756 -36.5
    endloop
  endfacet
  facet normal 0 0 -1
    outer loop
      vertex 91.3383 11.0137 -36.5
      vertex 91.4863 13.8383 -36.5
      vertex 91.4863 11.1617 -36.5
    endloop
  endfacet
  facet normal 0 0 -1
    outer loop
      vertex 91.3383 11.0137 -36.5
      vertex 91.3383 13.9863 -36.5
      vertex 91.4863 13.8383 -36.5
    endloop
  endfacet
  facet normal 0 0 -1
    outer loop
      vertex 91.1756 10.882 -36.5
      vertex 91.3383 13.9863 -36.5
      vertex 91.3383 11.0137 -36.5
    endloop
  endfacet
  facet normal 0 0 -1
    outer loop
      vertex 91.1756 10.882 -36.5
      vertex 91.1756 14.118 -36.5
      vertex 91.3383 13.9863 -36.5
    endloop
  endfacet
  facet normal 0 0 -1
    outer loop
      vertex 91 10.7679 -36.5
      vertex 91.1756 14.118 -36.5
      vertex 91.1756 10.882 -36.5
    endloop
  endfacet
  facet normal 0 0 -1
    outer loop
      vertex 91 10.7679 -36.5
      vertex 91 14.232 -36.5
      vertex 91.1756 14.118 -36.5
    endloop
  endfacet
  facet normal 0 0 -1
    outer loop
      vertex 90.8135 10.6729 -36.5
      vertex 91 14.232 -36.5
      vertex 91 10.7679 -36.5
    endloop
  endfacet
  facet normal 0 0 -1
    outer loop
      vertex 90.8135 10.6729 -36.5
      vertex 90.8135 14.3271 -36.5
      vertex 91 14.232 -36.5
    endloop
  endfacet
  facet normal 0 0 -1
    outer loop
      vertex 90.618 10.5979 -36.5
      vertex 90.8135 14.3271 -36.5
      vertex 90.8135 10.6729 -36.5
    endloop
  endfacet
  facet normal 0 0 -1
    outer loop
      vertex 90.618 10.5979 -36.5
      vertex 90.618 14.4021 -36.5
      vertex 90.8135 14.3271 -36.5
    endloop
  endfacet
  facet normal 0 0 -1
    outer loop
      vertex 90.4158 10.5437 -36.5
      vertex 90.618 14.4021 -36.5
      vertex 90.618 10.5979 -36.5
    endloop
  endfacet
  facet normal 0 0 -1
    outer loop
      vertex 90.4158 10.5437 -36.5
      vertex 90.4158 14.4563 -36.5
      vertex 90.618 14.4021 -36.5
    endloop
  endfacet
  facet normal 0 0 -1
    outer loop
      vertex 90.2091 10.511 -36.5
      vertex 90.4158 14.4563 -36.5
      vertex 90.4158 10.5437 -36.5
    endloop
  endfacet
  facet normal 0 0 -1
    outer loop
      vertex 90.2091 10.511 -36.5
      vertex 90.2091 14.489 -36.5
      vertex 90.4158 14.4563 -36.5
    endloop
  endfacet
  facet normal 0 0 -1
    outer loop
      vertex 90 10.5 -36.5
      vertex 90.2091 14.489 -36.5
      vertex 90.2091 10.511 -36.5
    endloop
  endfacet
  facet normal 0 0 -1
    outer loop
      vertex 90 10.5 -36.5
      vertex 90 14.5 -36.5
      vertex 90.2091 14.489 -36.5
    endloop
  endfacet
  facet normal 0 0 -1
    outer loop
      vertex 0 10.5 -36.5
      vertex 90 14.5 -36.5
      vertex 90 10.5 -36.5
    endloop
  endfacet
  facet normal 0 0 -1
    outer loop
      vertex 0 10.5 -36.5
      vertex 0 14.5 -36.5
      vertex 90 14.5 -36.5
    endloop
  endfacet
  facet normal 0 0 -1
    outer loop
      vertex -0.209057 10.511 -36.5
      vertex 0 14.5 -36.5
      vertex 0 10.5 -36.5
    endloop
  endfacet
  facet normal 0 0 -1
    outer loop
      vertex -0.209057 10.511 -36.5
      vertex -0.209057 14.489 -36.5
      vertex 0 14.5 -36.5
    endloop
  endfacet
  facet normal 0 0 -1
    outer loop
      vertex -0.415823 10.5437 -36.5
      vertex -0.209057 14.489 -36.5
      vertex -0.209057 10.511 -36.5
    endloop
  endfacet
  facet normal 0 0 -1
    outer loop
      vertex -0.415823 10.5437 -36.5
      vertex -0.415823 14.4563 -36.5
      vertex -0.209057 14.489 -36.5
    endloop
  endfacet
  facet normal 0 0 -1
    outer loop
      vertex -0.618033 10.5979 -36.5
      vertex -0.415823 14.4563 -36.5
      vertex -0.415823 10.5437 -36.5
    endloop
  endfacet
  facet normal 0 0 -1
    outer loop
      vertex -0.618033 10.5979 -36.5
      vertex -0.618033 14.4021 -36.5
      vertex -0.415823 14.4563 -36.5
    endloop
  endfacet
  facet normal 0 0 -1
    outer loop
      vertex -0.813473 10.6729 -36.5
      vertex -0.618033 14.4021 -36.5
      vertex -0.618033 10.5979 -36.5
    endloop
  endfacet
  facet normal 0 0 -1
    outer loop
      vertex -0.813473 10.6729 -36.5
      vertex -0.813473 14.3271 -36.5
      vertex -0.618033 14.4021 -36.5
    endloop
  endfacet
  facet normal 0 0 -1
    outer loop
      vertex -1 10.7679 -36.5
      vertex -0.813473 14.3271 -36.5
      vertex -0.813473 10.6729 -36.5
    endloop
  endfacet
  facet normal 0 0 -1
    outer loop
      vertex -1 10.7679 -36.5
      vertex -1 14.232 -36.5
      vertex -0.813473 14.3271 -36.5
    endloop
  endfacet
  facet normal 0 0 -1
    outer loop
      vertex -1.17557 10.882 -36.5
      vertex -1 14.232 -36.5
      vertex -1 10.7679 -36.5
    endloop
  endfacet
  facet normal 0 0 -1
    outer loop
      vertex -1.17557 10.882 -36.5
      vertex -1.17557 14.118 -36.5
      vertex -1 14.232 -36.5
    endloop
  endfacet
  facet normal 0 0 -1
    outer loop
      vertex -1.33826 11.0137 -36.5
      vertex -1.17557 14.118 -36.5
      vertex -1.17557 10.882 -36.5
    endloop
  endfacet
  facet normal 0 0 -1
    outer loop
      vertex -1.33826 11.0137 -36.5
      vertex -1.33826 13.9863 -36.5
      vertex -1.17557 14.118 -36.5
    endloop
  endfacet
  facet normal 0 0 -1
    outer loop
      vertex -1.48629 11.1617 -36.5
      vertex -1.33826 13.9863 -36.5
      vertex -1.33826 11.0137 -36.5
    endloop
  endfacet
  facet normal 0 0 -1
    outer loop
      vertex -1.48629 11.1617 -36.5
      vertex -1.48629 13.8383 -36.5
      vertex -1.33826 13.9863 -36.5
    endloop
  endfacet
  facet normal 0 0 -1
    outer loop
      vertex -1.61803 11.3244 -36.5
      vertex -1.48629 13.8383 -36.5
      vertex -1.48629 11.1617 -36.5
    endloop
  endfacet
  facet normal 0 0 -1
    outer loop
      vertex -1.61803 11.3244 -36.5
      vertex -1.61803 13.6756 -36.5
      vertex -1.48629 13.8383 -36.5
    endloop
  endfacet
  facet normal 0 0 -1
    outer loop
      vertex -1.73205 11.5 -36.5
      vertex -1.61803 13.6756 -36.5
      vertex -1.61803 11.3244 -36.5
    endloop
  endfacet
  facet normal 0 0 -1
    outer loop
      vertex -1.73205 11.5 -36.5
      vertex -1.73205 13.5 -36.5
      vertex -1.61803 13.6756 -36.5
    endloop
  endfacet
  facet normal 0 0 -1
    outer loop
      vertex -1.82709 11.6865 -36.5
      vertex -1.73205 13.5 -36.5
      vertex -1.73205 11.5 -36.5
    endloop
  endfacet
  facet normal 0 0 -1
    outer loop
      vertex -1.82709 11.6865 -36.5
      vertex -1.82709 13.3135 -36.5
      vertex -1.73205 13.5 -36.5
    endloop
  endfacet
  facet normal 0 0 -1
    outer loop
      vertex -1.90211 11.882 -36.5
      vertex -1.82709 13.3135 -36.5
      vertex -1.82709 11.6865 -36.5
    endloop
  endfacet
  facet normal 0 0 -1
    outer loop
      vertex -1.90211 11.882 -36.5
      vertex -1.90211 13.118 -36.5
      vertex -1.82709 13.3135 -36.5
    endloop
  endfacet
  facet normal 0 0 -1
    outer loop
      vertex -1.9563 12.0842 -36.5
      vertex -1.90211 13.118 -36.5
      vertex -1.90211 11.882 -36.5
    endloop
  endfacet
  facet normal 0 0 -1
    outer loop
      vertex -1.9563 12.0842 -36.5
      vertex -1.9563 12.9158 -36.5
      vertex -1.90211 13.118 -36.5
    endloop
  endfacet
  facet normal 0 0 -1
    outer loop
      vertex -1.98904 12.2909 -36.5
      vertex -1.9563 12.9158 -36.5
      vertex -1.9563 12.0842 -36.5
    endloop
  endfacet
  facet normal 0 0 -1
    outer loop
      vertex -1.98904 12.2909 -36.5
      vertex -1.98904 12.7091 -36.5
      vertex -1.9563 12.9158 -36.5
    endloop
  endfacet
  facet normal 0 -0 -1
    outer loop
      vertex -1.98904 12.7091 -36.5
      vertex -1.98904 12.2909 -36.5
      vertex -2 12.5 -36.5
    endloop
  endfacet
  facet normal -0.358275 -0.933616 0
    outer loop
      vertex -0.813473 10.6729 -36.5
      vertex -0.618033 10.5979 -32.5
      vertex -0.813473 10.6729 -32.5
    endloop
  endfacet
  facet normal -0.358275 -0.933616 -0
    outer loop
      vertex -0.618033 10.5979 -32.5
      vertex -0.813473 10.6729 -36.5
      vertex -0.618033 10.5979 -36.5
    endloop
  endfacet
  facet normal 0.965901 -0.258911 0
    outer loop
      vertex 91.9021 11.882 -32.5
      vertex 91.9563 12.0842 -36.5
      vertex 91.9563 12.0842 -32.5
    endloop
  endfacet
  facet normal 0.965901 -0.258911 0
    outer loop
      vertex 91.9563 12.0842 -36.5
      vertex 91.9021 11.882 -32.5
      vertex 91.9021 11.882 -36.5
    endloop
  endfacet
  facet normal 0.156257 -0.987716 0
    outer loop
      vertex 90.2091 10.511 -36.5
      vertex 90.4158 10.5437 -32.5
      vertex 90.2091 10.511 -32.5
    endloop
  endfacet
  facet normal 0.156257 -0.987716 0
    outer loop
      vertex 90.4158 10.5437 -32.5
      vertex 90.2091 10.511 -36.5
      vertex 90.4158 10.5437 -36.5
    endloop
  endfacet
  facet normal -0.998629 -0.0523433 0
    outer loop
      vertex -1.98904 12.2909 -36.5
      vertex -2 12.5 -32.5
      vertex -2 12.5 -36.5
    endloop
  endfacet
  facet normal -0.998629 -0.0523433 0
    outer loop
      vertex -2 12.5 -32.5
      vertex -1.98904 12.2909 -36.5
      vertex -1.98904 12.2909 -32.5
    endloop
  endfacet
  facet normal -0.544584 0.838707 0
    outer loop
      vertex -1 14.232 -36.5
      vertex -1.17557 14.118 -32.5
      vertex -1 14.232 -32.5
    endloop
  endfacet
  facet normal -0.544584 0.838707 0
    outer loop
      vertex -1.17557 14.118 -32.5
      vertex -1 14.232 -36.5
      vertex -1.17557 14.118 -36.5
    endloop
  endfacet
  facet normal -0.358275 0.933616 0
    outer loop
      vertex -0.618033 14.4021 -36.5
      vertex -0.813473 14.3271 -32.5
      vertex -0.618033 14.4021 -32.5
    endloop
  endfacet
  facet normal -0.358275 0.933616 0
    outer loop
      vertex -0.813473 14.3271 -32.5
      vertex -0.618033 14.4021 -36.5
      vertex -0.813473 14.3271 -36.5
    endloop
  endfacet
  facet normal 1 -0 0
    outer loop
      vertex 50 -4 28.5
      vertex 50 4 26.5
      vertex 50 4 28.5
    endloop
  endfacet
  facet normal 1 0 0
    outer loop
      vertex 50 4 26.5
      vertex 50 -4 28.5
      vertex 50 -4 26.5
    endloop
  endfacet
  facet normal -0 0 1
    outer loop
      vertex -50 4 28.5
      vertex 50 -4 28.5
      vertex 50 4 28.5
    endloop
  endfacet
  facet normal 0 0 1
    outer loop
      vertex 50 -4 28.5
      vertex -50 4 28.5
      vertex -50 -4 28.5
    endloop
  endfacet
  facet normal 0 0 -1
    outer loop
      vertex -50 -4 26.5
      vertex 50 4 26.5
      vertex 50 -4 26.5
    endloop
  endfacet
  facet normal -0 0 -1
    outer loop
      vertex 50 4 26.5
      vertex -50 -4 26.5
      vertex -50 4 26.5
    endloop
  endfacet
  facet normal 0 1 -0
    outer loop
      vertex 50 4 26.5
      vertex -50 4 28.5
      vertex 50 4 28.5
    endloop
  endfacet
  facet normal 0 1 0
    outer loop
      vertex -50 4 28.5
      vertex 50 4 26.5
      vertex -50 4 26.5
    endloop
  endfacet
  facet normal 0 -1 0
    outer loop
      vertex -50 -4 26.5
      vertex 50 -4 28.5
      vertex -50 -4 28.5
    endloop
  endfacet
  facet normal 0 -1 -0
    outer loop
      vertex 50 -4 28.5
      vertex -50 -4 26.5
      vertex 50 -4 26.5
    endloop
  endfacet
  facet normal -1 0 0
    outer loop
      vertex -50 -4 26.5
      vertex -50 4 28.5
      vertex -50 4 26.5
    endloop
  endfacet
  facet normal -1 -0 0
    outer loop
      vertex -50 4 28.5
      vertex -50 -4 26.5
      vertex -50 -4 28.5
    endloop
  endfacet
  facet normal 0.965907 -0 0.258888
    outer loop
      vertex 2.37764 -5 22.2725
      vertex 2.44537 5 22.0198
      vertex 2.37764 5 22.2725
    endloop
  endfacet
  facet normal 0.965907 0 0.258888
    outer loop
      vertex 2.44537 5 22.0198
      vertex 2.37764 -5 22.2725
      vertex 2.44537 -5 22.0198
    endloop
  endfacet
  facet normal 0.987696 -0 0.156388
    outer loop
      vertex 2.44537 -5 22.0198
      vertex 2.4863 5 21.7613
      vertex 2.44537 5 22.0198
    endloop
  endfacet
  facet normal 0.987696 0 0.156388
    outer loop
      vertex 2.4863 5 21.7613
      vertex 2.44537 -5 22.0198
      vertex 2.4863 -5 21.7613
    endloop
  endfacet
  facet normal -0.965907 0 0.258888
    outer loop
      vertex -2.44537 -5 22.0198
      vertex -2.37764 5 22.2725
      vertex -2.44537 5 22.0198
    endloop
  endfacet
  facet normal -0.965907 0 0.258888
    outer loop
      vertex -2.37764 5 22.2725
      vertex -2.44537 -5 22.0198
      vertex -2.37764 -5 22.2725
    endloop
  endfacet
  facet normal 0.998628 0 -0.0523582
    outer loop
      vertex 2.5 -5 21.5
      vertex 2.4863 5 21.2387
      vertex 2.5 5 21.5
    endloop
  endfacet
  facet normal 0.998628 0 -0.0523582
    outer loop
      vertex 2.4863 5 21.2387
      vertex 2.5 -5 21.5
      vertex 2.4863 -5 21.2387
    endloop
  endfacet
  facet normal -0.259077 0 -0.965857
    outer loop
      vertex -0.772542 -5 19.1224
      vertex -0.519779 5 19.0546
      vertex -0.519779 -5 19.0546
    endloop
  endfacet
  facet normal -0.259077 0 -0.965857
    outer loop
      vertex -0.519779 5 19.0546
      vertex -0.772542 -5 19.1224
      vertex -0.772542 5 19.1224
    endloop
  endfacet
  facet normal 0.70724 0 -0.706973
    outer loop
      vertex 1.85786 -5 19.8272
      vertex 1.67283 5 19.6421
      vertex 1.85786 5 19.8272
    endloop
  endfacet
  facet normal 0.70724 0 -0.706973
    outer loop
      vertex 1.67283 5 19.6421
      vertex 1.85786 -5 19.8272
      vertex 1.67283 -5 19.6421
    endloop
  endfacet
  facet normal -0.453988 0 0.891008
    outer loop
      vertex -1.25 5 23.6651
      vertex -1.01684 -5 23.7839
      vertex -1.01684 5 23.7839
    endloop
  endfacet
  facet normal -0.453988 0 0.891008
    outer loop
      vertex -1.01684 -5 23.7839
      vertex -1.25 5 23.6651
      vertex -1.25 -5 23.6651
    endloop
  endfacet
  facet normal 0.70724 -0 0.706973
    outer loop
      vertex 1.67283 -5 23.3579
      vertex 1.85786 5 23.1728
      vertex 1.67283 5 23.3579
    endloop
  endfacet
  facet normal 0.70724 0 0.706973
    outer loop
      vertex 1.85786 5 23.1728
      vertex 1.67283 -5 23.3579
      vertex 1.85786 -5 23.1728
    endloop
  endfacet
  facet normal -0.998628 0 0.0523582
    outer loop
      vertex -2.5 -5 21.5
      vertex -2.4863 5 21.7613
      vertex -2.5 5 21.5
    endloop
  endfacet
  facet normal -0.998628 0 0.0523582
    outer loop
      vertex -2.4863 5 21.7613
      vertex -2.5 -5 21.5
      vertex -2.4863 -5 21.7613
    endloop
  endfacet
  facet normal -0.156301 0 0.987709
    outer loop
      vertex -0.519779 5 23.9454
      vertex -0.261321 -5 23.9863
      vertex -0.261321 5 23.9863
    endloop
  endfacet
  facet normal -0.156301 0 0.987709
    outer loop
      vertex -0.261321 -5 23.9863
      vertex -0.519779 5 23.9454
      vertex -0.519779 -5 23.9454
    endloop
  endfacet
  facet normal -0.891039 0 -0.453926
    outer loop
      vertex -2.16506 -5 20.25
      vertex -2.28386 5 20.4832
      vertex -2.16506 5 20.25
    endloop
  endfacet
  facet normal -0.891039 -0 -0.453926
    outer loop
      vertex -2.28386 5 20.4832
      vertex -2.16506 -5 20.25
      vertex -2.28386 -5 20.4832
    endloop
  endfacet
  facet normal 0.987696 0 -0.156388
    outer loop
      vertex 2.4863 -5 21.2387
      vertex 2.44537 5 20.9802
      vertex 2.4863 5 21.2387
    endloop
  endfacet
  facet normal 0.987696 0 -0.156388
    outer loop
      vertex 2.44537 5 20.9802
      vertex 2.4863 -5 21.2387
      vertex 2.44537 -5 20.9802
    endloop
  endfacet
  facet normal 0.838714 -0 0.544572
    outer loop
      vertex 2.02254 -5 22.9695
      vertex 2.16506 5 22.75
      vertex 2.02254 5 22.9695
    endloop
  endfacet
  facet normal 0.838714 0 0.544572
    outer loop
      vertex 2.16506 5 22.75
      vertex 2.02254 -5 22.9695
      vertex 2.16506 -5 22.75
    endloop
  endfacet
  facet normal 0.998628 -0 0.0523582
    outer loop
      vertex 2.4863 -5 21.7613
      vertex 2.5 5 21.5
      vertex 2.4863 5 21.7613
    endloop
  endfacet
  facet normal 0.998628 0 0.0523582
    outer loop
      vertex 2.5 5 21.5
      vertex 2.4863 -5 21.7613
      vertex 2.5 -5 21.5
    endloop
  endfacet
  facet normal 0.777051 0 -0.629438
    outer loop
      vertex 2.02254 -5 20.0305
      vertex 1.85786 5 19.8272
      vertex 2.02254 5 20.0305
    endloop
  endfacet
  facet normal 0.777051 0 -0.629438
    outer loop
      vertex 1.85786 5 19.8272
      vertex 2.02254 -5 20.0305
      vertex 1.85786 -5 19.8272
    endloop
  endfacet
  facet normal -0.052354 0 -0.998629
    outer loop
      vertex -0.261321 -5 19.0137
      vertex 0 5 19
      vertex 0 -5 19
    endloop
  endfacet
  facet normal -0.052354 0 -0.998629
    outer loop
      vertex 0 5 19
      vertex -0.261321 -5 19.0137
      vertex -0.261321 5 19.0137
    endloop
  endfacet
  facet normal 0.629122 0 0.777306
    outer loop
      vertex 1.46946 5 23.5225
      vertex 1.67283 -5 23.3579
      vertex 1.67283 5 23.3579
    endloop
  endfacet
  facet normal 0.629122 0 0.777306
    outer loop
      vertex 1.67283 -5 23.3579
      vertex 1.46946 5 23.5225
      vertex 1.46946 -5 23.5225
    endloop
  endfacet
  facet normal -0.933578 0 0.358375
    outer loop
      vertex -2.37764 -5 22.2725
      vertex -2.28386 5 22.5168
      vertex -2.37764 5 22.2725
    endloop
  endfacet
  facet normal -0.933578 0 0.358375
    outer loop
      vertex -2.28386 5 22.5168
      vertex -2.37764 -5 22.2725
      vertex -2.28386 -5 22.5168
    endloop
  endfacet
  facet normal -0.544857 0 0.838529
    outer loop
      vertex -1.46946 5 23.5225
      vertex -1.25 -5 23.6651
      vertex -1.25 5 23.6651
    endloop
  endfacet
  facet normal -0.544857 0 0.838529
    outer loop
      vertex -1.25 -5 23.6651
      vertex -1.46946 5 23.5225
      vertex -1.46946 -5 23.5225
    endloop
  endfacet
  facet normal -0.259077 0 0.965857
    outer loop
      vertex -0.772542 5 23.8776
      vertex -0.519779 -5 23.9454
      vertex -0.519779 5 23.9454
    endloop
  endfacet
  facet normal -0.259077 0 0.965857
    outer loop
      vertex -0.519779 -5 23.9454
      vertex -0.772542 5 23.8776
      vertex -0.772542 -5 23.8776
    endloop
  endfacet
  facet normal -0.156301 0 -0.987709
    outer loop
      vertex -0.519779 -5 19.0546
      vertex -0.261321 5 19.0137
      vertex -0.261321 -5 19.0137
    endloop
  endfacet
  facet normal -0.156301 0 -0.987709
    outer loop
      vertex -0.261321 5 19.0137
      vertex -0.519779 -5 19.0546
      vertex -0.519779 5 19.0546
    endloop
  endfacet
  facet normal 0.453988 0 0.891008
    outer loop
      vertex 1.01684 5 23.7839
      vertex 1.25 -5 23.6651
      vertex 1.25 5 23.6651
    endloop
  endfacet
  facet normal 0.453988 0 0.891008
    outer loop
      vertex 1.25 -5 23.6651
      vertex 1.01684 5 23.7839
      vertex 1.01684 -5 23.7839
    endloop
  endfacet
  facet normal 0.891039 0 -0.453926
    outer loop
      vertex 2.28386 -5 20.4832
      vertex 2.16506 5 20.25
      vertex 2.28386 5 20.4832
    endloop
  endfacet
  facet normal 0.891039 0 -0.453926
    outer loop
      vertex 2.16506 5 20.25
      vertex 2.28386 -5 20.4832
      vertex 2.16506 -5 20.25
    endloop
  endfacet
  facet normal 0.629122 0 -0.777306
    outer loop
      vertex 1.46946 -5 19.4775
      vertex 1.67283 5 19.6421
      vertex 1.67283 -5 19.6421
    endloop
  endfacet
  facet normal 0.629122 0 -0.777306
    outer loop
      vertex 1.67283 5 19.6421
      vertex 1.46946 -5 19.4775
      vertex 1.46946 5 19.4775
    endloop
  endfacet
  facet normal 0.052354 0 0.998629
    outer loop
      vertex 0 5 24
      vertex 0.261321 -5 23.9863
      vertex 0.261321 5 23.9863
    endloop
  endfacet
  facet normal 0.052354 0 0.998629
    outer loop
      vertex 0.261321 -5 23.9863
      vertex 0 5 24
      vertex 0 -5 24
    endloop
  endfacet
  facet normal 0 1 0
    outer loop
      vertex 0.261321 5 23.9863
      vertex -0.261321 5 23.9863
      vertex 0 5 24
    endloop
  endfacet
  facet normal 0 1 0
    outer loop
      vertex 0.519779 5 23.9454
      vertex -0.261321 5 23.9863
      vertex 0.261321 5 23.9863
    endloop
  endfacet
  facet normal 0 1 0
    outer loop
      vertex 0.519779 5 23.9454
      vertex -0.519779 5 23.9454
      vertex -0.261321 5 23.9863
    endloop
  endfacet
  facet normal 0 1 0
    outer loop
      vertex 0.772542 5 23.8776
      vertex -0.519779 5 23.9454
      vertex 0.519779 5 23.9454
    endloop
  endfacet
  facet normal 0 1 0
    outer loop
      vertex 0.772542 5 23.8776
      vertex -0.772542 5 23.8776
      vertex -0.519779 5 23.9454
    endloop
  endfacet
  facet normal 0 1 0
    outer loop
      vertex 1.01684 5 23.7839
      vertex -0.772542 5 23.8776
      vertex 0.772542 5 23.8776
    endloop
  endfacet
  facet normal 0 1 0
    outer loop
      vertex 1.01684 5 23.7839
      vertex -1.01684 5 23.7839
      vertex -0.772542 5 23.8776
    endloop
  endfacet
  facet normal 0 1 0
    outer loop
      vertex 1.25 5 23.6651
      vertex -1.01684 5 23.7839
      vertex 1.01684 5 23.7839
    endloop
  endfacet
  facet normal 0 1 0
    outer loop
      vertex 1.25 5 23.6651
      vertex -1.25 5 23.6651
      vertex -1.01684 5 23.7839
    endloop
  endfacet
  facet normal 0 1 0
    outer loop
      vertex 1.46946 5 23.5225
      vertex -1.25 5 23.6651
      vertex 1.25 5 23.6651
    endloop
  endfacet
  facet normal 0 1 0
    outer loop
      vertex 1.46946 5 23.5225
      vertex -1.46946 5 23.5225
      vertex -1.25 5 23.6651
    endloop
  endfacet
  facet normal 0 1 0
    outer loop
      vertex 1.67283 5 23.3579
      vertex -1.46946 5 23.5225
      vertex 1.46946 5 23.5225
    endloop
  endfacet
  facet normal 0 1 0
    outer loop
      vertex 1.67283 5 23.3579
      vertex -1.67283 5 23.3579
      vertex -1.46946 5 23.5225
    endloop
  endfacet
  facet normal 0 1 0
    outer loop
      vertex 1.85786 5 23.1728
      vertex -1.67283 5 23.3579
      vertex 1.67283 5 23.3579
    endloop
  endfacet
  facet normal 0 1 0
    outer loop
      vertex 1.85786 5 23.1728
      vertex -1.85786 5 23.1728
      vertex -1.67283 5 23.3579
    endloop
  endfacet
  facet normal 0 1 0
    outer loop
      vertex 2.02254 5 22.9695
      vertex -1.85786 5 23.1728
      vertex 1.85786 5 23.1728
    endloop
  endfacet
  facet normal 0 1 0
    outer loop
      vertex 2.02254 5 22.9695
      vertex -2.02254 5 22.9695
      vertex -1.85786 5 23.1728
    endloop
  endfacet
  facet normal 0 1 0
    outer loop
      vertex 2.16506 5 22.75
      vertex -2.02254 5 22.9695
      vertex 2.02254 5 22.9695
    endloop
  endfacet
  facet normal 0 1 0
    outer loop
      vertex 2.16506 5 22.75
      vertex -2.16506 5 22.75
      vertex -2.02254 5 22.9695
    endloop
  endfacet
  facet normal 0 1 0
    outer loop
      vertex 2.28386 5 22.5168
      vertex -2.16506 5 22.75
      vertex 2.16506 5 22.75
    endloop
  endfacet
  facet normal 0 1 0
    outer loop
      vertex 2.28386 5 22.5168
      vertex -2.28386 5 22.5168
      vertex -2.16506 5 22.75
    endloop
  endfacet
  facet normal 0 1 0
    outer loop
      vertex 2.37764 5 22.2725
      vertex -2.28386 5 22.5168
      vertex 2.28386 5 22.5168
    endloop
  endfacet
  facet normal 0 1 0
    outer loop
      vertex 2.37764 5 22.2725
      vertex -2.37764 5 22.2725
      vertex -2.28386 5 22.5168
    endloop
  endfacet
  facet normal 0 1 0
    outer loop
      vertex 2.44537 5 22.0198
      vertex -2.37764 5 22.2725
      vertex 2.37764 5 22.2725
    endloop
  endfacet
  facet normal 0 1 0
    outer loop
      vertex 2.44537 5 22.0198
      vertex -2.44537 5 22.0198
      vertex -2.37764 5 22.2725
    endloop
  endfacet
  facet normal 0 1 0
    outer loop
      vertex 2.4863 5 21.7613
      vertex -2.44537 5 22.0198
      vertex 2.44537 5 22.0198
    endloop
  endfacet
  facet normal 0 1 0
    outer loop
      vertex 2.4863 5 21.7613
      vertex -2.4863 5 21.7613
      vertex -2.44537 5 22.0198
    endloop
  endfacet
  facet normal 0 1 0
    outer loop
      vertex 2.5 5 21.5
      vertex -2.4863 5 21.7613
      vertex 2.4863 5 21.7613
    endloop
  endfacet
  facet normal 0 1 0
    outer loop
      vertex 2.5 5 21.5
      vertex -2.5 5 21.5
      vertex -2.4863 5 21.7613
    endloop
  endfacet
  facet normal 0 1 -0
    outer loop
      vertex 2.4863 5 21.2387
      vertex -2.5 5 21.5
      vertex 2.5 5 21.5
    endloop
  endfacet
  facet normal 0 1 0
    outer loop
      vertex 2.4863 5 21.2387
      vertex -2.4863 5 21.2387
      vertex -2.5 5 21.5
    endloop
  endfacet
  facet normal 0 1 -0
    outer loop
      vertex 2.44537 5 20.9802
      vertex -2.4863 5 21.2387
      vertex 2.4863 5 21.2387
    endloop
  endfacet
  facet normal 0 1 0
    outer loop
      vertex 2.44537 5 20.9802
      vertex -2.44537 5 20.9802
      vertex -2.4863 5 21.2387
    endloop
  endfacet
  facet normal 0 1 -0
    outer loop
      vertex 2.37764 5 20.7275
      vertex -2.44537 5 20.9802
      vertex 2.44537 5 20.9802
    endloop
  endfacet
  facet normal 0 1 0
    outer loop
      vertex 2.37764 5 20.7275
      vertex -2.37764 5 20.7275
      vertex -2.44537 5 20.9802
    endloop
  endfacet
  facet normal 0 1 -0
    outer loop
      vertex 2.28386 5 20.4832
      vertex -2.37764 5 20.7275
      vertex 2.37764 5 20.7275
    endloop
  endfacet
  facet normal 0 1 0
    outer loop
      vertex 2.28386 5 20.4832
      vertex -2.28386 5 20.4832
      vertex -2.37764 5 20.7275
    endloop
  endfacet
  facet normal 0 1 -0
    outer loop
      vertex 2.16506 5 20.25
      vertex -2.28386 5 20.4832
      vertex 2.28386 5 20.4832
    endloop
  endfacet
  facet normal 0 1 0
    outer loop
      vertex 2.16506 5 20.25
      vertex -2.16506 5 20.25
      vertex -2.28386 5 20.4832
    endloop
  endfacet
  facet normal 0 1 -0
    outer loop
      vertex 2.02254 5 20.0305
      vertex -2.16506 5 20.25
      vertex 2.16506 5 20.25
    endloop
  endfacet
  facet normal 0 1 0
    outer loop
      vertex 2.02254 5 20.0305
      vertex -2.02254 5 20.0305
      vertex -2.16506 5 20.25
    endloop
  endfacet
  facet normal 0 1 -0
    outer loop
      vertex 1.85786 5 19.8272
      vertex -2.02254 5 20.0305
      vertex 2.02254 5 20.0305
    endloop
  endfacet
  facet normal 0 1 0
    outer loop
      vertex 1.85786 5 19.8272
      vertex -1.85786 5 19.8272
      vertex -2.02254 5 20.0305
    endloop
  endfacet
  facet normal 0 1 -0
    outer loop
      vertex 1.67283 5 19.6421
      vertex -1.85786 5 19.8272
      vertex 1.85786 5 19.8272
    endloop
  endfacet
  facet normal 0 1 0
    outer loop
      vertex 1.67283 5 19.6421
      vertex -1.67283 5 19.6421
      vertex -1.85786 5 19.8272
    endloop
  endfacet
  facet normal 0 1 -0
    outer loop
      vertex 1.46946 5 19.4775
      vertex -1.67283 5 19.6421
      vertex 1.67283 5 19.6421
    endloop
  endfacet
  facet normal 0 1 0
    outer loop
      vertex 1.46946 5 19.4775
      vertex -1.46946 5 19.4775
      vertex -1.67283 5 19.6421
    endloop
  endfacet
  facet normal 0 1 -0
    outer loop
      vertex 1.25 5 19.3349
      vertex -1.46946 5 19.4775
      vertex 1.46946 5 19.4775
    endloop
  endfacet
  facet normal 0 1 0
    outer loop
      vertex 1.25 5 19.3349
      vertex -1.25 5 19.3349
      vertex -1.46946 5 19.4775
    endloop
  endfacet
  facet normal 0 1 -0
    outer loop
      vertex 1.01684 5 19.2161
      vertex -1.25 5 19.3349
      vertex 1.25 5 19.3349
    endloop
  endfacet
  facet normal 0 1 0
    outer loop
      vertex 1.01684 5 19.2161
      vertex -1.01684 5 19.2161
      vertex -1.25 5 19.3349
    endloop
  endfacet
  facet normal 0 1 -0
    outer loop
      vertex 0.772542 5 19.1224
      vertex -1.01684 5 19.2161
      vertex 1.01684 5 19.2161
    endloop
  endfacet
  facet normal 0 1 0
    outer loop
      vertex 0.772542 5 19.1224
      vertex -0.772542 5 19.1224
      vertex -1.01684 5 19.2161
    endloop
  endfacet
  facet normal 0 1 -0
    outer loop
      vertex 0.519779 5 19.0546
      vertex -0.772542 5 19.1224
      vertex 0.772542 5 19.1224
    endloop
  endfacet
  facet normal 0 1 0
    outer loop
      vertex 0.519779 5 19.0546
      vertex -0.519779 5 19.0546
      vertex -0.772542 5 19.1224
    endloop
  endfacet
  facet normal 0 1 -0
    outer loop
      vertex 0.261321 5 19.0137
      vertex -0.519779 5 19.0546
      vertex 0.519779 5 19.0546
    endloop
  endfacet
  facet normal 0 1 0
    outer loop
      vertex 0.261321 5 19.0137
      vertex -0.261321 5 19.0137
      vertex -0.519779 5 19.0546
    endloop
  endfacet
  facet normal -0 1 0
    outer loop
      vertex -0.261321 5 19.0137
      vertex 0.261321 5 19.0137
      vertex 0 5 19
    endloop
  endfacet
  facet normal 0.891039 -0 0.453926
    outer loop
      vertex 2.16506 -5 22.75
      vertex 2.28386 5 22.5168
      vertex 2.16506 5 22.75
    endloop
  endfacet
  facet normal 0.891039 0 0.453926
    outer loop
      vertex 2.28386 5 22.5168
      vertex 2.16506 -5 22.75
      vertex 2.28386 -5 22.5168
    endloop
  endfacet
  facet normal -0.358111 0 -0.933679
    outer loop
      vertex -1.01684 -5 19.2161
      vertex -0.772542 5 19.1224
      vertex -0.772542 -5 19.1224
    endloop
  endfacet
  facet normal -0.358111 0 -0.933679
    outer loop
      vertex -0.772542 5 19.1224
      vertex -1.01684 -5 19.2161
      vertex -1.01684 5 19.2161
    endloop
  endfacet
  facet normal 0.933578 -0 0.358375
    outer loop
      vertex 2.28386 -5 22.5168
      vertex 2.37764 5 22.2725
      vertex 2.28386 5 22.5168
    endloop
  endfacet
  facet normal 0.933578 0 0.358375
    outer loop
      vertex 2.37764 5 22.2725
      vertex 2.28386 -5 22.5168
      vertex 2.37764 -5 22.2725
    endloop
  endfacet
  facet normal 0.259077 0 0.965857
    outer loop
      vertex 0.519779 5 23.9454
      vertex 0.772542 -5 23.8776
      vertex 0.772542 5 23.8776
    endloop
  endfacet
  facet normal 0.259077 0 0.965857
    outer loop
      vertex 0.772542 -5 23.8776
      vertex 0.519779 5 23.9454
      vertex 0.519779 -5 23.9454
    endloop
  endfacet
  facet normal -0.629122 0 0.777306
    outer loop
      vertex -1.67283 5 23.3579
      vertex -1.46946 -5 23.5225
      vertex -1.46946 5 23.5225
    endloop
  endfacet
  facet normal -0.629122 0 0.777306
    outer loop
      vertex -1.46946 -5 23.5225
      vertex -1.67283 5 23.3579
      vertex -1.67283 -5 23.3579
    endloop
  endfacet
  facet normal -0.998628 0 -0.0523582
    outer loop
      vertex -2.4863 -5 21.2387
      vertex -2.5 5 21.5
      vertex -2.4863 5 21.2387
    endloop
  endfacet
  facet normal -0.998628 -0 -0.0523582
    outer loop
      vertex -2.5 5 21.5
      vertex -2.4863 -5 21.2387
      vertex -2.5 -5 21.5
    endloop
  endfacet
  facet normal 0.052354 0 -0.998629
    outer loop
      vertex 0 -5 19
      vertex 0.261321 5 19.0137
      vertex 0.261321 -5 19.0137
    endloop
  endfacet
  facet normal 0.052354 0 -0.998629
    outer loop
      vertex 0.261321 5 19.0137
      vertex 0 -5 19
      vertex 0 5 19
    endloop
  endfacet
  facet normal -0.838714 0 -0.544572
    outer loop
      vertex -2.02254 -5 20.0305
      vertex -2.16506 5 20.25
      vertex -2.02254 5 20.0305
    endloop
  endfacet
  facet normal -0.838714 -0 -0.544572
    outer loop
      vertex -2.16506 5 20.25
      vertex -2.02254 -5 20.0305
      vertex -2.16506 -5 20.25
    endloop
  endfacet
  facet normal 0.965907 0 -0.258888
    outer loop
      vertex 2.44537 -5 20.9802
      vertex 2.37764 5 20.7275
      vertex 2.44537 5 20.9802
    endloop
  endfacet
  facet normal 0.965907 0 -0.258888
    outer loop
      vertex 2.37764 5 20.7275
      vertex 2.44537 -5 20.9802
      vertex 2.37764 -5 20.7275
    endloop
  endfacet
  facet normal 0.156301 0 -0.987709
    outer loop
      vertex 0.261321 -5 19.0137
      vertex 0.519779 5 19.0546
      vertex 0.519779 -5 19.0546
    endloop
  endfacet
  facet normal 0.156301 0 -0.987709
    outer loop
      vertex 0.519779 5 19.0546
      vertex 0.261321 -5 19.0137
      vertex 0.261321 5 19.0137
    endloop
  endfacet
  facet normal 0.777051 -0 0.629438
    outer loop
      vertex 1.85786 -5 23.1728
      vertex 2.02254 5 22.9695
      vertex 1.85786 5 23.1728
    endloop
  endfacet
  facet normal 0.777051 0 0.629438
    outer loop
      vertex 2.02254 5 22.9695
      vertex 1.85786 -5 23.1728
      vertex 2.02254 -5 22.9695
    endloop
  endfacet
  facet normal -0.629122 0 -0.777306
    outer loop
      vertex -1.67283 -5 19.6421
      vertex -1.46946 5 19.4775
      vertex -1.46946 -5 19.4775
    endloop
  endfacet
  facet normal -0.629122 0 -0.777306
    outer loop
      vertex -1.46946 5 19.4775
      vertex -1.67283 -5 19.6421
      vertex -1.67283 5 19.6421
    endloop
  endfacet
  facet normal -0.838714 0 0.544572
    outer loop
      vertex -2.16506 -5 22.75
      vertex -2.02254 5 22.9695
      vertex -2.16506 5 22.75
    endloop
  endfacet
  facet normal -0.838714 0 0.544572
    outer loop
      vertex -2.02254 5 22.9695
      vertex -2.16506 -5 22.75
      vertex -2.02254 -5 22.9695
    endloop
  endfacet
  facet normal 0.156301 0 0.987709
    outer loop
      vertex 0.261321 5 23.9863
      vertex 0.519779 -5 23.9454
      vertex 0.519779 5 23.9454
    endloop
  endfacet
  facet normal 0.156301 0 0.987709
    outer loop
      vertex 0.519779 -5 23.9454
      vertex 0.261321 5 23.9863
      vertex 0.261321 -5 23.9863
    endloop
  endfacet
  facet normal 0.544857 0 0.838529
    outer loop
      vertex 1.25 5 23.6651
      vertex 1.46946 -5 23.5225
      vertex 1.46946 5 23.5225
    endloop
  endfacet
  facet normal 0.544857 0 0.838529
    outer loop
      vertex 1.46946 -5 23.5225
      vertex 1.25 5 23.6651
      vertex 1.25 -5 23.6651
    endloop
  endfacet
  facet normal -0.70724 0 -0.706973
    outer loop
      vertex -1.67283 -5 19.6421
      vertex -1.85786 5 19.8272
      vertex -1.67283 5 19.6421
    endloop
  endfacet
  facet normal -0.70724 -0 -0.706973
    outer loop
      vertex -1.85786 5 19.8272
      vertex -1.67283 -5 19.6421
      vertex -1.85786 -5 19.8272
    endloop
  endfacet
  facet normal -0.777051 0 -0.629438
    outer loop
      vertex -1.85786 -5 19.8272
      vertex -2.02254 5 20.0305
      vertex -1.85786 5 19.8272
    endloop
  endfacet
  facet normal -0.777051 -0 -0.629438
    outer loop
      vertex -2.02254 5 20.0305
      vertex -1.85786 -5 19.8272
      vertex -2.02254 -5 20.0305
    endloop
  endfacet
  facet normal -0.933578 0 -0.358375
    outer loop
      vertex -2.28386 -5 20.4832
      vertex -2.37764 5 20.7275
      vertex -2.28386 5 20.4832
    endloop
  endfacet
  facet normal -0.933578 -0 -0.358375
    outer loop
      vertex -2.37764 5 20.7275
      vertex -2.28386 -5 20.4832
      vertex -2.37764 -5 20.7275
    endloop
  endfacet
  facet normal -0.965907 0 -0.258888
    outer loop
      vertex -2.37764 -5 20.7275
      vertex -2.44537 5 20.9802
      vertex -2.37764 5 20.7275
    endloop
  endfacet
  facet normal -0.965907 -0 -0.258888
    outer loop
      vertex -2.44537 5 20.9802
      vertex -2.37764 -5 20.7275
      vertex -2.44537 -5 20.9802
    endloop
  endfacet
  facet normal 0.838714 0 -0.544572
    outer loop
      vertex 2.16506 -5 20.25
      vertex 2.02254 5 20.0305
      vertex 2.16506 5 20.25
    endloop
  endfacet
  facet normal 0.838714 0 -0.544572
    outer loop
      vertex 2.02254 5 20.0305
      vertex 2.16506 -5 20.25
      vertex 2.02254 -5 20.0305
    endloop
  endfacet
  facet normal -0.052354 0 0.998629
    outer loop
      vertex -0.261321 5 23.9863
      vertex 0 -5 24
      vertex 0 5 24
    endloop
  endfacet
  facet normal -0.052354 0 0.998629
    outer loop
      vertex 0 -5 24
      vertex -0.261321 5 23.9863
      vertex -0.261321 -5 23.9863
    endloop
  endfacet
  facet normal -0.358111 0 0.933679
    outer loop
      vertex -1.01684 5 23.7839
      vertex -0.772542 -5 23.8776
      vertex -0.772542 5 23.8776
    endloop
  endfacet
  facet normal -0.358111 0 0.933679
    outer loop
      vertex -0.772542 -5 23.8776
      vertex -1.01684 5 23.7839
      vertex -1.01684 -5 23.7839
    endloop
  endfacet
  facet normal -0.453988 0 -0.891008
    outer loop
      vertex -1.25 -5 19.3349
      vertex -1.01684 5 19.2161
      vertex -1.01684 -5 19.2161
    endloop
  endfacet
  facet normal -0.453988 0 -0.891008
    outer loop
      vertex -1.01684 5 19.2161
      vertex -1.25 -5 19.3349
      vertex -1.25 5 19.3349
    endloop
  endfacet
  facet normal 0 -1 0
    outer loop
      vertex -0.261321 -5 23.9863
      vertex 0.261321 -5 23.9863
      vertex 0 -5 24
    endloop
  endfacet
  facet normal 0 -1 0
    outer loop
      vertex -0.519779 -5 23.9454
      vertex 0.261321 -5 23.9863
      vertex -0.261321 -5 23.9863
    endloop
  endfacet
  facet normal 0 -1 0
    outer loop
      vertex -0.519779 -5 23.9454
      vertex 0.519779 -5 23.9454
      vertex 0.261321 -5 23.9863
    endloop
  endfacet
  facet normal 0 -1 0
    outer loop
      vertex -0.772542 -5 23.8776
      vertex 0.519779 -5 23.9454
      vertex -0.519779 -5 23.9454
    endloop
  endfacet
  facet normal 0 -1 0
    outer loop
      vertex -0.772542 -5 23.8776
      vertex 0.772542 -5 23.8776
      vertex 0.519779 -5 23.9454
    endloop
  endfacet
  facet normal 0 -1 0
    outer loop
      vertex -1.01684 -5 23.7839
      vertex 0.772542 -5 23.8776
      vertex -0.772542 -5 23.8776
    endloop
  endfacet
  facet normal 0 -1 0
    outer loop
      vertex -1.01684 -5 23.7839
      vertex 1.01684 -5 23.7839
      vertex 0.772542 -5 23.8776
    endloop
  endfacet
  facet normal 0 -1 0
    outer loop
      vertex -1.25 -5 23.6651
      vertex 1.01684 -5 23.7839
      vertex -1.01684 -5 23.7839
    endloop
  endfacet
  facet normal 0 -1 0
    outer loop
      vertex -1.25 -5 23.6651
      vertex 1.25 -5 23.6651
      vertex 1.01684 -5 23.7839
    endloop
  endfacet
  facet normal 0 -1 0
    outer loop
      vertex -1.46946 -5 23.5225
      vertex 1.25 -5 23.6651
      vertex -1.25 -5 23.6651
    endloop
  endfacet
  facet normal 0 -1 0
    outer loop
      vertex -1.46946 -5 23.5225
      vertex 1.46946 -5 23.5225
      vertex 1.25 -5 23.6651
    endloop
  endfacet
  facet normal 0 -1 0
    outer loop
      vertex -1.67283 -5 23.3579
      vertex 1.46946 -5 23.5225
      vertex -1.46946 -5 23.5225
    endloop
  endfacet
  facet normal 0 -1 0
    outer loop
      vertex -1.67283 -5 23.3579
      vertex 1.67283 -5 23.3579
      vertex 1.46946 -5 23.5225
    endloop
  endfacet
  facet normal 0 -1 0
    outer loop
      vertex -1.85786 -5 23.1728
      vertex 1.67283 -5 23.3579
      vertex -1.67283 -5 23.3579
    endloop
  endfacet
  facet normal 0 -1 0
    outer loop
      vertex -1.85786 -5 23.1728
      vertex 1.85786 -5 23.1728
      vertex 1.67283 -5 23.3579
    endloop
  endfacet
  facet normal 0 -1 0
    outer loop
      vertex -2.02254 -5 22.9695
      vertex 1.85786 -5 23.1728
      vertex -1.85786 -5 23.1728
    endloop
  endfacet
  facet normal 0 -1 0
    outer loop
      vertex -2.02254 -5 22.9695
      vertex 2.02254 -5 22.9695
      vertex 1.85786 -5 23.1728
    endloop
  endfacet
  facet normal 0 -1 0
    outer loop
      vertex -2.16506 -5 22.75
      vertex 2.02254 -5 22.9695
      vertex -2.02254 -5 22.9695
    endloop
  endfacet
  facet normal 0 -1 0
    outer loop
      vertex -2.16506 -5 22.75
      vertex 2.16506 -5 22.75
      vertex 2.02254 -5 22.9695
    endloop
  endfacet
  facet normal 0 -1 0
    outer loop
      vertex -2.28386 -5 22.5168
      vertex 2.16506 -5 22.75
      vertex -2.16506 -5 22.75
    endloop
  endfacet
  facet normal 0 -1 0
    outer loop
      vertex -2.28386 -5 22.5168
      vertex 2.28386 -5 22.5168
      vertex 2.16506 -5 22.75
    endloop
  endfacet
  facet normal 0 -1 0
    outer loop
      vertex -2.37764 -5 22.2725
      vertex 2.28386 -5 22.5168
      vertex -2.28386 -5 22.5168
    endloop
  endfacet
  facet normal 0 -1 0
    outer loop
      vertex -2.37764 -5 22.2725
      vertex 2.37764 -5 22.2725
      vertex 2.28386 -5 22.5168
    endloop
  endfacet
  facet normal 0 -1 0
    outer loop
      vertex -2.44537 -5 22.0198
      vertex 2.37764 -5 22.2725
      vertex -2.37764 -5 22.2725
    endloop
  endfacet
  facet normal 0 -1 0
    outer loop
      vertex -2.44537 -5 22.0198
      vertex 2.44537 -5 22.0198
      vertex 2.37764 -5 22.2725
    endloop
  endfacet
  facet normal 0 -1 0
    outer loop
      vertex -2.4863 -5 21.7613
      vertex 2.44537 -5 22.0198
      vertex -2.44537 -5 22.0198
    endloop
  endfacet
  facet normal 0 -1 0
    outer loop
      vertex -2.4863 -5 21.7613
      vertex 2.4863 -5 21.7613
      vertex 2.44537 -5 22.0198
    endloop
  endfacet
  facet normal 0 -1 0
    outer loop
      vertex -2.5 -5 21.5
      vertex 2.4863 -5 21.7613
      vertex -2.4863 -5 21.7613
    endloop
  endfacet
  facet normal 0 -1 0
    outer loop
      vertex -2.5 -5 21.5
      vertex 2.5 -5 21.5
      vertex 2.4863 -5 21.7613
    endloop
  endfacet
  facet normal 0 -1 0
    outer loop
      vertex -2.4863 -5 21.2387
      vertex 2.5 -5 21.5
      vertex -2.5 -5 21.5
    endloop
  endfacet
  facet normal 0 -1 0
    outer loop
      vertex -2.4863 -5 21.2387
      vertex 2.4863 -5 21.2387
      vertex 2.5 -5 21.5
    endloop
  endfacet
  facet normal 0 -1 0
    outer loop
      vertex -2.44537 -5 20.9802
      vertex 2.4863 -5 21.2387
      vertex -2.4863 -5 21.2387
    endloop
  endfacet
  facet normal 0 -1 0
    outer loop
      vertex -2.44537 -5 20.9802
      vertex 2.44537 -5 20.9802
      vertex 2.4863 -5 21.2387
    endloop
  endfacet
  facet normal 0 -1 0
    outer loop
      vertex -2.37764 -5 20.7275
      vertex 2.44537 -5 20.9802
      vertex -2.44537 -5 20.9802
    endloop
  endfacet
  facet normal 0 -1 0
    outer loop
      vertex -2.37764 -5 20.7275
      vertex 2.37764 -5 20.7275
      vertex 2.44537 -5 20.9802
    endloop
  endfacet
  facet normal 0 -1 0
    outer loop
      vertex -2.28386 -5 20.4832
      vertex 2.37764 -5 20.7275
      vertex -2.37764 -5 20.7275
    endloop
  endfacet
  facet normal 0 -1 0
    outer loop
      vertex -2.28386 -5 20.4832
      vertex 2.28386 -5 20.4832
      vertex 2.37764 -5 20.7275
    endloop
  endfacet
  facet normal 0 -1 0
    outer loop
      vertex -2.16506 -5 20.25
      vertex 2.28386 -5 20.4832
      vertex -2.28386 -5 20.4832
    endloop
  endfacet
  facet normal 0 -1 0
    outer loop
      vertex -2.16506 -5 20.25
      vertex 2.16506 -5 20.25
      vertex 2.28386 -5 20.4832
    endloop
  endfacet
  facet normal 0 -1 0
    outer loop
      vertex -2.02254 -5 20.0305
      vertex 2.16506 -5 20.25
      vertex -2.16506 -5 20.25
    endloop
  endfacet
  facet normal 0 -1 0
    outer loop
      vertex -2.02254 -5 20.0305
      vertex 2.02254 -5 20.0305
      vertex 2.16506 -5 20.25
    endloop
  endfacet
  facet normal 0 -1 0
    outer loop
      vertex -1.85786 -5 19.8272
      vertex 2.02254 -5 20.0305
      vertex -2.02254 -5 20.0305
    endloop
  endfacet
  facet normal 0 -1 0
    outer loop
      vertex -1.85786 -5 19.8272
      vertex 1.85786 -5 19.8272
      vertex 2.02254 -5 20.0305
    endloop
  endfacet
  facet normal 0 -1 0
    outer loop
      vertex -1.67283 -5 19.6421
      vertex 1.85786 -5 19.8272
      vertex -1.85786 -5 19.8272
    endloop
  endfacet
  facet normal 0 -1 0
    outer loop
      vertex -1.67283 -5 19.6421
      vertex 1.67283 -5 19.6421
      vertex 1.85786 -5 19.8272
    endloop
  endfacet
  facet normal 0 -1 0
    outer loop
      vertex -1.46946 -5 19.4775
      vertex 1.67283 -5 19.6421
      vertex -1.67283 -5 19.6421
    endloop
  endfacet
  facet normal 0 -1 0
    outer loop
      vertex -1.46946 -5 19.4775
      vertex 1.46946 -5 19.4775
      vertex 1.67283 -5 19.6421
    endloop
  endfacet
  facet normal 0 -1 0
    outer loop
      vertex -1.25 -5 19.3349
      vertex 1.46946 -5 19.4775
      vertex -1.46946 -5 19.4775
    endloop
  endfacet
  facet normal 0 -1 0
    outer loop
      vertex -1.25 -5 19.3349
      vertex 1.25 -5 19.3349
      vertex 1.46946 -5 19.4775
    endloop
  endfacet
  facet normal 0 -1 0
    outer loop
      vertex -1.01684 -5 19.2161
      vertex 1.25 -5 19.3349
      vertex -1.25 -5 19.3349
    endloop
  endfacet
  facet normal 0 -1 0
    outer loop
      vertex -1.01684 -5 19.2161
      vertex 1.01684 -5 19.2161
      vertex 1.25 -5 19.3349
    endloop
  endfacet
  facet normal 0 -1 0
    outer loop
      vertex -0.772542 -5 19.1224
      vertex 1.01684 -5 19.2161
      vertex -1.01684 -5 19.2161
    endloop
  endfacet
  facet normal 0 -1 0
    outer loop
      vertex -0.772542 -5 19.1224
      vertex 0.772542 -5 19.1224
      vertex 1.01684 -5 19.2161
    endloop
  endfacet
  facet normal 0 -1 0
    outer loop
      vertex -0.519779 -5 19.0546
      vertex 0.772542 -5 19.1224
      vertex -0.772542 -5 19.1224
    endloop
  endfacet
  facet normal 0 -1 0
    outer loop
      vertex -0.519779 -5 19.0546
      vertex 0.519779 -5 19.0546
      vertex 0.772542 -5 19.1224
    endloop
  endfacet
  facet normal 0 -1 0
    outer loop
      vertex -0.261321 -5 19.0137
      vertex 0.519779 -5 19.0546
      vertex -0.519779 -5 19.0546
    endloop
  endfacet
  facet normal 0 -1 0
    outer loop
      vertex -0.261321 -5 19.0137
      vertex 0.261321 -5 19.0137
      vertex 0.519779 -5 19.0546
    endloop
  endfacet
  facet normal -0 -1 0
    outer loop
      vertex 0.261321 -5 19.0137
      vertex -0.261321 -5 19.0137
      vertex 0 -5 19
    endloop
  endfacet
  facet normal 0.358111 0 0.933679
    outer loop
      vertex 0.772542 5 23.8776
      vertex 1.01684 -5 23.7839
      vertex 1.01684 5 23.7839
    endloop
  endfacet
  facet normal 0.358111 0 0.933679
    outer loop
      vertex 1.01684 -5 23.7839
      vertex 0.772542 5 23.8776
      vertex 0.772542 -5 23.8776
    endloop
  endfacet
  facet normal 0.358111 0 -0.933679
    outer loop
      vertex 0.772542 -5 19.1224
      vertex 1.01684 5 19.2161
      vertex 1.01684 -5 19.2161
    endloop
  endfacet
  facet normal 0.358111 0 -0.933679
    outer loop
      vertex 1.01684 5 19.2161
      vertex 0.772542 -5 19.1224
      vertex 0.772542 5 19.1224
    endloop
  endfacet
  facet normal -0.987696 0 0.156388
    outer loop
      vertex -2.4863 -5 21.7613
      vertex -2.44537 5 22.0198
      vertex -2.4863 5 21.7613
    endloop
  endfacet
  facet normal -0.987696 0 0.156388
    outer loop
      vertex -2.44537 5 22.0198
      vertex -2.4863 -5 21.7613
      vertex -2.44537 -5 22.0198
    endloop
  endfacet
  facet normal -0.987696 0 -0.156388
    outer loop
      vertex -2.44537 -5 20.9802
      vertex -2.4863 5 21.2387
      vertex -2.44537 5 20.9802
    endloop
  endfacet
  facet normal -0.987696 -0 -0.156388
    outer loop
      vertex -2.4863 5 21.2387
      vertex -2.44537 -5 20.9802
      vertex -2.4863 -5 21.2387
    endloop
  endfacet
  facet normal 0.259077 0 -0.965857
    outer loop
      vertex 0.519779 -5 19.0546
      vertex 0.772542 5 19.1224
      vertex 0.772542 -5 19.1224
    endloop
  endfacet
  facet normal 0.259077 0 -0.965857
    outer loop
      vertex 0.772542 5 19.1224
      vertex 0.519779 -5 19.0546
      vertex 0.519779 5 19.0546
    endloop
  endfacet
  facet normal 0.453988 0 -0.891008
    outer loop
      vertex 1.01684 -5 19.2161
      vertex 1.25 5 19.3349
      vertex 1.25 -5 19.3349
    endloop
  endfacet
  facet normal 0.453988 0 -0.891008
    outer loop
      vertex 1.25 5 19.3349
      vertex 1.01684 -5 19.2161
      vertex 1.01684 5 19.2161
    endloop
  endfacet
  facet normal 0.544857 0 -0.838529
    outer loop
      vertex 1.25 -5 19.3349
      vertex 1.46946 5 19.4775
      vertex 1.46946 -5 19.4775
    endloop
  endfacet
  facet normal 0.544857 0 -0.838529
    outer loop
      vertex 1.46946 5 19.4775
      vertex 1.25 -5 19.3349
      vertex 1.25 5 19.3349
    endloop
  endfacet
  facet normal -0.777051 0 0.629438
    outer loop
      vertex -2.02254 -5 22.9695
      vertex -1.85786 5 23.1728
      vertex -2.02254 5 22.9695
    endloop
  endfacet
  facet normal -0.777051 0 0.629438
    outer loop
      vertex -1.85786 5 23.1728
      vertex -2.02254 -5 22.9695
      vertex -1.85786 -5 23.1728
    endloop
  endfacet
  facet normal -0.891039 0 0.453926
    outer loop
      vertex -2.28386 -5 22.5168
      vertex -2.16506 5 22.75
      vertex -2.28386 5 22.5168
    endloop
  endfacet
  facet normal -0.891039 0 0.453926
    outer loop
      vertex -2.16506 5 22.75
      vertex -2.28386 -5 22.5168
      vertex -2.16506 -5 22.75
    endloop
  endfacet
  facet normal -0.544857 0 -0.838529
    outer loop
      vertex -1.46946 -5 19.4775
      vertex -1.25 5 19.3349
      vertex -1.25 -5 19.3349
    endloop
  endfacet
  facet normal -0.544857 0 -0.838529
    outer loop
      vertex -1.25 5 19.3349
      vertex -1.46946 -5 19.4775
      vertex -1.46946 5 19.4775
    endloop
  endfacet
  facet normal 0.933578 0 -0.358375
    outer loop
      vertex 2.37764 -5 20.7275
      vertex 2.28386 5 20.4832
      vertex 2.37764 5 20.7275
    endloop
  endfacet
  facet normal 0.933578 0 -0.358375
    outer loop
      vertex 2.28386 5 20.4832
      vertex 2.37764 -5 20.7275
      vertex 2.28386 -5 20.4832
    endloop
  endfacet
  facet normal -0.70724 0 0.706973
    outer loop
      vertex -1.85786 -5 23.1728
      vertex -1.67283 5 23.3579
      vertex -1.85786 5 23.1728
    endloop
  endfacet
  facet normal -0.70724 0 0.706973
    outer loop
      vertex -1.67283 5 23.3579
      vertex -1.85786 -5 23.1728
      vertex -1.67283 -5 23.3579
    endloop
  endfacet
  facet normal 0 0 -1
    outer loop
      vertex 99 5 2.5
      vertex 100.5 9 2.5
      vertex 100.5 5 2.5
    endloop
  endfacet
  facet normal -0 0 -1
    outer loop
      vertex 100.5 9 2.5
      vertex 99 5 2.5
      vertex 99 9 2.5
    endloop
  endfacet
  facet normal 1 -0 0
    outer loop
      vertex 100.5 5 32.5
      vertex 100.5 9 2.5
      vertex 100.5 9 32.5
    endloop
  endfacet
  facet normal 1 0 0
    outer loop
      vertex 100.5 9 2.5
      vertex 100.5 5 32.5
      vertex 100.5 5 2.5
    endloop
  endfacet
  facet normal -1 0 0
    outer loop
      vertex 99 5 2.5
      vertex 99 9 32.5
      vertex 99 9 2.5
    endloop
  endfacet
  facet normal -1 -0 0
    outer loop
      vertex 99 9 32.5
      vertex 99 5 2.5
      vertex 99 5 32.5
    endloop
  endfacet
  facet normal 0 1 -0
    outer loop
      vertex 100.5 9 2.5
      vertex 99 9 32.5
      vertex 100.5 9 32.5
    endloop
  endfacet
  facet normal 0 1 0
    outer loop
      vertex 99 9 32.5
      vertex 100.5 9 2.5
      vertex 99 9 2.5
    endloop
  endfacet
  facet normal 0 -1 0
    outer loop
      vertex 99 5 2.5
      vertex 100.5 5 32.5
      vertex 99 5 32.5
    endloop
  endfacet
  facet normal 0 -1 -0
    outer loop
      vertex 100.5 5 32.5
      vertex 99 5 2.5
      vertex 100.5 5 2.5
    endloop
  endfacet
  facet normal -0 0 1
    outer loop
      vertex 99 9 32.5
      vertex 100.5 5 32.5
      vertex 100.5 9 32.5
    endloop
  endfacet
  facet normal 0 0 1
    outer loop
      vertex 100.5 5 32.5
      vertex 99 9 32.5
      vertex 99 5 32.5
    endloop
  endfacet
  facet normal 0.156649 0 -0.987654
    outer loop
      vertex 96.6568 4.5 16.0082
      vertex 96.8119 9.5 16.0328
      vertex 96.8119 4.5 16.0328
    endloop
  endfacet
  facet normal 0.156649 0 -0.987654
    outer loop
      vertex 96.8119 9.5 16.0328
      vertex 96.6568 4.5 16.0082
      vertex 96.6568 9.5 16.0082
    endloop
  endfacet
  facet normal 0.0522246 0 -0.998635
    outer loop
      vertex 96.5 4.5 16
      vertex 96.6568 9.5 16.0082
      vertex 96.6568 4.5 16.0082
    endloop
  endfacet
  facet normal 0.0522246 0 -0.998635
    outer loop
      vertex 96.6568 9.5 16.0082
      vertex 96.5 4.5 16
      vertex 96.5 9.5 16
    endloop
  endfacet
  facet normal 0.258694 0 -0.965959
    outer loop
      vertex 96.8119 4.5 16.0328
      vertex 96.9635 9.5 16.0734
      vertex 96.9635 4.5 16.0734
    endloop
  endfacet
  facet normal 0.258694 0 -0.965959
    outer loop
      vertex 96.9635 9.5 16.0734
      vertex 96.8119 4.5 16.0328
      vertex 96.8119 9.5 16.0328
    endloop
  endfacet
  facet normal 0.35851 0 -0.933526
    outer loop
      vertex 96.9635 4.5 16.0734
      vertex 97.1101 9.5 16.1297
      vertex 97.1101 4.5 16.1297
    endloop
  endfacet
  facet normal 0.35851 0 -0.933526
    outer loop
      vertex 97.1101 9.5 16.1297
      vertex 96.9635 4.5 16.0734
      vertex 96.9635 9.5 16.0734
    endloop
  endfacet
  facet normal -0.987654 0 0.156649
    outer loop
      vertex 95.0082 4.5 17.6568
      vertex 95.0328 9.5 17.8119
      vertex 95.0082 9.5 17.6568
    endloop
  endfacet
  facet normal -0.987654 0 0.156649
    outer loop
      vertex 95.0328 9.5 17.8119
      vertex 95.0082 4.5 17.6568
      vertex 95.0328 4.5 17.8119
    endloop
  endfacet
  facet normal -0.707107 0 -0.707107
    outer loop
      vertex 95.3853 4.5 16.4963
      vertex 95.4963 9.5 16.3853
      vertex 95.4963 4.5 16.3853
    endloop
  endfacet
  facet normal -0.707107 0 -0.707107
    outer loop
      vertex 95.4963 9.5 16.3853
      vertex 95.3853 4.5 16.4963
      vertex 95.3853 9.5 16.4963
    endloop
  endfacet
  facet normal 0.890962 0 -0.454078
    outer loop
      vertex 97.8703 4.5 16.8899
      vertex 97.799 9.5 16.75
      vertex 97.8703 9.5 16.8899
    endloop
  endfacet
  facet normal 0.890962 0 -0.454078
    outer loop
      vertex 97.799 9.5 16.75
      vertex 97.8703 4.5 16.8899
      vertex 97.799 4.5 16.75
    endloop
  endfacet
  facet normal 0.629345 0 0.777126
    outer loop
      vertex 97.3817 9.5 18.7135
      vertex 97.5037 4.5 18.6147
      vertex 97.5037 9.5 18.6147
    endloop
  endfacet
  facet normal 0.629345 0 0.777126
    outer loop
      vertex 97.5037 4.5 18.6147
      vertex 97.3817 9.5 18.7135
      vertex 97.3817 4.5 18.7135
    endloop
  endfacet
  facet normal -0.987654 0 -0.156649
    outer loop
      vertex 95.0328 4.5 17.1881
      vertex 95.0082 9.5 17.3432
      vertex 95.0328 9.5 17.1881
    endloop
  endfacet
  facet normal -0.987654 -0 -0.156649
    outer loop
      vertex 95.0082 9.5 17.3432
      vertex 95.0328 4.5 17.1881
      vertex 95.0082 4.5 17.3432
    endloop
  endfacet
  facet normal -0.933526 0 -0.35851
    outer loop
      vertex 95.1297 4.5 16.8899
      vertex 95.0734 9.5 17.0365
      vertex 95.1297 9.5 16.8899
    endloop
  endfacet
  facet normal -0.933526 -0 -0.35851
    outer loop
      vertex 95.0734 9.5 17.0365
      vertex 95.1297 4.5 16.8899
      vertex 95.0734 4.5 17.0365
    endloop
  endfacet
  facet normal 0.707107 0 -0.707107
    outer loop
      vertex 97.5037 4.5 16.3853
      vertex 97.6147 9.5 16.4963
      vertex 97.6147 4.5 16.4963
    endloop
  endfacet
  facet normal 0.707107 0 -0.707107
    outer loop
      vertex 97.6147 9.5 16.4963
      vertex 97.5037 4.5 16.3853
      vertex 97.5037 9.5 16.3853
    endloop
  endfacet
  facet normal 0.777126 -0 0.629345
    outer loop
      vertex 97.6147 4.5 18.5037
      vertex 97.7135 9.5 18.3817
      vertex 97.6147 9.5 18.5037
    endloop
  endfacet
  facet normal 0.777126 0 0.629345
    outer loop
      vertex 97.7135 9.5 18.3817
      vertex 97.6147 4.5 18.5037
      vertex 97.7135 4.5 18.3817
    endloop
  endfacet
  facet normal 0 1 0
    outer loop
      vertex 96.6568 9.5 18.9918
      vertex 96.3432 9.5 18.9918
      vertex 96.5 9.5 19
    endloop
  endfacet
  facet normal 0 1 0
    outer loop
      vertex 96.8119 9.5 18.9672
      vertex 96.3432 9.5 18.9918
      vertex 96.6568 9.5 18.9918
    endloop
  endfacet
  facet normal 0 1 0
    outer loop
      vertex 96.8119 9.5 18.9672
      vertex 96.1881 9.5 18.9672
      vertex 96.3432 9.5 18.9918
    endloop
  endfacet
  facet normal 0 1 0
    outer loop
      vertex 96.9635 9.5 18.9266
      vertex 96.1881 9.5 18.9672
      vertex 96.8119 9.5 18.9672
    endloop
  endfacet
  facet normal 0 1 0
    outer loop
      vertex 96.9635 9.5 18.9266
      vertex 96.0365 9.5 18.9266
      vertex 96.1881 9.5 18.9672
    endloop
  endfacet
  facet normal 0 1 0
    outer loop
      vertex 97.1101 9.5 18.8703
      vertex 96.0365 9.5 18.9266
      vertex 96.9635 9.5 18.9266
    endloop
  endfacet
  facet normal 0 1 0
    outer loop
      vertex 97.1101 9.5 18.8703
      vertex 95.8899 9.5 18.8703
      vertex 96.0365 9.5 18.9266
    endloop
  endfacet
  facet normal 0 1 0
    outer loop
      vertex 97.25 9.5 18.799
      vertex 95.8899 9.5 18.8703
      vertex 97.1101 9.5 18.8703
    endloop
  endfacet
  facet normal 0 1 0
    outer loop
      vertex 97.25 9.5 18.799
      vertex 95.75 9.5 18.799
      vertex 95.8899 9.5 18.8703
    endloop
  endfacet
  facet normal 0 1 0
    outer loop
      vertex 97.3817 9.5 18.7135
      vertex 95.75 9.5 18.799
      vertex 97.25 9.5 18.799
    endloop
  endfacet
  facet normal 0 1 0
    outer loop
      vertex 97.3817 9.5 18.7135
      vertex 95.6183 9.5 18.7135
      vertex 95.75 9.5 18.799
    endloop
  endfacet
  facet normal 0 1 0
    outer loop
      vertex 97.5037 9.5 18.6147
      vertex 95.6183 9.5 18.7135
      vertex 97.3817 9.5 18.7135
    endloop
  endfacet
  facet normal 0 1 0
    outer loop
      vertex 97.5037 9.5 18.6147
      vertex 95.4963 9.5 18.6147
      vertex 95.6183 9.5 18.7135
    endloop
  endfacet
  facet normal 0 1 0
    outer loop
      vertex 97.6147 9.5 18.5037
      vertex 95.4963 9.5 18.6147
      vertex 97.5037 9.5 18.6147
    endloop
  endfacet
  facet normal 0 1 0
    outer loop
      vertex 97.6147 9.5 18.5037
      vertex 95.3853 9.5 18.5037
      vertex 95.4963 9.5 18.6147
    endloop
  endfacet
  facet normal 0 1 0
    outer loop
      vertex 97.7135 9.5 18.3817
      vertex 95.3853 9.5 18.5037
      vertex 97.6147 9.5 18.5037
    endloop
  endfacet
  facet normal 0 1 0
    outer loop
      vertex 97.7135 9.5 18.3817
      vertex 95.2865 9.5 18.3817
      vertex 95.3853 9.5 18.5037
    endloop
  endfacet
  facet normal 0 1 0
    outer loop
      vertex 97.799 9.5 18.25
      vertex 95.2865 9.5 18.3817
      vertex 97.7135 9.5 18.3817
    endloop
  endfacet
  facet normal 0 1 0
    outer loop
      vertex 97.799 9.5 18.25
      vertex 95.201 9.5 18.25
      vertex 95.2865 9.5 18.3817
    endloop
  endfacet
  facet normal 0 1 0
    outer loop
      vertex 97.8703 9.5 18.1101
      vertex 95.201 9.5 18.25
      vertex 97.799 9.5 18.25
    endloop
  endfacet
  facet normal 0 1 0
    outer loop
      vertex 97.8703 9.5 18.1101
      vertex 95.1297 9.5 18.1101
      vertex 95.201 9.5 18.25
    endloop
  endfacet
  facet normal 0 1 0
    outer loop
      vertex 97.9266 9.5 17.9635
      vertex 95.1297 9.5 18.1101
      vertex 97.8703 9.5 18.1101
    endloop
  endfacet
  facet normal 0 1 0
    outer loop
      vertex 97.9266 9.5 17.9635
      vertex 95.0734 9.5 17.9635
      vertex 95.1297 9.5 18.1101
    endloop
  endfacet
  facet normal 0 1 0
    outer loop
      vertex 97.9672 9.5 17.8119
      vertex 95.0734 9.5 17.9635
      vertex 97.9266 9.5 17.9635
    endloop
  endfacet
  facet normal 0 1 0
    outer loop
      vertex 97.9672 9.5 17.8119
      vertex 95.0328 9.5 17.8119
      vertex 95.0734 9.5 17.9635
    endloop
  endfacet
  facet normal 0 1 0
    outer loop
      vertex 97.9918 9.5 17.6568
      vertex 95.0328 9.5 17.8119
      vertex 97.9672 9.5 17.8119
    endloop
  endfacet
  facet normal 0 1 0
    outer loop
      vertex 97.9918 9.5 17.6568
      vertex 95.0082 9.5 17.6568
      vertex 95.0328 9.5 17.8119
    endloop
  endfacet
  facet normal 0 1 0
    outer loop
      vertex 98 9.5 17.5
      vertex 95.0082 9.5 17.6568
      vertex 97.9918 9.5 17.6568
    endloop
  endfacet
  facet normal 0 1 0
    outer loop
      vertex 98 9.5 17.5
      vertex 95 9.5 17.5
      vertex 95.0082 9.5 17.6568
    endloop
  endfacet
  facet normal 0 1 -0
    outer loop
      vertex 97.9918 9.5 17.3432
      vertex 95 9.5 17.5
      vertex 98 9.5 17.5
    endloop
  endfacet
  facet normal 0 1 0
    outer loop
      vertex 97.9918 9.5 17.3432
      vertex 95.0082 9.5 17.3432
      vertex 95 9.5 17.5
    endloop
  endfacet
  facet normal 0 1 -0
    outer loop
      vertex 97.9672 9.5 17.1881
      vertex 95.0082 9.5 17.3432
      vertex 97.9918 9.5 17.3432
    endloop
  endfacet
  facet normal 0 1 0
    outer loop
      vertex 97.9672 9.5 17.1881
      vertex 95.0328 9.5 17.1881
      vertex 95.0082 9.5 17.3432
    endloop
  endfacet
  facet normal 0 1 -0
    outer loop
      vertex 97.9266 9.5 17.0365
      vertex 95.0328 9.5 17.1881
      vertex 97.9672 9.5 17.1881
    endloop
  endfacet
  facet normal 0 1 0
    outer loop
      vertex 97.9266 9.5 17.0365
      vertex 95.0734 9.5 17.0365
      vertex 95.0328 9.5 17.1881
    endloop
  endfacet
  facet normal 0 1 -0
    outer loop
      vertex 97.8703 9.5 16.8899
      vertex 95.0734 9.5 17.0365
      vertex 97.9266 9.5 17.0365
    endloop
  endfacet
  facet normal 0 1 0
    outer loop
      vertex 97.8703 9.5 16.8899
      vertex 95.1297 9.5 16.8899
      vertex 95.0734 9.5 17.0365
    endloop
  endfacet
  facet normal 0 1 -0
    outer loop
      vertex 97.799 9.5 16.75
      vertex 95.1297 9.5 16.8899
      vertex 97.8703 9.5 16.8899
    endloop
  endfacet
  facet normal 0 1 0
    outer loop
      vertex 97.799 9.5 16.75
      vertex 95.201 9.5 16.75
      vertex 95.1297 9.5 16.8899
    endloop
  endfacet
  facet normal 0 1 -0
    outer loop
      vertex 97.7135 9.5 16.6183
      vertex 95.201 9.5 16.75
      vertex 97.799 9.5 16.75
    endloop
  endfacet
  facet normal 0 1 0
    outer loop
      vertex 97.7135 9.5 16.6183
      vertex 95.2865 9.5 16.6183
      vertex 95.201 9.5 16.75
    endloop
  endfacet
  facet normal 0 1 -0
    outer loop
      vertex 97.6147 9.5 16.4963
      vertex 95.2865 9.5 16.6183
      vertex 97.7135 9.5 16.6183
    endloop
  endfacet
  facet normal 0 1 0
    outer loop
      vertex 97.6147 9.5 16.4963
      vertex 95.3853 9.5 16.4963
      vertex 95.2865 9.5 16.6183
    endloop
  endfacet
  facet normal 0 1 -0
    outer loop
      vertex 97.5037 9.5 16.3853
      vertex 95.3853 9.5 16.4963
      vertex 97.6147 9.5 16.4963
    endloop
  endfacet
  facet normal 0 1 0
    outer loop
      vertex 97.5037 9.5 16.3853
      vertex 95.4963 9.5 16.3853
      vertex 95.3853 9.5 16.4963
    endloop
  endfacet
  facet normal 0 1 -0
    outer loop
      vertex 97.3817 9.5 16.2865
      vertex 95.4963 9.5 16.3853
      vertex 97.5037 9.5 16.3853
    endloop
  endfacet
  facet normal 0 1 0
    outer loop
      vertex 97.3817 9.5 16.2865
      vertex 95.6183 9.5 16.2865
      vertex 95.4963 9.5 16.3853
    endloop
  endfacet
  facet normal 0 1 -0
    outer loop
      vertex 97.25 9.5 16.201
      vertex 95.6183 9.5 16.2865
      vertex 97.3817 9.5 16.2865
    endloop
  endfacet
  facet normal 0 1 0
    outer loop
      vertex 97.25 9.5 16.201
      vertex 95.75 9.5 16.201
      vertex 95.6183 9.5 16.2865
    endloop
  endfacet
  facet normal 0 1 -0
    outer loop
      vertex 97.1101 9.5 16.1297
      vertex 95.75 9.5 16.201
      vertex 97.25 9.5 16.201
    endloop
  endfacet
  facet normal 0 1 0
    outer loop
      vertex 97.1101 9.5 16.1297
      vertex 95.8899 9.5 16.1297
      vertex 95.75 9.5 16.201
    endloop
  endfacet
  facet normal 0 1 -0
    outer loop
      vertex 96.9635 9.5 16.0734
      vertex 95.8899 9.5 16.1297
      vertex 97.1101 9.5 16.1297
    endloop
  endfacet
  facet normal 0 1 0
    outer loop
      vertex 96.9635 9.5 16.0734
      vertex 96.0365 9.5 16.0734
      vertex 95.8899 9.5 16.1297
    endloop
  endfacet
  facet normal 0 1 -0
    outer loop
      vertex 96.8119 9.5 16.0328
      vertex 96.0365 9.5 16.0734
      vertex 96.9635 9.5 16.0734
    endloop
  endfacet
  facet normal 0 1 0
    outer loop
      vertex 96.8119 9.5 16.0328
      vertex 96.1881 9.5 16.0328
      vertex 96.0365 9.5 16.0734
    endloop
  endfacet
  facet normal 0 1 -0
    outer loop
      vertex 96.6568 9.5 16.0082
      vertex 96.1881 9.5 16.0328
      vertex 96.8119 9.5 16.0328
    endloop
  endfacet
  facet normal 0 1 0
    outer loop
      vertex 96.6568 9.5 16.0082
      vertex 96.3432 9.5 16.0082
      vertex 96.1881 9.5 16.0328
    endloop
  endfacet
  facet normal -0 1 0
    outer loop
      vertex 96.3432 9.5 16.0082
      vertex 96.6568 9.5 16.0082
      vertex 96.5 9.5 16
    endloop
  endfacet
  facet normal -0.777126 0 -0.629345
    outer loop
      vertex 95.3853 4.5 16.4963
      vertex 95.2865 9.5 16.6183
      vertex 95.3853 9.5 16.4963
    endloop
  endfacet
  facet normal -0.777126 -0 -0.629345
    outer loop
      vertex 95.2865 9.5 16.6183
      vertex 95.3853 4.5 16.4963
      vertex 95.2865 4.5 16.6183
    endloop
  endfacet
  facet normal -0.838749 0 -0.544518
    outer loop
      vertex 95.2865 4.5 16.6183
      vertex 95.201 9.5 16.75
      vertex 95.2865 9.5 16.6183
    endloop
  endfacet
  facet normal -0.838749 -0 -0.544518
    outer loop
      vertex 95.201 9.5 16.75
      vertex 95.2865 4.5 16.6183
      vertex 95.201 4.5 16.75
    endloop
  endfacet
  facet normal -0.258694 0 0.965959
    outer loop
      vertex 96.0365 9.5 18.9266
      vertex 96.1881 4.5 18.9672
      vertex 96.1881 9.5 18.9672
    endloop
  endfacet
  facet normal -0.258694 0 0.965959
    outer loop
      vertex 96.1881 4.5 18.9672
      vertex 96.0365 9.5 18.9266
      vertex 96.0365 4.5 18.9266
    endloop
  endfacet
  facet normal 0.933526 -0 0.35851
    outer loop
      vertex 97.8703 4.5 18.1101
      vertex 97.9266 9.5 17.9635
      vertex 97.8703 9.5 18.1101
    endloop
  endfacet
  facet normal 0.933526 0 0.35851
    outer loop
      vertex 97.9266 9.5 17.9635
      vertex 97.8703 4.5 18.1101
      vertex 97.9266 4.5 17.9635
    endloop
  endfacet
  facet normal -0.156649 0 0.987654
    outer loop
      vertex 96.1881 9.5 18.9672
      vertex 96.3432 4.5 18.9918
      vertex 96.3432 9.5 18.9918
    endloop
  endfacet
  facet normal -0.156649 0 0.987654
    outer loop
      vertex 96.3432 4.5 18.9918
      vertex 96.1881 9.5 18.9672
      vertex 96.1881 4.5 18.9672
    endloop
  endfacet
  facet normal 0.987654 -0 0.156649
    outer loop
      vertex 97.9672 4.5 17.8119
      vertex 97.9918 9.5 17.6568
      vertex 97.9672 9.5 17.8119
    endloop
  endfacet
  facet normal 0.987654 0 0.156649
    outer loop
      vertex 97.9918 9.5 17.6568
      vertex 97.9672 4.5 17.8119
      vertex 97.9918 4.5 17.6568
    endloop
  endfacet
  facet normal 0.890962 -0 0.454078
    outer loop
      vertex 97.799 4.5 18.25
      vertex 97.8703 9.5 18.1101
      vertex 97.799 9.5 18.25
    endloop
  endfacet
  facet normal 0.890962 0 0.454078
    outer loop
      vertex 97.8703 9.5 18.1101
      vertex 97.799 4.5 18.25
      vertex 97.8703 4.5 18.1101
    endloop
  endfacet
  facet normal 0.965959 0 -0.258694
    outer loop
      vertex 97.9672 4.5 17.1881
      vertex 97.9266 9.5 17.0365
      vertex 97.9672 9.5 17.1881
    endloop
  endfacet
  facet normal 0.965959 0 -0.258694
    outer loop
      vertex 97.9266 9.5 17.0365
      vertex 97.9672 4.5 17.1881
      vertex 97.9266 4.5 17.0365
    endloop
  endfacet
  facet normal 0.933526 0 -0.35851
    outer loop
      vertex 97.9266 4.5 17.0365
      vertex 97.8703 9.5 16.8899
      vertex 97.9266 9.5 17.0365
    endloop
  endfacet
  facet normal 0.933526 0 -0.35851
    outer loop
      vertex 97.8703 9.5 16.8899
      vertex 97.9266 4.5 17.0365
      vertex 97.8703 4.5 16.8899
    endloop
  endfacet
  facet normal -0.454078 0 -0.890962
    outer loop
      vertex 95.75 4.5 16.201
      vertex 95.8899 9.5 16.1297
      vertex 95.8899 4.5 16.1297
    endloop
  endfacet
  facet normal -0.454078 0 -0.890962
    outer loop
      vertex 95.8899 9.5 16.1297
      vertex 95.75 4.5 16.201
      vertex 95.75 9.5 16.201
    endloop
  endfacet
  facet normal 0.838749 -0 0.544518
    outer loop
      vertex 97.7135 4.5 18.3817
      vertex 97.799 9.5 18.25
      vertex 97.7135 9.5 18.3817
    endloop
  endfacet
  facet normal 0.838749 0 0.544518
    outer loop
      vertex 97.799 9.5 18.25
      vertex 97.7135 4.5 18.3817
      vertex 97.799 4.5 18.25
    endloop
  endfacet
  facet normal -0.544518 0 0.838749
    outer loop
      vertex 95.6183 9.5 18.7135
      vertex 95.75 4.5 18.799
      vertex 95.75 9.5 18.799
    endloop
  endfacet
  facet normal -0.544518 0 0.838749
    outer loop
      vertex 95.75 4.5 18.799
      vertex 95.6183 9.5 18.7135
      vertex 95.6183 4.5 18.7135
    endloop
  endfacet
  facet normal -0.998635 0 -0.0522246
    outer loop
      vertex 95.0082 4.5 17.3432
      vertex 95 9.5 17.5
      vertex 95.0082 9.5 17.3432
    endloop
  endfacet
  facet normal -0.998635 -0 -0.0522246
    outer loop
      vertex 95 9.5 17.5
      vertex 95.0082 4.5 17.3432
      vertex 95 4.5 17.5
    endloop
  endfacet
  facet normal 0.838749 0 -0.544518
    outer loop
      vertex 97.799 4.5 16.75
      vertex 97.7135 9.5 16.6183
      vertex 97.799 9.5 16.75
    endloop
  endfacet
  facet normal 0.838749 0 -0.544518
    outer loop
      vertex 97.7135 9.5 16.6183
      vertex 97.799 4.5 16.75
      vertex 97.7135 4.5 16.6183
    endloop
  endfacet
  facet normal -0.998635 0 0.0522246
    outer loop
      vertex 95 4.5 17.5
      vertex 95.0082 9.5 17.6568
      vertex 95 9.5 17.5
    endloop
  endfacet
  facet normal -0.998635 0 0.0522246
    outer loop
      vertex 95.0082 9.5 17.6568
      vertex 95 4.5 17.5
      vertex 95.0082 4.5 17.6568
    endloop
  endfacet
  facet normal 0.998635 0 -0.0522246
    outer loop
      vertex 98 4.5 17.5
      vertex 97.9918 9.5 17.3432
      vertex 98 9.5 17.5
    endloop
  endfacet
  facet normal 0.998635 0 -0.0522246
    outer loop
      vertex 97.9918 9.5 17.3432
      vertex 98 4.5 17.5
      vertex 97.9918 4.5 17.3432
    endloop
  endfacet
  facet normal 0.544518 0 -0.838749
    outer loop
      vertex 97.25 4.5 16.201
      vertex 97.3817 9.5 16.2865
      vertex 97.3817 4.5 16.2865
    endloop
  endfacet
  facet normal 0.544518 0 -0.838749
    outer loop
      vertex 97.3817 9.5 16.2865
      vertex 97.25 4.5 16.201
      vertex 97.25 9.5 16.201
    endloop
  endfacet
  facet normal -0.156649 0 -0.987654
    outer loop
      vertex 96.1881 4.5 16.0328
      vertex 96.3432 9.5 16.0082
      vertex 96.3432 4.5 16.0082
    endloop
  endfacet
  facet normal -0.156649 0 -0.987654
    outer loop
      vertex 96.3432 9.5 16.0082
      vertex 96.1881 4.5 16.0328
      vertex 96.1881 9.5 16.0328
    endloop
  endfacet
  facet normal -0.35851 0 0.933526
    outer loop
      vertex 95.8899 9.5 18.8703
      vertex 96.0365 4.5 18.9266
      vertex 96.0365 9.5 18.9266
    endloop
  endfacet
  facet normal -0.35851 0 0.933526
    outer loop
      vertex 96.0365 4.5 18.9266
      vertex 95.8899 9.5 18.8703
      vertex 95.8899 4.5 18.8703
    endloop
  endfacet
  facet normal 0.777126 0 -0.629345
    outer loop
      vertex 97.7135 4.5 16.6183
      vertex 97.6147 9.5 16.4963
      vertex 97.7135 9.5 16.6183
    endloop
  endfacet
  facet normal 0.777126 0 -0.629345
    outer loop
      vertex 97.6147 9.5 16.4963
      vertex 97.7135 4.5 16.6183
      vertex 97.6147 4.5 16.4963
    endloop
  endfacet
  facet normal 0.156649 0 0.987654
    outer loop
      vertex 96.6568 9.5 18.9918
      vertex 96.8119 4.5 18.9672
      vertex 96.8119 9.5 18.9672
    endloop
  endfacet
  facet normal 0.156649 0 0.987654
    outer loop
      vertex 96.8119 4.5 18.9672
      vertex 96.6568 9.5 18.9918
      vertex 96.6568 4.5 18.9918
    endloop
  endfacet
  facet normal 0.707107 0 0.707107
    outer loop
      vertex 97.5037 9.5 18.6147
      vertex 97.6147 4.5 18.5037
      vertex 97.6147 9.5 18.5037
    endloop
  endfacet
  facet normal 0.707107 0 0.707107
    outer loop
      vertex 97.6147 4.5 18.5037
      vertex 97.5037 9.5 18.6147
      vertex 97.5037 4.5 18.6147
    endloop
  endfacet
  facet normal -0.454078 0 0.890962
    outer loop
      vertex 95.75 9.5 18.799
      vertex 95.8899 4.5 18.8703
      vertex 95.8899 9.5 18.8703
    endloop
  endfacet
  facet normal -0.454078 0 0.890962
    outer loop
      vertex 95.8899 4.5 18.8703
      vertex 95.75 9.5 18.799
      vertex 95.75 4.5 18.799
    endloop
  endfacet
  facet normal 0.258694 0 0.965959
    outer loop
      vertex 96.8119 9.5 18.9672
      vertex 96.9635 4.5 18.9266
      vertex 96.9635 9.5 18.9266
    endloop
  endfacet
  facet normal 0.258694 0 0.965959
    outer loop
      vertex 96.9635 4.5 18.9266
      vertex 96.8119 9.5 18.9672
      vertex 96.8119 4.5 18.9672
    endloop
  endfacet
  facet normal 0.629345 0 -0.777126
    outer loop
      vertex 97.3817 4.5 16.2865
      vertex 97.5037 9.5 16.3853
      vertex 97.5037 4.5 16.3853
    endloop
  endfacet
  facet normal 0.629345 0 -0.777126
    outer loop
      vertex 97.5037 9.5 16.3853
      vertex 97.3817 4.5 16.2865
      vertex 97.3817 9.5 16.2865
    endloop
  endfacet
  facet normal -0.258694 0 -0.965959
    outer loop
      vertex 96.0365 4.5 16.0734
      vertex 96.1881 9.5 16.0328
      vertex 96.1881 4.5 16.0328
    endloop
  endfacet
  facet normal -0.258694 0 -0.965959
    outer loop
      vertex 96.1881 9.5 16.0328
      vertex 96.0365 4.5 16.0734
      vertex 96.0365 9.5 16.0734
    endloop
  endfacet
  facet normal -0.544518 0 -0.838749
    outer loop
      vertex 95.6183 4.5 16.2865
      vertex 95.75 9.5 16.201
      vertex 95.75 4.5 16.201
    endloop
  endfacet
  facet normal -0.544518 0 -0.838749
    outer loop
      vertex 95.75 9.5 16.201
      vertex 95.6183 4.5 16.2865
      vertex 95.6183 9.5 16.2865
    endloop
  endfacet
  facet normal -0.629345 0 -0.777126
    outer loop
      vertex 95.4963 4.5 16.3853
      vertex 95.6183 9.5 16.2865
      vertex 95.6183 4.5 16.2865
    endloop
  endfacet
  facet normal -0.629345 0 -0.777126
    outer loop
      vertex 95.6183 9.5 16.2865
      vertex 95.4963 4.5 16.3853
      vertex 95.4963 9.5 16.3853
    endloop
  endfacet
  facet normal -0.35851 0 -0.933526
    outer loop
      vertex 95.8899 4.5 16.1297
      vertex 96.0365 9.5 16.0734
      vertex 96.0365 4.5 16.0734
    endloop
  endfacet
  facet normal -0.35851 0 -0.933526
    outer loop
      vertex 96.0365 9.5 16.0734
      vertex 95.8899 4.5 16.1297
      vertex 95.8899 9.5 16.1297
    endloop
  endfacet
  facet normal 0.965959 -0 0.258694
    outer loop
      vertex 97.9266 4.5 17.9635
      vertex 97.9672 9.5 17.8119
      vertex 97.9266 9.5 17.9635
    endloop
  endfacet
  facet normal 0.965959 0 0.258694
    outer loop
      vertex 97.9672 9.5 17.8119
      vertex 97.9266 4.5 17.9635
      vertex 97.9672 4.5 17.8119
    endloop
  endfacet
  facet normal 0.544518 0 0.838749
    outer loop
      vertex 97.25 9.5 18.799
      vertex 97.3817 4.5 18.7135
      vertex 97.3817 9.5 18.7135
    endloop
  endfacet
  facet normal 0.544518 0 0.838749
    outer loop
      vertex 97.3817 4.5 18.7135
      vertex 97.25 9.5 18.799
      vertex 97.25 4.5 18.799
    endloop
  endfacet
  facet normal 0.987654 0 -0.156649
    outer loop
      vertex 97.9918 4.5 17.3432
      vertex 97.9672 9.5 17.1881
      vertex 97.9918 9.5 17.3432
    endloop
  endfacet
  facet normal 0.987654 0 -0.156649
    outer loop
      vertex 97.9672 9.5 17.1881
      vertex 97.9918 4.5 17.3432
      vertex 97.9672 4.5 17.1881
    endloop
  endfacet
  facet normal 0.454078 0 -0.890962
    outer loop
      vertex 97.1101 4.5 16.1297
      vertex 97.25 9.5 16.201
      vertex 97.25 4.5 16.201
    endloop
  endfacet
  facet normal 0.454078 0 -0.890962
    outer loop
      vertex 97.25 9.5 16.201
      vertex 97.1101 4.5 16.1297
      vertex 97.1101 9.5 16.1297
    endloop
  endfacet
  facet normal -0.965959 0 0.258694
    outer loop
      vertex 95.0328 4.5 17.8119
      vertex 95.0734 9.5 17.9635
      vertex 95.0328 9.5 17.8119
    endloop
  endfacet
  facet normal -0.965959 0 0.258694
    outer loop
      vertex 95.0734 9.5 17.9635
      vertex 95.0328 4.5 17.8119
      vertex 95.0734 4.5 17.9635
    endloop
  endfacet
  facet normal -0.0522246 0 -0.998635
    outer loop
      vertex 96.3432 4.5 16.0082
      vertex 96.5 9.5 16
      vertex 96.5 4.5 16
    endloop
  endfacet
  facet normal -0.0522246 0 -0.998635
    outer loop
      vertex 96.5 9.5 16
      vertex 96.3432 4.5 16.0082
      vertex 96.3432 9.5 16.0082
    endloop
  endfacet
  facet normal -0.707107 0 0.707107
    outer loop
      vertex 95.3853 9.5 18.5037
      vertex 95.4963 4.5 18.6147
      vertex 95.4963 9.5 18.6147
    endloop
  endfacet
  facet normal -0.707107 0 0.707107
    outer loop
      vertex 95.4963 4.5 18.6147
      vertex 95.3853 9.5 18.5037
      vertex 95.3853 4.5 18.5037
    endloop
  endfacet
  facet normal -0.965959 0 -0.258694
    outer loop
      vertex 95.0734 4.5 17.0365
      vertex 95.0328 9.5 17.1881
      vertex 95.0734 9.5 17.0365
    endloop
  endfacet
  facet normal -0.965959 -0 -0.258694
    outer loop
      vertex 95.0328 9.5 17.1881
      vertex 95.0734 4.5 17.0365
      vertex 95.0328 4.5 17.1881
    endloop
  endfacet
  facet normal 0.998635 -0 0.0522246
    outer loop
      vertex 97.9918 4.5 17.6568
      vertex 98 9.5 17.5
      vertex 97.9918 9.5 17.6568
    endloop
  endfacet
  facet normal 0.998635 0 0.0522246
    outer loop
      vertex 98 9.5 17.5
      vertex 97.9918 4.5 17.6568
      vertex 98 4.5 17.5
    endloop
  endfacet
  facet normal -0.890962 0 -0.454078
    outer loop
      vertex 95.201 4.5 16.75
      vertex 95.1297 9.5 16.8899
      vertex 95.201 9.5 16.75
    endloop
  endfacet
  facet normal -0.890962 -0 -0.454078
    outer loop
      vertex 95.1297 9.5 16.8899
      vertex 95.201 4.5 16.75
      vertex 95.1297 4.5 16.8899
    endloop
  endfacet
  facet normal -0.0522246 0 0.998635
    outer loop
      vertex 96.3432 9.5 18.9918
      vertex 96.5 4.5 19
      vertex 96.5 9.5 19
    endloop
  endfacet
  facet normal -0.0522246 0 0.998635
    outer loop
      vertex 96.5 4.5 19
      vertex 96.3432 9.5 18.9918
      vertex 96.3432 4.5 18.9918
    endloop
  endfacet
  facet normal -0.629345 0 0.777126
    outer loop
      vertex 95.4963 9.5 18.6147
      vertex 95.6183 4.5 18.7135
      vertex 95.6183 9.5 18.7135
    endloop
  endfacet
  facet normal -0.629345 0 0.777126
    outer loop
      vertex 95.6183 4.5 18.7135
      vertex 95.4963 9.5 18.6147
      vertex 95.4963 4.5 18.6147
    endloop
  endfacet
  facet normal -0.890962 0 0.454078
    outer loop
      vertex 95.1297 4.5 18.1101
      vertex 95.201 9.5 18.25
      vertex 95.1297 9.5 18.1101
    endloop
  endfacet
  facet normal -0.890962 0 0.454078
    outer loop
      vertex 95.201 9.5 18.25
      vertex 95.1297 4.5 18.1101
      vertex 95.201 4.5 18.25
    endloop
  endfacet
  facet normal 0.35851 0 0.933526
    outer loop
      vertex 96.9635 9.5 18.9266
      vertex 97.1101 4.5 18.8703
      vertex 97.1101 9.5 18.8703
    endloop
  endfacet
  facet normal 0.35851 0 0.933526
    outer loop
      vertex 97.1101 4.5 18.8703
      vertex 96.9635 9.5 18.9266
      vertex 96.9635 4.5 18.9266
    endloop
  endfacet
  facet normal -0.777126 0 0.629345
    outer loop
      vertex 95.2865 4.5 18.3817
      vertex 95.3853 9.5 18.5037
      vertex 95.2865 9.5 18.3817
    endloop
  endfacet
  facet normal -0.777126 0 0.629345
    outer loop
      vertex 95.3853 9.5 18.5037
      vertex 95.2865 4.5 18.3817
      vertex 95.3853 4.5 18.5037
    endloop
  endfacet
  facet normal -0.838749 0 0.544518
    outer loop
      vertex 95.201 4.5 18.25
      vertex 95.2865 9.5 18.3817
      vertex 95.201 9.5 18.25
    endloop
  endfacet
  facet normal -0.838749 0 0.544518
    outer loop
      vertex 95.2865 9.5 18.3817
      vertex 95.201 4.5 18.25
      vertex 95.2865 4.5 18.3817
    endloop
  endfacet
  facet normal -0.933526 0 0.35851
    outer loop
      vertex 95.0734 4.5 17.9635
      vertex 95.1297 9.5 18.1101
      vertex 95.0734 9.5 17.9635
    endloop
  endfacet
  facet normal -0.933526 0 0.35851
    outer loop
      vertex 95.1297 9.5 18.1101
      vertex 95.0734 4.5 17.9635
      vertex 95.1297 4.5 18.1101
    endloop
  endfacet
  facet normal 0.0522246 0 0.998635
    outer loop
      vertex 96.5 9.5 19
      vertex 96.6568 4.5 18.9918
      vertex 96.6568 9.5 18.9918
    endloop
  endfacet
  facet normal 0.0522246 0 0.998635
    outer loop
      vertex 96.6568 4.5 18.9918
      vertex 96.5 9.5 19
      vertex 96.5 4.5 19
    endloop
  endfacet
  facet normal 0 -1 0
    outer loop
      vertex 96.3432 4.5 18.9918
      vertex 96.6568 4.5 18.9918
      vertex 96.5 4.5 19
    endloop
  endfacet
  facet normal 0 -1 0
    outer loop
      vertex 96.1881 4.5 18.9672
      vertex 96.6568 4.5 18.9918
      vertex 96.3432 4.5 18.9918
    endloop
  endfacet
  facet normal 0 -1 0
    outer loop
      vertex 96.1881 4.5 18.9672
      vertex 96.8119 4.5 18.9672
      vertex 96.6568 4.5 18.9918
    endloop
  endfacet
  facet normal 0 -1 0
    outer loop
      vertex 96.0365 4.5 18.9266
      vertex 96.8119 4.5 18.9672
      vertex 96.1881 4.5 18.9672
    endloop
  endfacet
  facet normal 0 -1 0
    outer loop
      vertex 96.0365 4.5 18.9266
      vertex 96.9635 4.5 18.9266
      vertex 96.8119 4.5 18.9672
    endloop
  endfacet
  facet normal 0 -1 0
    outer loop
      vertex 95.8899 4.5 18.8703
      vertex 96.9635 4.5 18.9266
      vertex 96.0365 4.5 18.9266
    endloop
  endfacet
  facet normal 0 -1 0
    outer loop
      vertex 95.8899 4.5 18.8703
      vertex 97.1101 4.5 18.8703
      vertex 96.9635 4.5 18.9266
    endloop
  endfacet
  facet normal 0 -1 0
    outer loop
      vertex 95.75 4.5 18.799
      vertex 97.1101 4.5 18.8703
      vertex 95.8899 4.5 18.8703
    endloop
  endfacet
  facet normal 0 -1 0
    outer loop
      vertex 95.75 4.5 18.799
      vertex 97.25 4.5 18.799
      vertex 97.1101 4.5 18.8703
    endloop
  endfacet
  facet normal 0 -1 0
    outer loop
      vertex 95.6183 4.5 18.7135
      vertex 97.25 4.5 18.799
      vertex 95.75 4.5 18.799
    endloop
  endfacet
  facet normal 0 -1 0
    outer loop
      vertex 95.6183 4.5 18.7135
      vertex 97.3817 4.5 18.7135
      vertex 97.25 4.5 18.799
    endloop
  endfacet
  facet normal 0 -1 0
    outer loop
      vertex 95.4963 4.5 18.6147
      vertex 97.3817 4.5 18.7135
      vertex 95.6183 4.5 18.7135
    endloop
  endfacet
  facet normal 0 -1 0
    outer loop
      vertex 95.4963 4.5 18.6147
      vertex 97.5037 4.5 18.6147
      vertex 97.3817 4.5 18.7135
    endloop
  endfacet
  facet normal 0 -1 0
    outer loop
      vertex 95.3853 4.5 18.5037
      vertex 97.5037 4.5 18.6147
      vertex 95.4963 4.5 18.6147
    endloop
  endfacet
  facet normal 0 -1 0
    outer loop
      vertex 95.3853 4.5 18.5037
      vertex 97.6147 4.5 18.5037
      vertex 97.5037 4.5 18.6147
    endloop
  endfacet
  facet normal 0 -1 0
    outer loop
      vertex 95.2865 4.5 18.3817
      vertex 97.6147 4.5 18.5037
      vertex 95.3853 4.5 18.5037
    endloop
  endfacet
  facet normal 0 -1 0
    outer loop
      vertex 95.2865 4.5 18.3817
      vertex 97.7135 4.5 18.3817
      vertex 97.6147 4.5 18.5037
    endloop
  endfacet
  facet normal 0 -1 0
    outer loop
      vertex 95.201 4.5 18.25
      vertex 97.7135 4.5 18.3817
      vertex 95.2865 4.5 18.3817
    endloop
  endfacet
  facet normal 0 -1 0
    outer loop
      vertex 95.201 4.5 18.25
      vertex 97.799 4.5 18.25
      vertex 97.7135 4.5 18.3817
    endloop
  endfacet
  facet normal 0 -1 0
    outer loop
      vertex 95.1297 4.5 18.1101
      vertex 97.799 4.5 18.25
      vertex 95.201 4.5 18.25
    endloop
  endfacet
  facet normal 0 -1 0
    outer loop
      vertex 95.1297 4.5 18.1101
      vertex 97.8703 4.5 18.1101
      vertex 97.799 4.5 18.25
    endloop
  endfacet
  facet normal 0 -1 0
    outer loop
      vertex 95.0734 4.5 17.9635
      vertex 97.8703 4.5 18.1101
      vertex 95.1297 4.5 18.1101
    endloop
  endfacet
  facet normal 0 -1 0
    outer loop
      vertex 95.0734 4.5 17.9635
      vertex 97.9266 4.5 17.9635
      vertex 97.8703 4.5 18.1101
    endloop
  endfacet
  facet normal 0 -1 0
    outer loop
      vertex 95.0328 4.5 17.8119
      vertex 97.9266 4.5 17.9635
      vertex 95.0734 4.5 17.9635
    endloop
  endfacet
  facet normal 0 -1 0
    outer loop
      vertex 95.0328 4.5 17.8119
      vertex 97.9672 4.5 17.8119
      vertex 97.9266 4.5 17.9635
    endloop
  endfacet
  facet normal 0 -1 0
    outer loop
      vertex 95.0082 4.5 17.6568
      vertex 97.9672 4.5 17.8119
      vertex 95.0328 4.5 17.8119
    endloop
  endfacet
  facet normal 0 -1 0
    outer loop
      vertex 95.0082 4.5 17.6568
      vertex 97.9918 4.5 17.6568
      vertex 97.9672 4.5 17.8119
    endloop
  endfacet
  facet normal 0 -1 0
    outer loop
      vertex 95 4.5 17.5
      vertex 97.9918 4.5 17.6568
      vertex 95.0082 4.5 17.6568
    endloop
  endfacet
  facet normal 0 -1 0
    outer loop
      vertex 95 4.5 17.5
      vertex 98 4.5 17.5
      vertex 97.9918 4.5 17.6568
    endloop
  endfacet
  facet normal 0 -1 0
    outer loop
      vertex 95.0082 4.5 17.3432
      vertex 98 4.5 17.5
      vertex 95 4.5 17.5
    endloop
  endfacet
  facet normal 0 -1 0
    outer loop
      vertex 95.0082 4.5 17.3432
      vertex 97.9918 4.5 17.3432
      vertex 98 4.5 17.5
    endloop
  endfacet
  facet normal 0 -1 0
    outer loop
      vertex 95.0328 4.5 17.1881
      vertex 97.9918 4.5 17.3432
      vertex 95.0082 4.5 17.3432
    endloop
  endfacet
  facet normal 0 -1 0
    outer loop
      vertex 95.0328 4.5 17.1881
      vertex 97.9672 4.5 17.1881
      vertex 97.9918 4.5 17.3432
    endloop
  endfacet
  facet normal 0 -1 0
    outer loop
      vertex 95.0734 4.5 17.0365
      vertex 97.9672 4.5 17.1881
      vertex 95.0328 4.5 17.1881
    endloop
  endfacet
  facet normal 0 -1 0
    outer loop
      vertex 95.0734 4.5 17.0365
      vertex 97.9266 4.5 17.0365
      vertex 97.9672 4.5 17.1881
    endloop
  endfacet
  facet normal 0 -1 0
    outer loop
      vertex 95.1297 4.5 16.8899
      vertex 97.9266 4.5 17.0365
      vertex 95.0734 4.5 17.0365
    endloop
  endfacet
  facet normal 0 -1 0
    outer loop
      vertex 95.1297 4.5 16.8899
      vertex 97.8703 4.5 16.8899
      vertex 97.9266 4.5 17.0365
    endloop
  endfacet
  facet normal 0 -1 0
    outer loop
      vertex 95.201 4.5 16.75
      vertex 97.8703 4.5 16.8899
      vertex 95.1297 4.5 16.8899
    endloop
  endfacet
  facet normal 0 -1 0
    outer loop
      vertex 95.201 4.5 16.75
      vertex 97.799 4.5 16.75
      vertex 97.8703 4.5 16.8899
    endloop
  endfacet
  facet normal 0 -1 0
    outer loop
      vertex 95.2865 4.5 16.6183
      vertex 97.799 4.5 16.75
      vertex 95.201 4.5 16.75
    endloop
  endfacet
  facet normal 0 -1 0
    outer loop
      vertex 95.2865 4.5 16.6183
      vertex 97.7135 4.5 16.6183
      vertex 97.799 4.5 16.75
    endloop
  endfacet
  facet normal 0 -1 0
    outer loop
      vertex 95.3853 4.5 16.4963
      vertex 97.7135 4.5 16.6183
      vertex 95.2865 4.5 16.6183
    endloop
  endfacet
  facet normal 0 -1 0
    outer loop
      vertex 95.3853 4.5 16.4963
      vertex 97.6147 4.5 16.4963
      vertex 97.7135 4.5 16.6183
    endloop
  endfacet
  facet normal 0 -1 0
    outer loop
      vertex 95.4963 4.5 16.3853
      vertex 97.6147 4.5 16.4963
      vertex 95.3853 4.5 16.4963
    endloop
  endfacet
  facet normal 0 -1 0
    outer loop
      vertex 95.4963 4.5 16.3853
      vertex 97.5037 4.5 16.3853
      vertex 97.6147 4.5 16.4963
    endloop
  endfacet
  facet normal 0 -1 0
    outer loop
      vertex 95.6183 4.5 16.2865
      vertex 97.5037 4.5 16.3853
      vertex 95.4963 4.5 16.3853
    endloop
  endfacet
  facet normal 0 -1 0
    outer loop
      vertex 95.6183 4.5 16.2865
      vertex 97.3817 4.5 16.2865
      vertex 97.5037 4.5 16.3853
    endloop
  endfacet
  facet normal 0 -1 0
    outer loop
      vertex 95.75 4.5 16.201
      vertex 97.3817 4.5 16.2865
      vertex 95.6183 4.5 16.2865
    endloop
  endfacet
  facet normal 0 -1 0
    outer loop
      vertex 95.75 4.5 16.201
      vertex 97.25 4.5 16.201
      vertex 97.3817 4.5 16.2865
    endloop
  endfacet
  facet normal 0 -1 0
    outer loop
      vertex 95.8899 4.5 16.1297
      vertex 97.25 4.5 16.201
      vertex 95.75 4.5 16.201
    endloop
  endfacet
  facet normal 0 -1 0
    outer loop
      vertex 95.8899 4.5 16.1297
      vertex 97.1101 4.5 16.1297
      vertex 97.25 4.5 16.201
    endloop
  endfacet
  facet normal 0 -1 0
    outer loop
      vertex 96.0365 4.5 16.0734
      vertex 97.1101 4.5 16.1297
      vertex 95.8899 4.5 16.1297
    endloop
  endfacet
  facet normal 0 -1 0
    outer loop
      vertex 96.0365 4.5 16.0734
      vertex 96.9635 4.5 16.0734
      vertex 97.1101 4.5 16.1297
    endloop
  endfacet
  facet normal 0 -1 0
    outer loop
      vertex 96.1881 4.5 16.0328
      vertex 96.9635 4.5 16.0734
      vertex 96.0365 4.5 16.0734
    endloop
  endfacet
  facet normal 0 -1 0
    outer loop
      vertex 96.1881 4.5 16.0328
      vertex 96.8119 4.5 16.0328
      vertex 96.9635 4.5 16.0734
    endloop
  endfacet
  facet normal 0 -1 0
    outer loop
      vertex 96.3432 4.5 16.0082
      vertex 96.8119 4.5 16.0328
      vertex 96.1881 4.5 16.0328
    endloop
  endfacet
  facet normal 0 -1 0
    outer loop
      vertex 96.3432 4.5 16.0082
      vertex 96.6568 4.5 16.0082
      vertex 96.8119 4.5 16.0328
    endloop
  endfacet
  facet normal -0 -1 0
    outer loop
      vertex 96.6568 4.5 16.0082
      vertex 96.3432 4.5 16.0082
      vertex 96.5 4.5 16
    endloop
  endfacet
  facet normal 0.454078 0 0.890962
    outer loop
      vertex 97.1101 9.5 18.8703
      vertex 97.25 4.5 18.799
      vertex 97.25 9.5 18.799
    endloop
  endfacet
  facet normal 0.454078 0 0.890962
    outer loop
      vertex 97.25 4.5 18.799
      vertex 97.1101 9.5 18.8703
      vertex 97.1101 4.5 18.8703
    endloop
  endfacet
  facet normal -0 0.544646 0.838666
    outer loop
      vertex 40 2.93893 9.04508
      vertex 92.5 2.5 9.33013
      vertex 92.5 2.93893 9.04508
    endloop
  endfacet
  facet normal 0 0.544646 0.838666
    outer loop
      vertex 92.5 2.5 9.33013
      vertex 40 2.93893 9.04508
      vertex 40 2.5 9.33013
    endloop
  endfacet
  facet normal -0 0.358358 0.933584
    outer loop
      vertex 40 2.03368 9.56773
      vertex 92.5 1.54508 9.75528
      vertex 92.5 2.03368 9.56773
    endloop
  endfacet
  facet normal 0 0.358358 0.933584
    outer loop
      vertex 92.5 1.54508 9.75528
      vertex 40 2.03368 9.56773
      vertex 40 1.54508 9.75528
    endloop
  endfacet
  facet normal 0 0.99863 -0.0523352
    outer loop
      vertex 92.5 4.97261 4.47736
      vertex 40 5 5
      vertex 92.5 5 5
    endloop
  endfacet
  facet normal 0 0.99863 -0.0523352
    outer loop
      vertex 40 5 5
      vertex 92.5 4.97261 4.47736
      vertex 40 4.97261 4.47736
    endloop
  endfacet
  facet normal -0 0.453988 0.891008
    outer loop
      vertex 40 2.5 9.33013
      vertex 92.5 2.03368 9.56773
      vertex 92.5 2.5 9.33013
    endloop
  endfacet
  facet normal 0 0.453988 0.891008
    outer loop
      vertex 92.5 2.03368 9.56773
      vertex 40 2.5 9.33013
      vertex 40 2.03368 9.56773
    endloop
  endfacet
  facet normal 1 0 0
    outer loop
      vertex 92.5 4.97261 5.52264
      vertex 92.5 4.97261 4.47736
      vertex 92.5 5 5
    endloop
  endfacet
  facet normal 1 0 0
    outer loop
      vertex 92.5 4.89074 6.03956
      vertex 92.5 4.97261 4.47736
      vertex 92.5 4.97261 5.52264
    endloop
  endfacet
  facet normal 1 0 0
    outer loop
      vertex 92.5 4.89074 6.03956
      vertex 92.5 4.89074 3.96044
      vertex 92.5 4.97261 4.47736
    endloop
  endfacet
  facet normal 1 0 0
    outer loop
      vertex 92.5 4.75528 6.54508
      vertex 92.5 4.89074 3.96044
      vertex 92.5 4.89074 6.03956
    endloop
  endfacet
  facet normal 1 0 0
    outer loop
      vertex 92.5 4.75528 6.54508
      vertex 92.5 4.75528 3.45491
      vertex 92.5 4.89074 3.96044
    endloop
  endfacet
  facet normal 1 0 0
    outer loop
      vertex 92.5 4.56773 7.03368
      vertex 92.5 4.75528 3.45491
      vertex 92.5 4.75528 6.54508
    endloop
  endfacet
  facet normal 1 0 0
    outer loop
      vertex 92.5 4.56773 7.03368
      vertex 92.5 4.56773 2.96632
      vertex 92.5 4.75528 3.45491
    endloop
  endfacet
  facet normal 1 0 0
    outer loop
      vertex 92.5 4.33013 7.5
      vertex 92.5 4.56773 2.96632
      vertex 92.5 4.56773 7.03368
    endloop
  endfacet
  facet normal 1 0 0
    outer loop
      vertex 92.5 4.33013 7.5
      vertex 92.5 4.33013 2.5
      vertex 92.5 4.56773 2.96632
    endloop
  endfacet
  facet normal 1 0 0
    outer loop
      vertex 92.5 4.04508 7.93893
      vertex 92.5 4.33013 2.5
      vertex 92.5 4.33013 7.5
    endloop
  endfacet
  facet normal 1 0 0
    outer loop
      vertex 92.5 4.04508 7.93893
      vertex 92.5 4.04508 2.06107
      vertex 92.5 4.33013 2.5
    endloop
  endfacet
  facet normal 1 0 0
    outer loop
      vertex 92.5 3.71572 8.34565
      vertex 92.5 4.04508 2.06107
      vertex 92.5 4.04508 7.93893
    endloop
  endfacet
  facet normal 1 0 0
    outer loop
      vertex 92.5 3.71572 8.34565
      vertex 92.5 3.71572 1.65435
      vertex 92.5 4.04508 2.06107
    endloop
  endfacet
  facet normal 1 0 0
    outer loop
      vertex 92.5 3.34565 8.71572
      vertex 92.5 3.71572 1.65435
      vertex 92.5 3.71572 8.34565
    endloop
  endfacet
  facet normal 1 0 0
    outer loop
      vertex 92.5 3.34565 8.71572
      vertex 92.5 3.34565 1.28428
      vertex 92.5 3.71572 1.65435
    endloop
  endfacet
  facet normal 1 0 0
    outer loop
      vertex 92.5 2.93893 9.04508
      vertex 92.5 3.34565 1.28428
      vertex 92.5 3.34565 8.71572
    endloop
  endfacet
  facet normal 1 0 0
    outer loop
      vertex 92.5 2.93893 9.04508
      vertex 92.5 2.93893 0.954914
      vertex 92.5 3.34565 1.28428
    endloop
  endfacet
  facet normal 1 0 0
    outer loop
      vertex 92.5 2.5 9.33013
      vertex 92.5 2.93893 0.954914
      vertex 92.5 2.93893 9.04508
    endloop
  endfacet
  facet normal 1 0 0
    outer loop
      vertex 92.5 2.5 9.33013
      vertex 92.5 2.5 0.669872
      vertex 92.5 2.93893 0.954914
    endloop
  endfacet
  facet normal 1 0 0
    outer loop
      vertex 92.5 2.03368 9.56773
      vertex 92.5 2.5 0.669872
      vertex 92.5 2.5 9.33013
    endloop
  endfacet
  facet normal 1 0 0
    outer loop
      vertex 92.5 2.03368 9.56773
      vertex 92.5 2.03368 0.432272
      vertex 92.5 2.5 0.669872
    endloop
  endfacet
  facet normal 1 0 0
    outer loop
      vertex 92.5 1.54508 9.75528
      vertex 92.5 2.03368 0.432272
      vertex 92.5 2.03368 9.56773
    endloop
  endfacet
  facet normal 1 0 0
    outer loop
      vertex 92.5 1.54508 9.75528
      vertex 92.5 1.54508 0.244717
      vertex 92.5 2.03368 0.432272
    endloop
  endfacet
  facet normal 1 0 0
    outer loop
      vertex 92.5 1.03956 9.89074
      vertex 92.5 1.54508 0.244717
      vertex 92.5 1.54508 9.75528
    endloop
  endfacet
  facet normal 1 0 0
    outer loop
      vertex 92.5 1.03956 9.89074
      vertex 92.5 1.03956 0.109262
      vertex 92.5 1.54508 0.244717
    endloop
  endfacet
  facet normal 1 0 0
    outer loop
      vertex 92.5 0.522642 9.97261
      vertex 92.5 1.03956 0.109262
      vertex 92.5 1.03956 9.89074
    endloop
  endfacet
  facet normal 1 0 0
    outer loop
      vertex 92.5 0.522642 9.97261
      vertex 92.5 0.522642 0.0273905
      vertex 92.5 1.03956 0.109262
    endloop
  endfacet
  facet normal 1 0 0
    outer loop
      vertex 92.5 0 10
      vertex 92.5 0.522642 0.0273905
      vertex 92.5 0.522642 9.97261
    endloop
  endfacet
  facet normal 1 0 0
    outer loop
      vertex 92.5 0 10
      vertex 92.5 0 0
      vertex 92.5 0.522642 0.0273905
    endloop
  endfacet
  facet normal 1 -0 0
    outer loop
      vertex 92.5 -0.522642 9.97261
      vertex 92.5 0 0
      vertex 92.5 0 10
    endloop
  endfacet
  facet normal 1 0 0
    outer loop
      vertex 92.5 -0.522642 9.97261
      vertex 92.5 -0.522642 0.0273905
      vertex 92.5 0 0
    endloop
  endfacet
  facet normal 1 -0 0
    outer loop
      vertex 92.5 -1.03956 9.89074
      vertex 92.5 -0.522642 0.0273905
      vertex 92.5 -0.522642 9.97261
    endloop
  endfacet
  facet normal 1 0 0
    outer loop
      vertex 92.5 -1.03956 9.89074
      vertex 92.5 -1.03956 0.109262
      vertex 92.5 -0.522642 0.0273905
    endloop
  endfacet
  facet normal 1 -0 0
    outer loop
      vertex 92.5 -1.54508 9.75528
      vertex 92.5 -1.03956 0.109262
      vertex 92.5 -1.03956 9.89074
    endloop
  endfacet
  facet normal 1 0 0
    outer loop
      vertex 92.5 -1.54508 9.75528
      vertex 92.5 -1.54508 0.244717
      vertex 92.5 -1.03956 0.109262
    endloop
  endfacet
  facet normal 1 -0 0
    outer loop
      vertex 92.5 -2.03368 9.56773
      vertex 92.5 -1.54508 0.244717
      vertex 92.5 -1.54508 9.75528
    endloop
  endfacet
  facet normal 1 0 0
    outer loop
      vertex 92.5 -2.03368 9.56773
      vertex 92.5 -2.03368 0.432272
      vertex 92.5 -1.54508 0.244717
    endloop
  endfacet
  facet normal 1 -0 0
    outer loop
      vertex 92.5 -2.5 9.33013
      vertex 92.5 -2.03368 0.432272
      vertex 92.5 -2.03368 9.56773
    endloop
  endfacet
  facet normal 1 0 0
    outer loop
      vertex 92.5 -2.5 9.33013
      vertex 92.5 -2.5 0.669872
      vertex 92.5 -2.03368 0.432272
    endloop
  endfacet
  facet normal 1 -0 0
    outer loop
      vertex 92.5 -2.93893 9.04508
      vertex 92.5 -2.5 0.669872
      vertex 92.5 -2.5 9.33013
    endloop
  endfacet
  facet normal 1 0 0
    outer loop
      vertex 92.5 -2.93893 9.04508
      vertex 92.5 -2.93893 0.954914
      vertex 92.5 -2.5 0.669872
    endloop
  endfacet
  facet normal 1 -0 0
    outer loop
      vertex 92.5 -3.34565 8.71572
      vertex 92.5 -2.93893 0.954914
      vertex 92.5 -2.93893 9.04508
    endloop
  endfacet
  facet normal 1 0 0
    outer loop
      vertex 92.5 -3.34565 8.71572
      vertex 92.5 -3.34565 1.28428
      vertex 92.5 -2.93893 0.954914
    endloop
  endfacet
  facet normal 1 -0 0
    outer loop
      vertex 92.5 -3.71572 8.34565
      vertex 92.5 -3.34565 1.28428
      vertex 92.5 -3.34565 8.71572
    endloop
  endfacet
  facet normal 1 0 0
    outer loop
      vertex 92.5 -3.71572 8.34565
      vertex 92.5 -3.71572 1.65435
      vertex 92.5 -3.34565 1.28428
    endloop
  endfacet
  facet normal 1 -0 0
    outer loop
      vertex 92.5 -4.04508 7.93893
      vertex 92.5 -3.71572 1.65435
      vertex 92.5 -3.71572 8.34565
    endloop
  endfacet
  facet normal 1 0 0
    outer loop
      vertex 92.5 -4.04508 7.93893
      vertex 92.5 -4.04508 2.06107
      vertex 92.5 -3.71572 1.65435
    endloop
  endfacet
  facet normal 1 -0 0
    outer loop
      vertex 92.5 -4.33013 7.5
      vertex 92.5 -4.04508 2.06107
      vertex 92.5 -4.04508 7.93893
    endloop
  endfacet
  facet normal 1 0 0
    outer loop
      vertex 92.5 -4.33013 7.5
      vertex 92.5 -4.33013 2.5
      vertex 92.5 -4.04508 2.06107
    endloop
  endfacet
  facet normal 1 -0 0
    outer loop
      vertex 92.5 -4.56773 7.03368
      vertex 92.5 -4.33013 2.5
      vertex 92.5 -4.33013 7.5
    endloop
  endfacet
  facet normal 1 0 0
    outer loop
      vertex 92.5 -4.56773 7.03368
      vertex 92.5 -4.56773 2.96632
      vertex 92.5 -4.33013 2.5
    endloop
  endfacet
  facet normal 1 -0 0
    outer loop
      vertex 92.5 -4.75528 6.54508
      vertex 92.5 -4.56773 2.96632
      vertex 92.5 -4.56773 7.03368
    endloop
  endfacet
  facet normal 1 0 0
    outer loop
      vertex 92.5 -4.75528 6.54508
      vertex 92.5 -4.75528 3.45491
      vertex 92.5 -4.56773 2.96632
    endloop
  endfacet
  facet normal 1 -0 0
    outer loop
      vertex 92.5 -4.89074 6.03956
      vertex 92.5 -4.75528 3.45491
      vertex 92.5 -4.75528 6.54508
    endloop
  endfacet
  facet normal 1 0 0
    outer loop
      vertex 92.5 -4.89074 6.03956
      vertex 92.5 -4.89074 3.96044
      vertex 92.5 -4.75528 3.45491
    endloop
  endfacet
  facet normal 1 -0 0
    outer loop
      vertex 92.5 -4.97261 5.52264
      vertex 92.5 -4.89074 3.96044
      vertex 92.5 -4.89074 6.03956
    endloop
  endfacet
  facet normal 1 0 0
    outer loop
      vertex 92.5 -4.97261 5.52264
      vertex 92.5 -4.97261 4.47736
      vertex 92.5 -4.89074 3.96044
    endloop
  endfacet
  facet normal 1 0 -0
    outer loop
      vertex 92.5 -4.97261 4.47736
      vertex 92.5 -4.97261 5.52264
      vertex 92.5 -5 5
    endloop
  endfacet
  facet normal 0 0.777142 -0.629326
    outer loop
      vertex 92.5 3.71572 1.65435
      vertex 40 4.04508 2.06107
      vertex 92.5 4.04508 2.06107
    endloop
  endfacet
  facet normal 0 0.777142 -0.629326
    outer loop
      vertex 40 4.04508 2.06107
      vertex 92.5 3.71572 1.65435
      vertex 40 3.71572 1.65435
    endloop
  endfacet
  facet normal 0 -0.25883 0.965923
    outer loop
      vertex 40 -1.03956 9.89074
      vertex 92.5 -1.54508 9.75528
      vertex 92.5 -1.03956 9.89074
    endloop
  endfacet
  facet normal 0 -0.25883 0.965923
    outer loop
      vertex 92.5 -1.54508 9.75528
      vertex 40 -1.03956 9.89074
      vertex 40 -1.54508 9.75528
    endloop
  endfacet
  facet normal 0 0.933584 0.358358
    outer loop
      vertex 92.5 4.75528 6.54508
      vertex 40 4.56773 7.03368
      vertex 92.5 4.56773 7.03368
    endloop
  endfacet
  facet normal 0 0.933584 0.358358
    outer loop
      vertex 40 4.56773 7.03368
      vertex 92.5 4.75528 6.54508
      vertex 40 4.75528 6.54508
    endloop
  endfacet
  facet normal 0 -0.777142 0.629326
    outer loop
      vertex 40 -4.04508 7.93893
      vertex 92.5 -3.71572 8.34565
      vertex 40 -3.71572 8.34565
    endloop
  endfacet
  facet normal 0 -0.777142 0.629326
    outer loop
      vertex 92.5 -3.71572 8.34565
      vertex 40 -4.04508 7.93893
      vertex 92.5 -4.04508 7.93893
    endloop
  endfacet
  facet normal 0 0.987689 0.156431
    outer loop
      vertex 92.5 4.97261 5.52264
      vertex 40 4.89074 6.03956
      vertex 92.5 4.89074 6.03956
    endloop
  endfacet
  facet normal 0 0.987689 0.156431
    outer loop
      vertex 40 4.89074 6.03956
      vertex 92.5 4.97261 5.52264
      vertex 40 4.97261 5.52264
    endloop
  endfacet
  facet normal -0 0.156431 0.987689
    outer loop
      vertex 40 1.03956 9.89074
      vertex 92.5 0.522642 9.97261
      vertex 92.5 1.03956 9.89074
    endloop
  endfacet
  facet normal 0 0.156431 0.987689
    outer loop
      vertex 92.5 0.522642 9.97261
      vertex 40 1.03956 9.89074
      vertex 40 0.522642 9.97261
    endloop
  endfacet
  facet normal 0 0.99863 0.0523352
    outer loop
      vertex 92.5 5 5
      vertex 40 4.97261 5.52264
      vertex 92.5 4.97261 5.52264
    endloop
  endfacet
  facet normal 0 0.99863 0.0523352
    outer loop
      vertex 40 4.97261 5.52264
      vertex 92.5 5 5
      vertex 40 5 5
    endloop
  endfacet
  facet normal 0 -0.358366 -0.933581
    outer loop
      vertex 40 -2.03368 0.432272
      vertex 92.5 -1.54508 0.244717
      vertex 92.5 -2.03368 0.432272
    endloop
  endfacet
  facet normal -0 -0.358366 -0.933581
    outer loop
      vertex 92.5 -1.54508 0.244717
      vertex 40 -2.03368 0.432272
      vertex 40 -1.54508 0.244717
    endloop
  endfacet
  facet normal -0 0.052335 0.99863
    outer loop
      vertex 40 0.522642 9.97261
      vertex 92.5 0 10
      vertex 92.5 0.522642 9.97261
    endloop
  endfacet
  facet normal 0 0.052335 0.99863
    outer loop
      vertex 92.5 0 10
      vertex 40 0.522642 9.97261
      vertex 40 0 10
    endloop
  endfacet
  facet normal 0 0.156434 -0.987688
    outer loop
      vertex 40 0.522642 0.0273905
      vertex 92.5 1.03956 0.109262
      vertex 92.5 0.522642 0.0273905
    endloop
  endfacet
  facet normal 0 0.156434 -0.987688
    outer loop
      vertex 92.5 1.03956 0.109262
      vertex 40 0.522642 0.0273905
      vertex 40 1.03956 0.109262
    endloop
  endfacet
  facet normal 0 -0.777142 -0.629326
    outer loop
      vertex 40 -3.71572 1.65435
      vertex 92.5 -4.04508 2.06107
      vertex 40 -4.04508 2.06107
    endloop
  endfacet
  facet normal 0 -0.777142 -0.629326
    outer loop
      vertex 92.5 -4.04508 2.06107
      vertex 40 -3.71572 1.65435
      vertex 92.5 -3.71572 1.65435
    endloop
  endfacet
  facet normal 0 -0.707107 0.707107
    outer loop
      vertex 40 -3.71572 8.34565
      vertex 92.5 -3.34565 8.71572
      vertex 40 -3.34565 8.71572
    endloop
  endfacet
  facet normal 0 -0.707107 0.707107
    outer loop
      vertex 92.5 -3.34565 8.71572
      vertex 40 -3.71572 8.34565
      vertex 92.5 -3.71572 8.34565
    endloop
  endfacet
  facet normal 0 -0.99863 0.0523352
    outer loop
      vertex 40 -5 5
      vertex 92.5 -4.97261 5.52264
      vertex 40 -4.97261 5.52264
    endloop
  endfacet
  facet normal 0 -0.99863 0.0523352
    outer loop
      vertex 92.5 -4.97261 5.52264
      vertex 40 -5 5
      vertex 92.5 -5 5
    endloop
  endfacet
  facet normal 0 -0.987689 -0.156431
    outer loop
      vertex 40 -4.89074 3.96044
      vertex 92.5 -4.97261 4.47736
      vertex 40 -4.97261 4.47736
    endloop
  endfacet
  facet normal 0 -0.987689 -0.156431
    outer loop
      vertex 92.5 -4.97261 4.47736
      vertex 40 -4.89074 3.96044
      vertex 92.5 -4.89074 3.96044
    endloop
  endfacet
  facet normal 0 0.0523359 -0.99863
    outer loop
      vertex 40 0 0
      vertex 92.5 0.522642 0.0273905
      vertex 92.5 0 0
    endloop
  endfacet
  facet normal 0 0.0523359 -0.99863
    outer loop
      vertex 92.5 0.522642 0.0273905
      vertex 40 0 0
      vertex 40 0.522642 0.0273905
    endloop
  endfacet
  facet normal 0 0.707107 -0.707107
    outer loop
      vertex 92.5 3.34565 1.28428
      vertex 40 3.71572 1.65435
      vertex 92.5 3.71572 1.65435
    endloop
  endfacet
  facet normal 0 0.707107 -0.707107
    outer loop
      vertex 40 3.71572 1.65435
      vertex 92.5 3.34565 1.28428
      vertex 40 3.34565 1.28428
    endloop
  endfacet
  facet normal 0 -0.987689 0.156431
    outer loop
      vertex 40 -4.97261 5.52264
      vertex 92.5 -4.89074 6.03956
      vertex 40 -4.89074 6.03956
    endloop
  endfacet
  facet normal 0 -0.987689 0.156431
    outer loop
      vertex 92.5 -4.89074 6.03956
      vertex 40 -4.97261 5.52264
      vertex 92.5 -4.97261 5.52264
    endloop
  endfacet
  facet normal 0 -0.838666 -0.544646
    outer loop
      vertex 40 -4.04508 2.06107
      vertex 92.5 -4.33013 2.5
      vertex 40 -4.33013 2.5
    endloop
  endfacet
  facet normal 0 -0.838666 -0.544646
    outer loop
      vertex 92.5 -4.33013 2.5
      vertex 40 -4.04508 2.06107
      vertex 92.5 -4.04508 2.06107
    endloop
  endfacet
  facet normal 0 -0.965923 0.25883
    outer loop
      vertex 40 -4.89074 6.03956
      vertex 92.5 -4.75528 6.54508
      vertex 40 -4.75528 6.54508
    endloop
  endfacet
  facet normal 0 -0.965923 0.25883
    outer loop
      vertex 92.5 -4.75528 6.54508
      vertex 40 -4.89074 6.03956
      vertex 92.5 -4.89074 6.03956
    endloop
  endfacet
  facet normal 0 0.629333 -0.777136
    outer loop
      vertex 40 2.93893 0.954914
      vertex 92.5 3.34565 1.28428
      vertex 92.5 2.93893 0.954914
    endloop
  endfacet
  facet normal 0 0.629333 -0.777136
    outer loop
      vertex 92.5 3.34565 1.28428
      vertex 40 2.93893 0.954914
      vertex 40 3.34565 1.28428
    endloop
  endfacet
  facet normal 0 -0.99863 -0.0523352
    outer loop
      vertex 40 -4.97261 4.47736
      vertex 92.5 -5 5
      vertex 40 -5 5
    endloop
  endfacet
  facet normal 0 -0.99863 -0.0523352
    outer loop
      vertex 92.5 -5 5
      vertex 40 -4.97261 4.47736
      vertex 92.5 -4.97261 4.47736
    endloop
  endfacet
  facet normal 0 0.965924 -0.258826
    outer loop
      vertex 92.5 4.75528 3.45491
      vertex 40 4.89074 3.96044
      vertex 92.5 4.89074 3.96044
    endloop
  endfacet
  facet normal 0 0.965924 -0.258826
    outer loop
      vertex 40 4.89074 3.96044
      vertex 92.5 4.75528 3.45491
      vertex 40 4.75528 3.45491
    endloop
  endfacet
  facet normal 0 0.258821 -0.965925
    outer loop
      vertex 40 1.03956 0.109262
      vertex 92.5 1.54508 0.244717
      vertex 92.5 1.03956 0.109262
    endloop
  endfacet
  facet normal 0 0.258821 -0.965925
    outer loop
      vertex 92.5 1.54508 0.244717
      vertex 40 1.03956 0.109262
      vertex 40 1.54508 0.244717
    endloop
  endfacet
  facet normal 0 0.544636 -0.838673
    outer loop
      vertex 40 2.5 0.669872
      vertex 92.5 2.93893 0.954914
      vertex 92.5 2.5 0.669872
    endloop
  endfacet
  facet normal 0 0.544636 -0.838673
    outer loop
      vertex 92.5 2.93893 0.954914
      vertex 40 2.5 0.669872
      vertex 40 2.93893 0.954914
    endloop
  endfacet
  facet normal 0 -0.544636 -0.838673
    outer loop
      vertex 40 -2.93893 0.954914
      vertex 92.5 -2.5 0.669872
      vertex 92.5 -2.93893 0.954914
    endloop
  endfacet
  facet normal -0 -0.544636 -0.838673
    outer loop
      vertex 92.5 -2.5 0.669872
      vertex 40 -2.93893 0.954914
      vertex 40 -2.5 0.669872
    endloop
  endfacet
  facet normal 0 -0.052335 0.99863
    outer loop
      vertex 40 0 10
      vertex 92.5 -0.522642 9.97261
      vertex 92.5 0 10
    endloop
  endfacet
  facet normal 0 -0.052335 0.99863
    outer loop
      vertex 92.5 -0.522642 9.97261
      vertex 40 0 10
      vertex 40 -0.522642 9.97261
    endloop
  endfacet
  facet normal 0 -0.0523359 -0.99863
    outer loop
      vertex 40 -0.522642 0.0273905
      vertex 92.5 0 0
      vertex 92.5 -0.522642 0.0273905
    endloop
  endfacet
  facet normal -0 -0.0523359 -0.99863
    outer loop
      vertex 92.5 0 0
      vertex 40 -0.522642 0.0273905
      vertex 40 0 0
    endloop
  endfacet
  facet normal 0 0.358366 -0.933581
    outer loop
      vertex 40 1.54508 0.244717
      vertex 92.5 2.03368 0.432272
      vertex 92.5 1.54508 0.244717
    endloop
  endfacet
  facet normal 0 0.358366 -0.933581
    outer loop
      vertex 92.5 2.03368 0.432272
      vertex 40 1.54508 0.244717
      vertex 40 2.03368 0.432272
    endloop
  endfacet
  facet normal 0 0.453988 -0.891008
    outer loop
      vertex 40 2.03368 0.432272
      vertex 92.5 2.5 0.669872
      vertex 92.5 2.03368 0.432272
    endloop
  endfacet
  facet normal 0 0.453988 -0.891008
    outer loop
      vertex 92.5 2.5 0.669872
      vertex 40 2.03368 0.432272
      vertex 40 2.5 0.669872
    endloop
  endfacet
  facet normal 0 -0.933582 -0.358364
    outer loop
      vertex 40 -4.56773 2.96632
      vertex 92.5 -4.75528 3.45491
      vertex 40 -4.75528 3.45491
    endloop
  endfacet
  facet normal 0 -0.933582 -0.358364
    outer loop
      vertex 92.5 -4.75528 3.45491
      vertex 40 -4.56773 2.96632
      vertex 92.5 -4.56773 2.96632
    endloop
  endfacet
  facet normal 0 0.987689 -0.156431
    outer loop
      vertex 92.5 4.89074 3.96044
      vertex 40 4.97261 4.47736
      vertex 92.5 4.97261 4.47736
    endloop
  endfacet
  facet normal 0 0.987689 -0.156431
    outer loop
      vertex 40 4.97261 4.47736
      vertex 92.5 4.89074 3.96044
      vertex 40 4.89074 3.96044
    endloop
  endfacet
  facet normal 0 -0.891008 0.453988
    outer loop
      vertex 40 -4.56773 7.03368
      vertex 92.5 -4.33013 7.5
      vertex 40 -4.33013 7.5
    endloop
  endfacet
  facet normal 0 -0.891008 0.453988
    outer loop
      vertex 92.5 -4.33013 7.5
      vertex 40 -4.56773 7.03368
      vertex 92.5 -4.56773 7.03368
    endloop
  endfacet
  facet normal 0 0.965923 0.25883
    outer loop
      vertex 92.5 4.89074 6.03956
      vertex 40 4.75528 6.54508
      vertex 92.5 4.75528 6.54508
    endloop
  endfacet
  facet normal 0 0.965923 0.25883
    outer loop
      vertex 40 4.75528 6.54508
      vertex 92.5 4.89074 6.03956
      vertex 40 4.89074 6.03956
    endloop
  endfacet
  facet normal 0 -0.453988 -0.891008
    outer loop
      vertex 40 -2.5 0.669872
      vertex 92.5 -2.03368 0.432272
      vertex 92.5 -2.5 0.669872
    endloop
  endfacet
  facet normal -0 -0.453988 -0.891008
    outer loop
      vertex 92.5 -2.03368 0.432272
      vertex 40 -2.5 0.669872
      vertex 40 -2.03368 0.432272
    endloop
  endfacet
  facet normal -0 0.25883 0.965923
    outer loop
      vertex 40 1.54508 9.75528
      vertex 92.5 1.03956 9.89074
      vertex 92.5 1.54508 9.75528
    endloop
  endfacet
  facet normal 0 0.25883 0.965923
    outer loop
      vertex 92.5 1.03956 9.89074
      vertex 40 1.54508 9.75528
      vertex 40 1.03956 9.89074
    endloop
  endfacet
  facet normal 0 0.891008 0.453988
    outer loop
      vertex 92.5 4.56773 7.03368
      vertex 40 4.33013 7.5
      vertex 92.5 4.33013 7.5
    endloop
  endfacet
  facet normal 0 0.891008 0.453988
    outer loop
      vertex 40 4.33013 7.5
      vertex 92.5 4.56773 7.03368
      vertex 40 4.56773 7.03368
    endloop
  endfacet
  facet normal 0 0.891008 -0.453988
    outer loop
      vertex 92.5 4.33013 2.5
      vertex 40 4.56773 2.96632
      vertex 92.5 4.56773 2.96632
    endloop
  endfacet
  facet normal 0 0.891008 -0.453988
    outer loop
      vertex 40 4.56773 2.96632
      vertex 92.5 4.33013 2.5
      vertex 40 4.33013 2.5
    endloop
  endfacet
  facet normal 0 -0.258821 -0.965925
    outer loop
      vertex 40 -1.54508 0.244717
      vertex 92.5 -1.03956 0.109262
      vertex 92.5 -1.54508 0.244717
    endloop
  endfacet
  facet normal -0 -0.258821 -0.965925
    outer loop
      vertex 92.5 -1.03956 0.109262
      vertex 40 -1.54508 0.244717
      vertex 40 -1.03956 0.109262
    endloop
  endfacet
  facet normal 0 -0.933584 0.358358
    outer loop
      vertex 40 -4.75528 6.54508
      vertex 92.5 -4.56773 7.03368
      vertex 40 -4.56773 7.03368
    endloop
  endfacet
  facet normal 0 -0.933584 0.358358
    outer loop
      vertex 92.5 -4.56773 7.03368
      vertex 40 -4.75528 6.54508
      vertex 92.5 -4.75528 6.54508
    endloop
  endfacet
  facet normal 0 -0.629326 0.777142
    outer loop
      vertex 40 -2.93893 9.04508
      vertex 92.5 -3.34565 8.71572
      vertex 92.5 -2.93893 9.04508
    endloop
  endfacet
  facet normal 0 -0.629326 0.777142
    outer loop
      vertex 92.5 -3.34565 8.71572
      vertex 40 -2.93893 9.04508
      vertex 40 -3.34565 8.71572
    endloop
  endfacet
  facet normal 0 -0.358358 0.933584
    outer loop
      vertex 40 -1.54508 9.75528
      vertex 92.5 -2.03368 9.56773
      vertex 92.5 -1.54508 9.75528
    endloop
  endfacet
  facet normal 0 -0.358358 0.933584
    outer loop
      vertex 92.5 -2.03368 9.56773
      vertex 40 -1.54508 9.75528
      vertex 40 -2.03368 9.56773
    endloop
  endfacet
  facet normal 0 0.933582 -0.358364
    outer loop
      vertex 92.5 4.56773 2.96632
      vertex 40 4.75528 3.45491
      vertex 92.5 4.75528 3.45491
    endloop
  endfacet
  facet normal 0 0.933582 -0.358364
    outer loop
      vertex 40 4.75528 3.45491
      vertex 92.5 4.56773 2.96632
      vertex 40 4.56773 2.96632
    endloop
  endfacet
  facet normal 0 0.777142 0.629326
    outer loop
      vertex 92.5 4.04508 7.93893
      vertex 40 3.71572 8.34565
      vertex 92.5 3.71572 8.34565
    endloop
  endfacet
  facet normal 0 0.777142 0.629326
    outer loop
      vertex 40 3.71572 8.34565
      vertex 92.5 4.04508 7.93893
      vertex 40 4.04508 7.93893
    endloop
  endfacet
  facet normal 0 0.838666 -0.544646
    outer loop
      vertex 92.5 4.04508 2.06107
      vertex 40 4.33013 2.5
      vertex 92.5 4.33013 2.5
    endloop
  endfacet
  facet normal 0 0.838666 -0.544646
    outer loop
      vertex 40 4.33013 2.5
      vertex 92.5 4.04508 2.06107
      vertex 40 4.04508 2.06107
    endloop
  endfacet
  facet normal -0 0.629326 0.777142
    outer loop
      vertex 40 3.34565 8.71572
      vertex 92.5 2.93893 9.04508
      vertex 92.5 3.34565 8.71572
    endloop
  endfacet
  facet normal 0 0.629326 0.777142
    outer loop
      vertex 92.5 2.93893 9.04508
      vertex 40 3.34565 8.71572
      vertex 40 2.93893 9.04508
    endloop
  endfacet
  facet normal 0 -0.965924 -0.258826
    outer loop
      vertex 40 -4.75528 3.45491
      vertex 92.5 -4.89074 3.96044
      vertex 40 -4.89074 3.96044
    endloop
  endfacet
  facet normal 0 -0.965924 -0.258826
    outer loop
      vertex 92.5 -4.89074 3.96044
      vertex 40 -4.75528 3.45491
      vertex 92.5 -4.75528 3.45491
    endloop
  endfacet
  facet normal 0 -0.544646 0.838666
    outer loop
      vertex 40 -2.5 9.33013
      vertex 92.5 -2.93893 9.04508
      vertex 92.5 -2.5 9.33013
    endloop
  endfacet
  facet normal 0 -0.544646 0.838666
    outer loop
      vertex 92.5 -2.93893 9.04508
      vertex 40 -2.5 9.33013
      vertex 40 -2.93893 9.04508
    endloop
  endfacet
  facet normal 0 0.838666 0.544646
    outer loop
      vertex 92.5 4.33013 7.5
      vertex 40 4.04508 7.93893
      vertex 92.5 4.04508 7.93893
    endloop
  endfacet
  facet normal 0 0.838666 0.544646
    outer loop
      vertex 40 4.04508 7.93893
      vertex 92.5 4.33013 7.5
      vertex 40 4.33013 7.5
    endloop
  endfacet
  facet normal 0 -0.629333 -0.777136
    outer loop
      vertex 40 -3.34565 1.28428
      vertex 92.5 -2.93893 0.954914
      vertex 92.5 -3.34565 1.28428
    endloop
  endfacet
  facet normal -0 -0.629333 -0.777136
    outer loop
      vertex 92.5 -2.93893 0.954914
      vertex 40 -3.34565 1.28428
      vertex 40 -2.93893 0.954914
    endloop
  endfacet
  facet normal 0 -0.156431 0.987689
    outer loop
      vertex 40 -0.522642 9.97261
      vertex 92.5 -1.03956 9.89074
      vertex 92.5 -0.522642 9.97261
    endloop
  endfacet
  facet normal 0 -0.156431 0.987689
    outer loop
      vertex 92.5 -1.03956 9.89074
      vertex 40 -0.522642 9.97261
      vertex 40 -1.03956 9.89074
    endloop
  endfacet
  facet normal 0 -0.156434 -0.987688
    outer loop
      vertex 40 -1.03956 0.109262
      vertex 92.5 -0.522642 0.0273905
      vertex 92.5 -1.03956 0.109262
    endloop
  endfacet
  facet normal -0 -0.156434 -0.987688
    outer loop
      vertex 92.5 -0.522642 0.0273905
      vertex 40 -1.03956 0.109262
      vertex 40 -0.522642 0.0273905
    endloop
  endfacet
  facet normal 0 -0.891008 -0.453988
    outer loop
      vertex 40 -4.33013 2.5
      vertex 92.5 -4.56773 2.96632
      vertex 40 -4.56773 2.96632
    endloop
  endfacet
  facet normal 0 -0.891008 -0.453988
    outer loop
      vertex 92.5 -4.56773 2.96632
      vertex 40 -4.33013 2.5
      vertex 92.5 -4.33013 2.5
    endloop
  endfacet
  facet normal 0 0.707107 0.707107
    outer loop
      vertex 92.5 3.71572 8.34565
      vertex 40 3.34565 8.71572
      vertex 92.5 3.34565 8.71572
    endloop
  endfacet
  facet normal 0 0.707107 0.707107
    outer loop
      vertex 40 3.34565 8.71572
      vertex 92.5 3.71572 8.34565
      vertex 40 3.71572 8.34565
    endloop
  endfacet
  facet normal 0 -0.453988 0.891008
    outer loop
      vertex 40 -2.03368 9.56773
      vertex 92.5 -2.5 9.33013
      vertex 92.5 -2.03368 9.56773
    endloop
  endfacet
  facet normal 0 -0.453988 0.891008
    outer loop
      vertex 92.5 -2.5 9.33013
      vertex 40 -2.03368 9.56773
      vertex 40 -2.5 9.33013
    endloop
  endfacet
  facet normal 0 -0.838666 0.544646
    outer loop
      vertex 40 -4.33013 7.5
      vertex 92.5 -4.04508 7.93893
      vertex 40 -4.04508 7.93893
    endloop
  endfacet
  facet normal 0 -0.838666 0.544646
    outer loop
      vertex 92.5 -4.04508 7.93893
      vertex 40 -4.33013 7.5
      vertex 92.5 -4.33013 7.5
    endloop
  endfacet
  facet normal 0 -0.707107 -0.707107
    outer loop
      vertex 40 -3.34565 1.28428
      vertex 92.5 -3.71572 1.65435
      vertex 40 -3.71572 1.65435
    endloop
  endfacet
  facet normal 0 -0.707107 -0.707107
    outer loop
      vertex 92.5 -3.71572 1.65435
      vertex 40 -3.34565 1.28428
      vertex 92.5 -3.34565 1.28428
    endloop
  endfacet
  facet normal -0.995037 0.0995037 0
    outer loop
      vertex 87.5 -12.5 19
      vertex 90 12.5 22
      vertex 90 12.5 19
    endloop
  endfacet
  facet normal -0.995037 0.0995037 0
    outer loop
      vertex 90 12.5 22
      vertex 87.5 -12.5 19
      vertex 87.5 -12.5 22
    endloop
  endfacet
  facet normal -0 0 1
    outer loop
      vertex 90 12.5 22
      vertex 97.5 -12.5 22
      vertex 95 12.5 22
    endloop
  endfacet
  facet normal 0 0 1
    outer loop
      vertex 97.5 -12.5 22
      vertex 90 12.5 22
      vertex 87.5 -12.5 22
    endloop
  endfacet
  facet normal 0 1 -0
    outer loop
      vertex 95 12.5 19
      vertex 90 12.5 22
      vertex 95 12.5 22
    endloop
  endfacet
  facet normal 0 1 0
    outer loop
      vertex 90 12.5 22
      vertex 95 12.5 19
      vertex 90 12.5 19
    endloop
  endfacet
  facet normal 0 0 -1
    outer loop
      vertex 97.5 -12.5 19
      vertex 90 12.5 19
      vertex 95 12.5 19
    endloop
  endfacet
  facet normal 0 -0 -1
    outer loop
      vertex 90 12.5 19
      vertex 97.5 -12.5 19
      vertex 87.5 -12.5 19
    endloop
  endfacet
  facet normal 0 -1 0
    outer loop
      vertex 87.5 -12.5 19
      vertex 97.5 -12.5 22
      vertex 87.5 -12.5 22
    endloop
  endfacet
  facet normal 0 -1 -0
    outer loop
      vertex 97.5 -12.5 22
      vertex 87.5 -12.5 19
      vertex 97.5 -12.5 19
    endloop
  endfacet
  facet normal 0.995037 0.0995037 0
    outer loop
      vertex 97.5 -12.5 22
      vertex 95 12.5 19
      vertex 95 12.5 22
    endloop
  endfacet
  facet normal 0.995037 0.0995037 0
    outer loop
      vertex 95 12.5 19
      vertex 97.5 -12.5 22
      vertex 97.5 -12.5 19
    endloop
  endfacet
endsolid OpenSCAD_Model
