solid OpenSCAD_Model
  facet normal -0.358375 0.933578 0
    outer loop
      vertex -28.8627 11.8882 -15
      vertex -30.0842 11.4193 15
      vertex -28.8627 11.8882 15
    endloop
  endfacet
  facet normal -0.358375 0.933578 0
    outer loop
      vertex -30.0842 11.4193 15
      vertex -28.8627 11.8882 -15
      vertex -30.0842 11.4193 -15
    endloop
  endfacet
  facet normal -0.544645 0.838667 -5.741e-06
    outer loop
      vertex -31.25 10.8253 -15
      vertex -32.3178 10.1319 -7.91685
      vertex -31.755 10.4974 -6.80986
    endloop
  endfacet
  facet normal -0.544734 0.838609 0
    outer loop
      vertex -31.25 10.8253 -15
      vertex -31.4469 10.6974 -6.02418
      vertex -31.25 10.8253 -5.52196
    endloop
  endfacet
  facet normal -0.544494 0.838764 7.46519e-06
    outer loop
      vertex -31.25 10.8253 -15
      vertex -31.755 10.4974 -6.80986
      vertex -31.4469 10.6974 -6.02418
    endloop
  endfacet
  facet normal -0.545289 0.838248 -0.000143718
    outer loop
      vertex -32.3178 10.1319 -7.91685
      vertex -31.25 10.8253 -15
      vertex -32.3473 10.1127 -7.97494
    endloop
  endfacet
  facet normal -0.544642 0.838669 0
    outer loop
      vertex -32.3473 10.1127 -7.97494
      vertex -31.25 10.8253 -15
      vertex -32.3473 10.1127 -15
    endloop
  endfacet
  facet normal -0.544642 0.838669 0
    outer loop
      vertex -31.25 10.8253 15
      vertex -32.3473 10.1127 7.97494
      vertex -32.3473 10.1127 15
    endloop
  endfacet
  facet normal -0.545289 0.838248 0.000143718
    outer loop
      vertex -31.25 10.8253 15
      vertex -32.3178 10.1319 7.91685
      vertex -32.3473 10.1127 7.97494
    endloop
  endfacet
  facet normal -0.544645 0.838667 5.741e-06
    outer loop
      vertex -31.25 10.8253 15
      vertex -31.755 10.4974 6.80986
      vertex -32.3178 10.1319 7.91685
    endloop
  endfacet
  facet normal -0.544494 0.838764 -7.46519e-06
    outer loop
      vertex -31.25 10.8253 15
      vertex -31.4469 10.6974 6.02418
      vertex -31.755 10.4974 6.80986
    endloop
  endfacet
  facet normal -0.544734 0.838609 0
    outer loop
      vertex -31.4469 10.6974 6.02418
      vertex -31.25 10.8253 15
      vertex -31.25 10.8253 5.52196
    endloop
  endfacet
  facet normal 0.544645 -0.838667 -5.741e-06
    outer loop
      vertex 31.25 -10.8253 -15
      vertex 32.3178 -10.1319 -7.91685
      vertex 31.755 -10.4974 -6.80986
    endloop
  endfacet
  facet normal 0.544734 -0.838609 0
    outer loop
      vertex 31.25 -10.8253 -15
      vertex 31.4469 -10.6974 -6.02418
      vertex 31.25 -10.8253 -5.52196
    endloop
  endfacet
  facet normal 0.544494 -0.838764 7.46519e-06
    outer loop
      vertex 31.25 -10.8253 -15
      vertex 31.755 -10.4974 -6.80986
      vertex 31.4469 -10.6974 -6.02418
    endloop
  endfacet
  facet normal 0.545289 -0.838248 -0.000143718
    outer loop
      vertex 32.3178 -10.1319 -7.91685
      vertex 31.25 -10.8253 -15
      vertex 32.3473 -10.1127 -7.97494
    endloop
  endfacet
  facet normal 0.544642 -0.838669 0
    outer loop
      vertex 32.3473 -10.1127 -7.97494
      vertex 31.25 -10.8253 -15
      vertex 32.3473 -10.1127 -15
    endloop
  endfacet
  facet normal 0.544642 -0.838669 0
    outer loop
      vertex 31.25 -10.8253 15
      vertex 32.3473 -10.1127 7.97494
      vertex 32.3473 -10.1127 15
    endloop
  endfacet
  facet normal 0.545289 -0.838248 0.000143718
    outer loop
      vertex 31.25 -10.8253 15
      vertex 32.3178 -10.1319 7.91685
      vertex 32.3473 -10.1127 7.97494
    endloop
  endfacet
  facet normal 0.544645 -0.838667 5.741e-06
    outer loop
      vertex 31.25 -10.8253 15
      vertex 31.755 -10.4974 6.80986
      vertex 32.3178 -10.1319 7.91685
    endloop
  endfacet
  facet normal 0.544494 -0.838764 -7.46519e-06
    outer loop
      vertex 31.25 -10.8253 15
      vertex 31.4469 -10.6974 6.02418
      vertex 31.755 -10.4974 6.80986
    endloop
  endfacet
  facet normal 0.544734 -0.838609 0
    outer loop
      vertex 31.4469 -10.6974 6.02418
      vertex 31.25 -10.8253 15
      vertex 31.25 -10.8253 5.52196
    endloop
  endfacet
  facet normal -0.0523542 -0.998629 0
    outer loop
      vertex -26.3066 -12.4315 -15
      vertex -25 -12.5 15
      vertex -26.3066 -12.4315 15
    endloop
  endfacet
  facet normal -0.0523542 -0.998629 -0
    outer loop
      vertex -25 -12.5 15
      vertex -26.3066 -12.4315 -15
      vertex -25 -12.5 -15
    endloop
  endfacet
  facet normal 0 -1 0
    outer loop
      vertex -25 -12.5 -15
      vertex 25 -12.5 15
      vertex -25 -12.5 15
    endloop
  endfacet
  facet normal 0 -1 -0
    outer loop
      vertex 25 -12.5 15
      vertex -25 -12.5 -15
      vertex 25 -12.5 -15
    endloop
  endfacet
  facet normal -0.933595 -0.358331 0
    outer loop
      vertex -36.7345 -4.26316 14.0037
      vertex -36.8882 -3.86271 15
      vertex -36.8882 -3.86271 14.1364
    endloop
  endfacet
  facet normal -0.933555 -0.358435 -3.70106e-05
    outer loop
      vertex -36.4193 -5.08421 15
      vertex -36.7345 -4.26316 14.0037
      vertex -36.5461 -4.75383 13.7808
    endloop
  endfacet
  facet normal -0.9336 -0.358316 -0
    outer loop
      vertex -36.4193 -5.08421 15
      vertex -36.5461 -4.75383 13.7808
      vertex -36.4193 -5.08421 13.6265
    endloop
  endfacet
  facet normal -0.933578 -0.358375 2.02943e-05
    outer loop
      vertex -36.7345 -4.26316 14.0037
      vertex -36.4193 -5.08421 15
      vertex -36.8882 -3.86271 15
    endloop
  endfacet
  facet normal -0.933595 -0.358331 0
    outer loop
      vertex -36.8882 -3.86271 -15
      vertex -36.7345 -4.26316 -14.0037
      vertex -36.8882 -3.86271 -14.1364
    endloop
  endfacet
  facet normal -0.933578 -0.358375 -2.02943e-05
    outer loop
      vertex -36.4193 -5.08421 -15
      vertex -36.7345 -4.26316 -14.0037
      vertex -36.8882 -3.86271 -15
    endloop
  endfacet
  facet normal -0.933555 -0.358435 3.70106e-05
    outer loop
      vertex -36.7345 -4.26316 -14.0037
      vertex -36.4193 -5.08421 -15
      vertex -36.5461 -4.75383 -13.7808
    endloop
  endfacet
  facet normal -0.9336 -0.358316 0
    outer loop
      vertex -36.5461 -4.75383 -13.7808
      vertex -36.4193 -5.08421 -15
      vertex -36.4193 -5.08421 -13.6265
    endloop
  endfacet
  facet normal -0.998625 -0.0524309 0
    outer loop
      vertex -37.5 0 -15
      vertex -37.4886 -0.21713 -14.7779
      vertex -37.5 0 -14.7827
    endloop
  endfacet
  facet normal -0.998704 -0.0508698 0.0015302
    outer loop
      vertex -37.5 0 -15
      vertex -37.4862 -0.264215 -14.7768
      vertex -37.4886 -0.21713 -14.7779
    endloop
  endfacet
  facet normal -0.998614 -0.0526244 -0.000552377
    outer loop
      vertex -37.5 0 -15
      vertex -37.4835 -0.315475 -14.7745
      vertex -37.4862 -0.264215 -14.7768
    endloop
  endfacet
  facet normal -0.998611 -0.0526806 -0.000631204
    outer loop
      vertex -37.5 0 -15
      vertex -37.4718 -0.537377 -14.7647
      vertex -37.4835 -0.315475 -14.7745
    endloop
  endfacet
  facet normal -0.998651 -0.0519181 0.001115
    outer loop
      vertex -37.5 0 -15
      vertex -37.4681 -0.608446 -14.76
      vertex -37.4718 -0.537377 -14.7647
    endloop
  endfacet
  facet normal -0.998629 -0.0523538 7.34992e-06
    outer loop
      vertex -37.4315 -1.30661 -15
      vertex -37.4681 -0.608446 -14.76
      vertex -37.5 0 -15
    endloop
  endfacet
  facet normal -0.998634 -0.0522582 -0.000271743
    outer loop
      vertex -37.4681 -0.608446 -14.76
      vertex -37.4315 -1.30661 -15
      vertex -37.4567 -0.82637 -14.7457
    endloop
  endfacet
  facet normal -0.998623 -0.0524567 0.000104168
    outer loop
      vertex -37.4567 -0.82637 -14.7457
      vertex -37.4315 -1.30661 -15
      vertex -37.4512 -0.931056 -14.7366
    endloop
  endfacet
  facet normal -0.998636 -0.0522033 -0.000258138
    outer loop
      vertex -37.4512 -0.931056 -14.7366
      vertex -37.4315 -1.30661 -15
      vertex -37.4403 -1.13966 -14.7185
    endloop
  endfacet
  facet normal -0.998629 -0.0523426 -0.000175299
    outer loop
      vertex -37.4403 -1.13966 -14.7185
      vertex -37.4315 -1.30661 -15
      vertex -37.432 -1.29807 -14.7016
    endloop
  endfacet
  facet normal -0.99829 -0.0584479 0
    outer loop
      vertex -37.432 -1.29807 -14.7016
      vertex -37.4315 -1.30661 -15
      vertex -37.4315 -1.30661 -14.7007
    endloop
  endfacet
  facet normal -0.998628 -0.0523538 -0.000609933
    outer loop
      vertex -37.4671 -0.627171 14.9671
      vertex -37.4315 -1.30661 15
      vertex -37.5 0 15
    endloop
  endfacet
  facet normal -0.99863 -0.0523239 1.00506e-05
    outer loop
      vertex -37.4346 -1.24747 14.8689
      vertex -37.4315 -1.30661 15
      vertex -37.4671 -0.627171 14.9671
    endloop
  endfacet
  facet normal -0.998629 -0.0523461 -0
    outer loop
      vertex -37.4315 -1.30661 15
      vertex -37.4346 -1.24747 14.8689
      vertex -37.4315 -1.30661 14.853
    endloop
  endfacet
  facet normal 0.258795 0.965932 -0
    outer loop
      vertex 28.8627 11.8882 -15
      vertex 27.5989 12.2268 15
      vertex 28.8627 11.8882 15
    endloop
  endfacet
  facet normal 0.258795 0.965932 0
    outer loop
      vertex 27.5989 12.2268 15
      vertex 28.8627 11.8882 -15
      vertex 27.5989 12.2268 -15
    endloop
  endfacet
  facet normal -0.838667 0.544644 0
    outer loop
      vertex -35.1127 7.34731 -15
      vertex -35.4751 6.78927 -12.5801
      vertex -35.1127 7.34731 -12.096
    endloop
  endfacet
  facet normal -0.838641 0.544685 1.35111e-05
    outer loop
      vertex -35.1127 7.34731 -15
      vertex -35.7868 6.30936 -12.9109
      vertex -35.4751 6.78927 -12.5801
    endloop
  endfacet
  facet normal -0.838671 0.544638 0
    outer loop
      vertex -35.8253 6.25 -12.9518
      vertex -35.1127 7.34731 -15
      vertex -35.8253 6.25 -15
    endloop
  endfacet
  facet normal -0.838901 0.544284 -0.000269625
    outer loop
      vertex -35.1127 7.34731 -15
      vertex -35.8253 6.25 -12.9518
      vertex -35.7868 6.30936 -12.9109
    endloop
  endfacet
  facet normal -0.838667 0.544644 0
    outer loop
      vertex -35.4751 6.78927 12.5801
      vertex -35.1127 7.34731 15
      vertex -35.1127 7.34731 12.096
    endloop
  endfacet
  facet normal -0.838641 0.544685 -1.35111e-05
    outer loop
      vertex -35.7868 6.30936 12.9109
      vertex -35.1127 7.34731 15
      vertex -35.4751 6.78927 12.5801
    endloop
  endfacet
  facet normal -0.838901 0.544284 0.000269625
    outer loop
      vertex -35.8253 6.25 12.9518
      vertex -35.1127 7.34731 15
      vertex -35.7868 6.30936 12.9109
    endloop
  endfacet
  facet normal -0.838671 0.544638 0
    outer loop
      vertex -35.1127 7.34731 15
      vertex -35.8253 6.25 12.9518
      vertex -35.8253 6.25 15
    endloop
  endfacet
  facet normal 0 1 -0
    outer loop
      vertex 25 12.5 -15
      vertex -25 12.5 15
      vertex 25 12.5 15
    endloop
  endfacet
  facet normal 0 1 0
    outer loop
      vertex -25 12.5 15
      vertex 25 12.5 -15
      vertex -25 12.5 -15
    endloop
  endfacet
  facet normal -0.258795 0.965932 0
    outer loop
      vertex -27.5989 12.2268 -15
      vertex -28.8627 11.8882 15
      vertex -27.5989 12.2268 15
    endloop
  endfacet
  facet normal -0.258795 0.965932 0
    outer loop
      vertex -28.8627 11.8882 15
      vertex -27.5989 12.2268 -15
      vertex -28.8627 11.8882 -15
    endloop
  endfacet
  facet normal 0.629453 0.777039 -4.18643e-05
    outer loop
      vertex 32.3473 10.1127 -15
      vertex 33.1994 9.42274 -9.47844
      vertex 33.3641 9.28931 -9.7027
    endloop
  endfacet
  facet normal 0.629321 0.777145 0
    outer loop
      vertex 32.3473 10.1127 -15
      vertex 33.3641 9.28931 -9.7027
      vertex 33.3641 9.28931 -15
    endloop
  endfacet
  facet normal 0.629207 0.777237 2.0831e-05
    outer loop
      vertex 33.1994 9.42274 -9.47844
      vertex 32.3473 10.1127 -15
      vertex 33.171 9.44573 -9.43981
    endloop
  endfacet
  facet normal 0.629654 0.776876 -8.86176e-05
    outer loop
      vertex 33.171 9.44573 -9.43981
      vertex 32.3473 10.1127 -15
      vertex 33.1579 9.45635 -9.41769
    endloop
  endfacet
  facet normal 0.629022 0.777387 6.32325e-05
    outer loop
      vertex 33.1579 9.45635 -9.41769
      vertex 32.3473 10.1127 -15
      vertex 33.0891 9.51201 -9.30175
    endloop
  endfacet
  facet normal 0.629334 0.777135 -4.02128e-06
    outer loop
      vertex 33.0891 9.51201 -9.30175
      vertex 32.3473 10.1127 -15
      vertex 32.4365 10.0405 -8.16959
    endloop
  endfacet
  facet normal 0.629148 0.777285 0
    outer loop
      vertex 32.4365 10.0405 -8.16959
      vertex 32.3473 10.1127 -15
      vertex 32.3473 10.1127 -7.97494
    endloop
  endfacet
  facet normal 0.629321 0.777145 -0
    outer loop
      vertex 33.3641 9.28931 9.7027
      vertex 32.3473 10.1127 15
      vertex 33.3641 9.28931 15
    endloop
  endfacet
  facet normal 0.629453 0.777039 4.18643e-05
    outer loop
      vertex 33.1994 9.42274 9.47844
      vertex 32.3473 10.1127 15
      vertex 33.3641 9.28931 9.7027
    endloop
  endfacet
  facet normal 0.629207 0.777237 -2.0831e-05
    outer loop
      vertex 33.171 9.44573 9.43981
      vertex 32.3473 10.1127 15
      vertex 33.1994 9.42274 9.47844
    endloop
  endfacet
  facet normal 0.629654 0.776876 8.86176e-05
    outer loop
      vertex 33.1579 9.45635 9.41769
      vertex 32.3473 10.1127 15
      vertex 33.171 9.44573 9.43981
    endloop
  endfacet
  facet normal 0.629022 0.777387 -6.32325e-05
    outer loop
      vertex 33.0891 9.51201 9.30175
      vertex 32.3473 10.1127 15
      vertex 33.1579 9.45635 9.41769
    endloop
  endfacet
  facet normal 0.629334 0.777135 4.02128e-06
    outer loop
      vertex 32.4365 10.0405 8.16959
      vertex 32.3473 10.1127 15
      vertex 33.0891 9.51201 9.30175
    endloop
  endfacet
  facet normal 0.629148 0.777285 0
    outer loop
      vertex 32.3473 10.1127 15
      vertex 32.4365 10.0405 8.16959
      vertex 32.3473 10.1127 7.97494
    endloop
  endfacet
  facet normal 0.891006 -0.453991 0
    outer loop
      vertex 35.8253 -6.25 15
      vertex 36.4193 -5.08421 13.6265
      vertex 36.4193 -5.08421 15
    endloop
  endfacet
  facet normal 0.890994 -0.454015 -2.6065e-05
    outer loop
      vertex 36.4193 -5.08421 13.6265
      vertex 35.8253 -6.25 15
      vertex 36.1516 -5.60955 13.3651
    endloop
  endfacet
  facet normal 0.891021 -0.453962 0
    outer loop
      vertex 36.1516 -5.60955 13.3651
      vertex 35.8253 -6.25 15
      vertex 35.8253 -6.25 12.9518
    endloop
  endfacet
  facet normal 0.890994 -0.454015 2.6065e-05
    outer loop
      vertex 35.8253 -6.25 -15
      vertex 36.4193 -5.08421 -13.6265
      vertex 36.1516 -5.60955 -13.3651
    endloop
  endfacet
  facet normal 0.891021 -0.453962 0
    outer loop
      vertex 35.8253 -6.25 -15
      vertex 36.1516 -5.60955 -13.3651
      vertex 35.8253 -6.25 -12.9518
    endloop
  endfacet
  facet normal 0.891006 -0.453991 0
    outer loop
      vertex 36.4193 -5.08421 -13.6265
      vertex 35.8253 -6.25 -15
      vertex 36.4193 -5.08421 -15
    endloop
  endfacet
  facet normal 0.777175 0.629284 0
    outer loop
      vertex 34.5212 8.07773 -11.3582
      vertex 34.2893 8.36413 -15
      vertex 34.2893 8.36413 -11.0277
    endloop
  endfacet
  facet normal 0.777089 0.629391 1.39466e-05
    outer loop
      vertex 34.7311 7.81858 -11.6572
      vertex 34.2893 8.36413 -15
      vertex 34.5212 8.07773 -11.3582
    endloop
  endfacet
  facet normal 0.777184 0.629274 -1.7777e-05
    outer loop
      vertex 35.0706 7.39927 -12.0476
      vertex 34.2893 8.36413 -15
      vertex 34.7311 7.81858 -11.6572
    endloop
  endfacet
  facet normal 0.777016 0.629481 9.41944e-05
    outer loop
      vertex 35.1127 7.34731 -12.096
      vertex 34.2893 8.36413 -15
      vertex 35.0706 7.39927 -12.0476
    endloop
  endfacet
  facet normal 0.777148 0.629318 0
    outer loop
      vertex 34.2893 8.36413 -15
      vertex 35.1127 7.34731 -12.096
      vertex 35.1127 7.34731 -15
    endloop
  endfacet
  facet normal 0.777175 0.629284 0
    outer loop
      vertex 34.2893 8.36413 15
      vertex 34.5212 8.07773 11.3582
      vertex 34.2893 8.36413 11.0277
    endloop
  endfacet
  facet normal 0.777089 0.629391 -1.39466e-05
    outer loop
      vertex 34.2893 8.36413 15
      vertex 34.7311 7.81858 11.6572
      vertex 34.5212 8.07773 11.3582
    endloop
  endfacet
  facet normal 0.777184 0.629274 1.7777e-05
    outer loop
      vertex 34.2893 8.36413 15
      vertex 35.0706 7.39927 12.0476
      vertex 34.7311 7.81858 11.6572
    endloop
  endfacet
  facet normal 0.777148 0.629318 -0
    outer loop
      vertex 35.1127 7.34731 12.096
      vertex 34.2893 8.36413 15
      vertex 35.1127 7.34731 15
    endloop
  endfacet
  facet normal 0.777016 0.629481 -9.41944e-05
    outer loop
      vertex 34.2893 8.36413 15
      vertex 35.1127 7.34731 12.096
      vertex 35.0706 7.39927 12.0476
    endloop
  endfacet
  facet normal -0.891021 0.453962 0
    outer loop
      vertex -35.8253 6.25 -15
      vertex -36.1516 5.60955 -13.3651
      vertex -35.8253 6.25 -12.9518
    endloop
  endfacet
  facet normal -0.891006 0.453991 0
    outer loop
      vertex -36.4193 5.08421 -13.6265
      vertex -35.8253 6.25 -15
      vertex -36.4193 5.08421 -15
    endloop
  endfacet
  facet normal -0.890994 0.454015 2.6065e-05
    outer loop
      vertex -35.8253 6.25 -15
      vertex -36.4193 5.08421 -13.6265
      vertex -36.1516 5.60955 -13.3651
    endloop
  endfacet
  facet normal -0.891021 0.453962 0
    outer loop
      vertex -36.1516 5.60955 13.3651
      vertex -35.8253 6.25 15
      vertex -35.8253 6.25 12.9518
    endloop
  endfacet
  facet normal -0.890994 0.454015 -2.6065e-05
    outer loop
      vertex -36.4193 5.08421 13.6265
      vertex -35.8253 6.25 15
      vertex -36.1516 5.60955 13.3651
    endloop
  endfacet
  facet normal -0.891006 0.453991 0
    outer loop
      vertex -35.8253 6.25 15
      vertex -36.4193 5.08421 13.6265
      vertex -36.4193 5.08421 15
    endloop
  endfacet
  facet normal 0.156449 0.987686 -0
    outer loop
      vertex 27.5989 12.2268 -15
      vertex 26.3066 12.4315 15
      vertex 27.5989 12.2268 15
    endloop
  endfacet
  facet normal 0.156449 0.987686 0
    outer loop
      vertex 26.3066 12.4315 15
      vertex 27.5989 12.2268 -15
      vertex 26.3066 12.4315 -15
    endloop
  endfacet
  facet normal 0.9336 0.358316 0
    outer loop
      vertex 36.5461 4.75383 -13.7808
      vertex 36.4193 5.08421 -15
      vertex 36.4193 5.08421 -13.6265
    endloop
  endfacet
  facet normal 0.933555 0.358435 3.70106e-05
    outer loop
      vertex 36.7345 4.26316 -14.0037
      vertex 36.4193 5.08421 -15
      vertex 36.5461 4.75383 -13.7808
    endloop
  endfacet
  facet normal 0.933595 0.358331 -0
    outer loop
      vertex 36.8882 3.86271 -15
      vertex 36.7345 4.26316 -14.0037
      vertex 36.8882 3.86271 -14.1364
    endloop
  endfacet
  facet normal 0.933578 0.358375 -2.02943e-05
    outer loop
      vertex 36.7345 4.26316 -14.0037
      vertex 36.8882 3.86271 -15
      vertex 36.4193 5.08421 -15
    endloop
  endfacet
  facet normal 0.9336 0.358316 0
    outer loop
      vertex 36.4193 5.08421 15
      vertex 36.5461 4.75383 13.7808
      vertex 36.4193 5.08421 13.6265
    endloop
  endfacet
  facet normal 0.933555 0.358435 -3.70106e-05
    outer loop
      vertex 36.4193 5.08421 15
      vertex 36.7345 4.26316 14.0037
      vertex 36.5461 4.75383 13.7808
    endloop
  endfacet
  facet normal 0.933578 0.358375 2.02943e-05
    outer loop
      vertex 36.8882 3.86271 15
      vertex 36.7345 4.26316 14.0037
      vertex 36.4193 5.08421 15
    endloop
  endfacet
  facet normal 0.933595 0.358331 0
    outer loop
      vertex 36.7345 4.26316 14.0037
      vertex 36.8882 3.86271 15
      vertex 36.8882 3.86271 14.1364
    endloop
  endfacet
  facet normal 0.453988 0.891008 -0
    outer loop
      vertex 31.25 10.8253 5.52196
      vertex 30.0842 11.4193 15
      vertex 31.25 10.8253 15
    endloop
  endfacet
  facet normal 0.454381 0.890807 6.10187e-05
    outer loop
      vertex 31.1865 10.8577 5.37552
      vertex 30.0842 11.4193 15
      vertex 31.25 10.8253 5.52196
    endloop
  endfacet
  facet normal 0.453899 0.891053 -8.55605e-06
    outer loop
      vertex 30.9089 10.9991 4.49826
      vertex 30.0842 11.4193 15
      vertex 31.1865 10.8577 5.37552
    endloop
  endfacet
  facet normal 0.454113 0.890944 1.26121e-05
    outer loop
      vertex 30.7139 11.0985 3.88229
      vertex 30.0842 11.4193 15
      vertex 30.9089 10.9991 4.49826
    endloop
  endfacet
  facet normal 0.453707 0.891151 -1.63583e-05
    outer loop
      vertex 30.6143 11.1492 3.40097
      vertex 30.0842 11.4193 15
      vertex 30.7139 11.0985 3.88229
    endloop
  endfacet
  facet normal 0.454178 0.890911 1.07508e-05
    outer loop
      vertex 30.396 11.2605 2.34652
      vertex 30.0842 11.4193 15
      vertex 30.6143 11.1492 3.40097
    endloop
  endfacet
  facet normal 0.452913 0.891554 -2.84843e-05
    outer loop
      vertex 30.357 11.2803 1.9657
      vertex 30.0842 11.4193 15
      vertex 30.396 11.2605 2.34652
    endloop
  endfacet
  facet normal 0.453983 0.89101 -2.91068e-07
    outer loop
      vertex 30.2361 11.3419 0.785039
      vertex 30.0842 11.4193 15
      vertex 30.357 11.2803 1.9657
    endloop
  endfacet
  facet normal 0.454005 0.890999 -0
    outer loop
      vertex 30.2361 11.3419 -0.785039
      vertex 30.0842 11.4193 15
      vertex 30.2361 11.3419 0.785039
    endloop
  endfacet
  facet normal 0.452913 0.891554 2.84843e-05
    outer loop
      vertex 30.0842 11.4193 -15
      vertex 30.357 11.2803 -1.9657
      vertex 30.396 11.2605 -2.34652
    endloop
  endfacet
  facet normal 0.453707 0.891151 1.63583e-05
    outer loop
      vertex 30.0842 11.4193 -15
      vertex 30.6143 11.1492 -3.40097
      vertex 30.7139 11.0985 -3.88229
    endloop
  endfacet
  facet normal 0.453899 0.891053 8.55605e-06
    outer loop
      vertex 30.0842 11.4193 -15
      vertex 30.9089 10.9991 -4.49826
      vertex 31.1865 10.8577 -5.37552
    endloop
  endfacet
  facet normal 0.453988 0.891008 0
    outer loop
      vertex 30.0842 11.4193 -15
      vertex 31.25 10.8253 -5.52196
      vertex 31.25 10.8253 -15
    endloop
  endfacet
  facet normal 0.454381 0.890807 -6.10187e-05
    outer loop
      vertex 31.25 10.8253 -5.52196
      vertex 30.0842 11.4193 -15
      vertex 31.1865 10.8577 -5.37552
    endloop
  endfacet
  facet normal 0.454113 0.890944 -1.26121e-05
    outer loop
      vertex 30.9089 10.9991 -4.49826
      vertex 30.0842 11.4193 -15
      vertex 30.7139 11.0985 -3.88229
    endloop
  endfacet
  facet normal 0.454178 0.890911 -1.07508e-05
    outer loop
      vertex 30.6143 11.1492 -3.40097
      vertex 30.0842 11.4193 -15
      vertex 30.396 11.2605 -2.34652
    endloop
  endfacet
  facet normal 0.454005 0.890999 0
    outer loop
      vertex 30.2361 11.3419 -0.785039
      vertex 30.0842 11.4193 -15
      vertex 30.0842 11.4193 15
    endloop
  endfacet
  facet normal 0.453983 0.89101 2.91068e-07
    outer loop
      vertex 30.357 11.2803 -1.9657
      vertex 30.0842 11.4193 -15
      vertex 30.2361 11.3419 -0.785039
    endloop
  endfacet
  facet normal 0.838667 0.544644 0
    outer loop
      vertex 35.1127 7.34731 15
      vertex 35.4751 6.78927 12.5801
      vertex 35.1127 7.34731 12.096
    endloop
  endfacet
  facet normal 0.838641 0.544685 -1.35111e-05
    outer loop
      vertex 35.1127 7.34731 15
      vertex 35.7868 6.30936 12.9109
      vertex 35.4751 6.78927 12.5801
    endloop
  endfacet
  facet normal 0.838671 0.544638 -0
    outer loop
      vertex 35.8253 6.25 12.9518
      vertex 35.1127 7.34731 15
      vertex 35.8253 6.25 15
    endloop
  endfacet
  facet normal 0.838901 0.544284 0.000269625
    outer loop
      vertex 35.1127 7.34731 15
      vertex 35.8253 6.25 12.9518
      vertex 35.7868 6.30936 12.9109
    endloop
  endfacet
  facet normal 0.838667 0.544644 0
    outer loop
      vertex 35.4751 6.78927 -12.5801
      vertex 35.1127 7.34731 -15
      vertex 35.1127 7.34731 -12.096
    endloop
  endfacet
  facet normal 0.838641 0.544685 1.35111e-05
    outer loop
      vertex 35.7868 6.30936 -12.9109
      vertex 35.1127 7.34731 -15
      vertex 35.4751 6.78927 -12.5801
    endloop
  endfacet
  facet normal 0.838901 0.544284 -0.000269625
    outer loop
      vertex 35.8253 6.25 -12.9518
      vertex 35.1127 7.34731 -15
      vertex 35.7868 6.30936 -12.9109
    endloop
  endfacet
  facet normal 0.838671 0.544638 0
    outer loop
      vertex 35.1127 7.34731 -15
      vertex 35.8253 6.25 -12.9518
      vertex 35.8253 6.25 -15
    endloop
  endfacet
  facet normal 0.0523542 0.998629 -0
    outer loop
      vertex 26.3066 12.4315 -15
      vertex 25 12.5 15
      vertex 26.3066 12.4315 15
    endloop
  endfacet
  facet normal 0.0523542 0.998629 0
    outer loop
      vertex 25 12.5 15
      vertex 26.3066 12.4315 -15
      vertex 25 12.5 -15
    endloop
  endfacet
  facet normal -0.777016 -0.629481 -9.41944e-05
    outer loop
      vertex -34.2893 -8.36413 15
      vertex -35.1127 -7.34731 12.096
      vertex -35.0706 -7.39927 12.0476
    endloop
  endfacet
  facet normal -0.777184 -0.629274 1.7777e-05
    outer loop
      vertex -34.2893 -8.36413 15
      vertex -35.0706 -7.39927 12.0476
      vertex -34.7311 -7.81858 11.6572
    endloop
  endfacet
  facet normal -0.777089 -0.629391 -1.39466e-05
    outer loop
      vertex -34.2893 -8.36413 15
      vertex -34.7311 -7.81858 11.6572
      vertex -34.5212 -8.07773 11.3582
    endloop
  endfacet
  facet normal -0.777175 -0.629284 -0
    outer loop
      vertex -34.2893 -8.36413 15
      vertex -34.5212 -8.07773 11.3582
      vertex -34.2893 -8.36413 11.0277
    endloop
  endfacet
  facet normal -0.777148 -0.629318 0
    outer loop
      vertex -35.1127 -7.34731 12.096
      vertex -34.2893 -8.36413 15
      vertex -35.1127 -7.34731 15
    endloop
  endfacet
  facet normal -0.777148 -0.629318 0
    outer loop
      vertex -34.2893 -8.36413 -15
      vertex -35.1127 -7.34731 -12.096
      vertex -35.1127 -7.34731 -15
    endloop
  endfacet
  facet normal -0.777016 -0.629481 9.41944e-05
    outer loop
      vertex -35.1127 -7.34731 -12.096
      vertex -34.2893 -8.36413 -15
      vertex -35.0706 -7.39927 -12.0476
    endloop
  endfacet
  facet normal -0.777184 -0.629274 -1.7777e-05
    outer loop
      vertex -35.0706 -7.39927 -12.0476
      vertex -34.2893 -8.36413 -15
      vertex -34.7311 -7.81858 -11.6572
    endloop
  endfacet
  facet normal -0.777089 -0.629391 1.39466e-05
    outer loop
      vertex -34.7311 -7.81858 -11.6572
      vertex -34.2893 -8.36413 -15
      vertex -34.5212 -8.07773 -11.3582
    endloop
  endfacet
  facet normal -0.777175 -0.629284 0
    outer loop
      vertex -34.5212 -8.07773 -11.3582
      vertex -34.2893 -8.36413 -15
      vertex -34.2893 -8.36413 -11.0277
    endloop
  endfacet
  facet normal -0.453988 -0.891008 0
    outer loop
      vertex -31.25 -10.8253 5.52196
      vertex -30.0842 -11.4193 15
      vertex -31.25 -10.8253 15
    endloop
  endfacet
  facet normal -0.454381 -0.890807 6.10187e-05
    outer loop
      vertex -31.1865 -10.8577 5.37552
      vertex -30.0842 -11.4193 15
      vertex -31.25 -10.8253 5.52196
    endloop
  endfacet
  facet normal -0.453899 -0.891053 -8.55605e-06
    outer loop
      vertex -30.9089 -10.9991 4.49826
      vertex -30.0842 -11.4193 15
      vertex -31.1865 -10.8577 5.37552
    endloop
  endfacet
  facet normal -0.454113 -0.890944 1.26121e-05
    outer loop
      vertex -30.7139 -11.0985 3.88229
      vertex -30.0842 -11.4193 15
      vertex -30.9089 -10.9991 4.49826
    endloop
  endfacet
  facet normal -0.453707 -0.891151 -1.63583e-05
    outer loop
      vertex -30.6143 -11.1492 3.40097
      vertex -30.0842 -11.4193 15
      vertex -30.7139 -11.0985 3.88229
    endloop
  endfacet
  facet normal -0.454178 -0.890911 1.07508e-05
    outer loop
      vertex -30.396 -11.2605 2.34652
      vertex -30.0842 -11.4193 15
      vertex -30.6143 -11.1492 3.40097
    endloop
  endfacet
  facet normal -0.452913 -0.891554 -2.84843e-05
    outer loop
      vertex -30.357 -11.2803 1.9657
      vertex -30.0842 -11.4193 15
      vertex -30.396 -11.2605 2.34652
    endloop
  endfacet
  facet normal -0.453983 -0.89101 -2.91068e-07
    outer loop
      vertex -30.2361 -11.3419 0.785039
      vertex -30.0842 -11.4193 15
      vertex -30.357 -11.2803 1.9657
    endloop
  endfacet
  facet normal -0.454005 -0.890999 0
    outer loop
      vertex -30.2361 -11.3419 -0.785039
      vertex -30.0842 -11.4193 15
      vertex -30.2361 -11.3419 0.785039
    endloop
  endfacet
  facet normal -0.452913 -0.891554 2.84843e-05
    outer loop
      vertex -30.0842 -11.4193 -15
      vertex -30.357 -11.2803 -1.9657
      vertex -30.396 -11.2605 -2.34652
    endloop
  endfacet
  facet normal -0.453707 -0.891151 1.63583e-05
    outer loop
      vertex -30.0842 -11.4193 -15
      vertex -30.6143 -11.1492 -3.40097
      vertex -30.7139 -11.0985 -3.88229
    endloop
  endfacet
  facet normal -0.453899 -0.891053 8.55605e-06
    outer loop
      vertex -30.0842 -11.4193 -15
      vertex -30.9089 -10.9991 -4.49826
      vertex -31.1865 -10.8577 -5.37552
    endloop
  endfacet
  facet normal -0.453988 -0.891008 0
    outer loop
      vertex -30.0842 -11.4193 -15
      vertex -31.25 -10.8253 -5.52196
      vertex -31.25 -10.8253 -15
    endloop
  endfacet
  facet normal -0.454381 -0.890807 -6.10187e-05
    outer loop
      vertex -31.25 -10.8253 -5.52196
      vertex -30.0842 -11.4193 -15
      vertex -31.1865 -10.8577 -5.37552
    endloop
  endfacet
  facet normal -0.454113 -0.890944 -1.26121e-05
    outer loop
      vertex -30.9089 -10.9991 -4.49826
      vertex -30.0842 -11.4193 -15
      vertex -30.7139 -11.0985 -3.88229
    endloop
  endfacet
  facet normal -0.454178 -0.890911 -1.07508e-05
    outer loop
      vertex -30.6143 -11.1492 -3.40097
      vertex -30.0842 -11.4193 -15
      vertex -30.396 -11.2605 -2.34652
    endloop
  endfacet
  facet normal -0.454005 -0.890999 0
    outer loop
      vertex -30.2361 -11.3419 -0.785039
      vertex -30.0842 -11.4193 -15
      vertex -30.0842 -11.4193 15
    endloop
  endfacet
  facet normal -0.453983 -0.89101 2.91068e-07
    outer loop
      vertex -30.357 -11.2803 -1.9657
      vertex -30.0842 -11.4193 -15
      vertex -30.2361 -11.3419 -0.785039
    endloop
  endfacet
  facet normal -0.9336 0.358316 0
    outer loop
      vertex -36.4193 5.08421 -15
      vertex -36.5461 4.75383 -13.7808
      vertex -36.4193 5.08421 -13.6265
    endloop
  endfacet
  facet normal -0.933555 0.358435 3.70106e-05
    outer loop
      vertex -36.4193 5.08421 -15
      vertex -36.7345 4.26316 -14.0037
      vertex -36.5461 4.75383 -13.7808
    endloop
  endfacet
  facet normal -0.933578 0.358375 -2.02943e-05
    outer loop
      vertex -36.8882 3.86271 -15
      vertex -36.7345 4.26316 -14.0037
      vertex -36.4193 5.08421 -15
    endloop
  endfacet
  facet normal -0.933595 0.358331 0
    outer loop
      vertex -36.7345 4.26316 -14.0037
      vertex -36.8882 3.86271 -15
      vertex -36.8882 3.86271 -14.1364
    endloop
  endfacet
  facet normal -0.9336 0.358316 0
    outer loop
      vertex -36.5461 4.75383 13.7808
      vertex -36.4193 5.08421 15
      vertex -36.4193 5.08421 13.6265
    endloop
  endfacet
  facet normal -0.933555 0.358435 -3.70106e-05
    outer loop
      vertex -36.7345 4.26316 14.0037
      vertex -36.4193 5.08421 15
      vertex -36.5461 4.75383 13.7808
    endloop
  endfacet
  facet normal -0.933595 0.358331 0
    outer loop
      vertex -36.8882 3.86271 15
      vertex -36.7345 4.26316 14.0037
      vertex -36.8882 3.86271 14.1364
    endloop
  endfacet
  facet normal -0.933578 0.358375 2.02943e-05
    outer loop
      vertex -36.7345 4.26316 14.0037
      vertex -36.8882 3.86271 15
      vertex -36.4193 5.08421 15
    endloop
  endfacet
  facet normal -0.707099 0.707114 0
    outer loop
      vertex -33.3641 9.28931 15
      vertex -34.2893 8.36413 11.0277
      vertex -34.2893 8.36413 15
    endloop
  endfacet
  facet normal -0.707129 0.707084 1.40988e-05
    outer loop
      vertex -33.3641 9.28931 15
      vertex -33.9517 8.70176 10.6066
      vertex -34.2893 8.36413 11.0277
    endloop
  endfacet
  facet normal -0.707077 0.707137 0
    outer loop
      vertex -33.9517 8.70176 10.6066
      vertex -33.3641 9.28931 15
      vertex -33.3641 9.28931 9.7027
    endloop
  endfacet
  facet normal -0.707077 0.707137 0
    outer loop
      vertex -33.3641 9.28931 -15
      vertex -33.9517 8.70176 -10.6066
      vertex -33.3641 9.28931 -9.7027
    endloop
  endfacet
  facet normal -0.707129 0.707084 -1.40988e-05
    outer loop
      vertex -33.3641 9.28931 -15
      vertex -34.2893 8.36413 -11.0277
      vertex -33.9517 8.70176 -10.6066
    endloop
  endfacet
  facet normal -0.707099 0.707114 0
    outer loop
      vertex -34.2893 8.36413 -11.0277
      vertex -33.3641 9.28931 -15
      vertex -34.2893 8.36413 -15
    endloop
  endfacet
  facet normal 0 0 1
    outer loop
      vertex 37.4315 1.30661 15
      vertex 37.4315 -1.30661 15
      vertex 37.5 0 15
    endloop
  endfacet
  facet normal 0 0 1
    outer loop
      vertex 37.2268 2.5989 15
      vertex 37.4315 -1.30661 15
      vertex 37.4315 1.30661 15
    endloop
  endfacet
  facet normal 0 0 1
    outer loop
      vertex 37.2268 2.5989 15
      vertex 37.2268 -2.5989 15
      vertex 37.4315 -1.30661 15
    endloop
  endfacet
  facet normal 0 0 1
    outer loop
      vertex 36.8882 3.86271 15
      vertex 37.2268 -2.5989 15
      vertex 37.2268 2.5989 15
    endloop
  endfacet
  facet normal 0 0 1
    outer loop
      vertex 36.8882 3.86271 15
      vertex 36.8882 -3.86271 15
      vertex 37.2268 -2.5989 15
    endloop
  endfacet
  facet normal 0 0 1
    outer loop
      vertex 36.4193 5.08421 15
      vertex 36.8882 -3.86271 15
      vertex 36.8882 3.86271 15
    endloop
  endfacet
  facet normal 0 0 1
    outer loop
      vertex 36.4193 5.08421 15
      vertex 36.4193 -5.08421 15
      vertex 36.8882 -3.86271 15
    endloop
  endfacet
  facet normal 0 0 1
    outer loop
      vertex 35.8253 6.25 15
      vertex 36.4193 -5.08421 15
      vertex 36.4193 5.08421 15
    endloop
  endfacet
  facet normal 0 0 1
    outer loop
      vertex 35.8253 6.25 15
      vertex 35.8253 -6.25 15
      vertex 36.4193 -5.08421 15
    endloop
  endfacet
  facet normal 0 0 1
    outer loop
      vertex 35.1127 7.34731 15
      vertex 35.8253 -6.25 15
      vertex 35.8253 6.25 15
    endloop
  endfacet
  facet normal 0 0 1
    outer loop
      vertex 35.1127 7.34731 15
      vertex 35.1127 -7.34731 15
      vertex 35.8253 -6.25 15
    endloop
  endfacet
  facet normal 0 0 1
    outer loop
      vertex 34.2893 8.36413 15
      vertex 35.1127 -7.34731 15
      vertex 35.1127 7.34731 15
    endloop
  endfacet
  facet normal 0 0 1
    outer loop
      vertex 34.2893 8.36413 15
      vertex 34.2893 -8.36413 15
      vertex 35.1127 -7.34731 15
    endloop
  endfacet
  facet normal 0 0 1
    outer loop
      vertex 33.3641 9.28931 15
      vertex 34.2893 -8.36413 15
      vertex 34.2893 8.36413 15
    endloop
  endfacet
  facet normal 0 0 1
    outer loop
      vertex 33.3641 9.28931 15
      vertex 33.3641 -9.28931 15
      vertex 34.2893 -8.36413 15
    endloop
  endfacet
  facet normal 0 0 1
    outer loop
      vertex 32.3473 10.1127 15
      vertex 33.3641 -9.28931 15
      vertex 33.3641 9.28931 15
    endloop
  endfacet
  facet normal 0 0 1
    outer loop
      vertex 32.3473 10.1127 15
      vertex 32.3473 -10.1127 15
      vertex 33.3641 -9.28931 15
    endloop
  endfacet
  facet normal 0 0 1
    outer loop
      vertex 31.25 10.8253 15
      vertex 32.3473 -10.1127 15
      vertex 32.3473 10.1127 15
    endloop
  endfacet
  facet normal 0 0 1
    outer loop
      vertex 31.25 10.8253 15
      vertex 31.25 -10.8253 15
      vertex 32.3473 -10.1127 15
    endloop
  endfacet
  facet normal 0 0 1
    outer loop
      vertex 30.0842 11.4193 15
      vertex 31.25 -10.8253 15
      vertex 31.25 10.8253 15
    endloop
  endfacet
  facet normal 0 0 1
    outer loop
      vertex 30.0842 11.4193 15
      vertex 30.0842 -11.4193 15
      vertex 31.25 -10.8253 15
    endloop
  endfacet
  facet normal 0 0 1
    outer loop
      vertex 28.8627 11.8882 15
      vertex 30.0842 -11.4193 15
      vertex 30.0842 11.4193 15
    endloop
  endfacet
  facet normal 0 0 1
    outer loop
      vertex 28.8627 11.8882 15
      vertex 28.8627 -11.8882 15
      vertex 30.0842 -11.4193 15
    endloop
  endfacet
  facet normal 0 0 1
    outer loop
      vertex 27.5989 12.2268 15
      vertex 28.8627 -11.8882 15
      vertex 28.8627 11.8882 15
    endloop
  endfacet
  facet normal 0 0 1
    outer loop
      vertex 27.5989 12.2268 15
      vertex 27.5989 -12.2268 15
      vertex 28.8627 -11.8882 15
    endloop
  endfacet
  facet normal 0 0 1
    outer loop
      vertex 26.3066 12.4315 15
      vertex 27.5989 -12.2268 15
      vertex 27.5989 12.2268 15
    endloop
  endfacet
  facet normal 0 0 1
    outer loop
      vertex 26.3066 12.4315 15
      vertex 26.3066 -12.4315 15
      vertex 27.5989 -12.2268 15
    endloop
  endfacet
  facet normal 0 0 1
    outer loop
      vertex 25 12.5 15
      vertex 26.3066 -12.4315 15
      vertex 26.3066 12.4315 15
    endloop
  endfacet
  facet normal 0 0 1
    outer loop
      vertex 25 12.5 15
      vertex 25 -12.5 15
      vertex 26.3066 -12.4315 15
    endloop
  endfacet
  facet normal -0 0 1
    outer loop
      vertex -25 12.5 15
      vertex 25 -12.5 15
      vertex 25 12.5 15
    endloop
  endfacet
  facet normal 0 0 1
    outer loop
      vertex -25 12.5 15
      vertex -25 -12.5 15
      vertex 25 -12.5 15
    endloop
  endfacet
  facet normal -0 0 1
    outer loop
      vertex -26.3066 12.4315 15
      vertex -25 -12.5 15
      vertex -25 12.5 15
    endloop
  endfacet
  facet normal 0 0 1
    outer loop
      vertex -26.3066 12.4315 15
      vertex -26.3066 -12.4315 15
      vertex -25 -12.5 15
    endloop
  endfacet
  facet normal -0 0 1
    outer loop
      vertex -27.5989 12.2268 15
      vertex -26.3066 -12.4315 15
      vertex -26.3066 12.4315 15
    endloop
  endfacet
  facet normal 0 0 1
    outer loop
      vertex -27.5989 12.2268 15
      vertex -27.5989 -12.2268 15
      vertex -26.3066 -12.4315 15
    endloop
  endfacet
  facet normal -0 0 1
    outer loop
      vertex -28.8627 11.8882 15
      vertex -27.5989 -12.2268 15
      vertex -27.5989 12.2268 15
    endloop
  endfacet
  facet normal 0 0 1
    outer loop
      vertex -28.8627 11.8882 15
      vertex -28.8627 -11.8882 15
      vertex -27.5989 -12.2268 15
    endloop
  endfacet
  facet normal -0 0 1
    outer loop
      vertex -30.0842 11.4193 15
      vertex -28.8627 -11.8882 15
      vertex -28.8627 11.8882 15
    endloop
  endfacet
  facet normal 0 0 1
    outer loop
      vertex -30.0842 11.4193 15
      vertex -30.0842 -11.4193 15
      vertex -28.8627 -11.8882 15
    endloop
  endfacet
  facet normal -0 0 1
    outer loop
      vertex -31.25 10.8253 15
      vertex -30.0842 -11.4193 15
      vertex -30.0842 11.4193 15
    endloop
  endfacet
  facet normal 0 0 1
    outer loop
      vertex -31.25 10.8253 15
      vertex -31.25 -10.8253 15
      vertex -30.0842 -11.4193 15
    endloop
  endfacet
  facet normal -0 0 1
    outer loop
      vertex -32.3473 10.1127 15
      vertex -31.25 -10.8253 15
      vertex -31.25 10.8253 15
    endloop
  endfacet
  facet normal 0 0 1
    outer loop
      vertex -32.3473 10.1127 15
      vertex -32.3473 -10.1127 15
      vertex -31.25 -10.8253 15
    endloop
  endfacet
  facet normal -0 0 1
    outer loop
      vertex -33.3641 9.28931 15
      vertex -32.3473 -10.1127 15
      vertex -32.3473 10.1127 15
    endloop
  endfacet
  facet normal 0 0 1
    outer loop
      vertex -33.3641 9.28931 15
      vertex -33.3641 -9.28931 15
      vertex -32.3473 -10.1127 15
    endloop
  endfacet
  facet normal -0 0 1
    outer loop
      vertex -34.2893 8.36413 15
      vertex -33.3641 -9.28931 15
      vertex -33.3641 9.28931 15
    endloop
  endfacet
  facet normal 0 0 1
    outer loop
      vertex -34.2893 8.36413 15
      vertex -34.2893 -8.36413 15
      vertex -33.3641 -9.28931 15
    endloop
  endfacet
  facet normal -0 0 1
    outer loop
      vertex -35.1127 7.34731 15
      vertex -34.2893 -8.36413 15
      vertex -34.2893 8.36413 15
    endloop
  endfacet
  facet normal 0 0 1
    outer loop
      vertex -35.1127 7.34731 15
      vertex -35.1127 -7.34731 15
      vertex -34.2893 -8.36413 15
    endloop
  endfacet
  facet normal -0 0 1
    outer loop
      vertex -35.8253 6.25 15
      vertex -35.1127 -7.34731 15
      vertex -35.1127 7.34731 15
    endloop
  endfacet
  facet normal 0 0 1
    outer loop
      vertex -35.8253 6.25 15
      vertex -35.8253 -6.25 15
      vertex -35.1127 -7.34731 15
    endloop
  endfacet
  facet normal -0 0 1
    outer loop
      vertex -36.4193 5.08421 15
      vertex -35.8253 -6.25 15
      vertex -35.8253 6.25 15
    endloop
  endfacet
  facet normal 0 0 1
    outer loop
      vertex -36.4193 5.08421 15
      vertex -36.4193 -5.08421 15
      vertex -35.8253 -6.25 15
    endloop
  endfacet
  facet normal -0 0 1
    outer loop
      vertex -36.8882 3.86271 15
      vertex -36.4193 -5.08421 15
      vertex -36.4193 5.08421 15
    endloop
  endfacet
  facet normal 0 0 1
    outer loop
      vertex -36.8882 3.86271 15
      vertex -36.8882 -3.86271 15
      vertex -36.4193 -5.08421 15
    endloop
  endfacet
  facet normal -0 0 1
    outer loop
      vertex -37.2268 2.5989 15
      vertex -36.8882 -3.86271 15
      vertex -36.8882 3.86271 15
    endloop
  endfacet
  facet normal 0 0 1
    outer loop
      vertex -37.2268 2.5989 15
      vertex -37.2268 -2.5989 15
      vertex -36.8882 -3.86271 15
    endloop
  endfacet
  facet normal -0 0 1
    outer loop
      vertex -37.4315 1.30661 15
      vertex -37.2268 -2.5989 15
      vertex -37.2268 2.5989 15
    endloop
  endfacet
  facet normal 0 0 1
    outer loop
      vertex -37.4315 1.30661 15
      vertex -37.4315 -1.30661 15
      vertex -37.2268 -2.5989 15
    endloop
  endfacet
  facet normal 0 -0 1
    outer loop
      vertex -37.4315 -1.30661 15
      vertex -37.4315 1.30661 15
      vertex -37.5 0 15
    endloop
  endfacet
  facet normal 0.707099 0.707114 0
    outer loop
      vertex 33.3641 9.28931 -15
      vertex 34.2893 8.36413 -11.0277
      vertex 34.2893 8.36413 -15
    endloop
  endfacet
  facet normal 0.707129 0.707084 -1.40988e-05
    outer loop
      vertex 34.2893 8.36413 -11.0277
      vertex 33.3641 9.28931 -15
      vertex 33.9517 8.70176 -10.6066
    endloop
  endfacet
  facet normal 0.707077 0.707137 0
    outer loop
      vertex 33.9517 8.70176 -10.6066
      vertex 33.3641 9.28931 -15
      vertex 33.3641 9.28931 -9.7027
    endloop
  endfacet
  facet normal 0.707099 0.707114 -0
    outer loop
      vertex 34.2893 8.36413 11.0277
      vertex 33.3641 9.28931 15
      vertex 34.2893 8.36413 15
    endloop
  endfacet
  facet normal 0.707129 0.707084 1.40988e-05
    outer loop
      vertex 33.9517 8.70176 10.6066
      vertex 33.3641 9.28931 15
      vertex 34.2893 8.36413 11.0277
    endloop
  endfacet
  facet normal 0.707077 0.707137 0
    outer loop
      vertex 33.3641 9.28931 15
      vertex 33.9517 8.70176 10.6066
      vertex 33.3641 9.28931 9.7027
    endloop
  endfacet
  facet normal 0.358375 0.933578 -0
    outer loop
      vertex 30.0842 11.4193 -15
      vertex 28.8627 11.8882 15
      vertex 30.0842 11.4193 15
    endloop
  endfacet
  facet normal 0.358375 0.933578 0
    outer loop
      vertex 28.8627 11.8882 15
      vertex 30.0842 11.4193 -15
      vertex 28.8627 11.8882 -15
    endloop
  endfacet
  facet normal -0.258795 -0.965932 0
    outer loop
      vertex -28.8627 -11.8882 -15
      vertex -27.5989 -12.2268 15
      vertex -28.8627 -11.8882 15
    endloop
  endfacet
  facet normal -0.258795 -0.965932 -0
    outer loop
      vertex -27.5989 -12.2268 15
      vertex -28.8627 -11.8882 -15
      vertex -27.5989 -12.2268 -15
    endloop
  endfacet
  facet normal -0.358375 -0.933578 0
    outer loop
      vertex -30.0842 -11.4193 -15
      vertex -28.8627 -11.8882 15
      vertex -30.0842 -11.4193 15
    endloop
  endfacet
  facet normal -0.358375 -0.933578 -0
    outer loop
      vertex -28.8627 -11.8882 15
      vertex -30.0842 -11.4193 -15
      vertex -28.8627 -11.8882 -15
    endloop
  endfacet
  facet normal -0.777175 0.629284 0
    outer loop
      vertex -34.5212 8.07773 11.3582
      vertex -34.2893 8.36413 15
      vertex -34.2893 8.36413 11.0277
    endloop
  endfacet
  facet normal -0.777089 0.629391 -1.39466e-05
    outer loop
      vertex -34.7311 7.81858 11.6572
      vertex -34.2893 8.36413 15
      vertex -34.5212 8.07773 11.3582
    endloop
  endfacet
  facet normal -0.777184 0.629274 1.7777e-05
    outer loop
      vertex -35.0706 7.39927 12.0476
      vertex -34.2893 8.36413 15
      vertex -34.7311 7.81858 11.6572
    endloop
  endfacet
  facet normal -0.777016 0.629481 -9.41944e-05
    outer loop
      vertex -35.1127 7.34731 12.096
      vertex -34.2893 8.36413 15
      vertex -35.0706 7.39927 12.0476
    endloop
  endfacet
  facet normal -0.777148 0.629318 0
    outer loop
      vertex -34.2893 8.36413 15
      vertex -35.1127 7.34731 12.096
      vertex -35.1127 7.34731 15
    endloop
  endfacet
  facet normal -0.777175 0.629284 0
    outer loop
      vertex -34.2893 8.36413 -15
      vertex -34.5212 8.07773 -11.3582
      vertex -34.2893 8.36413 -11.0277
    endloop
  endfacet
  facet normal -0.777089 0.629391 1.39466e-05
    outer loop
      vertex -34.2893 8.36413 -15
      vertex -34.7311 7.81858 -11.6572
      vertex -34.5212 8.07773 -11.3582
    endloop
  endfacet
  facet normal -0.777184 0.629274 -1.7777e-05
    outer loop
      vertex -34.2893 8.36413 -15
      vertex -35.0706 7.39927 -12.0476
      vertex -34.7311 7.81858 -11.6572
    endloop
  endfacet
  facet normal -0.777148 0.629318 0
    outer loop
      vertex -35.1127 7.34731 -12.096
      vertex -34.2893 8.36413 -15
      vertex -35.1127 7.34731 -15
    endloop
  endfacet
  facet normal -0.777016 0.629481 9.41944e-05
    outer loop
      vertex -34.2893 8.36413 -15
      vertex -35.1127 7.34731 -12.096
      vertex -35.0706 7.39927 -12.0476
    endloop
  endfacet
  facet normal -0.629453 -0.777039 -4.18643e-05
    outer loop
      vertex -32.3473 -10.1127 -15
      vertex -33.1994 -9.42274 -9.47844
      vertex -33.3641 -9.28931 -9.7027
    endloop
  endfacet
  facet normal -0.629321 -0.777145 0
    outer loop
      vertex -32.3473 -10.1127 -15
      vertex -33.3641 -9.28931 -9.7027
      vertex -33.3641 -9.28931 -15
    endloop
  endfacet
  facet normal -0.629207 -0.777237 2.0831e-05
    outer loop
      vertex -33.1994 -9.42274 -9.47844
      vertex -32.3473 -10.1127 -15
      vertex -33.171 -9.44573 -9.43981
    endloop
  endfacet
  facet normal -0.629654 -0.776876 -8.86176e-05
    outer loop
      vertex -33.171 -9.44573 -9.43981
      vertex -32.3473 -10.1127 -15
      vertex -33.1579 -9.45635 -9.41769
    endloop
  endfacet
  facet normal -0.629022 -0.777387 6.32325e-05
    outer loop
      vertex -33.1579 -9.45635 -9.41769
      vertex -32.3473 -10.1127 -15
      vertex -33.0891 -9.51201 -9.30175
    endloop
  endfacet
  facet normal -0.629334 -0.777135 -4.02128e-06
    outer loop
      vertex -33.0891 -9.51201 -9.30175
      vertex -32.3473 -10.1127 -15
      vertex -32.4365 -10.0405 -8.16959
    endloop
  endfacet
  facet normal -0.629148 -0.777285 0
    outer loop
      vertex -32.4365 -10.0405 -8.16959
      vertex -32.3473 -10.1127 -15
      vertex -32.3473 -10.1127 -7.97494
    endloop
  endfacet
  facet normal -0.629321 -0.777145 0
    outer loop
      vertex -33.3641 -9.28931 9.7027
      vertex -32.3473 -10.1127 15
      vertex -33.3641 -9.28931 15
    endloop
  endfacet
  facet normal -0.629453 -0.777039 4.18643e-05
    outer loop
      vertex -33.1994 -9.42274 9.47844
      vertex -32.3473 -10.1127 15
      vertex -33.3641 -9.28931 9.7027
    endloop
  endfacet
  facet normal -0.629207 -0.777237 -2.0831e-05
    outer loop
      vertex -33.171 -9.44573 9.43981
      vertex -32.3473 -10.1127 15
      vertex -33.1994 -9.42274 9.47844
    endloop
  endfacet
  facet normal -0.629654 -0.776876 8.86176e-05
    outer loop
      vertex -33.1579 -9.45635 9.41769
      vertex -32.3473 -10.1127 15
      vertex -33.171 -9.44573 9.43981
    endloop
  endfacet
  facet normal -0.629022 -0.777387 -6.32325e-05
    outer loop
      vertex -33.0891 -9.51201 9.30175
      vertex -32.3473 -10.1127 15
      vertex -33.1579 -9.45635 9.41769
    endloop
  endfacet
  facet normal -0.629334 -0.777135 4.02128e-06
    outer loop
      vertex -32.4365 -10.0405 8.16959
      vertex -32.3473 -10.1127 15
      vertex -33.0891 -9.51201 9.30175
    endloop
  endfacet
  facet normal -0.629148 -0.777285 -0
    outer loop
      vertex -32.3473 -10.1127 15
      vertex -32.4365 -10.0405 8.16959
      vertex -32.3473 -10.1127 7.97494
    endloop
  endfacet
  facet normal -0.156449 -0.987686 0
    outer loop
      vertex -27.5989 -12.2268 -15
      vertex -26.3066 -12.4315 15
      vertex -27.5989 -12.2268 15
    endloop
  endfacet
  facet normal -0.156449 -0.987686 -0
    outer loop
      vertex -26.3066 -12.4315 15
      vertex -27.5989 -12.2268 -15
      vertex -26.3066 -12.4315 -15
    endloop
  endfacet
  facet normal 0.987601 0.156986 0
    outer loop
      vertex 37.2268 2.5989 15
      vertex 37.2457 2.48 14.5263
      vertex 37.2268 2.5989 14.5056
    endloop
  endfacet
  facet normal 0.98772 0.156235 0.000193237
    outer loop
      vertex 37.2268 2.5989 15
      vertex 37.2543 2.42562 14.535
      vertex 37.2457 2.48 14.5263
    endloop
  endfacet
  facet normal 0.987684 0.156461 0.000107111
    outer loop
      vertex 37.2268 2.5989 15
      vertex 37.3314 1.93886 14.613
      vertex 37.2543 2.42562 14.535
    endloop
  endfacet
  facet normal 0.987686 0.15645 0.000125103
    outer loop
      vertex 37.4315 1.30661 15
      vertex 37.3314 1.93886 14.613
      vertex 37.2268 2.5989 15
    endloop
  endfacet
  facet normal 0.987693 0.156404 4.77737e-05
    outer loop
      vertex 37.3314 1.93886 14.613
      vertex 37.4315 1.30661 15
      vertex 37.3759 1.65783 14.6535
    endloop
  endfacet
  facet normal 0.98768 0.156484 0.000130982
    outer loop
      vertex 37.3759 1.65783 14.6535
      vertex 37.4315 1.30661 15
      vertex 37.4008 1.50065 14.6761
    endloop
  endfacet
  facet normal 0.987714 0.156271 0
    outer loop
      vertex 37.4008 1.50065 14.6761
      vertex 37.4315 1.30661 15
      vertex 37.4315 1.30661 14.7007
    endloop
  endfacet
  facet normal 0.987601 0.156986 0
    outer loop
      vertex 37.2457 2.48 -14.5263
      vertex 37.2268 2.5989 -15
      vertex 37.2268 2.5989 -14.5056
    endloop
  endfacet
  facet normal 0.98772 0.156235 -0.000193237
    outer loop
      vertex 37.2543 2.42562 -14.535
      vertex 37.2268 2.5989 -15
      vertex 37.2457 2.48 -14.5263
    endloop
  endfacet
  facet normal 0.987684 0.156461 -0.000107111
    outer loop
      vertex 37.3314 1.93886 -14.613
      vertex 37.2268 2.5989 -15
      vertex 37.2543 2.42562 -14.535
    endloop
  endfacet
  facet normal 0.987693 0.156404 -4.77737e-05
    outer loop
      vertex 37.4315 1.30661 -15
      vertex 37.3314 1.93886 -14.613
      vertex 37.3759 1.65783 -14.6535
    endloop
  endfacet
  facet normal 0.98768 0.156484 -0.000130982
    outer loop
      vertex 37.4315 1.30661 -15
      vertex 37.3759 1.65783 -14.6535
      vertex 37.4008 1.50065 -14.6761
    endloop
  endfacet
  facet normal 0.987714 0.156271 -0
    outer loop
      vertex 37.4315 1.30661 -15
      vertex 37.4008 1.50065 -14.6761
      vertex 37.4315 1.30661 -14.7007
    endloop
  endfacet
  facet normal 0.987686 0.15645 -0.000125103
    outer loop
      vertex 37.3314 1.93886 -14.613
      vertex 37.4315 1.30661 -15
      vertex 37.2268 2.5989 -15
    endloop
  endfacet
  facet normal -0.0523542 0.998629 0
    outer loop
      vertex -25 12.5 -15
      vertex -26.3066 12.4315 15
      vertex -25 12.5 15
    endloop
  endfacet
  facet normal -0.0523542 0.998629 0
    outer loop
      vertex -26.3066 12.4315 15
      vertex -25 12.5 -15
      vertex -26.3066 12.4315 -15
    endloop
  endfacet
  facet normal -0.96597 -0.258653 0
    outer loop
      vertex -37.2268 -2.5989 -15
      vertex -37.2034 -2.68629 -14.4889
      vertex -37.2268 -2.5989 -14.5056
    endloop
  endfacet
  facet normal -0.965954 -0.258712 -1.07884e-05
    outer loop
      vertex -37.2268 -2.5989 -15
      vertex -37.0434 -3.28369 -14.3146
      vertex -37.2034 -2.68629 -14.4889
    endloop
  endfacet
  facet normal -0.965933 -0.258793 -9.71714e-05
    outer loop
      vertex -36.8882 -3.86271 -15
      vertex -37.0434 -3.28369 -14.3146
      vertex -37.2268 -2.5989 -15
    endloop
  endfacet
  facet normal -0.965918 -0.258847 -4.82944e-05
    outer loop
      vertex -37.0434 -3.28369 -14.3146
      vertex -36.8882 -3.86271 -15
      vertex -36.9476 -3.6412 -14.2046
    endloop
  endfacet
  facet normal -0.965875 -0.259009 0
    outer loop
      vertex -36.9476 -3.6412 -14.2046
      vertex -36.8882 -3.86271 -15
      vertex -36.8882 -3.86271 -14.1364
    endloop
  endfacet
  facet normal -0.96597 -0.258653 0
    outer loop
      vertex -37.2034 -2.68629 14.4889
      vertex -37.2268 -2.5989 15
      vertex -37.2268 -2.5989 14.5056
    endloop
  endfacet
  facet normal -0.965954 -0.258712 1.07884e-05
    outer loop
      vertex -37.0434 -3.28369 14.3146
      vertex -37.2268 -2.5989 15
      vertex -37.2034 -2.68629 14.4889
    endloop
  endfacet
  facet normal -0.965918 -0.258847 4.82944e-05
    outer loop
      vertex -36.8882 -3.86271 15
      vertex -37.0434 -3.28369 14.3146
      vertex -36.9476 -3.6412 14.2046
    endloop
  endfacet
  facet normal -0.965875 -0.259009 -0
    outer loop
      vertex -36.8882 -3.86271 15
      vertex -36.9476 -3.6412 14.2046
      vertex -36.8882 -3.86271 14.1364
    endloop
  endfacet
  facet normal -0.965933 -0.258793 9.71714e-05
    outer loop
      vertex -37.0434 -3.28369 14.3146
      vertex -36.8882 -3.86271 15
      vertex -37.2268 -2.5989 15
    endloop
  endfacet
  facet normal -0.987714 -0.156271 0
    outer loop
      vertex -37.4315 -1.30661 -15
      vertex -37.4008 -1.50065 -14.6761
      vertex -37.4315 -1.30661 -14.7007
    endloop
  endfacet
  facet normal -0.98768 -0.156484 -0.000130982
    outer loop
      vertex -37.4315 -1.30661 -15
      vertex -37.3759 -1.65783 -14.6535
      vertex -37.4008 -1.50065 -14.6761
    endloop
  endfacet
  facet normal -0.987693 -0.156404 -4.77737e-05
    outer loop
      vertex -37.4315 -1.30661 -15
      vertex -37.3314 -1.93886 -14.613
      vertex -37.3759 -1.65783 -14.6535
    endloop
  endfacet
  facet normal -0.987686 -0.15645 -0.000125103
    outer loop
      vertex -37.2268 -2.5989 -15
      vertex -37.3314 -1.93886 -14.613
      vertex -37.4315 -1.30661 -15
    endloop
  endfacet
  facet normal -0.987684 -0.156461 -0.000107111
    outer loop
      vertex -37.3314 -1.93886 -14.613
      vertex -37.2268 -2.5989 -15
      vertex -37.2543 -2.42562 -14.535
    endloop
  endfacet
  facet normal -0.98772 -0.156235 -0.000193237
    outer loop
      vertex -37.2543 -2.42562 -14.535
      vertex -37.2268 -2.5989 -15
      vertex -37.2457 -2.48 -14.5263
    endloop
  endfacet
  facet normal -0.987601 -0.156986 0
    outer loop
      vertex -37.2457 -2.48 -14.5263
      vertex -37.2268 -2.5989 -15
      vertex -37.2268 -2.5989 -14.5056
    endloop
  endfacet
  facet normal -0.987692 -0.15641 0
    outer loop
      vertex -37.3448 -1.8541 14.7063
      vertex -37.4315 -1.30661 15
      vertex -37.4315 -1.30661 14.853
    endloop
  endfacet
  facet normal -0.987686 -0.156452 7.30944e-05
    outer loop
      vertex -37.2268 -2.5989 15
      vertex -37.3448 -1.8541 14.7063
      vertex -37.2883 -2.21085 14.5694
    endloop
  endfacet
  facet normal -0.987696 -0.156383 0.000136774
    outer loop
      vertex -37.2268 -2.5989 15
      vertex -37.2883 -2.21085 14.5694
      vertex -37.2543 -2.42562 14.535
    endloop
  endfacet
  facet normal -0.98772 -0.156235 0.000193237
    outer loop
      vertex -37.2268 -2.5989 15
      vertex -37.2543 -2.42562 14.535
      vertex -37.2457 -2.48 14.5263
    endloop
  endfacet
  facet normal -0.987601 -0.156986 -0
    outer loop
      vertex -37.2268 -2.5989 15
      vertex -37.2457 -2.48 14.5263
      vertex -37.2268 -2.5989 14.5056
    endloop
  endfacet
  facet normal -0.987686 -0.15645 7.71838e-05
    outer loop
      vertex -37.3448 -1.8541 14.7063
      vertex -37.2268 -2.5989 15
      vertex -37.4315 -1.30661 15
    endloop
  endfacet
  facet normal -0.545289 -0.838248 -0.000143718
    outer loop
      vertex -31.25 -10.8253 -15
      vertex -32.3178 -10.1319 -7.91685
      vertex -32.3473 -10.1127 -7.97494
    endloop
  endfacet
  facet normal -0.544642 -0.838669 0
    outer loop
      vertex -31.25 -10.8253 -15
      vertex -32.3473 -10.1127 -7.97494
      vertex -32.3473 -10.1127 -15
    endloop
  endfacet
  facet normal -0.544645 -0.838667 -5.741e-06
    outer loop
      vertex -32.3178 -10.1319 -7.91685
      vertex -31.25 -10.8253 -15
      vertex -31.755 -10.4974 -6.80986
    endloop
  endfacet
  facet normal -0.544494 -0.838764 7.46519e-06
    outer loop
      vertex -31.755 -10.4974 -6.80986
      vertex -31.25 -10.8253 -15
      vertex -31.4469 -10.6974 -6.02418
    endloop
  endfacet
  facet normal -0.544734 -0.838609 0
    outer loop
      vertex -31.4469 -10.6974 -6.02418
      vertex -31.25 -10.8253 -15
      vertex -31.25 -10.8253 -5.52196
    endloop
  endfacet
  facet normal -0.544642 -0.838669 0
    outer loop
      vertex -32.3473 -10.1127 7.97494
      vertex -31.25 -10.8253 15
      vertex -32.3473 -10.1127 15
    endloop
  endfacet
  facet normal -0.545289 -0.838248 0.000143718
    outer loop
      vertex -32.3178 -10.1319 7.91685
      vertex -31.25 -10.8253 15
      vertex -32.3473 -10.1127 7.97494
    endloop
  endfacet
  facet normal -0.544645 -0.838667 5.741e-06
    outer loop
      vertex -31.755 -10.4974 6.80986
      vertex -31.25 -10.8253 15
      vertex -32.3178 -10.1319 7.91685
    endloop
  endfacet
  facet normal -0.544494 -0.838764 -7.46519e-06
    outer loop
      vertex -31.4469 -10.6974 6.02418
      vertex -31.25 -10.8253 15
      vertex -31.755 -10.4974 6.80986
    endloop
  endfacet
  facet normal -0.544734 -0.838609 -0
    outer loop
      vertex -31.25 -10.8253 15
      vertex -31.4469 -10.6974 6.02418
      vertex -31.25 -10.8253 5.52196
    endloop
  endfacet
  facet normal -0.156449 0.987686 0
    outer loop
      vertex -26.3066 12.4315 -15
      vertex -27.5989 12.2268 15
      vertex -26.3066 12.4315 15
    endloop
  endfacet
  facet normal -0.156449 0.987686 0
    outer loop
      vertex -27.5989 12.2268 15
      vertex -26.3066 12.4315 -15
      vertex -27.5989 12.2268 -15
    endloop
  endfacet
  facet normal -0.453988 0.891008 0
    outer loop
      vertex -30.0842 11.4193 15
      vertex -31.25 10.8253 5.52196
      vertex -31.25 10.8253 15
    endloop
  endfacet
  facet normal -0.454381 0.890807 6.10187e-05
    outer loop
      vertex -30.0842 11.4193 15
      vertex -31.1865 10.8577 5.37552
      vertex -31.25 10.8253 5.52196
    endloop
  endfacet
  facet normal -0.453899 0.891053 -8.55605e-06
    outer loop
      vertex -30.0842 11.4193 15
      vertex -30.9089 10.9991 4.49826
      vertex -31.1865 10.8577 5.37552
    endloop
  endfacet
  facet normal -0.454113 0.890944 1.26121e-05
    outer loop
      vertex -30.0842 11.4193 15
      vertex -30.7139 11.0985 3.88229
      vertex -30.9089 10.9991 4.49826
    endloop
  endfacet
  facet normal -0.453707 0.891151 -1.63583e-05
    outer loop
      vertex -30.0842 11.4193 15
      vertex -30.6143 11.1492 3.40097
      vertex -30.7139 11.0985 3.88229
    endloop
  endfacet
  facet normal -0.454178 0.890911 1.07508e-05
    outer loop
      vertex -30.0842 11.4193 15
      vertex -30.396 11.2605 2.34652
      vertex -30.6143 11.1492 3.40097
    endloop
  endfacet
  facet normal -0.452913 0.891554 -2.84843e-05
    outer loop
      vertex -30.0842 11.4193 15
      vertex -30.357 11.2803 1.9657
      vertex -30.396 11.2605 2.34652
    endloop
  endfacet
  facet normal -0.453983 0.89101 -2.91068e-07
    outer loop
      vertex -30.0842 11.4193 15
      vertex -30.2361 11.3419 0.785039
      vertex -30.357 11.2803 1.9657
    endloop
  endfacet
  facet normal -0.454005 0.890999 0
    outer loop
      vertex -30.0842 11.4193 15
      vertex -30.2361 11.3419 -0.785039
      vertex -30.2361 11.3419 0.785039
    endloop
  endfacet
  facet normal -0.453983 0.89101 2.91068e-07
    outer loop
      vertex -30.0842 11.4193 -15
      vertex -30.357 11.2803 -1.9657
      vertex -30.2361 11.3419 -0.785039
    endloop
  endfacet
  facet normal -0.454178 0.890911 -1.07508e-05
    outer loop
      vertex -30.0842 11.4193 -15
      vertex -30.6143 11.1492 -3.40097
      vertex -30.396 11.2605 -2.34652
    endloop
  endfacet
  facet normal -0.454113 0.890944 -1.26121e-05
    outer loop
      vertex -30.0842 11.4193 -15
      vertex -30.9089 10.9991 -4.49826
      vertex -30.7139 11.0985 -3.88229
    endloop
  endfacet
  facet normal -0.454005 0.890999 0
    outer loop
      vertex -30.0842 11.4193 -15
      vertex -30.2361 11.3419 -0.785039
      vertex -30.0842 11.4193 15
    endloop
  endfacet
  facet normal -0.452913 0.891554 2.84843e-05
    outer loop
      vertex -30.357 11.2803 -1.9657
      vertex -30.0842 11.4193 -15
      vertex -30.396 11.2605 -2.34652
    endloop
  endfacet
  facet normal -0.453707 0.891151 1.63583e-05
    outer loop
      vertex -30.6143 11.1492 -3.40097
      vertex -30.0842 11.4193 -15
      vertex -30.7139 11.0985 -3.88229
    endloop
  endfacet
  facet normal -0.453899 0.891053 8.55605e-06
    outer loop
      vertex -30.9089 10.9991 -4.49826
      vertex -30.0842 11.4193 -15
      vertex -31.1865 10.8577 -5.37552
    endloop
  endfacet
  facet normal -0.454381 0.890807 -6.10187e-05
    outer loop
      vertex -30.0842 11.4193 -15
      vertex -31.25 10.8253 -5.52196
      vertex -31.1865 10.8577 -5.37552
    endloop
  endfacet
  facet normal -0.453988 0.891008 0
    outer loop
      vertex -31.25 10.8253 -5.52196
      vertex -30.0842 11.4193 -15
      vertex -31.25 10.8253 -15
    endloop
  endfacet
  facet normal 0.933595 -0.358331 0
    outer loop
      vertex 36.8882 -3.86271 15
      vertex 36.7345 -4.26316 14.0037
      vertex 36.8882 -3.86271 14.1364
    endloop
  endfacet
  facet normal 0.933578 -0.358375 2.02943e-05
    outer loop
      vertex 36.4193 -5.08421 15
      vertex 36.7345 -4.26316 14.0037
      vertex 36.8882 -3.86271 15
    endloop
  endfacet
  facet normal 0.933555 -0.358435 -3.70106e-05
    outer loop
      vertex 36.7345 -4.26316 14.0037
      vertex 36.4193 -5.08421 15
      vertex 36.5461 -4.75383 13.7808
    endloop
  endfacet
  facet normal 0.9336 -0.358316 0
    outer loop
      vertex 36.5461 -4.75383 13.7808
      vertex 36.4193 -5.08421 15
      vertex 36.4193 -5.08421 13.6265
    endloop
  endfacet
  facet normal 0.933595 -0.358331 0
    outer loop
      vertex 36.7345 -4.26316 -14.0037
      vertex 36.8882 -3.86271 -15
      vertex 36.8882 -3.86271 -14.1364
    endloop
  endfacet
  facet normal 0.933555 -0.358435 3.70106e-05
    outer loop
      vertex 36.4193 -5.08421 -15
      vertex 36.7345 -4.26316 -14.0037
      vertex 36.5461 -4.75383 -13.7808
    endloop
  endfacet
  facet normal 0.9336 -0.358316 0
    outer loop
      vertex 36.4193 -5.08421 -15
      vertex 36.5461 -4.75383 -13.7808
      vertex 36.4193 -5.08421 -13.6265
    endloop
  endfacet
  facet normal 0.933578 -0.358375 -2.02943e-05
    outer loop
      vertex 36.7345 -4.26316 -14.0037
      vertex 36.4193 -5.08421 -15
      vertex 36.8882 -3.86271 -15
    endloop
  endfacet
  facet normal -0.838901 -0.544284 0.000269625
    outer loop
      vertex -35.1127 -7.34731 15
      vertex -35.8253 -6.25 12.9518
      vertex -35.7868 -6.30936 12.9109
    endloop
  endfacet
  facet normal -0.838641 -0.544685 -1.35111e-05
    outer loop
      vertex -35.1127 -7.34731 15
      vertex -35.7868 -6.30936 12.9109
      vertex -35.4751 -6.78927 12.5801
    endloop
  endfacet
  facet normal -0.838667 -0.544644 -0
    outer loop
      vertex -35.1127 -7.34731 15
      vertex -35.4751 -6.78927 12.5801
      vertex -35.1127 -7.34731 12.096
    endloop
  endfacet
  facet normal -0.838671 -0.544638 0
    outer loop
      vertex -35.8253 -6.25 12.9518
      vertex -35.1127 -7.34731 15
      vertex -35.8253 -6.25 15
    endloop
  endfacet
  facet normal -0.838671 -0.544638 0
    outer loop
      vertex -35.1127 -7.34731 -15
      vertex -35.8253 -6.25 -12.9518
      vertex -35.8253 -6.25 -15
    endloop
  endfacet
  facet normal -0.838901 -0.544284 -0.000269625
    outer loop
      vertex -35.8253 -6.25 -12.9518
      vertex -35.1127 -7.34731 -15
      vertex -35.7868 -6.30936 -12.9109
    endloop
  endfacet
  facet normal -0.838641 -0.544685 1.35111e-05
    outer loop
      vertex -35.7868 -6.30936 -12.9109
      vertex -35.1127 -7.34731 -15
      vertex -35.4751 -6.78927 -12.5801
    endloop
  endfacet
  facet normal -0.838667 -0.544644 0
    outer loop
      vertex -35.4751 -6.78927 -12.5801
      vertex -35.1127 -7.34731 -15
      vertex -35.1127 -7.34731 -12.096
    endloop
  endfacet
  facet normal -0.629207 0.777237 2.0831e-05
    outer loop
      vertex -32.3473 10.1127 -15
      vertex -33.1994 9.42274 -9.47844
      vertex -33.171 9.44573 -9.43981
    endloop
  endfacet
  facet normal -0.629148 0.777285 0
    outer loop
      vertex -32.3473 10.1127 -15
      vertex -32.4365 10.0405 -8.16959
      vertex -32.3473 10.1127 -7.97494
    endloop
  endfacet
  facet normal -0.629334 0.777135 -4.02128e-06
    outer loop
      vertex -32.3473 10.1127 -15
      vertex -33.0891 9.51201 -9.30175
      vertex -32.4365 10.0405 -8.16959
    endloop
  endfacet
  facet normal -0.629022 0.777387 6.32325e-05
    outer loop
      vertex -32.3473 10.1127 -15
      vertex -33.1579 9.45635 -9.41769
      vertex -33.0891 9.51201 -9.30175
    endloop
  endfacet
  facet normal -0.629654 0.776876 -8.86176e-05
    outer loop
      vertex -32.3473 10.1127 -15
      vertex -33.171 9.44573 -9.43981
      vertex -33.1579 9.45635 -9.41769
    endloop
  endfacet
  facet normal -0.629453 0.777039 -4.18643e-05
    outer loop
      vertex -33.1994 9.42274 -9.47844
      vertex -32.3473 10.1127 -15
      vertex -33.3641 9.28931 -9.7027
    endloop
  endfacet
  facet normal -0.629321 0.777145 0
    outer loop
      vertex -33.3641 9.28931 -9.7027
      vertex -32.3473 10.1127 -15
      vertex -33.3641 9.28931 -15
    endloop
  endfacet
  facet normal -0.629321 0.777145 0
    outer loop
      vertex -32.3473 10.1127 15
      vertex -33.3641 9.28931 9.7027
      vertex -33.3641 9.28931 15
    endloop
  endfacet
  facet normal -0.629453 0.777039 4.18643e-05
    outer loop
      vertex -32.3473 10.1127 15
      vertex -33.1994 9.42274 9.47844
      vertex -33.3641 9.28931 9.7027
    endloop
  endfacet
  facet normal -0.629207 0.777237 -2.0831e-05
    outer loop
      vertex -32.3473 10.1127 15
      vertex -33.171 9.44573 9.43981
      vertex -33.1994 9.42274 9.47844
    endloop
  endfacet
  facet normal -0.629654 0.776876 8.86176e-05
    outer loop
      vertex -32.3473 10.1127 15
      vertex -33.1579 9.45635 9.41769
      vertex -33.171 9.44573 9.43981
    endloop
  endfacet
  facet normal -0.629022 0.777387 -6.32325e-05
    outer loop
      vertex -32.3473 10.1127 15
      vertex -33.0891 9.51201 9.30175
      vertex -33.1579 9.45635 9.41769
    endloop
  endfacet
  facet normal -0.629334 0.777135 4.02128e-06
    outer loop
      vertex -32.3473 10.1127 15
      vertex -32.4365 10.0405 8.16959
      vertex -33.0891 9.51201 9.30175
    endloop
  endfacet
  facet normal -0.629148 0.777285 0
    outer loop
      vertex -32.4365 10.0405 8.16959
      vertex -32.3473 10.1127 15
      vertex -32.3473 10.1127 7.97494
    endloop
  endfacet
  facet normal 0.629207 -0.777237 2.0831e-05
    outer loop
      vertex 32.3473 -10.1127 -15
      vertex 33.1994 -9.42274 -9.47844
      vertex 33.171 -9.44573 -9.43981
    endloop
  endfacet
  facet normal 0.629148 -0.777285 0
    outer loop
      vertex 32.3473 -10.1127 -15
      vertex 32.4365 -10.0405 -8.16959
      vertex 32.3473 -10.1127 -7.97494
    endloop
  endfacet
  facet normal 0.629334 -0.777135 -4.02128e-06
    outer loop
      vertex 32.3473 -10.1127 -15
      vertex 33.0891 -9.51201 -9.30175
      vertex 32.4365 -10.0405 -8.16959
    endloop
  endfacet
  facet normal 0.629022 -0.777387 6.32325e-05
    outer loop
      vertex 32.3473 -10.1127 -15
      vertex 33.1579 -9.45635 -9.41769
      vertex 33.0891 -9.51201 -9.30175
    endloop
  endfacet
  facet normal 0.629654 -0.776876 -8.86176e-05
    outer loop
      vertex 32.3473 -10.1127 -15
      vertex 33.171 -9.44573 -9.43981
      vertex 33.1579 -9.45635 -9.41769
    endloop
  endfacet
  facet normal 0.629453 -0.777039 -4.18643e-05
    outer loop
      vertex 33.1994 -9.42274 -9.47844
      vertex 32.3473 -10.1127 -15
      vertex 33.3641 -9.28931 -9.7027
    endloop
  endfacet
  facet normal 0.629321 -0.777145 0
    outer loop
      vertex 33.3641 -9.28931 -9.7027
      vertex 32.3473 -10.1127 -15
      vertex 33.3641 -9.28931 -15
    endloop
  endfacet
  facet normal 0.629321 -0.777145 0
    outer loop
      vertex 32.3473 -10.1127 15
      vertex 33.3641 -9.28931 9.7027
      vertex 33.3641 -9.28931 15
    endloop
  endfacet
  facet normal 0.629453 -0.777039 4.18643e-05
    outer loop
      vertex 32.3473 -10.1127 15
      vertex 33.1994 -9.42274 9.47844
      vertex 33.3641 -9.28931 9.7027
    endloop
  endfacet
  facet normal 0.629207 -0.777237 -2.0831e-05
    outer loop
      vertex 32.3473 -10.1127 15
      vertex 33.171 -9.44573 9.43981
      vertex 33.1994 -9.42274 9.47844
    endloop
  endfacet
  facet normal 0.629654 -0.776876 8.86176e-05
    outer loop
      vertex 32.3473 -10.1127 15
      vertex 33.1579 -9.45635 9.41769
      vertex 33.171 -9.44573 9.43981
    endloop
  endfacet
  facet normal 0.629022 -0.777387 -6.32325e-05
    outer loop
      vertex 32.3473 -10.1127 15
      vertex 33.0891 -9.51201 9.30175
      vertex 33.1579 -9.45635 9.41769
    endloop
  endfacet
  facet normal 0.629334 -0.777135 4.02128e-06
    outer loop
      vertex 32.3473 -10.1127 15
      vertex 32.4365 -10.0405 8.16959
      vertex 33.0891 -9.51201 9.30175
    endloop
  endfacet
  facet normal 0.629148 -0.777285 0
    outer loop
      vertex 32.4365 -10.0405 8.16959
      vertex 32.3473 -10.1127 15
      vertex 32.3473 -10.1127 7.97494
    endloop
  endfacet
  facet normal 0.156449 -0.987686 0
    outer loop
      vertex 26.3066 -12.4315 -15
      vertex 27.5989 -12.2268 15
      vertex 26.3066 -12.4315 15
    endloop
  endfacet
  facet normal 0.156449 -0.987686 0
    outer loop
      vertex 27.5989 -12.2268 15
      vertex 26.3066 -12.4315 -15
      vertex 27.5989 -12.2268 -15
    endloop
  endfacet
  facet normal -0.998629 0.0523461 0
    outer loop
      vertex -37.4346 1.24747 14.8689
      vertex -37.4315 1.30661 15
      vertex -37.4315 1.30661 14.853
    endloop
  endfacet
  facet normal -0.99863 0.0523239 1.00506e-05
    outer loop
      vertex -37.4671 0.627171 14.9671
      vertex -37.4315 1.30661 15
      vertex -37.4346 1.24747 14.8689
    endloop
  endfacet
  facet normal -0.998628 0.0523538 -0.000609933
    outer loop
      vertex -37.4315 1.30661 15
      vertex -37.4671 0.627171 14.9671
      vertex -37.5 0 15
    endloop
  endfacet
  facet normal -0.99829 0.0584479 0
    outer loop
      vertex -37.4315 1.30661 -15
      vertex -37.432 1.29807 -14.7016
      vertex -37.4315 1.30661 -14.7007
    endloop
  endfacet
  facet normal -0.998629 0.0523426 -0.000175299
    outer loop
      vertex -37.4315 1.30661 -15
      vertex -37.4403 1.13966 -14.7185
      vertex -37.432 1.29807 -14.7016
    endloop
  endfacet
  facet normal -0.998636 0.0522033 -0.000258138
    outer loop
      vertex -37.4315 1.30661 -15
      vertex -37.4512 0.931056 -14.7366
      vertex -37.4403 1.13966 -14.7185
    endloop
  endfacet
  facet normal -0.998623 0.0524567 0.000104168
    outer loop
      vertex -37.4315 1.30661 -15
      vertex -37.4567 0.82637 -14.7457
      vertex -37.4512 0.931056 -14.7366
    endloop
  endfacet
  facet normal -0.998634 0.0522582 -0.000271743
    outer loop
      vertex -37.4315 1.30661 -15
      vertex -37.4681 0.608446 -14.76
      vertex -37.4567 0.82637 -14.7457
    endloop
  endfacet
  facet normal -0.998629 0.0523538 7.34992e-06
    outer loop
      vertex -37.5 0 -15
      vertex -37.4681 0.608446 -14.76
      vertex -37.4315 1.30661 -15
    endloop
  endfacet
  facet normal -0.998651 0.0519181 0.001115
    outer loop
      vertex -37.4681 0.608446 -14.76
      vertex -37.5 0 -15
      vertex -37.4718 0.537377 -14.7647
    endloop
  endfacet
  facet normal -0.998611 0.0526806 -0.000631204
    outer loop
      vertex -37.4718 0.537377 -14.7647
      vertex -37.5 0 -15
      vertex -37.4835 0.315475 -14.7745
    endloop
  endfacet
  facet normal -0.998614 0.0526244 -0.000552377
    outer loop
      vertex -37.4835 0.315475 -14.7745
      vertex -37.5 0 -15
      vertex -37.4862 0.264215 -14.7768
    endloop
  endfacet
  facet normal -0.998704 0.0508698 0.0015302
    outer loop
      vertex -37.4862 0.264215 -14.7768
      vertex -37.5 0 -15
      vertex -37.4886 0.21713 -14.7779
    endloop
  endfacet
  facet normal -0.998625 0.0524309 0
    outer loop
      vertex -37.4886 0.21713 -14.7779
      vertex -37.5 0 -15
      vertex -37.5 0 -14.7827
    endloop
  endfacet
  facet normal 0.0523542 -0.998629 0
    outer loop
      vertex 25 -12.5 -15
      vertex 26.3066 -12.4315 15
      vertex 25 -12.5 15
    endloop
  endfacet
  facet normal 0.0523542 -0.998629 0
    outer loop
      vertex 26.3066 -12.4315 15
      vertex 25 -12.5 -15
      vertex 26.3066 -12.4315 -15
    endloop
  endfacet
  facet normal 0.707099 -0.707114 0
    outer loop
      vertex 33.3641 -9.28931 15
      vertex 34.2893 -8.36413 11.0277
      vertex 34.2893 -8.36413 15
    endloop
  endfacet
  facet normal 0.707129 -0.707084 1.40988e-05
    outer loop
      vertex 33.3641 -9.28931 15
      vertex 33.9517 -8.70176 10.6066
      vertex 34.2893 -8.36413 11.0277
    endloop
  endfacet
  facet normal 0.707077 -0.707137 0
    outer loop
      vertex 33.9517 -8.70176 10.6066
      vertex 33.3641 -9.28931 15
      vertex 33.3641 -9.28931 9.7027
    endloop
  endfacet
  facet normal 0.707077 -0.707137 0
    outer loop
      vertex 33.3641 -9.28931 -15
      vertex 33.9517 -8.70176 -10.6066
      vertex 33.3641 -9.28931 -9.7027
    endloop
  endfacet
  facet normal 0.707129 -0.707084 -1.40988e-05
    outer loop
      vertex 33.3641 -9.28931 -15
      vertex 34.2893 -8.36413 -11.0277
      vertex 33.9517 -8.70176 -10.6066
    endloop
  endfacet
  facet normal 0.707099 -0.707114 0
    outer loop
      vertex 34.2893 -8.36413 -11.0277
      vertex 33.3641 -9.28931 -15
      vertex 34.2893 -8.36413 -15
    endloop
  endfacet
  facet normal 0.358375 -0.933578 0
    outer loop
      vertex 28.8627 -11.8882 -15
      vertex 30.0842 -11.4193 15
      vertex 28.8627 -11.8882 15
    endloop
  endfacet
  facet normal 0.358375 -0.933578 0
    outer loop
      vertex 30.0842 -11.4193 15
      vertex 28.8627 -11.8882 -15
      vertex 30.0842 -11.4193 -15
    endloop
  endfacet
  facet normal 0.258795 -0.965932 0
    outer loop
      vertex 27.5989 -12.2268 -15
      vertex 28.8627 -11.8882 15
      vertex 27.5989 -12.2268 15
    endloop
  endfacet
  facet normal 0.258795 -0.965932 0
    outer loop
      vertex 28.8627 -11.8882 15
      vertex 27.5989 -12.2268 -15
      vertex 28.8627 -11.8882 -15
    endloop
  endfacet
  facet normal -0.965875 0.259009 0
    outer loop
      vertex -36.8882 3.86271 -15
      vertex -36.9476 3.6412 -14.2046
      vertex -36.8882 3.86271 -14.1364
    endloop
  endfacet
  facet normal -0.965918 0.258847 -4.82944e-05
    outer loop
      vertex -36.8882 3.86271 -15
      vertex -37.0434 3.28369 -14.3146
      vertex -36.9476 3.6412 -14.2046
    endloop
  endfacet
  facet normal -0.965933 0.258793 -9.71714e-05
    outer loop
      vertex -37.2268 2.5989 -15
      vertex -37.0434 3.28369 -14.3146
      vertex -36.8882 3.86271 -15
    endloop
  endfacet
  facet normal -0.965954 0.258712 -1.07884e-05
    outer loop
      vertex -37.0434 3.28369 -14.3146
      vertex -37.2268 2.5989 -15
      vertex -37.2034 2.68629 -14.4889
    endloop
  endfacet
  facet normal -0.96597 0.258653 0
    outer loop
      vertex -37.2034 2.68629 -14.4889
      vertex -37.2268 2.5989 -15
      vertex -37.2268 2.5989 -14.5056
    endloop
  endfacet
  facet normal -0.965875 0.259009 0
    outer loop
      vertex -36.9476 3.6412 14.2046
      vertex -36.8882 3.86271 15
      vertex -36.8882 3.86271 14.1364
    endloop
  endfacet
  facet normal -0.965918 0.258847 4.82944e-05
    outer loop
      vertex -37.0434 3.28369 14.3146
      vertex -36.8882 3.86271 15
      vertex -36.9476 3.6412 14.2046
    endloop
  endfacet
  facet normal -0.965954 0.258712 1.07884e-05
    outer loop
      vertex -37.2268 2.5989 15
      vertex -37.0434 3.28369 14.3146
      vertex -37.2034 2.68629 14.4889
    endloop
  endfacet
  facet normal -0.96597 0.258653 0
    outer loop
      vertex -37.2268 2.5989 15
      vertex -37.2034 2.68629 14.4889
      vertex -37.2268 2.5989 14.5056
    endloop
  endfacet
  facet normal -0.965933 0.258793 9.71714e-05
    outer loop
      vertex -37.0434 3.28369 14.3146
      vertex -37.2268 2.5989 15
      vertex -36.8882 3.86271 15
    endloop
  endfacet
  facet normal 0.987714 -0.156271 0
    outer loop
      vertex 37.4315 -1.30661 15
      vertex 37.4008 -1.50065 14.6761
      vertex 37.4315 -1.30661 14.7007
    endloop
  endfacet
  facet normal 0.98768 -0.156484 0.000130982
    outer loop
      vertex 37.4315 -1.30661 15
      vertex 37.3759 -1.65783 14.6535
      vertex 37.4008 -1.50065 14.6761
    endloop
  endfacet
  facet normal 0.987693 -0.156404 4.77737e-05
    outer loop
      vertex 37.4315 -1.30661 15
      vertex 37.3314 -1.93886 14.613
      vertex 37.3759 -1.65783 14.6535
    endloop
  endfacet
  facet normal 0.987686 -0.15645 0.000125103
    outer loop
      vertex 37.2268 -2.5989 15
      vertex 37.3314 -1.93886 14.613
      vertex 37.4315 -1.30661 15
    endloop
  endfacet
  facet normal 0.987684 -0.156461 0.000107111
    outer loop
      vertex 37.3314 -1.93886 14.613
      vertex 37.2268 -2.5989 15
      vertex 37.2543 -2.42562 14.535
    endloop
  endfacet
  facet normal 0.98772 -0.156235 0.000193237
    outer loop
      vertex 37.2543 -2.42562 14.535
      vertex 37.2268 -2.5989 15
      vertex 37.2457 -2.48 14.5263
    endloop
  endfacet
  facet normal 0.987601 -0.156986 0
    outer loop
      vertex 37.2457 -2.48 14.5263
      vertex 37.2268 -2.5989 15
      vertex 37.2268 -2.5989 14.5056
    endloop
  endfacet
  facet normal 0.987714 -0.156271 0
    outer loop
      vertex 37.4008 -1.50065 -14.6761
      vertex 37.4315 -1.30661 -15
      vertex 37.4315 -1.30661 -14.7007
    endloop
  endfacet
  facet normal 0.98768 -0.156484 -0.000130982
    outer loop
      vertex 37.3759 -1.65783 -14.6535
      vertex 37.4315 -1.30661 -15
      vertex 37.4008 -1.50065 -14.6761
    endloop
  endfacet
  facet normal 0.987693 -0.156404 -4.77737e-05
    outer loop
      vertex 37.3314 -1.93886 -14.613
      vertex 37.4315 -1.30661 -15
      vertex 37.3759 -1.65783 -14.6535
    endloop
  endfacet
  facet normal 0.987684 -0.156461 -0.000107111
    outer loop
      vertex 37.2268 -2.5989 -15
      vertex 37.3314 -1.93886 -14.613
      vertex 37.2543 -2.42562 -14.535
    endloop
  endfacet
  facet normal 0.98772 -0.156235 -0.000193237
    outer loop
      vertex 37.2268 -2.5989 -15
      vertex 37.2543 -2.42562 -14.535
      vertex 37.2457 -2.48 -14.5263
    endloop
  endfacet
  facet normal 0.987601 -0.156986 0
    outer loop
      vertex 37.2268 -2.5989 -15
      vertex 37.2457 -2.48 -14.5263
      vertex 37.2268 -2.5989 -14.5056
    endloop
  endfacet
  facet normal 0.987686 -0.15645 -0.000125103
    outer loop
      vertex 37.3314 -1.93886 -14.613
      vertex 37.2268 -2.5989 -15
      vertex 37.4315 -1.30661 -15
    endloop
  endfacet
  facet normal 0 0 -1
    outer loop
      vertex 37.4315 -1.30661 -15
      vertex 37.4315 1.30661 -15
      vertex 37.5 0 -15
    endloop
  endfacet
  facet normal 0 0 -1
    outer loop
      vertex 37.2268 -2.5989 -15
      vertex 37.4315 1.30661 -15
      vertex 37.4315 -1.30661 -15
    endloop
  endfacet
  facet normal 0 0 -1
    outer loop
      vertex 37.2268 -2.5989 -15
      vertex 37.2268 2.5989 -15
      vertex 37.4315 1.30661 -15
    endloop
  endfacet
  facet normal 0 0 -1
    outer loop
      vertex 36.8882 -3.86271 -15
      vertex 37.2268 2.5989 -15
      vertex 37.2268 -2.5989 -15
    endloop
  endfacet
  facet normal 0 0 -1
    outer loop
      vertex 36.8882 -3.86271 -15
      vertex 36.8882 3.86271 -15
      vertex 37.2268 2.5989 -15
    endloop
  endfacet
  facet normal 0 0 -1
    outer loop
      vertex 36.4193 -5.08421 -15
      vertex 36.8882 3.86271 -15
      vertex 36.8882 -3.86271 -15
    endloop
  endfacet
  facet normal 0 0 -1
    outer loop
      vertex 36.4193 -5.08421 -15
      vertex 36.4193 5.08421 -15
      vertex 36.8882 3.86271 -15
    endloop
  endfacet
  facet normal 0 0 -1
    outer loop
      vertex 35.8253 -6.25 -15
      vertex 36.4193 5.08421 -15
      vertex 36.4193 -5.08421 -15
    endloop
  endfacet
  facet normal 0 0 -1
    outer loop
      vertex 35.8253 -6.25 -15
      vertex 35.8253 6.25 -15
      vertex 36.4193 5.08421 -15
    endloop
  endfacet
  facet normal 0 0 -1
    outer loop
      vertex 35.1127 -7.34731 -15
      vertex 35.8253 6.25 -15
      vertex 35.8253 -6.25 -15
    endloop
  endfacet
  facet normal 0 0 -1
    outer loop
      vertex 35.1127 -7.34731 -15
      vertex 35.1127 7.34731 -15
      vertex 35.8253 6.25 -15
    endloop
  endfacet
  facet normal 0 0 -1
    outer loop
      vertex 34.2893 -8.36413 -15
      vertex 35.1127 7.34731 -15
      vertex 35.1127 -7.34731 -15
    endloop
  endfacet
  facet normal 0 0 -1
    outer loop
      vertex 34.2893 -8.36413 -15
      vertex 34.2893 8.36413 -15
      vertex 35.1127 7.34731 -15
    endloop
  endfacet
  facet normal 0 0 -1
    outer loop
      vertex 33.3641 -9.28931 -15
      vertex 34.2893 8.36413 -15
      vertex 34.2893 -8.36413 -15
    endloop
  endfacet
  facet normal 0 0 -1
    outer loop
      vertex 33.3641 -9.28931 -15
      vertex 33.3641 9.28931 -15
      vertex 34.2893 8.36413 -15
    endloop
  endfacet
  facet normal 0 0 -1
    outer loop
      vertex 32.3473 -10.1127 -15
      vertex 33.3641 9.28931 -15
      vertex 33.3641 -9.28931 -15
    endloop
  endfacet
  facet normal 0 0 -1
    outer loop
      vertex 32.3473 -10.1127 -15
      vertex 32.3473 10.1127 -15
      vertex 33.3641 9.28931 -15
    endloop
  endfacet
  facet normal 0 0 -1
    outer loop
      vertex 31.25 -10.8253 -15
      vertex 32.3473 10.1127 -15
      vertex 32.3473 -10.1127 -15
    endloop
  endfacet
  facet normal 0 0 -1
    outer loop
      vertex 31.25 -10.8253 -15
      vertex 31.25 10.8253 -15
      vertex 32.3473 10.1127 -15
    endloop
  endfacet
  facet normal 0 0 -1
    outer loop
      vertex 30.0842 -11.4193 -15
      vertex 31.25 10.8253 -15
      vertex 31.25 -10.8253 -15
    endloop
  endfacet
  facet normal 0 0 -1
    outer loop
      vertex 30.0842 -11.4193 -15
      vertex 30.0842 11.4193 -15
      vertex 31.25 10.8253 -15
    endloop
  endfacet
  facet normal 0 0 -1
    outer loop
      vertex 28.8627 -11.8882 -15
      vertex 30.0842 11.4193 -15
      vertex 30.0842 -11.4193 -15
    endloop
  endfacet
  facet normal 0 0 -1
    outer loop
      vertex 28.8627 -11.8882 -15
      vertex 28.8627 11.8882 -15
      vertex 30.0842 11.4193 -15
    endloop
  endfacet
  facet normal 0 0 -1
    outer loop
      vertex 27.5989 -12.2268 -15
      vertex 28.8627 11.8882 -15
      vertex 28.8627 -11.8882 -15
    endloop
  endfacet
  facet normal 0 0 -1
    outer loop
      vertex 27.5989 -12.2268 -15
      vertex 27.5989 12.2268 -15
      vertex 28.8627 11.8882 -15
    endloop
  endfacet
  facet normal 0 0 -1
    outer loop
      vertex 26.3066 -12.4315 -15
      vertex 27.5989 12.2268 -15
      vertex 27.5989 -12.2268 -15
    endloop
  endfacet
  facet normal 0 0 -1
    outer loop
      vertex 26.3066 -12.4315 -15
      vertex 26.3066 12.4315 -15
      vertex 27.5989 12.2268 -15
    endloop
  endfacet
  facet normal 0 0 -1
    outer loop
      vertex 25 -12.5 -15
      vertex 26.3066 12.4315 -15
      vertex 26.3066 -12.4315 -15
    endloop
  endfacet
  facet normal 0 0 -1
    outer loop
      vertex 25 -12.5 -15
      vertex 25 12.5 -15
      vertex 26.3066 12.4315 -15
    endloop
  endfacet
  facet normal 0 0 -1
    outer loop
      vertex -25 -12.5 -15
      vertex 25 12.5 -15
      vertex 25 -12.5 -15
    endloop
  endfacet
  facet normal 0 0 -1
    outer loop
      vertex -25 -12.5 -15
      vertex -25 12.5 -15
      vertex 25 12.5 -15
    endloop
  endfacet
  facet normal 0 0 -1
    outer loop
      vertex -26.3066 -12.4315 -15
      vertex -25 12.5 -15
      vertex -25 -12.5 -15
    endloop
  endfacet
  facet normal 0 0 -1
    outer loop
      vertex -26.3066 -12.4315 -15
      vertex -26.3066 12.4315 -15
      vertex -25 12.5 -15
    endloop
  endfacet
  facet normal 0 0 -1
    outer loop
      vertex -27.5989 -12.2268 -15
      vertex -26.3066 12.4315 -15
      vertex -26.3066 -12.4315 -15
    endloop
  endfacet
  facet normal 0 0 -1
    outer loop
      vertex -27.5989 -12.2268 -15
      vertex -27.5989 12.2268 -15
      vertex -26.3066 12.4315 -15
    endloop
  endfacet
  facet normal 0 0 -1
    outer loop
      vertex -28.8627 -11.8882 -15
      vertex -27.5989 12.2268 -15
      vertex -27.5989 -12.2268 -15
    endloop
  endfacet
  facet normal 0 0 -1
    outer loop
      vertex -28.8627 -11.8882 -15
      vertex -28.8627 11.8882 -15
      vertex -27.5989 12.2268 -15
    endloop
  endfacet
  facet normal 0 0 -1
    outer loop
      vertex -30.0842 -11.4193 -15
      vertex -28.8627 11.8882 -15
      vertex -28.8627 -11.8882 -15
    endloop
  endfacet
  facet normal 0 0 -1
    outer loop
      vertex -30.0842 -11.4193 -15
      vertex -30.0842 11.4193 -15
      vertex -28.8627 11.8882 -15
    endloop
  endfacet
  facet normal 0 0 -1
    outer loop
      vertex -31.25 -10.8253 -15
      vertex -30.0842 11.4193 -15
      vertex -30.0842 -11.4193 -15
    endloop
  endfacet
  facet normal 0 0 -1
    outer loop
      vertex -31.25 -10.8253 -15
      vertex -31.25 10.8253 -15
      vertex -30.0842 11.4193 -15
    endloop
  endfacet
  facet normal 0 0 -1
    outer loop
      vertex -32.3473 -10.1127 -15
      vertex -31.25 10.8253 -15
      vertex -31.25 -10.8253 -15
    endloop
  endfacet
  facet normal 0 0 -1
    outer loop
      vertex -32.3473 -10.1127 -15
      vertex -32.3473 10.1127 -15
      vertex -31.25 10.8253 -15
    endloop
  endfacet
  facet normal 0 0 -1
    outer loop
      vertex -33.3641 -9.28931 -15
      vertex -32.3473 10.1127 -15
      vertex -32.3473 -10.1127 -15
    endloop
  endfacet
  facet normal 0 0 -1
    outer loop
      vertex -33.3641 -9.28931 -15
      vertex -33.3641 9.28931 -15
      vertex -32.3473 10.1127 -15
    endloop
  endfacet
  facet normal 0 0 -1
    outer loop
      vertex -34.2893 -8.36413 -15
      vertex -33.3641 9.28931 -15
      vertex -33.3641 -9.28931 -15
    endloop
  endfacet
  facet normal 0 0 -1
    outer loop
      vertex -34.2893 -8.36413 -15
      vertex -34.2893 8.36413 -15
      vertex -33.3641 9.28931 -15
    endloop
  endfacet
  facet normal 0 0 -1
    outer loop
      vertex -35.1127 -7.34731 -15
      vertex -34.2893 8.36413 -15
      vertex -34.2893 -8.36413 -15
    endloop
  endfacet
  facet normal 0 0 -1
    outer loop
      vertex -35.1127 -7.34731 -15
      vertex -35.1127 7.34731 -15
      vertex -34.2893 8.36413 -15
    endloop
  endfacet
  facet normal 0 0 -1
    outer loop
      vertex -35.8253 -6.25 -15
      vertex -35.1127 7.34731 -15
      vertex -35.1127 -7.34731 -15
    endloop
  endfacet
  facet normal 0 0 -1
    outer loop
      vertex -35.8253 -6.25 -15
      vertex -35.8253 6.25 -15
      vertex -35.1127 7.34731 -15
    endloop
  endfacet
  facet normal 0 0 -1
    outer loop
      vertex -36.4193 -5.08421 -15
      vertex -35.8253 6.25 -15
      vertex -35.8253 -6.25 -15
    endloop
  endfacet
  facet normal 0 0 -1
    outer loop
      vertex -36.4193 -5.08421 -15
      vertex -36.4193 5.08421 -15
      vertex -35.8253 6.25 -15
    endloop
  endfacet
  facet normal 0 0 -1
    outer loop
      vertex -36.8882 -3.86271 -15
      vertex -36.4193 5.08421 -15
      vertex -36.4193 -5.08421 -15
    endloop
  endfacet
  facet normal 0 0 -1
    outer loop
      vertex -36.8882 -3.86271 -15
      vertex -36.8882 3.86271 -15
      vertex -36.4193 5.08421 -15
    endloop
  endfacet
  facet normal 0 0 -1
    outer loop
      vertex -37.2268 -2.5989 -15
      vertex -36.8882 3.86271 -15
      vertex -36.8882 -3.86271 -15
    endloop
  endfacet
  facet normal 0 0 -1
    outer loop
      vertex -37.2268 -2.5989 -15
      vertex -37.2268 2.5989 -15
      vertex -36.8882 3.86271 -15
    endloop
  endfacet
  facet normal 0 0 -1
    outer loop
      vertex -37.4315 -1.30661 -15
      vertex -37.2268 2.5989 -15
      vertex -37.2268 -2.5989 -15
    endloop
  endfacet
  facet normal 0 0 -1
    outer loop
      vertex -37.4315 -1.30661 -15
      vertex -37.4315 1.30661 -15
      vertex -37.2268 2.5989 -15
    endloop
  endfacet
  facet normal 0 -0 -1
    outer loop
      vertex -37.4315 1.30661 -15
      vertex -37.4315 -1.30661 -15
      vertex -37.5 0 -15
    endloop
  endfacet
  facet normal 0.998625 -0.0524309 0
    outer loop
      vertex 37.5 0 15
      vertex 37.4886 -0.21713 14.7779
      vertex 37.5 0 14.7827
    endloop
  endfacet
  facet normal 0.998704 -0.0508698 -0.0015302
    outer loop
      vertex 37.5 0 15
      vertex 37.4862 -0.264215 14.7768
      vertex 37.4886 -0.21713 14.7779
    endloop
  endfacet
  facet normal 0.998614 -0.0526244 0.000552377
    outer loop
      vertex 37.5 0 15
      vertex 37.4835 -0.315475 14.7745
      vertex 37.4862 -0.264215 14.7768
    endloop
  endfacet
  facet normal 0.998611 -0.0526806 0.000631204
    outer loop
      vertex 37.5 0 15
      vertex 37.4718 -0.537377 14.7647
      vertex 37.4835 -0.315475 14.7745
    endloop
  endfacet
  facet normal 0.998651 -0.0519181 -0.001115
    outer loop
      vertex 37.5 0 15
      vertex 37.4681 -0.608446 14.76
      vertex 37.4718 -0.537377 14.7647
    endloop
  endfacet
  facet normal 0.998629 -0.0523538 -7.34992e-06
    outer loop
      vertex 37.4315 -1.30661 15
      vertex 37.4681 -0.608446 14.76
      vertex 37.5 0 15
    endloop
  endfacet
  facet normal 0.998634 -0.0522582 0.000271743
    outer loop
      vertex 37.4681 -0.608446 14.76
      vertex 37.4315 -1.30661 15
      vertex 37.4567 -0.82637 14.7457
    endloop
  endfacet
  facet normal 0.998623 -0.0524567 -0.000104168
    outer loop
      vertex 37.4567 -0.82637 14.7457
      vertex 37.4315 -1.30661 15
      vertex 37.4512 -0.931056 14.7366
    endloop
  endfacet
  facet normal 0.998636 -0.0522033 0.000258138
    outer loop
      vertex 37.4512 -0.931056 14.7366
      vertex 37.4315 -1.30661 15
      vertex 37.4403 -1.13966 14.7185
    endloop
  endfacet
  facet normal 0.998629 -0.0523426 0.000175299
    outer loop
      vertex 37.4403 -1.13966 14.7185
      vertex 37.4315 -1.30661 15
      vertex 37.432 -1.29807 14.7016
    endloop
  endfacet
  facet normal 0.99829 -0.0584479 0
    outer loop
      vertex 37.432 -1.29807 14.7016
      vertex 37.4315 -1.30661 15
      vertex 37.4315 -1.30661 14.7007
    endloop
  endfacet
  facet normal 0.998625 -0.0524309 0
    outer loop
      vertex 37.4886 -0.21713 -14.7779
      vertex 37.5 0 -15
      vertex 37.5 0 -14.7827
    endloop
  endfacet
  facet normal 0.998704 -0.0508698 0.0015302
    outer loop
      vertex 37.4862 -0.264215 -14.7768
      vertex 37.5 0 -15
      vertex 37.4886 -0.21713 -14.7779
    endloop
  endfacet
  facet normal 0.998614 -0.0526244 -0.000552377
    outer loop
      vertex 37.4835 -0.315475 -14.7745
      vertex 37.5 0 -15
      vertex 37.4862 -0.264215 -14.7768
    endloop
  endfacet
  facet normal 0.998611 -0.0526806 -0.000631204
    outer loop
      vertex 37.4718 -0.537377 -14.7647
      vertex 37.5 0 -15
      vertex 37.4835 -0.315475 -14.7745
    endloop
  endfacet
  facet normal 0.998651 -0.0519181 0.001115
    outer loop
      vertex 37.4681 -0.608446 -14.76
      vertex 37.5 0 -15
      vertex 37.4718 -0.537377 -14.7647
    endloop
  endfacet
  facet normal 0.998634 -0.0522582 -0.000271743
    outer loop
      vertex 37.4315 -1.30661 -15
      vertex 37.4681 -0.608446 -14.76
      vertex 37.4567 -0.82637 -14.7457
    endloop
  endfacet
  facet normal 0.998623 -0.0524567 0.000104168
    outer loop
      vertex 37.4315 -1.30661 -15
      vertex 37.4567 -0.82637 -14.7457
      vertex 37.4512 -0.931056 -14.7366
    endloop
  endfacet
  facet normal 0.998636 -0.0522033 -0.000258138
    outer loop
      vertex 37.4315 -1.30661 -15
      vertex 37.4512 -0.931056 -14.7366
      vertex 37.4403 -1.13966 -14.7185
    endloop
  endfacet
  facet normal 0.998629 -0.0523426 -0.000175299
    outer loop
      vertex 37.4315 -1.30661 -15
      vertex 37.4403 -1.13966 -14.7185
      vertex 37.432 -1.29807 -14.7016
    endloop
  endfacet
  facet normal 0.99829 -0.0584479 0
    outer loop
      vertex 37.4315 -1.30661 -15
      vertex 37.432 -1.29807 -14.7016
      vertex 37.4315 -1.30661 -14.7007
    endloop
  endfacet
  facet normal 0.998629 -0.0523538 7.34992e-06
    outer loop
      vertex 37.4681 -0.608446 -14.76
      vertex 37.4315 -1.30661 -15
      vertex 37.5 0 -15
    endloop
  endfacet
  facet normal 0.453988 -0.891008 0
    outer loop
      vertex 30.0842 -11.4193 15
      vertex 31.25 -10.8253 5.52196
      vertex 31.25 -10.8253 15
    endloop
  endfacet
  facet normal 0.454381 -0.890807 6.10187e-05
    outer loop
      vertex 30.0842 -11.4193 15
      vertex 31.1865 -10.8577 5.37552
      vertex 31.25 -10.8253 5.52196
    endloop
  endfacet
  facet normal 0.453899 -0.891053 -8.55605e-06
    outer loop
      vertex 30.0842 -11.4193 15
      vertex 30.9089 -10.9991 4.49826
      vertex 31.1865 -10.8577 5.37552
    endloop
  endfacet
  facet normal 0.454113 -0.890944 1.26121e-05
    outer loop
      vertex 30.0842 -11.4193 15
      vertex 30.7139 -11.0985 3.88229
      vertex 30.9089 -10.9991 4.49826
    endloop
  endfacet
  facet normal 0.453707 -0.891151 -1.63583e-05
    outer loop
      vertex 30.0842 -11.4193 15
      vertex 30.6143 -11.1492 3.40097
      vertex 30.7139 -11.0985 3.88229
    endloop
  endfacet
  facet normal 0.454178 -0.890911 1.07508e-05
    outer loop
      vertex 30.0842 -11.4193 15
      vertex 30.396 -11.2605 2.34652
      vertex 30.6143 -11.1492 3.40097
    endloop
  endfacet
  facet normal 0.452913 -0.891554 -2.84843e-05
    outer loop
      vertex 30.0842 -11.4193 15
      vertex 30.357 -11.2803 1.9657
      vertex 30.396 -11.2605 2.34652
    endloop
  endfacet
  facet normal 0.453983 -0.89101 -2.91068e-07
    outer loop
      vertex 30.0842 -11.4193 15
      vertex 30.2361 -11.3419 0.785039
      vertex 30.357 -11.2803 1.9657
    endloop
  endfacet
  facet normal 0.454005 -0.890999 0
    outer loop
      vertex 30.0842 -11.4193 15
      vertex 30.2361 -11.3419 -0.785039
      vertex 30.2361 -11.3419 0.785039
    endloop
  endfacet
  facet normal 0.453983 -0.89101 2.91068e-07
    outer loop
      vertex 30.0842 -11.4193 -15
      vertex 30.357 -11.2803 -1.9657
      vertex 30.2361 -11.3419 -0.785039
    endloop
  endfacet
  facet normal 0.454178 -0.890911 -1.07508e-05
    outer loop
      vertex 30.0842 -11.4193 -15
      vertex 30.6143 -11.1492 -3.40097
      vertex 30.396 -11.2605 -2.34652
    endloop
  endfacet
  facet normal 0.454113 -0.890944 -1.26121e-05
    outer loop
      vertex 30.0842 -11.4193 -15
      vertex 30.9089 -10.9991 -4.49826
      vertex 30.7139 -11.0985 -3.88229
    endloop
  endfacet
  facet normal 0.454005 -0.890999 0
    outer loop
      vertex 30.0842 -11.4193 -15
      vertex 30.2361 -11.3419 -0.785039
      vertex 30.0842 -11.4193 15
    endloop
  endfacet
  facet normal 0.452913 -0.891554 2.84843e-05
    outer loop
      vertex 30.357 -11.2803 -1.9657
      vertex 30.0842 -11.4193 -15
      vertex 30.396 -11.2605 -2.34652
    endloop
  endfacet
  facet normal 0.453707 -0.891151 1.63583e-05
    outer loop
      vertex 30.6143 -11.1492 -3.40097
      vertex 30.0842 -11.4193 -15
      vertex 30.7139 -11.0985 -3.88229
    endloop
  endfacet
  facet normal 0.453899 -0.891053 8.55605e-06
    outer loop
      vertex 30.9089 -10.9991 -4.49826
      vertex 30.0842 -11.4193 -15
      vertex 31.1865 -10.8577 -5.37552
    endloop
  endfacet
  facet normal 0.454381 -0.890807 -6.10187e-05
    outer loop
      vertex 30.0842 -11.4193 -15
      vertex 31.25 -10.8253 -5.52196
      vertex 31.1865 -10.8577 -5.37552
    endloop
  endfacet
  facet normal 0.453988 -0.891008 0
    outer loop
      vertex 31.25 -10.8253 -5.52196
      vertex 30.0842 -11.4193 -15
      vertex 31.25 -10.8253 -15
    endloop
  endfacet
  facet normal 0.99829 0.0584479 0
    outer loop
      vertex 37.4315 1.30661 15
      vertex 37.432 1.29807 14.7016
      vertex 37.4315 1.30661 14.7007
    endloop
  endfacet
  facet normal 0.998629 0.0523426 0.000175299
    outer loop
      vertex 37.4315 1.30661 15
      vertex 37.4403 1.13966 14.7185
      vertex 37.432 1.29807 14.7016
    endloop
  endfacet
  facet normal 0.998636 0.0522033 0.000258138
    outer loop
      vertex 37.4315 1.30661 15
      vertex 37.4512 0.931056 14.7366
      vertex 37.4403 1.13966 14.7185
    endloop
  endfacet
  facet normal 0.998623 0.0524567 -0.000104168
    outer loop
      vertex 37.4315 1.30661 15
      vertex 37.4567 0.82637 14.7457
      vertex 37.4512 0.931056 14.7366
    endloop
  endfacet
  facet normal 0.998634 0.0522582 0.000271743
    outer loop
      vertex 37.4315 1.30661 15
      vertex 37.4681 0.608446 14.76
      vertex 37.4567 0.82637 14.7457
    endloop
  endfacet
  facet normal 0.998629 0.0523538 -7.34992e-06
    outer loop
      vertex 37.5 0 15
      vertex 37.4681 0.608446 14.76
      vertex 37.4315 1.30661 15
    endloop
  endfacet
  facet normal 0.998651 0.0519181 -0.001115
    outer loop
      vertex 37.4681 0.608446 14.76
      vertex 37.5 0 15
      vertex 37.4718 0.537377 14.7647
    endloop
  endfacet
  facet normal 0.998611 0.0526806 0.000631204
    outer loop
      vertex 37.4718 0.537377 14.7647
      vertex 37.5 0 15
      vertex 37.4835 0.315475 14.7745
    endloop
  endfacet
  facet normal 0.998614 0.0526244 0.000552377
    outer loop
      vertex 37.4835 0.315475 14.7745
      vertex 37.5 0 15
      vertex 37.4862 0.264215 14.7768
    endloop
  endfacet
  facet normal 0.998704 0.0508698 -0.0015302
    outer loop
      vertex 37.4862 0.264215 14.7768
      vertex 37.5 0 15
      vertex 37.4886 0.21713 14.7779
    endloop
  endfacet
  facet normal 0.998625 0.0524309 0
    outer loop
      vertex 37.4886 0.21713 14.7779
      vertex 37.5 0 15
      vertex 37.5 0 14.7827
    endloop
  endfacet
  facet normal 0.99829 0.0584479 0
    outer loop
      vertex 37.432 1.29807 -14.7016
      vertex 37.4315 1.30661 -15
      vertex 37.4315 1.30661 -14.7007
    endloop
  endfacet
  facet normal 0.998629 0.0523426 -0.000175299
    outer loop
      vertex 37.4403 1.13966 -14.7185
      vertex 37.4315 1.30661 -15
      vertex 37.432 1.29807 -14.7016
    endloop
  endfacet
  facet normal 0.998636 0.0522033 -0.000258138
    outer loop
      vertex 37.4512 0.931056 -14.7366
      vertex 37.4315 1.30661 -15
      vertex 37.4403 1.13966 -14.7185
    endloop
  endfacet
  facet normal 0.998623 0.0524567 0.000104168
    outer loop
      vertex 37.4567 0.82637 -14.7457
      vertex 37.4315 1.30661 -15
      vertex 37.4512 0.931056 -14.7366
    endloop
  endfacet
  facet normal 0.998634 0.0522582 -0.000271743
    outer loop
      vertex 37.4681 0.608446 -14.76
      vertex 37.4315 1.30661 -15
      vertex 37.4567 0.82637 -14.7457
    endloop
  endfacet
  facet normal 0.998651 0.0519181 0.001115
    outer loop
      vertex 37.5 0 -15
      vertex 37.4681 0.608446 -14.76
      vertex 37.4718 0.537377 -14.7647
    endloop
  endfacet
  facet normal 0.998611 0.0526806 -0.000631204
    outer loop
      vertex 37.5 0 -15
      vertex 37.4718 0.537377 -14.7647
      vertex 37.4835 0.315475 -14.7745
    endloop
  endfacet
  facet normal 0.998614 0.0526244 -0.000552377
    outer loop
      vertex 37.5 0 -15
      vertex 37.4835 0.315475 -14.7745
      vertex 37.4862 0.264215 -14.7768
    endloop
  endfacet
  facet normal 0.998704 0.0508698 0.0015302
    outer loop
      vertex 37.5 0 -15
      vertex 37.4862 0.264215 -14.7768
      vertex 37.4886 0.21713 -14.7779
    endloop
  endfacet
  facet normal 0.998625 0.0524309 -0
    outer loop
      vertex 37.5 0 -15
      vertex 37.4886 0.21713 -14.7779
      vertex 37.5 0 -14.7827
    endloop
  endfacet
  facet normal 0.998629 0.0523538 7.34992e-06
    outer loop
      vertex 37.4681 0.608446 -14.76
      vertex 37.5 0 -15
      vertex 37.4315 1.30661 -15
    endloop
  endfacet
  facet normal -0.890994 -0.454015 -2.6065e-05
    outer loop
      vertex -35.8253 -6.25 15
      vertex -36.4193 -5.08421 13.6265
      vertex -36.1516 -5.60955 13.3651
    endloop
  endfacet
  facet normal -0.891021 -0.453962 -0
    outer loop
      vertex -35.8253 -6.25 15
      vertex -36.1516 -5.60955 13.3651
      vertex -35.8253 -6.25 12.9518
    endloop
  endfacet
  facet normal -0.891006 -0.453991 0
    outer loop
      vertex -36.4193 -5.08421 13.6265
      vertex -35.8253 -6.25 15
      vertex -36.4193 -5.08421 15
    endloop
  endfacet
  facet normal -0.891006 -0.453991 0
    outer loop
      vertex -35.8253 -6.25 -15
      vertex -36.4193 -5.08421 -13.6265
      vertex -36.4193 -5.08421 -15
    endloop
  endfacet
  facet normal -0.890994 -0.454015 2.6065e-05
    outer loop
      vertex -36.4193 -5.08421 -13.6265
      vertex -35.8253 -6.25 -15
      vertex -36.1516 -5.60955 -13.3651
    endloop
  endfacet
  facet normal -0.891021 -0.453962 0
    outer loop
      vertex -36.1516 -5.60955 -13.3651
      vertex -35.8253 -6.25 -15
      vertex -35.8253 -6.25 -12.9518
    endloop
  endfacet
  facet normal -0.707099 -0.707114 0
    outer loop
      vertex -34.2893 -8.36413 11.0277
      vertex -33.3641 -9.28931 15
      vertex -34.2893 -8.36413 15
    endloop
  endfacet
  facet normal -0.707129 -0.707084 1.40988e-05
    outer loop
      vertex -33.9517 -8.70176 10.6066
      vertex -33.3641 -9.28931 15
      vertex -34.2893 -8.36413 11.0277
    endloop
  endfacet
  facet normal -0.707077 -0.707137 -0
    outer loop
      vertex -33.3641 -9.28931 15
      vertex -33.9517 -8.70176 10.6066
      vertex -33.3641 -9.28931 9.7027
    endloop
  endfacet
  facet normal -0.707099 -0.707114 0
    outer loop
      vertex -33.3641 -9.28931 -15
      vertex -34.2893 -8.36413 -11.0277
      vertex -34.2893 -8.36413 -15
    endloop
  endfacet
  facet normal -0.707129 -0.707084 -1.40988e-05
    outer loop
      vertex -34.2893 -8.36413 -11.0277
      vertex -33.3641 -9.28931 -15
      vertex -33.9517 -8.70176 -10.6066
    endloop
  endfacet
  facet normal -0.707077 -0.707137 0
    outer loop
      vertex -33.9517 -8.70176 -10.6066
      vertex -33.3641 -9.28931 -15
      vertex -33.3641 -9.28931 -9.7027
    endloop
  endfacet
  facet normal 0.545289 0.838248 -0.000143718
    outer loop
      vertex 31.25 10.8253 -15
      vertex 32.3178 10.1319 -7.91685
      vertex 32.3473 10.1127 -7.97494
    endloop
  endfacet
  facet normal 0.544642 0.838669 0
    outer loop
      vertex 31.25 10.8253 -15
      vertex 32.3473 10.1127 -7.97494
      vertex 32.3473 10.1127 -15
    endloop
  endfacet
  facet normal 0.544645 0.838667 -5.741e-06
    outer loop
      vertex 32.3178 10.1319 -7.91685
      vertex 31.25 10.8253 -15
      vertex 31.755 10.4974 -6.80986
    endloop
  endfacet
  facet normal 0.544494 0.838764 7.46519e-06
    outer loop
      vertex 31.755 10.4974 -6.80986
      vertex 31.25 10.8253 -15
      vertex 31.4469 10.6974 -6.02418
    endloop
  endfacet
  facet normal 0.544734 0.838609 0
    outer loop
      vertex 31.4469 10.6974 -6.02418
      vertex 31.25 10.8253 -15
      vertex 31.25 10.8253 -5.52196
    endloop
  endfacet
  facet normal 0.544642 0.838669 -0
    outer loop
      vertex 32.3473 10.1127 7.97494
      vertex 31.25 10.8253 15
      vertex 32.3473 10.1127 15
    endloop
  endfacet
  facet normal 0.545289 0.838248 0.000143718
    outer loop
      vertex 32.3178 10.1319 7.91685
      vertex 31.25 10.8253 15
      vertex 32.3473 10.1127 7.97494
    endloop
  endfacet
  facet normal 0.544645 0.838667 5.741e-06
    outer loop
      vertex 31.755 10.4974 6.80986
      vertex 31.25 10.8253 15
      vertex 32.3178 10.1319 7.91685
    endloop
  endfacet
  facet normal 0.544494 0.838764 -7.46519e-06
    outer loop
      vertex 31.4469 10.6974 6.02418
      vertex 31.25 10.8253 15
      vertex 31.755 10.4974 6.80986
    endloop
  endfacet
  facet normal 0.544734 0.838609 0
    outer loop
      vertex 31.25 10.8253 15
      vertex 31.4469 10.6974 6.02418
      vertex 31.25 10.8253 5.52196
    endloop
  endfacet
  facet normal 0.96597 -0.258653 0
    outer loop
      vertex 37.2268 -2.5989 15
      vertex 37.2034 -2.68629 14.4889
      vertex 37.2268 -2.5989 14.5056
    endloop
  endfacet
  facet normal 0.965954 -0.258712 1.07884e-05
    outer loop
      vertex 37.2268 -2.5989 15
      vertex 37.0434 -3.28369 14.3146
      vertex 37.2034 -2.68629 14.4889
    endloop
  endfacet
  facet normal 0.965933 -0.258793 9.71714e-05
    outer loop
      vertex 36.8882 -3.86271 15
      vertex 37.0434 -3.28369 14.3146
      vertex 37.2268 -2.5989 15
    endloop
  endfacet
  facet normal 0.965918 -0.258847 4.82944e-05
    outer loop
      vertex 37.0434 -3.28369 14.3146
      vertex 36.8882 -3.86271 15
      vertex 36.9476 -3.6412 14.2046
    endloop
  endfacet
  facet normal 0.965875 -0.259009 0
    outer loop
      vertex 36.9476 -3.6412 14.2046
      vertex 36.8882 -3.86271 15
      vertex 36.8882 -3.86271 14.1364
    endloop
  endfacet
  facet normal 0.96597 -0.258653 0
    outer loop
      vertex 37.2034 -2.68629 -14.4889
      vertex 37.2268 -2.5989 -15
      vertex 37.2268 -2.5989 -14.5056
    endloop
  endfacet
  facet normal 0.965954 -0.258712 -1.07884e-05
    outer loop
      vertex 37.0434 -3.28369 -14.3146
      vertex 37.2268 -2.5989 -15
      vertex 37.2034 -2.68629 -14.4889
    endloop
  endfacet
  facet normal 0.965918 -0.258847 -4.82944e-05
    outer loop
      vertex 36.8882 -3.86271 -15
      vertex 37.0434 -3.28369 -14.3146
      vertex 36.9476 -3.6412 -14.2046
    endloop
  endfacet
  facet normal 0.965875 -0.259009 0
    outer loop
      vertex 36.8882 -3.86271 -15
      vertex 36.9476 -3.6412 -14.2046
      vertex 36.8882 -3.86271 -14.1364
    endloop
  endfacet
  facet normal 0.965933 -0.258793 -9.71714e-05
    outer loop
      vertex 37.0434 -3.28369 -14.3146
      vertex 36.8882 -3.86271 -15
      vertex 37.2268 -2.5989 -15
    endloop
  endfacet
  facet normal 0.777016 -0.629481 9.41944e-05
    outer loop
      vertex 34.2893 -8.36413 -15
      vertex 35.1127 -7.34731 -12.096
      vertex 35.0706 -7.39927 -12.0476
    endloop
  endfacet
  facet normal 0.777184 -0.629274 -1.7777e-05
    outer loop
      vertex 34.2893 -8.36413 -15
      vertex 35.0706 -7.39927 -12.0476
      vertex 34.7311 -7.81858 -11.6572
    endloop
  endfacet
  facet normal 0.777089 -0.629391 1.39466e-05
    outer loop
      vertex 34.2893 -8.36413 -15
      vertex 34.7311 -7.81858 -11.6572
      vertex 34.5212 -8.07773 -11.3582
    endloop
  endfacet
  facet normal 0.777175 -0.629284 0
    outer loop
      vertex 34.2893 -8.36413 -15
      vertex 34.5212 -8.07773 -11.3582
      vertex 34.2893 -8.36413 -11.0277
    endloop
  endfacet
  facet normal 0.777148 -0.629318 0
    outer loop
      vertex 35.1127 -7.34731 -12.096
      vertex 34.2893 -8.36413 -15
      vertex 35.1127 -7.34731 -15
    endloop
  endfacet
  facet normal 0.777148 -0.629318 0
    outer loop
      vertex 34.2893 -8.36413 15
      vertex 35.1127 -7.34731 12.096
      vertex 35.1127 -7.34731 15
    endloop
  endfacet
  facet normal 0.777016 -0.629481 -9.41944e-05
    outer loop
      vertex 35.1127 -7.34731 12.096
      vertex 34.2893 -8.36413 15
      vertex 35.0706 -7.39927 12.0476
    endloop
  endfacet
  facet normal 0.777184 -0.629274 1.7777e-05
    outer loop
      vertex 35.0706 -7.39927 12.0476
      vertex 34.2893 -8.36413 15
      vertex 34.7311 -7.81858 11.6572
    endloop
  endfacet
  facet normal 0.777089 -0.629391 -1.39466e-05
    outer loop
      vertex 34.7311 -7.81858 11.6572
      vertex 34.2893 -8.36413 15
      vertex 34.5212 -8.07773 11.3582
    endloop
  endfacet
  facet normal 0.777175 -0.629284 0
    outer loop
      vertex 34.5212 -8.07773 11.3582
      vertex 34.2893 -8.36413 15
      vertex 34.2893 -8.36413 11.0277
    endloop
  endfacet
  facet normal -0.987601 0.156986 0
    outer loop
      vertex -37.2457 2.48 14.5263
      vertex -37.2268 2.5989 15
      vertex -37.2268 2.5989 14.5056
    endloop
  endfacet
  facet normal -0.98772 0.156235 0.000193237
    outer loop
      vertex -37.2543 2.42562 14.535
      vertex -37.2268 2.5989 15
      vertex -37.2457 2.48 14.5263
    endloop
  endfacet
  facet normal -0.987696 0.156383 0.000136774
    outer loop
      vertex -37.2883 2.21085 14.5694
      vertex -37.2268 2.5989 15
      vertex -37.2543 2.42562 14.535
    endloop
  endfacet
  facet normal -0.987686 0.156452 7.30944e-05
    outer loop
      vertex -37.3448 1.8541 14.7063
      vertex -37.2268 2.5989 15
      vertex -37.2883 2.21085 14.5694
    endloop
  endfacet
  facet normal -0.987692 0.15641 0
    outer loop
      vertex -37.4315 1.30661 15
      vertex -37.3448 1.8541 14.7063
      vertex -37.4315 1.30661 14.853
    endloop
  endfacet
  facet normal -0.987686 0.15645 7.71838e-05
    outer loop
      vertex -37.3448 1.8541 14.7063
      vertex -37.4315 1.30661 15
      vertex -37.2268 2.5989 15
    endloop
  endfacet
  facet normal -0.987601 0.156986 0
    outer loop
      vertex -37.2268 2.5989 -15
      vertex -37.2457 2.48 -14.5263
      vertex -37.2268 2.5989 -14.5056
    endloop
  endfacet
  facet normal -0.98772 0.156235 -0.000193237
    outer loop
      vertex -37.2268 2.5989 -15
      vertex -37.2543 2.42562 -14.535
      vertex -37.2457 2.48 -14.5263
    endloop
  endfacet
  facet normal -0.987684 0.156461 -0.000107111
    outer loop
      vertex -37.2268 2.5989 -15
      vertex -37.3314 1.93886 -14.613
      vertex -37.2543 2.42562 -14.535
    endloop
  endfacet
  facet normal -0.987686 0.15645 -0.000125103
    outer loop
      vertex -37.4315 1.30661 -15
      vertex -37.3314 1.93886 -14.613
      vertex -37.2268 2.5989 -15
    endloop
  endfacet
  facet normal -0.987693 0.156404 -4.77737e-05
    outer loop
      vertex -37.3314 1.93886 -14.613
      vertex -37.4315 1.30661 -15
      vertex -37.3759 1.65783 -14.6535
    endloop
  endfacet
  facet normal -0.98768 0.156484 -0.000130982
    outer loop
      vertex -37.3759 1.65783 -14.6535
      vertex -37.4315 1.30661 -15
      vertex -37.4008 1.50065 -14.6761
    endloop
  endfacet
  facet normal -0.987714 0.156271 0
    outer loop
      vertex -37.4008 1.50065 -14.6761
      vertex -37.4315 1.30661 -15
      vertex -37.4315 1.30661 -14.7007
    endloop
  endfacet
  facet normal 0.838901 -0.544284 -0.000269625
    outer loop
      vertex 35.1127 -7.34731 -15
      vertex 35.8253 -6.25 -12.9518
      vertex 35.7868 -6.30936 -12.9109
    endloop
  endfacet
  facet normal 0.838641 -0.544685 1.35111e-05
    outer loop
      vertex 35.1127 -7.34731 -15
      vertex 35.7868 -6.30936 -12.9109
      vertex 35.4751 -6.78927 -12.5801
    endloop
  endfacet
  facet normal 0.838667 -0.544644 0
    outer loop
      vertex 35.1127 -7.34731 -15
      vertex 35.4751 -6.78927 -12.5801
      vertex 35.1127 -7.34731 -12.096
    endloop
  endfacet
  facet normal 0.838671 -0.544638 0
    outer loop
      vertex 35.8253 -6.25 -12.9518
      vertex 35.1127 -7.34731 -15
      vertex 35.8253 -6.25 -15
    endloop
  endfacet
  facet normal 0.838671 -0.544638 0
    outer loop
      vertex 35.1127 -7.34731 15
      vertex 35.8253 -6.25 12.9518
      vertex 35.8253 -6.25 15
    endloop
  endfacet
  facet normal 0.838901 -0.544284 0.000269625
    outer loop
      vertex 35.8253 -6.25 12.9518
      vertex 35.1127 -7.34731 15
      vertex 35.7868 -6.30936 12.9109
    endloop
  endfacet
  facet normal 0.838641 -0.544685 -1.35111e-05
    outer loop
      vertex 35.7868 -6.30936 12.9109
      vertex 35.1127 -7.34731 15
      vertex 35.4751 -6.78927 12.5801
    endloop
  endfacet
  facet normal 0.838667 -0.544644 0
    outer loop
      vertex 35.4751 -6.78927 12.5801
      vertex 35.1127 -7.34731 15
      vertex 35.1127 -7.34731 12.096
    endloop
  endfacet
  facet normal 0.891021 0.453962 0
    outer loop
      vertex 36.1516 5.60955 -13.3651
      vertex 35.8253 6.25 -15
      vertex 35.8253 6.25 -12.9518
    endloop
  endfacet
  facet normal 0.890994 0.454015 2.6065e-05
    outer loop
      vertex 36.4193 5.08421 -13.6265
      vertex 35.8253 6.25 -15
      vertex 36.1516 5.60955 -13.3651
    endloop
  endfacet
  facet normal 0.891006 0.453991 0
    outer loop
      vertex 35.8253 6.25 -15
      vertex 36.4193 5.08421 -13.6265
      vertex 36.4193 5.08421 -15
    endloop
  endfacet
  facet normal 0.891021 0.453962 0
    outer loop
      vertex 35.8253 6.25 15
      vertex 36.1516 5.60955 13.3651
      vertex 35.8253 6.25 12.9518
    endloop
  endfacet
  facet normal 0.891006 0.453991 -0
    outer loop
      vertex 36.4193 5.08421 13.6265
      vertex 35.8253 6.25 15
      vertex 36.4193 5.08421 15
    endloop
  endfacet
  facet normal 0.890994 0.454015 -2.6065e-05
    outer loop
      vertex 35.8253 6.25 15
      vertex 36.4193 5.08421 13.6265
      vertex 36.1516 5.60955 13.3651
    endloop
  endfacet
  facet normal 0.965875 0.259009 0
    outer loop
      vertex 36.8882 3.86271 15
      vertex 36.9476 3.6412 14.2046
      vertex 36.8882 3.86271 14.1364
    endloop
  endfacet
  facet normal 0.965918 0.258847 4.82944e-05
    outer loop
      vertex 36.8882 3.86271 15
      vertex 37.0434 3.28369 14.3146
      vertex 36.9476 3.6412 14.2046
    endloop
  endfacet
  facet normal 0.965933 0.258793 9.71714e-05
    outer loop
      vertex 37.2268 2.5989 15
      vertex 37.0434 3.28369 14.3146
      vertex 36.8882 3.86271 15
    endloop
  endfacet
  facet normal 0.965954 0.258712 1.07884e-05
    outer loop
      vertex 37.0434 3.28369 14.3146
      vertex 37.2268 2.5989 15
      vertex 37.2034 2.68629 14.4889
    endloop
  endfacet
  facet normal 0.96597 0.258653 0
    outer loop
      vertex 37.2034 2.68629 14.4889
      vertex 37.2268 2.5989 15
      vertex 37.2268 2.5989 14.5056
    endloop
  endfacet
  facet normal 0.965875 0.259009 0
    outer loop
      vertex 36.9476 3.6412 -14.2046
      vertex 36.8882 3.86271 -15
      vertex 36.8882 3.86271 -14.1364
    endloop
  endfacet
  facet normal 0.965918 0.258847 -4.82944e-05
    outer loop
      vertex 37.0434 3.28369 -14.3146
      vertex 36.8882 3.86271 -15
      vertex 36.9476 3.6412 -14.2046
    endloop
  endfacet
  facet normal 0.965954 0.258712 -1.07884e-05
    outer loop
      vertex 37.2268 2.5989 -15
      vertex 37.0434 3.28369 -14.3146
      vertex 37.2034 2.68629 -14.4889
    endloop
  endfacet
  facet normal 0.96597 0.258653 -0
    outer loop
      vertex 37.2268 2.5989 -15
      vertex 37.2034 2.68629 -14.4889
      vertex 37.2268 2.5989 -14.5056
    endloop
  endfacet
  facet normal 0.965933 0.258793 -9.71714e-05
    outer loop
      vertex 37.0434 3.28369 -14.3146
      vertex 37.2268 2.5989 -15
      vertex 36.8882 3.86271 -15
    endloop
  endfacet
  facet normal -0.781805 -0.209541 -0.587259
    outer loop
      vertex -28.0357 3.88745 8.16959
      vertex -27.6948 2.61554 8.16959
      vertex -28.9134 3.60227 9.43981
    endloop
  endfacet
  facet normal -0.545233 -0.673276 0.49942
    outer loop
      vertex -31.5823 9.3488 -8.16959
      vertex -32.3178 10.1319 -7.91685
      vertex -32.3473 10.1127 -7.97494
    endloop
  endfacet
  facet normal -0.545164 -0.673239 0.499545
    outer loop
      vertex -31.5823 9.3488 -8.16959
      vertex -32.3473 10.1127 -7.97494
      vertex -32.4365 10.0405 -8.16959
    endloop
  endfacet
  facet normal -0.545192 -0.673259 0.499488
    outer loop
      vertex -32.3178 10.1319 -7.91685
      vertex -31.5823 9.3488 -8.16959
      vertex -31.057 9.9322 -6.80986
    endloop
  endfacet
  facet normal -0.473519 0.473495 0.742685
    outer loop
      vertex -32.9849 -6.31646 -11.6572
      vertex -32.9028 -7.88224 -10.6066
      vertex -32.1178 -7.0972 -10.6066
    endloop
  endfacet
  facet normal -0.473542 0.473488 0.742676
    outer loop
      vertex -32.9028 -7.88224 -10.6066
      vertex -32.9849 -6.31646 -11.6572
      vertex -33.6835 -7.01514 -11.6572
    endloop
  endfacet
  facet normal -0.467965 0.577889 -0.66862
    outer loop
      vertex -32.9028 -7.88224 10.6066
      vertex -33.1481 -9.43086 9.43981
      vertex -33.7656 -8.58092 10.6066
    endloop
  endfacet
  facet normal -0.834115 -0.541616 0.104424
    outer loop
      vertex -27.1696 7.40766 -2.34652
      vertex -27.0274 7.48972 -0.785039
      vertex -28.0141 8.70823 -2.34652
    endloop
  endfacet
  facet normal -0.886146 0.4515 -0.104369
    outer loop
      vertex -26.4655 -6.02594 2.34652
      vertex -26.3156 -6.09269 0.785039
      vertex -27.0274 -7.48972 0.785039
    endloop
  endfacet
  facet normal -0.57502 -0.710127 -0.40629
    outer loop
      vertex -30.6297 10.4068 5.37552
      vertex -31.4469 10.6974 6.02418
      vertex -31.25 10.8253 5.52196
    endloop
  endfacet
  facet normal -0.575006 -0.710054 -0.406437
    outer loop
      vertex -30.6297 10.4068 5.37552
      vertex -31.25 10.8253 5.52196
      vertex -31.1865 10.8577 5.37552
    endloop
  endfacet
  facet normal -0.575014 -0.710141 -0.406275
    outer loop
      vertex -31.4469 10.6974 6.02418
      vertex -30.6297 10.4068 5.37552
      vertex -31.057 9.9322 6.80986
    endloop
  endfacet
  facet normal -0.760182 0.615635 -0.207643
    outer loop
      vertex -28.2782 -8.51635 3.88229
      vertex -28.0141 -8.70823 2.34652
      vertex -29.2327 -9.69496 3.88229
    endloop
  endfacet
  facet normal -0.662548 -0.337566 0.66864
    outer loop
      vertex -30.3104 4.31409 -10.6066
      vertex -29.3506 4.74141 -9.43981
      vertex -30.8144 5.3033 -10.6066
    endloop
  endfacet
  facet normal -0.902492 0.142941 -0.406295
    outer loop
      vertex -26.073 -1.46379 5.37552
      vertex -26.3023 -2.91153 5.37552
      vertex -26.927 -2.77876 6.80986
    endloop
  endfacet
  facet normal -0.668725 -0.035044 -0.742683
    outer loop
      vertex -29.4515 1.10869 10.6066
      vertex -29.3934 0 10.6066
      vertex -30.6119 0.986728 11.6572
    endloop
  endfacet
  facet normal -0.50936 0.629039 -0.58725
    outer loop
      vertex -32.1998 -8.66298 9.43981
      vertex -31.5823 -9.3488 8.16959
      vertex -33.1481 -9.43086 9.43981
    endloop
  endfacet
  facet normal -0.781805 0.209541 -0.587259
    outer loop
      vertex -27.6948 -2.61554 8.16959
      vertex -28.0357 -3.88745 8.16959
      vertex -28.9134 -3.60227 9.43981
    endloop
  endfacet
  facet normal -0.9025 0.142978 0.406265
    outer loop
      vertex -26.073 -1.46379 -5.37552
      vertex -26.7081 -1.39703 -6.80986
      vertex -26.927 -2.77876 -6.80986
    endloop
  endfacet
  facet normal -0.742576 -0.0389141 0.66863
    outer loop
      vertex -29.3934 0 -10.6066
      vertex -28.3428 0 -9.43981
      vertex -29.4515 1.10869 -10.6066
    endloop
  endfacet
  facet normal -0.820418 -0.532729 0.207638
    outer loop
      vertex -27.4523 7.24444 -3.88229
      vertex -27.1696 7.40766 -2.34652
      vertex -28.2782 8.51635 -3.88229
    endloop
  endfacet
  facet normal -0.629022 0.509381 0.58725
    outer loop
      vertex -30.6512 -8.4177 -8.16959
      vertex -30.5691 -6.85192 -9.43981
      vertex -31.337 -7.80018 -9.43981
    endloop
  endfacet
  facet normal -0.865146 0.045331 -0.499467
    outer loop
      vertex -26.6349 0 6.80986
      vertex -26.7081 -1.39703 6.80986
      vertex -27.4199 0 8.16959
    endloop
  endfacet
  facet normal -0.272556 0.419742 -0.865754
    outer loop
      vertex -35.8253 -6.25 12.9518
      vertex -35.198 -6.60933 12.5801
      vertex -35.7868 -6.30936 12.9109
    endloop
  endfacet
  facet normal -0.272527 0.419782 -0.865743
    outer loop
      vertex -35.8253 -6.25 12.9518
      vertex -35.9973 -5.50929 13.3651
      vertex -35.198 -6.60933 12.5801
    endloop
  endfacet
  facet normal -0.272723 0.41972 -0.865712
    outer loop
      vertex -35.9973 -5.50929 13.3651
      vertex -35.8253 -6.25 12.9518
      vertex -36.1516 -5.60955 13.3651
    endloop
  endfacet
  facet normal -0.721163 -0.367487 -0.587262
    outer loop
      vertex -28.5075 5.11677 8.16959
      vertex -29.3506 4.74141 9.43981
      vertex -29.9046 5.82859 9.43981
    endloop
  endfacet
  facet normal -0.494298 -0.0783545 -0.865754
    outer loop
      vertex -32.0089 1.69855 12.5801
      vertex -33.2274 0.711823 13.3651
      vertex -33.339 1.41585 13.3651
    endloop
  endfacet
  facet normal -0.672584 -0.67259 -0.308631
    outer loop
      vertex -30.305 10.7673 3.88229
      vertex -29.5932 9.37031 5.37552
      vertex -30.6297 10.4068 5.37552
    endloop
  endfacet
  facet normal -0.672604 -0.672579 -0.308611
    outer loop
      vertex -29.5932 9.37031 5.37552
      vertex -30.305 10.7673 3.88229
      vertex -29.2327 9.69496 3.88229
    endloop
  endfacet
  facet normal -0.549264 0.210808 0.808622
    outer loop
      vertex -31.3763 -3.83951 -11.6572
      vertex -32.2303 -2.52454 -12.5801
      vertex -32.5367 -3.32287 -12.5801
    endloop
  endfacet
  facet normal -0.865115 -0.0453949 0.499516
    outer loop
      vertex -27.4199 0 -8.16959
      vertex -26.7081 1.39703 -6.80986
      vertex -27.4889 1.31497 -8.16959
    endloop
  endfacet
  facet normal -0.939479 0.14877 0.308621
    outer loop
      vertex -25.8277 -3.01241 -3.88229
      vertex -25.5905 -1.5145 -3.88229
      vertex -26.073 -1.46379 -5.37552
    endloop
  endfacet
  facet normal -0.918762 0.24617 -0.308671
    outer loop
      vertex -25.8277 -3.01241 3.88229
      vertex -26.2202 -4.47731 3.88229
      vertex -26.6817 -4.32738 5.37552
    endloop
  endfacet
  facet normal -0.847513 -0.431793 -0.308668
    outer loop
      vertex -26.7637 5.89316 3.88229
      vertex -27.207 5.69582 5.37552
      vertex -27.8724 7.00185 5.37552
    endloop
  endfacet
  facet normal -0.902492 -0.142941 0.406295
    outer loop
      vertex -26.073 1.46379 -5.37552
      vertex -26.3023 2.91153 -5.37552
      vertex -26.927 2.77876 -6.80986
    endloop
  endfacet
  facet normal -0.944869 -0.2532 -0.207636
    outer loop
      vertex -25.5084 3.08028 2.34652
      vertex -25.8277 3.01241 3.88229
      vertex -25.9098 4.57819 2.34652
    endloop
  endfacet
  facet normal -0.853047 0.327495 -0.406273
    outer loop
      vertex -27.289 -4.13004 6.80986
      vertex -27.207 -5.69582 5.37552
      vertex -27.7904 -5.43607 6.80986
    endloop
  endfacet
  facet normal -0.646827 -0.173294 -0.742687
    outer loop
      vertex -29.9125 3.27762 10.6066
      vertex -30.7665 1.96265 11.6572
      vertex -31.0222 2.91706 11.6572
    endloop
  endfacet
  facet normal -0.49436 0.0782573 -0.865728
    outer loop
      vertex -31.8752 -0.853953 12.5801
      vertex -32.0089 -1.69855 12.5801
      vertex -33.2274 -0.711823 13.3651
    endloop
  endfacet
  facet normal -0.918762 -0.246197 -0.308647
    outer loop
      vertex -25.8277 3.01241 3.88229
      vertex -26.3023 2.91153 5.37552
      vertex -26.6817 4.32738 5.37552
    endloop
  endfacet
  facet normal -0.703243 -0.703243 0.104396
    outer loop
      vertex -30.0866 11.0099 -2.34652
      vertex -28.8681 10.0232 -0.785039
      vertex -29.9768 11.1319 -0.785039
    endloop
  endfacet
  facet normal -0.703246 -0.70324 0.1044
    outer loop
      vertex -28.8681 10.0232 -0.785039
      vertex -30.0866 11.0099 -2.34652
      vertex -28.9901 9.91339 -2.34652
    endloop
  endfacet
  facet normal -0.467946 -0.577894 -0.66863
    outer loop
      vertex -32.1998 8.66298 9.43981
      vertex -32.9028 7.88224 10.6066
      vertex -33.1481 9.43086 9.43981
    endloop
  endfacet
  facet normal -0.771894 0.393292 -0.499501
    outer loop
      vertex -27.7904 -5.43607 6.80986
      vertex -28.4255 -6.68255 6.80986
      vertex -29.1054 -6.29003 8.16959
    endloop
  endfacet
  facet normal -0.661394 0.104769 -0.742685
    outer loop
      vertex -29.4515 -1.10869 10.6066
      vertex -29.6252 -2.20524 10.6066
      vertex -30.7665 -1.96265 11.6572
    endloop
  endfacet
  facet normal -0.673257 0.545199 0.499483
    outer loop
      vertex -29.1874 -7.85581 -6.80986
      vertex -29.8225 -7.39437 -8.16959
      vertex -30.0678 -8.943 -6.80986
    endloop
  endfacet
  facet normal -0.596667 -0.304 0.74268
    outer loop
      vertex -30.3104 4.31409 -10.6066
      vertex -30.8144 5.3033 -10.6066
      vertex -31.3763 3.83951 -11.6572
    endloop
  endfacet
  facet normal -0.404897 -0.623547 0.668766
    outer loop
      vertex -33.1481 9.43086 -9.43981
      vertex -33.171 9.44573 -9.43981
      vertex -33.1994 9.42274 -9.47844
    endloop
  endfacet
  facet normal -0.362823 -0.184865 0.913337
    outer loop
      vertex -33.7789 2.76982 -13.3651
      vertex -34.1025 3.40493 -13.3651
      vertex -35.0892 2.18642 -14.0037
    endloop
  endfacet
  facet normal -0.406625 0.0212759 0.913347
    outer loop
      vertex -33.1901 0 -13.3651
      vertex -34.6245 0 -14.0037
      vertex -34.6539 -0.561894 -14.0037
    endloop
  endfacet
  facet normal -0.20558 0.0325761 0.978098
    outer loop
      vertex -36.139 -0.405808 -14.4889
      vertex -37.4835 -0.315475 -14.7745
      vertex -36.2026 -0.807172 -14.4889
    endloop
  endfacet
  facet normal -0.205545 0.0330595 0.978089
    outer loop
      vertex -37.4835 -0.315475 -14.7745
      vertex -36.139 -0.405808 -14.4889
      vertex -37.4862 -0.264215 -14.7768
    endloop
  endfacet
  facet normal -0.886115 -0.451548 -0.104426
    outer loop
      vertex -27.0274 7.48972 0.785039
      vertex -26.4655 6.02594 2.34652
      vertex -27.1696 7.40766 2.34652
    endloop
  endfacet
  facet normal -0.615715 0.760162 0.207482
    outer loop
      vertex -30.6143 -11.1492 -3.40097
      vertex -30.305 -10.7673 -3.88229
      vertex -30.7139 -11.0985 -3.88229
    endloop
  endfacet
  facet normal -0.577869 0.467958 0.668642
    outer loop
      vertex -31.337 -7.80018 -9.43981
      vertex -30.5691 -6.85192 -9.43981
      vertex -32.1178 -7.0972 -10.6066
    endloop
  endfacet
  facet normal -0.855673 0.13556 0.499446
    outer loop
      vertex -26.927 -2.77876 -6.80986
      vertex -26.7081 -1.39703 -6.80986
      vertex -27.6948 -2.61554 -8.16959
    endloop
  endfacet
  facet normal -0.766337 -0.497649 0.406292
    outer loop
      vertex -28.4255 6.68255 -6.80986
      vertex -27.8724 7.00185 -5.37552
      vertex -29.1874 7.85581 -6.80986
    endloop
  endfacet
  facet normal -0.949874 0.0497717 0.308646
    outer loop
      vertex -25.5111 0 -3.88229
      vertex -25.9963 0 -5.37552
      vertex -26.073 -1.46379 -5.37552
    endloop
  endfacet
  facet normal -0.64683 -0.173291 0.742685
    outer loop
      vertex -29.6252 2.20524 -10.6066
      vertex -29.9125 3.27762 -10.6066
      vertex -30.7665 1.96265 -11.6572
    endloop
  endfacet
  facet normal -0.493434 -0.320409 0.808617
    outer loop
      vertex -31.8249 4.7199 -11.6572
      vertex -32.363 5.54858 -11.6572
      vertex -32.9249 4.08479 -12.5801
    endloop
  endfacet
  facet normal -0.587505 -0.0308216 -0.808633
    outer loop
      vertex -30.6119 0.986728 11.6572
      vertex -31.8304 0 12.5801
      vertex -31.8752 0.853953 12.5801
    endloop
  endfacet
  facet normal -0.887992 0.340871 -0.30867
    outer loop
      vertex -26.6817 -4.32738 5.37552
      vertex -26.2202 -4.47731 3.88229
      vertex -27.207 -5.69582 5.37552
    endloop
  endfacet
  facet normal -0.316538 0.256335 -0.913289
    outer loop
      vertex -34.9393 -4.55668 13.3651
      vertex -34.7711 -4.01478 13.4589
      vertex -34.5764 -4.10855 13.3651
    endloop
  endfacet
  facet normal -0.31641 0.256305 -0.913341
    outer loop
      vertex -34.9393 -4.55668 13.3651
      vertex -34.9965 -3.8672 13.5784
      vertex -34.7711 -4.01478 13.4589
    endloop
  endfacet
  facet normal -0.316417 0.256304 -0.913339
    outer loop
      vertex -34.9965 -3.8672 13.5784
      vertex -34.9393 -4.55668 13.3651
      vertex -36.0052 -3.59692 14.0037
    endloop
  endfacet
  facet normal -0.871565 0.444141 -0.207638
    outer loop
      vertex -26.7637 -5.89316 3.88229
      vertex -27.1696 -7.40766 2.34652
      vertex -27.4523 -7.24444 3.88229
    endloop
  endfacet
  facet normal -0.853072 0.327467 -0.406244
    outer loop
      vertex -26.6817 -4.32738 5.37552
      vertex -27.207 -5.69582 5.37552
      vertex -27.289 -4.13004 6.80986
    endloop
  endfacet
  facet normal -0.67325 -0.545203 -0.499488
    outer loop
      vertex -30.0678 8.943 6.80986
      vertex -29.8225 7.39437 8.16959
      vertex -30.6512 8.4177 8.16959
    endloop
  endfacet
  facet normal -0.853072 -0.327467 0.406244
    outer loop
      vertex -26.6817 4.32738 -5.37552
      vertex -27.207 5.69582 -5.37552
      vertex -27.289 4.13004 -6.80986
    endloop
  endfacet
  facet normal -0.483433 -0.129475 -0.865753
    outer loop
      vertex -32.0089 1.69855 12.5801
      vertex -33.339 1.41585 13.3651
      vertex -33.5234 2.10436 13.3651
    endloop
  endfacet
  facet normal -0.718228 0.192506 -0.668648
    outer loop
      vertex -28.5975 -2.42367 9.43981
      vertex -28.9134 -3.60227 9.43981
      vertex -29.6252 -2.20524 10.6066
    endloop
  endfacet
  facet normal -0.834115 -0.541616 -0.104424
    outer loop
      vertex -27.0274 7.48972 0.785039
      vertex -27.1696 7.40766 2.34652
      vertex -28.0141 8.70823 2.34652
    endloop
  endfacet
  facet normal -0.678842 -0.440807 -0.58725
    outer loop
      vertex -29.1054 6.29003 8.16959
      vertex -29.9046 5.82859 9.43981
      vertex -30.5691 6.85192 9.43981
    endloop
  endfacet
  facet normal -0.629022 -0.509381 -0.58725
    outer loop
      vertex -30.6512 8.4177 8.16959
      vertex -30.5691 6.85192 9.43981
      vertex -31.337 7.80018 9.43981
    endloop
  endfacet
  facet normal -0.814154 -0.414824 0.406293
    outer loop
      vertex -27.7904 5.43607 -6.80986
      vertex -27.8724 7.00185 -5.37552
      vertex -28.4255 6.68255 -6.80986
    endloop
  endfacet
  facet normal -0.364658 -0.561584 -0.74273
    outer loop
      vertex -34.5212 8.07773 11.3582
      vertex -34.4514 7.63696 11.6572
      vertex -34.7311 7.81858 11.6572
    endloop
  endfacet
  facet normal -0.50937 0.629036 0.587244
    outer loop
      vertex -31.5823 -9.3488 -8.16959
      vertex -33.0891 -9.51201 -9.30175
      vertex -32.4365 -10.0405 -8.16959
    endloop
  endfacet
  facet normal -0.509437 0.628878 0.587355
    outer loop
      vertex -33.0891 -9.51201 -9.30175
      vertex -31.5823 -9.3488 -8.16959
      vertex -33.1481 -9.43086 -9.43981
    endloop
  endfacet
  facet normal -0.797696 0.518075 0.308673
    outer loop
      vertex -28.2782 -8.51635 -3.88229
      vertex -27.8724 -7.00185 -5.37552
      vertex -28.6708 -8.23117 -5.37552
    endloop
  endfacet
  facet normal -0.50937 -0.629036 0.587244
    outer loop
      vertex -33.0891 9.51201 -9.30175
      vertex -31.5823 9.3488 -8.16959
      vertex -32.4365 10.0405 -8.16959
    endloop
  endfacet
  facet normal -0.509437 -0.628878 0.587355
    outer loop
      vertex -31.5823 9.3488 -8.16959
      vertex -33.0891 9.51201 -9.30175
      vertex -33.1481 9.43086 -9.43981
    endloop
  endfacet
  facet normal -0.370235 -0.457212 0.80863
    outer loop
      vertex -33.6835 7.01514 -11.6572
      vertex -34.4514 7.63696 -11.6572
      vertex -34.5335 6.07119 -12.5801
    endloop
  endfacet
  facet normal -0.62516 0.23998 0.742687
    outer loop
      vertex -29.9125 -3.27762 -10.6066
      vertex -31.0222 -2.91706 -11.6572
      vertex -31.3763 -3.83951 -11.6572
    endloop
  endfacet
  facet normal -0.721163 -0.367487 0.587262
    outer loop
      vertex -29.3506 4.74141 -9.43981
      vertex -28.5075 5.11677 -8.16959
      vertex -29.9046 5.82859 -9.43981
    endloop
  endfacet
  facet normal -0.742576 0.0389141 0.66863
    outer loop
      vertex -28.3428 0 -9.43981
      vertex -29.3934 0 -10.6066
      vertex -29.4515 -1.10869 -10.6066
    endloop
  endfacet
  facet normal -0.661394 0.104769 0.742685
    outer loop
      vertex -29.6252 -2.20524 -10.6066
      vertex -29.4515 -1.10869 -10.6066
      vertex -30.7665 -1.96265 -11.6572
    endloop
  endfacet
  facet normal -0.457218 0.370213 0.808637
    outer loop
      vertex -32.363 -5.54858 -11.6572
      vertex -33.3907 -4.80196 -12.5801
      vertex -33.9288 -5.46652 -12.5801
    endloop
  endfacet
  facet normal -0.662547 -0.337618 0.668615
    outer loop
      vertex -29.3506 4.74141 -9.43981
      vertex -29.9046 5.82859 -9.43981
      vertex -30.8144 5.3033 -10.6066
    endloop
  endfacet
  facet normal -0.836766 -0.224272 0.499525
    outer loop
      vertex -27.6948 2.61554 -8.16959
      vertex -27.289 4.13004 -6.80986
      vertex -28.0357 3.88745 -8.16959
    endloop
  endfacet
  facet normal -0.525794 -0.525794 0.668641
    outer loop
      vertex -32.1998 8.66298 -9.43981
      vertex -32.1178 7.0972 -10.6066
      vertex -31.337 7.80018 -9.43981
    endloop
  endfacet
  facet normal -0.525814 -0.525788 0.66863
    outer loop
      vertex -32.1178 7.0972 -10.6066
      vertex -32.1998 8.66298 -9.43981
      vertex -32.9028 7.88224 -10.6066
    endloop
  endfacet
  facet normal -0.982292 -0.155594 -0.104367
    outer loop
      vertex -25.3479 3.1144 0.785039
      vertex -25.1026 1.56578 0.785039
      vertex -25.5084 3.08028 2.34652
    endloop
  endfacet
  facet normal -0.976872 0.051158 0.207616
    outer loop
      vertex -25.2658 -1.54862 -2.34652
      vertex -25.1847 0 -2.34652
      vertex -25.5111 0 -3.88229
    endloop
  endfacet
  facet normal -0.913243 0.350537 -0.207631
    outer loop
      vertex -25.9098 -4.57819 2.34652
      vertex -26.4655 -6.02594 2.34652
      vertex -26.7637 -5.89316 3.88229
    endloop
  endfacet
  facet normal -0.838658 0.544658 0
    outer loop
      vertex -27.8814 -8.8047 -0.785039
      vertex -27.0274 -7.48972 0.785039
      vertex -27.0274 -7.48972 -0.785039
    endloop
  endfacet
  facet normal -0.838658 0.544658 0
    outer loop
      vertex -27.0274 -7.48972 0.785039
      vertex -27.8814 -8.8047 -0.785039
      vertex -27.8814 -8.8047 0.785039
    endloop
  endfacet
  facet normal -0.625968 0.772844 0.104288
    outer loop
      vertex -30.357 -11.2803 -1.9657
      vertex -30.0866 -11.0099 -2.34652
      vertex -30.396 -11.2605 -2.34652
    endloop
  endfacet
  facet normal -0.662548 0.337566 0.66864
    outer loop
      vertex -29.3506 -4.74141 -9.43981
      vertex -30.3104 -4.31409 -10.6066
      vertex -30.8144 -5.3033 -10.6066
    endloop
  endfacet
  facet normal -0.797763 0.518018 0.308597
    outer loop
      vertex -27.4523 -7.24444 -3.88229
      vertex -27.8724 -7.00185 -5.37552
      vertex -28.2782 -8.51635 -3.88229
    endloop
  endfacet
  facet normal -0.871565 0.444141 0.207638
    outer loop
      vertex -27.1696 -7.40766 -2.34652
      vertex -26.7637 -5.89316 -3.88229
      vertex -27.4523 -7.24444 -3.88229
    endloop
  endfacet
  facet normal -0.615675 0.760136 0.207696
    outer loop
      vertex -30.0866 -11.0099 -2.34652
      vertex -30.6143 -11.1492 -3.40097
      vertex -30.396 -11.2605 -2.34652
    endloop
  endfacet
  facet normal -0.615573 0.760236 0.207632
    outer loop
      vertex -30.6143 -11.1492 -3.40097
      vertex -30.0866 -11.0099 -2.34652
      vertex -30.305 -10.7673 -3.88229
    endloop
  endfacet
  facet normal -0.913243 0.350537 0.207631
    outer loop
      vertex -26.4655 -6.02594 -2.34652
      vertex -25.9098 -4.57819 -2.34652
      vertex -26.7637 -5.89316 -3.88229
    endloop
  endfacet
  facet normal -0.949874 -0.0497717 0.308646
    outer loop
      vertex -25.9963 0 -5.37552
      vertex -25.5111 0 -3.88229
      vertex -26.073 1.46379 -5.37552
    endloop
  endfacet
  facet normal -0.561618 -0.364684 0.742692
    outer loop
      vertex -31.8249 4.7199 -11.6572
      vertex -30.8144 5.3033 -10.6066
      vertex -32.363 5.54858 -11.6572
    endloop
  endfacet
  facet normal -0.50936 -0.629039 -0.58725
    outer loop
      vertex -31.5823 9.3488 8.16959
      vertex -32.1998 8.66298 9.43981
      vertex -33.1481 9.43086 9.43981
    endloop
  endfacet
  facet normal -0.949874 -0.0497717 -0.308646
    outer loop
      vertex -25.5111 0 3.88229
      vertex -25.9963 0 5.37552
      vertex -26.073 1.46379 5.37552
    endloop
  endfacet
  facet normal -0.865115 0.0453949 -0.499516
    outer loop
      vertex -27.4199 0 8.16959
      vertex -26.7081 -1.39703 6.80986
      vertex -27.4889 -1.31497 8.16959
    endloop
  endfacet
  facet normal -0.545182 0.673278 -0.499473
    outer loop
      vertex -31.057 -9.9322 6.80986
      vertex -31.755 -10.4974 6.80986
      vertex -32.3178 -10.1319 7.91685
    endloop
  endfacet
  facet normal -0.939479 0.14877 -0.308621
    outer loop
      vertex -25.5905 -1.5145 3.88229
      vertex -25.8277 -3.01241 3.88229
      vertex -26.073 -1.46379 5.37552
    endloop
  endfacet
  facet normal -0.9025 0.142978 -0.406265
    outer loop
      vertex -26.7081 -1.39703 6.80986
      vertex -26.073 -1.46379 5.37552
      vertex -26.927 -2.77876 6.80986
    endloop
  endfacet
  facet normal -0.661396 -0.104775 -0.742683
    outer loop
      vertex -29.4515 1.10869 10.6066
      vertex -30.6119 0.986728 11.6572
      vertex -30.7665 1.96265 11.6572
    endloop
  endfacet
  facet normal -0.364685 -0.561634 -0.742679
    outer loop
      vertex -33.7656 8.58092 10.6066
      vertex -34.2893 8.36413 11.0277
      vertex -33.9517 8.70176 10.6066
    endloop
  endfacet
  facet normal -0.364687 -0.561631 -0.74268
    outer loop
      vertex -34.4514 7.63696 11.6572
      vertex -34.2893 8.36413 11.0277
      vertex -33.7656 8.58092 10.6066
    endloop
  endfacet
  facet normal -0.36487 -0.56156 -0.742644
    outer loop
      vertex -34.2893 8.36413 11.0277
      vertex -34.4514 7.63696 11.6572
      vertex -34.5212 8.07773 11.3582
    endloop
  endfacet
  facet normal -0.467965 -0.577889 -0.66862
    outer loop
      vertex -33.1481 9.43086 9.43981
      vertex -32.9028 7.88224 10.6066
      vertex -33.7656 8.58092 10.6066
    endloop
  endfacet
  facet normal -0.673257 -0.545199 -0.499483
    outer loop
      vertex -29.1874 7.85581 6.80986
      vertex -29.8225 7.39437 8.16959
      vertex -30.0678 8.943 6.80986
    endloop
  endfacet
  facet normal -0.721163 -0.367509 -0.58725
    outer loop
      vertex -29.1054 6.29003 8.16959
      vertex -28.5075 5.11677 8.16959
      vertex -29.9046 5.82859 9.43981
    endloop
  endfacet
  facet normal -0.457201 -0.370283 -0.808615
    outer loop
      vertex -32.9849 6.31646 11.6572
      vertex -32.363 5.54858 11.6572
      vertex -33.9288 5.46652 12.5801
    endloop
  endfacet
  facet normal -0.808781 -0.310402 -0.499524
    outer loop
      vertex -27.289 4.13004 6.80986
      vertex -28.0357 3.88745 8.16959
      vertex -28.5075 5.11677 8.16959
    endloop
  endfacet
  facet normal -0.577869 -0.467958 -0.668642
    outer loop
      vertex -31.337 7.80018 9.43981
      vertex -30.5691 6.85192 9.43981
      vertex -32.1178 7.0972 10.6066
    endloop
  endfacet
  facet normal -0.421423 -0.520415 -0.742678
    outer loop
      vertex -32.9028 7.88224 10.6066
      vertex -33.6835 7.01514 11.6572
      vertex -33.7656 8.58092 10.6066
    endloop
  endfacet
  facet normal -0.726559 -0.471818 -0.4995
    outer loop
      vertex -28.4255 6.68255 6.80986
      vertex -29.1054 6.29003 8.16959
      vertex -29.1874 7.85581 6.80986
    endloop
  endfacet
  facet normal -0.240517 0.194763 -0.950904
    outer loop
      vertex -36.0052 -3.59692 14.0037
      vertex -36.2829 -3 14.1962
      vertex -35.7618 -3.29634 14.0037
    endloop
  endfacet
  facet normal -0.23985 0.195105 -0.951003
    outer loop
      vertex -36.2829 -3 14.1962
      vertex -36.0052 -3.59692 14.0037
      vertex -36.5213 -2.80223 14.2969
    endloop
  endfacet
  facet normal -0.568271 0.152248 -0.808634
    outer loop
      vertex -30.7665 -1.96265 11.6572
      vertex -31.0222 -2.91706 11.6572
      vertex -32.2303 -2.52454 12.5801
    endloop
  endfacet
  facet normal -0.545192 0.673259 0.499488
    outer loop
      vertex -31.5823 -9.3488 -8.16959
      vertex -32.3178 -10.1319 -7.91685
      vertex -31.057 -9.9322 -6.80986
    endloop
  endfacet
  facet normal -0.545233 0.673276 0.49942
    outer loop
      vertex -32.3178 -10.1319 -7.91685
      vertex -31.5823 -9.3488 -8.16959
      vertex -32.3473 -10.1127 -7.97494
    endloop
  endfacet
  facet normal -0.545164 0.673239 0.499545
    outer loop
      vertex -32.3473 -10.1127 -7.97494
      vertex -31.5823 -9.3488 -8.16959
      vertex -32.4365 -10.0405 -8.16959
    endloop
  endfacet
  facet normal -0.364685 0.561634 0.742679
    outer loop
      vertex -33.7656 -8.58092 -10.6066
      vertex -34.2893 -8.36413 -11.0277
      vertex -33.9517 -8.70176 -10.6066
    endloop
  endfacet
  facet normal -0.364687 0.561631 0.74268
    outer loop
      vertex -34.4514 -7.63696 -11.6572
      vertex -34.2893 -8.36413 -11.0277
      vertex -33.7656 -8.58092 -10.6066
    endloop
  endfacet
  facet normal -0.36487 0.56156 0.742644
    outer loop
      vertex -34.2893 -8.36413 -11.0277
      vertex -34.4514 -7.63696 -11.6572
      vertex -34.5212 -8.07773 -11.3582
    endloop
  endfacet
  facet normal -0.739173 0.598621 0.308669
    outer loop
      vertex -28.2782 -8.51635 -3.88229
      vertex -28.6708 -8.23117 -5.37552
      vertex -29.2327 -9.69496 -3.88229
    endloop
  endfacet
  facet normal -0.440876 -0.678954 0.587069
    outer loop
      vertex -33.1481 9.43086 -9.43981
      vertex -33.1579 9.45635 -9.41769
      vertex -33.171 9.44573 -9.43981
    endloop
  endfacet
  facet normal -0.440431 -0.679013 0.587334
    outer loop
      vertex -33.1481 9.43086 -9.43981
      vertex -33.0891 9.51201 -9.30175
      vertex -33.1579 9.45635 -9.41769
    endloop
  endfacet
  facet normal -0.341515 0.221747 0.913343
    outer loop
      vertex -34.1025 -3.40493 -13.3651
      vertex -35.3447 -2.68776 -14.0037
      vertex -35.6511 -3.15965 -14.0037
    endloop
  endfacet
  facet normal -0.240472 0.194702 0.950928
    outer loop
      vertex -36.0052 -3.59692 -14.0037
      vertex -36.8592 -2.28195 -14.4889
      vertex -37.1149 -2.59776 -14.4889
    endloop
  endfacet
  facet normal -0.808293 -0.0423878 0.587253
    outer loop
      vertex -28.3428 0 -9.43981
      vertex -27.4889 1.31497 -8.16959
      vertex -28.4067 1.21851 -9.43981
    endloop
  endfacet
  facet normal -0.808781 -0.310402 0.499524
    outer loop
      vertex -28.0357 3.88745 -8.16959
      vertex -27.289 4.13004 -6.80986
      vertex -28.5075 5.11677 -8.16959
    endloop
  endfacet
  facet normal -0.808781 0.310402 0.499524
    outer loop
      vertex -27.289 -4.13004 -6.80986
      vertex -28.0357 -3.88745 -8.16959
      vertex -28.5075 -5.11677 -8.16959
    endloop
  endfacet
  facet normal -0.755656 0.29002 0.587258
    outer loop
      vertex -28.0357 -3.88745 -8.16959
      vertex -28.9134 -3.60227 -9.43981
      vertex -29.3506 -4.74141 -9.43981
    endloop
  endfacet
  facet normal -0.629018 0.509383 0.587252
    outer loop
      vertex -29.8225 -7.39437 -8.16959
      vertex -30.5691 -6.85192 -9.43981
      vertex -30.6512 -8.4177 -8.16959
    endloop
  endfacet
  facet normal -0.561612 0.364737 0.74267
    outer loop
      vertex -31.4191 -6.2344 -10.6066
      vertex -30.8144 -5.3033 -10.6066
      vertex -32.363 -5.54858 -11.6572
    endloop
  endfacet
  facet normal -0.314979 0.388938 0.865746
    outer loop
      vertex -35.198 -6.60933 -12.5801
      vertex -34.5335 -6.07119 -12.5801
      vertex -35.9973 -5.50929 -13.3651
    endloop
  endfacet
  facet normal -0.404571 0.624098 0.668449
    outer loop
      vertex -33.1481 -9.43086 -9.43981
      vertex -33.3641 -9.28931 -9.7027
      vertex -33.1994 -9.42274 -9.47844
    endloop
  endfacet
  facet normal -0.405164 0.623524 0.668626
    outer loop
      vertex -33.7656 -8.58092 -10.6066
      vertex -33.3641 -9.28931 -9.7027
      vertex -33.1481 -9.43086 -9.43981
    endloop
  endfacet
  facet normal -0.404955 0.623651 0.668633
    outer loop
      vertex -33.3641 -9.28931 -9.7027
      vertex -33.7656 -8.58092 -10.6066
      vertex -33.9517 -8.70176 -10.6066
    endloop
  endfacet
  facet normal -0.467257 -0.179334 0.865742
    outer loop
      vertex -32.2303 2.52454 -12.5801
      vertex -32.5367 3.32287 -12.5801
      vertex -33.7789 2.76982 -13.3651
    endloop
  endfacet
  facet normal -0.445943 -0.227209 0.865743
    outer loop
      vertex -32.5367 3.32287 -12.5801
      vertex -32.9249 4.08479 -12.5801
      vertex -33.7789 2.76982 -13.3651
    endloop
  endfacet
  facet normal -0.772878 -0.625916 -0.104352
    outer loop
      vertex -27.8814 8.8047 0.785039
      vertex -28.0141 8.70823 2.34652
      vertex -28.9901 9.91339 2.34652
    endloop
  endfacet
  facet normal -0.887992 -0.340871 -0.30867
    outer loop
      vertex -26.2202 4.47731 3.88229
      vertex -26.6817 4.32738 5.37552
      vertex -27.207 5.69582 5.37552
    endloop
  endfacet
  facet normal -0.853047 -0.327495 0.406273
    outer loop
      vertex -27.289 4.13004 -6.80986
      vertex -27.207 5.69582 -5.37552
      vertex -27.7904 5.43607 -6.80986
    endloop
  endfacet
  facet normal -0.808785 -0.310502 0.499454
    outer loop
      vertex -27.289 4.13004 -6.80986
      vertex -27.7904 5.43607 -6.80986
      vertex -28.5075 5.11677 -8.16959
    endloop
  endfacet
  facet normal -0.710134 -0.57502 0.406278
    outer loop
      vertex -28.6708 8.23117 -5.37552
      vertex -29.5932 9.37031 -5.37552
      vertex -30.0678 8.943 -6.80986
    endloop
  endfacet
  facet normal -0.93358 -0.35837 0
    outer loop
      vertex -25.7537 4.6289 -0.785039
      vertex -26.3156 6.09269 0.785039
      vertex -26.3156 6.09269 -0.785039
    endloop
  endfacet
  facet normal -0.93358 -0.35837 0
    outer loop
      vertex -26.3156 6.09269 0.785039
      vertex -25.7537 4.6289 -0.785039
      vertex -25.7537 4.6289 0.785039
    endloop
  endfacet
  facet normal -0.882642 -0.236455 0.406243
    outer loop
      vertex -26.927 2.77876 -6.80986
      vertex -26.6817 4.32738 -5.37552
      vertex -27.289 4.13004 -6.80986
    endloop
  endfacet
  facet normal -0.73446 -0.116279 0.668616
    outer loop
      vertex -28.4067 1.21851 -9.43981
      vertex -28.5975 2.42367 -9.43981
      vertex -29.4515 1.10869 -10.6066
    endloop
  endfacet
  facet normal -0.882604 -0.236508 0.406294
    outer loop
      vertex -26.3023 2.91153 -5.37552
      vertex -26.6817 4.32738 -5.37552
      vertex -26.927 2.77876 -6.80986
    endloop
  endfacet
  facet normal -0.678843 -0.440805 0.587251
    outer loop
      vertex -29.1054 6.29003 -8.16959
      vertex -29.8225 7.39437 -8.16959
      vertex -30.5691 6.85192 -9.43981
    endloop
  endfacet
  facet normal -0.668723 0.035038 0.742686
    outer loop
      vertex -29.3934 0 -10.6066
      vertex -30.5602 0 -11.6572
      vertex -30.6119 -0.986728 -11.6572
    endloop
  endfacet
  facet normal -0.772906 -0.625873 -0.104402
    outer loop
      vertex -28.8681 10.0232 0.785039
      vertex -27.8814 8.8047 0.785039
      vertex -28.9901 9.91339 2.34652
    endloop
  endfacet
  facet normal -0.966162 -0.153031 0.207636
    outer loop
      vertex -25.2658 1.54862 -2.34652
      vertex -25.5084 3.08028 -2.34652
      vertex -25.8277 3.01241 -3.88229
    endloop
  endfacet
  facet normal -0.993177 -0.0520119 0.104375
    outer loop
      vertex -25.1847 0 -2.34652
      vertex -25.0206 0 -0.785039
      vertex -25.2658 1.54862 -2.34652
    endloop
  endfacet
  facet normal -0.928481 -0.356413 -0.104369
    outer loop
      vertex -26.3156 6.09269 0.785039
      vertex -25.7537 4.6289 0.785039
      vertex -26.4655 6.02594 2.34652
    endloop
  endfacet
  facet normal -0.755656 -0.29002 -0.587258
    outer loop
      vertex -28.0357 3.88745 8.16959
      vertex -28.9134 3.60227 9.43981
      vertex -29.3506 4.74141 9.43981
    endloop
  endfacet
  facet normal -0.976872 -0.051158 -0.207616
    outer loop
      vertex -25.2658 1.54862 2.34652
      vertex -25.1847 0 2.34652
      vertex -25.5111 0 3.88229
    endloop
  endfacet
  facet normal -0.94988 0.049799 0.308621
    outer loop
      vertex -25.5905 -1.5145 -3.88229
      vertex -25.5111 0 -3.88229
      vertex -26.073 -1.46379 -5.37552
    endloop
  endfacet
  facet normal -0.912503 0.0478135 -0.406267
    outer loop
      vertex -25.9963 0 5.37552
      vertex -26.073 -1.46379 5.37552
      vertex -26.6349 0 6.80986
    endloop
  endfacet
  facet normal -0.777153 0.629312 0
    outer loop
      vertex -28.8681 -10.0232 -0.785039
      vertex -27.8814 -8.8047 0.785039
      vertex -27.8814 -8.8047 -0.785039
    endloop
  endfacet
  facet normal -0.777153 0.629312 0
    outer loop
      vertex -27.8814 -8.8047 0.785039
      vertex -28.8681 -10.0232 -0.785039
      vertex -28.8681 -10.0232 0.785039
    endloop
  endfacet
  facet normal -0.814173 0.414807 -0.406274
    outer loop
      vertex -27.7904 -5.43607 6.80986
      vertex -27.207 -5.69582 5.37552
      vertex -27.8724 -7.00185 5.37552
    endloop
  endfacet
  facet normal -0.944884 0.253169 0.207604
    outer loop
      vertex -25.9098 -4.57819 -2.34652
      vertex -25.8277 -3.01241 -3.88229
      vertex -26.2202 -4.47731 -3.88229
    endloop
  endfacet
  facet normal -0.853072 0.327467 0.406244
    outer loop
      vertex -27.207 -5.69582 -5.37552
      vertex -26.6817 -4.32738 -5.37552
      vertex -27.289 -4.13004 -6.80986
    endloop
  endfacet
  facet normal -0.83408 0.541684 0.104349
    outer loop
      vertex -27.8814 -8.8047 -0.785039
      vertex -27.0274 -7.48972 -0.785039
      vertex -28.0141 -8.70823 -2.34652
    endloop
  endfacet
  facet normal -0.928481 0.356413 -0.104369
    outer loop
      vertex -25.7537 -4.6289 0.785039
      vertex -26.3156 -6.09269 0.785039
      vertex -26.4655 -6.02594 2.34652
    endloop
  endfacet
  facet normal -0.726581 0.471803 0.499482
    outer loop
      vertex -29.1874 -7.85581 -6.80986
      vertex -29.1054 -6.29003 -8.16959
      vertex -29.8225 -7.39437 -8.16959
    endloop
  endfacet
  facet normal -0.726559 0.471818 0.4995
    outer loop
      vertex -28.4255 -6.68255 -6.80986
      vertex -29.1054 -6.29003 -8.16959
      vertex -29.1874 -7.85581 -6.80986
    endloop
  endfacet
  facet normal -0.742589 0.0389422 0.668615
    outer loop
      vertex -28.4067 -1.21851 -9.43981
      vertex -28.3428 0 -9.43981
      vertex -29.4515 -1.10869 -10.6066
    endloop
  endfacet
  facet normal -0.799447 0.126565 0.587253
    outer loop
      vertex -27.6948 -2.61554 -8.16959
      vertex -27.4889 -1.31497 -8.16959
      vertex -28.4067 -1.21851 -9.43981
    endloop
  endfacet
  facet normal -0.96616 0.152995 0.207669
    outer loop
      vertex -25.2658 -1.54862 -2.34652
      vertex -25.5905 -1.5145 -3.88229
      vertex -25.8277 -3.01241 -3.88229
    endloop
  endfacet
  facet normal -0.93358 0.35837 0
    outer loop
      vertex -26.3156 -6.09269 -0.785039
      vertex -25.7537 -4.6289 0.785039
      vertex -25.7537 -4.6289 -0.785039
    endloop
  endfacet
  facet normal -0.93358 0.35837 0
    outer loop
      vertex -25.7537 -4.6289 0.785039
      vertex -26.3156 -6.09269 -0.785039
      vertex -26.3156 -6.09269 0.785039
    endloop
  endfacet
  facet normal -0.855648 0.135462 0.499516
    outer loop
      vertex -26.7081 -1.39703 -6.80986
      vertex -27.4889 -1.31497 -8.16959
      vertex -27.6948 -2.61554 -8.16959
    endloop
  endfacet
  facet normal -0.882604 0.236508 0.406294
    outer loop
      vertex -26.6817 -4.32738 -5.37552
      vertex -26.3023 -2.91153 -5.37552
      vertex -26.927 -2.77876 -6.80986
    endloop
  endfacet
  facet normal -0.316451 -0.256261 0.913339
    outer loop
      vertex -35.6511 3.15965 -14.0037
      vertex -34.4907 4.00273 -13.3651
      vertex -36.0052 3.59692 -14.0037
    endloop
  endfacet
  facet normal -0.494298 0.0783545 0.865754
    outer loop
      vertex -32.0089 -1.69855 -12.5801
      vertex -33.2274 -0.711823 -13.3651
      vertex -33.339 -1.41585 -13.3651
    endloop
  endfacet
  facet normal -0.623611 0.405002 -0.668643
    outer loop
      vertex -30.8144 -5.3033 10.6066
      vertex -30.5691 -6.85192 9.43981
      vertex -31.4191 -6.2344 10.6066
    endloop
  endfacet
  facet normal -0.668723 -0.035038 -0.742686
    outer loop
      vertex -29.3934 0 10.6066
      vertex -30.5602 0 11.6572
      vertex -30.6119 0.986728 11.6572
    endloop
  endfacet
  facet normal -0.855648 -0.135462 -0.499516
    outer loop
      vertex -26.7081 1.39703 6.80986
      vertex -27.4889 1.31497 8.16959
      vertex -27.6948 2.61554 8.16959
    endloop
  endfacet
  facet normal -0.808781 0.310402 -0.499524
    outer loop
      vertex -28.0357 -3.88745 8.16959
      vertex -27.289 -4.13004 6.80986
      vertex -28.5075 -5.11677 8.16959
    endloop
  endfacet
  facet normal -0.520403 0.421425 -0.742685
    outer loop
      vertex -31.4191 -6.2344 10.6066
      vertex -32.1178 -7.0972 10.6066
      vertex -32.9849 -6.31646 11.6572
    endloop
  endfacet
  facet normal -0.77189 0.39336 -0.499454
    outer loop
      vertex -28.5075 -5.11677 8.16959
      vertex -27.7904 -5.43607 6.80986
      vertex -29.1054 -6.29003 8.16959
    endloop
  endfacet
  facet normal -0.625875 0.772905 -0.104398
    outer loop
      vertex -29.9768 -11.1319 0.785039
      vertex -30.357 -11.2803 1.9657
      vertex -30.0866 -11.0099 2.34652
    endloop
  endfacet
  facet normal -0.625922 0.772864 -0.104418
    outer loop
      vertex -30.357 -11.2803 1.9657
      vertex -29.9768 -11.1319 0.785039
      vertex -30.2361 -11.3419 0.785039
    endloop
  endfacet
  facet normal -0.615573 0.760236 -0.207632
    outer loop
      vertex -30.0866 -11.0099 2.34652
      vertex -30.6143 -11.1492 3.40097
      vertex -30.305 -10.7673 3.88229
    endloop
  endfacet
  facet normal -0.615675 0.760136 -0.207696
    outer loop
      vertex -30.6143 -11.1492 3.40097
      vertex -30.0866 -11.0099 2.34652
      vertex -30.396 -11.2605 2.34652
    endloop
  endfacet
  facet normal -0.625922 0.772864 0.104418
    outer loop
      vertex -29.9768 -11.1319 -0.785039
      vertex -30.357 -11.2803 -1.9657
      vertex -30.2361 -11.3419 -0.785039
    endloop
  endfacet
  facet normal -0.625875 0.772905 0.104398
    outer loop
      vertex -30.357 -11.2803 -1.9657
      vertex -29.9768 -11.1319 -0.785039
      vertex -30.0866 -11.0099 -2.34652
    endloop
  endfacet
  facet normal -0.629362 0.777112 0
    outer loop
      vertex -29.9768 -11.1319 -0.785039
      vertex -30.2361 -11.3419 0.785039
      vertex -29.9768 -11.1319 0.785039
    endloop
  endfacet
  facet normal -0.629362 0.777112 0
    outer loop
      vertex -30.2361 -11.3419 0.785039
      vertex -29.9768 -11.1319 -0.785039
      vertex -30.2361 -11.3419 -0.785039
    endloop
  endfacet
  facet normal -0.393386 0.105358 -0.913317
    outer loop
      vertex -34 -1.71845 13.6149
      vertex -33.339 -1.41585 13.3651
      vertex -33.5234 -2.10436 13.3651
    endloop
  endfacet
  facet normal -0.393374 0.105326 -0.913325
    outer loop
      vertex -33.339 -1.41585 13.3651
      vertex -34 -1.71845 13.6149
      vertex -34 -1.27534 13.666
    endloop
  endfacet
  facet normal -0.755656 0.290013 -0.587262
    outer loop
      vertex -28.0357 -3.88745 8.16959
      vertex -28.5075 -5.11677 8.16959
      vertex -29.3506 -4.74141 9.43981
    endloop
  endfacet
  facet normal -0.404897 0.623547 -0.668766
    outer loop
      vertex -33.1481 -9.43086 9.43981
      vertex -33.171 -9.44573 9.43981
      vertex -33.1994 -9.42274 9.47844
    endloop
  endfacet
  facet normal -0.314959 0.388977 -0.865736
    outer loop
      vertex -35.4433 -5.06071 13.3651
      vertex -34.5335 -6.07119 12.5801
      vertex -35.9973 -5.50929 13.3651
    endloop
  endfacet
  facet normal -0.694221 0.266511 -0.668603
    outer loop
      vertex -29.9125 -3.27762 10.6066
      vertex -28.9134 -3.60227 9.43981
      vertex -30.3104 -4.31409 10.6066
    endloop
  endfacet
  facet normal -0.662548 0.337566 -0.66864
    outer loop
      vertex -30.3104 -4.31409 10.6066
      vertex -29.3506 -4.74141 9.43981
      vertex -30.8144 -5.3033 10.6066
    endloop
  endfacet
  facet normal -0.73442 0.116336 -0.66865
    outer loop
      vertex -29.4515 -1.10869 10.6066
      vertex -28.5975 -2.42367 9.43981
      vertex -29.6252 -2.20524 10.6066
    endloop
  endfacet
  facet normal -0.499817 -0.0262214 -0.865734
    outer loop
      vertex -31.8752 0.853953 12.5801
      vertex -31.8304 0 12.5801
      vertex -33.1901 0 13.3651
    endloop
  endfacet
  facet normal -0.49436 -0.0782573 -0.865728
    outer loop
      vertex -32.0089 1.69855 12.5801
      vertex -31.8752 0.853953 12.5801
      vertex -33.2274 0.711823 13.3651
    endloop
  endfacet
  facet normal -0.71829 -0.192436 -0.668602
    outer loop
      vertex -28.9134 3.60227 9.43981
      vertex -29.6252 2.20524 10.6066
      vertex -29.9125 3.27762 10.6066
    endloop
  endfacet
  facet normal -0.581069 -0.0920496 -0.808632
    outer loop
      vertex -30.7665 1.96265 11.6572
      vertex -30.6119 0.986728 11.6572
      vertex -31.8752 0.853953 12.5801
    endloop
  endfacet
  facet normal -0.421416 -0.520417 -0.742681
    outer loop
      vertex -33.7656 8.58092 10.6066
      vertex -33.6835 7.01514 11.6572
      vertex -34.4514 7.63696 11.6572
    endloop
  endfacet
  facet normal -0.694214 0.266438 -0.668639
    outer loop
      vertex -28.9134 -3.60227 9.43981
      vertex -29.3506 -4.74141 9.43981
      vertex -30.3104 -4.31409 10.6066
    endloop
  endfacet
  facet normal -0.742589 0.0389422 -0.668615
    outer loop
      vertex -28.3428 0 9.43981
      vertex -28.4067 -1.21851 9.43981
      vertex -29.4515 -1.10869 10.6066
    endloop
  endfacet
  facet normal -0.380186 0.145774 -0.91335
    outer loop
      vertex -34 -1.94952 13.5882
      vertex -33.5234 -2.10436 13.3651
      vertex -34 -2.12934 13.5595
    endloop
  endfacet
  facet normal -0.406652 0.0214469 -0.913331
    outer loop
      vertex -34 0 13.7257
      vertex -33.1901 0 13.3651
      vertex -34 -0.310875 13.7184
    endloop
  endfacet
  facet normal -0.912503 -0.0478123 -0.406265
    outer loop
      vertex -26.073 1.46379 5.37552
      vertex -26.6349 0 6.80986
      vertex -26.7081 1.39703 6.80986
    endloop
  endfacet
  facet normal -0.742589 -0.0389422 -0.668615
    outer loop
      vertex -28.4067 1.21851 9.43981
      vertex -28.3428 0 9.43981
      vertex -29.4515 1.10869 10.6066
    endloop
  endfacet
  facet normal -0.799447 -0.126565 -0.587253
    outer loop
      vertex -27.6948 2.61554 8.16959
      vertex -27.4889 1.31497 8.16959
      vertex -28.4067 1.21851 9.43981
    endloop
  endfacet
  facet normal -0.939466 -0.148797 -0.308647
    outer loop
      vertex -25.8277 3.01241 3.88229
      vertex -26.073 1.46379 5.37552
      vertex -26.3023 2.91153 5.37552
    endloop
  endfacet
  facet normal -0.771894 -0.393292 -0.499501
    outer loop
      vertex -28.4255 6.68255 6.80986
      vertex -27.7904 5.43607 6.80986
      vertex -29.1054 6.29003 8.16959
    endloop
  endfacet
  facet normal -0.520403 -0.421425 -0.742685
    outer loop
      vertex -32.1178 7.0972 10.6066
      vertex -31.4191 6.2344 10.6066
      vertex -32.9849 6.31646 11.6572
    endloop
  endfacet
  facet normal -0.240476 -0.194788 -0.95091
    outer loop
      vertex -37.1149 2.59776 14.4889
      vertex -36.5213 2.80223 14.2969
      vertex -36.9574 2.44042 14.4813
    endloop
  endfacet
  facet normal -0.240535 -0.194631 -0.950927
    outer loop
      vertex -36.5213 2.80223 14.2969
      vertex -37.1149 2.59776 14.4889
      vertex -36.0052 3.59692 14.0037
    endloop
  endfacet
  facet normal -0.240361 -0.194671 -0.950963
    outer loop
      vertex -37.1149 2.59776 14.4889
      vertex -36.9574 2.44042 14.4813
      vertex -36.9714 2.42058 14.4889
    endloop
  endfacet
  facet normal -0.467257 -0.179334 -0.865742
    outer loop
      vertex -32.5367 3.32287 12.5801
      vertex -32.2303 2.52454 12.5801
      vertex -33.7789 2.76982 13.3651
    endloop
  endfacet
  facet normal -0.380184 -0.14597 -0.91332
    outer loop
      vertex -34 2.12934 13.5595
      vertex -33.7789 2.76982 13.3651
      vertex -33.5234 2.10436 13.3651
    endloop
  endfacet
  facet normal -0.380308 -0.145914 -0.913277
    outer loop
      vertex -33.7789 2.76982 13.3651
      vertex -34 2.12934 13.5595
      vertex -34 2.67137 13.4729
    endloop
  endfacet
  facet normal -0.370264 -0.457205 -0.808621
    outer loop
      vertex -34.4514 7.63696 11.6572
      vertex -34.5335 6.07119 12.5801
      vertex -35.198 6.60933 12.5801
    endloop
  endfacet
  facet normal -0.404571 -0.624098 -0.668449
    outer loop
      vertex -33.1481 9.43086 9.43981
      vertex -33.3641 9.28931 9.7027
      vertex -33.1994 9.42274 9.47844
    endloop
  endfacet
  facet normal -0.405164 -0.623524 -0.668626
    outer loop
      vertex -33.7656 8.58092 10.6066
      vertex -33.3641 9.28931 9.7027
      vertex -33.1481 9.43086 9.43981
    endloop
  endfacet
  facet normal -0.404955 -0.623651 -0.668633
    outer loop
      vertex -33.3641 9.28931 9.7027
      vertex -33.7656 8.58092 10.6066
      vertex -33.9517 8.70176 10.6066
    endloop
  endfacet
  facet normal -0.598619 -0.739213 0.308576
    outer loop
      vertex -30.6297 10.4068 -5.37552
      vertex -30.9089 10.9991 -4.49826
      vertex -31.1865 10.8577 -5.37552
    endloop
  endfacet
  facet normal -0.598547 -0.739251 0.308625
    outer loop
      vertex -30.9089 10.9991 -4.49826
      vertex -30.6297 10.4068 -5.37552
      vertex -30.305 10.7673 -3.88229
    endloop
  endfacet
  facet normal -0.221847 0.341422 -0.913354
    outer loop
      vertex -36.4193 -5.08421 13.6265
      vertex -35.9973 -5.50929 13.3651
      vertex -36.1516 -5.60955 13.3651
    endloop
  endfacet
  facet normal -0.221839 0.341429 -0.913353
    outer loop
      vertex -35.9973 -5.50929 13.3651
      vertex -36.4193 -5.08421 13.6265
      vertex -36.5461 -4.75383 13.7808
    endloop
  endfacet
  facet normal -0.629022 0.509381 -0.58725
    outer loop
      vertex -30.5691 -6.85192 9.43981
      vertex -30.6512 -8.4177 8.16959
      vertex -31.337 -7.80018 9.43981
    endloop
  endfacet
  facet normal -0.445967 0.227189 -0.865736
    outer loop
      vertex -34 -3.4641 13.2968
      vertex -33.7789 -2.76982 13.3651
      vertex -32.9249 -4.08479 12.5801
    endloop
  endfacet
  facet normal -0.445854 0.22716 -0.865802
    outer loop
      vertex -33.7789 -2.76982 13.3651
      vertex -34 -3.4641 13.2968
      vertex -34 -3.20378 13.3651
    endloop
  endfacet
  facet normal -0.194746 0.240403 -0.950937
    outer loop
      vertex -36.4031 -3.99479 14.0037
      vertex -36.9476 -3.6412 14.2046
      vertex -37.0434 -3.28369 14.3146
    endloop
  endfacet
  facet normal -0.814173 0.414807 0.406274
    outer loop
      vertex -27.207 -5.69582 -5.37552
      vertex -27.7904 -5.43607 -6.80986
      vertex -27.8724 -7.00185 -5.37552
    endloop
  endfacet
  facet normal -0.847497 0.431877 0.308595
    outer loop
      vertex -27.4523 -7.24444 -3.88229
      vertex -26.7637 -5.89316 -3.88229
      vertex -27.8724 -7.00185 -5.37552
    endloop
  endfacet
  facet normal -0.598653 0.739098 0.308787
    outer loop
      vertex -30.7139 -11.0985 -3.88229
      vertex -30.305 -10.7673 -3.88229
      vertex -30.9089 -10.9991 -4.49826
    endloop
  endfacet
  facet normal -0.623611 0.405002 0.668643
    outer loop
      vertex -30.5691 -6.85192 -9.43981
      vertex -30.8144 -5.3033 -10.6066
      vertex -31.4191 -6.2344 -10.6066
    endloop
  endfacet
  facet normal -0.440431 0.679013 0.587334
    outer loop
      vertex -33.0891 -9.51201 -9.30175
      vertex -33.1481 -9.43086 -9.43981
      vertex -33.1579 -9.45635 -9.41769
    endloop
  endfacet
  facet normal -0.545182 0.673278 0.499473
    outer loop
      vertex -31.755 -10.4974 -6.80986
      vertex -31.057 -9.9322 -6.80986
      vertex -32.3178 -10.1319 -7.91685
    endloop
  endfacet
  facet normal -0.404571 -0.624098 0.668449
    outer loop
      vertex -33.3641 9.28931 -9.7027
      vertex -33.1481 9.43086 -9.43981
      vertex -33.1994 9.42274 -9.47844
    endloop
  endfacet
  facet normal -0.405164 -0.623524 0.668626
    outer loop
      vertex -33.3641 9.28931 -9.7027
      vertex -33.7656 8.58092 -10.6066
      vertex -33.1481 9.43086 -9.43981
    endloop
  endfacet
  facet normal -0.404955 -0.623651 0.668633
    outer loop
      vertex -33.7656 8.58092 -10.6066
      vertex -33.3641 9.28931 -9.7027
      vertex -33.9517 8.70176 -10.6066
    endloop
  endfacet
  facet normal -0.467965 -0.577889 0.66862
    outer loop
      vertex -32.9028 7.88224 -10.6066
      vertex -33.1481 9.43086 -9.43981
      vertex -33.7656 8.58092 -10.6066
    endloop
  endfacet
  facet normal -0.568271 -0.152248 0.808634
    outer loop
      vertex -30.7665 1.96265 -11.6572
      vertex -31.0222 2.91706 -11.6572
      vertex -32.2303 2.52454 -12.5801
    endloop
  endfacet
  facet normal -0.524208 -0.267085 0.808623
    outer loop
      vertex -32.5367 3.32287 -12.5801
      vertex -31.3763 3.83951 -11.6572
      vertex -32.9249 4.08479 -12.5801
    endloop
  endfacet
  facet normal -0.668725 0.035044 0.742683
    outer loop
      vertex -29.4515 -1.10869 -10.6066
      vertex -29.3934 0 -10.6066
      vertex -30.6119 -0.986728 -11.6572
    endloop
  endfacet
  facet normal -0.661396 0.104775 0.742683
    outer loop
      vertex -29.4515 -1.10869 -10.6066
      vertex -30.6119 -0.986728 -11.6572
      vertex -30.7665 -1.96265 -11.6572
    endloop
  endfacet
  facet normal -0.380148 0.145896 0.913347
    outer loop
      vertex -33.5234 -2.10436 -13.3651
      vertex -34.8876 -1.66113 -14.0037
      vertex -35.0892 -2.18642 -14.0037
    endloop
  endfacet
  facet normal -0.467257 0.179334 0.865742
    outer loop
      vertex -32.5367 -3.32287 -12.5801
      vertex -32.2303 -2.52454 -12.5801
      vertex -33.7789 -2.76982 -13.3651
    endloop
  endfacet
  facet normal -0.194337 0.0746345 0.978091
    outer loop
      vertex -36.3077 -1.19969 -14.4889
      vertex -37.4512 -0.931056 -14.7366
      vertex -36.4534 -1.57907 -14.4889
    endloop
  endfacet
  facet normal -0.194293 0.0748139 0.978086
    outer loop
      vertex -37.4512 -0.931056 -14.7366
      vertex -36.3077 -1.19969 -14.4889
      vertex -37.4567 -0.82637 -14.7457
    endloop
  endfacet
  facet normal -0.781805 -0.209541 0.587259
    outer loop
      vertex -27.6948 2.61554 -8.16959
      vertex -28.0357 3.88745 -8.16959
      vertex -28.9134 3.60227 -9.43981
    endloop
  endfacet
  facet normal -0.742589 -0.0389422 0.668615
    outer loop
      vertex -28.3428 0 -9.43981
      vertex -28.4067 1.21851 -9.43981
      vertex -29.4515 1.10869 -10.6066
    endloop
  endfacet
  facet normal -0.912503 0.0478123 0.406265
    outer loop
      vertex -26.073 -1.46379 -5.37552
      vertex -26.6349 0 -6.80986
      vertex -26.7081 -1.39703 -6.80986
    endloop
  endfacet
  facet normal -0.865146 -0.045331 0.499467
    outer loop
      vertex -26.6349 0 -6.80986
      vertex -26.7081 1.39703 -6.80986
      vertex -27.4199 0 -8.16959
    endloop
  endfacet
  facet normal -0.572336 0.572336 0.58725
    outer loop
      vertex -31.337 -7.80018 -9.43981
      vertex -31.5823 -9.3488 -8.16959
      vertex -30.6512 -8.4177 -8.16959
    endloop
  endfacet
  facet normal -0.572336 0.572336 0.58725
    outer loop
      vertex -31.5823 -9.3488 -8.16959
      vertex -31.337 -7.80018 -9.43981
      vertex -32.1998 -8.66298 -9.43981
    endloop
  endfacet
  facet normal -0.50936 0.629039 0.58725
    outer loop
      vertex -31.5823 -9.3488 -8.16959
      vertex -32.1998 -8.66298 -9.43981
      vertex -33.1481 -9.43086 -9.43981
    endloop
  endfacet
  facet normal -0.781805 0.209541 0.587259
    outer loop
      vertex -28.0357 -3.88745 -8.16959
      vertex -27.6948 -2.61554 -8.16959
      vertex -28.9134 -3.60227 -9.43981
    endloop
  endfacet
  facet normal -0.721163 0.367487 0.587262
    outer loop
      vertex -28.5075 -5.11677 -8.16959
      vertex -29.3506 -4.74141 -9.43981
      vertex -29.9046 -5.82859 -9.43981
    endloop
  endfacet
  facet normal -0.577868 0.467961 0.668641
    outer loop
      vertex -30.5691 -6.85192 -9.43981
      vertex -31.4191 -6.2344 -10.6066
      vertex -32.1178 -7.0972 -10.6066
    endloop
  endfacet
  facet normal -0.388946 0.314976 0.865743
    outer loop
      vertex -33.9288 -5.46652 -12.5801
      vertex -34.4907 -4.00273 -13.3651
      vertex -34.9393 -4.55668 -13.3651
    endloop
  endfacet
  facet normal -0.370235 0.457212 0.80863
    outer loop
      vertex -34.4514 -7.63696 -11.6572
      vertex -33.6835 -7.01514 -11.6572
      vertex -34.5335 -6.07119 -12.5801
    endloop
  endfacet
  facet normal -0.596667 0.304 0.74268
    outer loop
      vertex -30.8144 -5.3033 -10.6066
      vertex -30.3104 -4.31409 -10.6066
      vertex -31.3763 -3.83951 -11.6572
    endloop
  endfacet
  facet normal -0.646827 0.173294 0.742687
    outer loop
      vertex -29.9125 -3.27762 -10.6066
      vertex -30.7665 -1.96265 -11.6572
      vertex -31.0222 -2.91706 -11.6572
    endloop
  endfacet
  facet normal -0.766325 -0.497701 0.40625
    outer loop
      vertex -27.8724 7.00185 -5.37552
      vertex -28.6708 8.23117 -5.37552
      vertex -29.1874 7.85581 -6.80986
    endloop
  endfacet
  facet normal -0.625922 -0.772864 -0.104418
    outer loop
      vertex -29.9768 11.1319 0.785039
      vertex -30.357 11.2803 1.9657
      vertex -30.2361 11.3419 0.785039
    endloop
  endfacet
  facet normal -0.625875 -0.772905 -0.104398
    outer loop
      vertex -30.357 11.2803 1.9657
      vertex -29.9768 11.1319 0.785039
      vertex -30.0866 11.0099 2.34652
    endloop
  endfacet
  facet normal -0.82042 -0.532724 0.207643
    outer loop
      vertex -27.1696 7.40766 -2.34652
      vertex -28.0141 8.70823 -2.34652
      vertex -28.2782 8.51635 -3.88229
    endloop
  endfacet
  facet normal -0.67325 -0.545203 0.499488
    outer loop
      vertex -29.8225 7.39437 -8.16959
      vertex -30.0678 8.943 -6.80986
      vertex -30.6512 8.4177 -8.16959
    endloop
  endfacet
  facet normal -0.572336 -0.572336 0.58725
    outer loop
      vertex -31.5823 9.3488 -8.16959
      vertex -31.337 7.80018 -9.43981
      vertex -30.6512 8.4177 -8.16959
    endloop
  endfacet
  facet normal -0.572336 -0.572336 0.58725
    outer loop
      vertex -31.337 7.80018 -9.43981
      vertex -31.5823 9.3488 -8.16959
      vertex -32.1998 8.66298 -9.43981
    endloop
  endfacet
  facet normal -0.836836 -0.224183 0.499447
    outer loop
      vertex -26.927 2.77876 -6.80986
      vertex -27.289 4.13004 -6.80986
      vertex -27.6948 2.61554 -8.16959
    endloop
  endfacet
  facet normal -0.9025 -0.142978 0.406265
    outer loop
      vertex -26.7081 1.39703 -6.80986
      vertex -26.073 1.46379 -5.37552
      vertex -26.927 2.77876 -6.80986
    endloop
  endfacet
  facet normal -0.561612 -0.364737 0.74267
    outer loop
      vertex -30.8144 5.3033 -10.6066
      vertex -31.4191 6.2344 -10.6066
      vertex -32.363 5.54858 -11.6572
    endloop
  endfacet
  facet normal -0.755656 -0.290013 0.587262
    outer loop
      vertex -28.0357 3.88745 -8.16959
      vertex -28.5075 5.11677 -8.16959
      vertex -29.3506 4.74141 -9.43981
    endloop
  endfacet
  facet normal -0.364658 -0.561584 0.74273
    outer loop
      vertex -34.4514 7.63696 -11.6572
      vertex -34.5212 8.07773 -11.3582
      vertex -34.7311 7.81858 -11.6572
    endloop
  endfacet
  facet normal -0.987686 -0.156449 0
    outer loop
      vertex -25.1026 1.56578 -0.785039
      vertex -25.3479 3.1144 0.785039
      vertex -25.3479 3.1144 -0.785039
    endloop
  endfacet
  facet normal -0.987686 -0.156449 0
    outer loop
      vertex -25.3479 3.1144 0.785039
      vertex -25.1026 1.56578 -0.785039
      vertex -25.1026 1.56578 0.785039
    endloop
  endfacet
  facet normal -0.993177 0.0520127 0.104375
    outer loop
      vertex -25.1026 -1.56578 -0.785039
      vertex -25.0206 0 -0.785039
      vertex -25.2658 -1.54862 -2.34652
    endloop
  endfacet
  facet normal -0.871569 -0.444136 -0.207631
    outer loop
      vertex -26.4655 6.02594 2.34652
      vertex -26.7637 5.89316 3.88229
      vertex -27.1696 7.40766 2.34652
    endloop
  endfacet
  facet normal -0.976857 -0.0512133 0.20767
    outer loop
      vertex -25.5111 0 -3.88229
      vertex -25.2658 1.54862 -2.34652
      vertex -25.5905 1.5145 -3.88229
    endloop
  endfacet
  facet normal -0.965927 -0.258814 0
    outer loop
      vertex -25.3479 3.1144 -0.785039
      vertex -25.7537 4.6289 0.785039
      vertex -25.7537 4.6289 -0.785039
    endloop
  endfacet
  facet normal -0.965927 -0.258814 0
    outer loop
      vertex -25.7537 4.6289 0.785039
      vertex -25.3479 3.1144 -0.785039
      vertex -25.3479 3.1144 0.785039
    endloop
  endfacet
  facet normal -0.928481 -0.356413 0.104369
    outer loop
      vertex -25.7537 4.6289 -0.785039
      vertex -26.3156 6.09269 -0.785039
      vertex -26.4655 6.02594 -2.34652
    endloop
  endfacet
  facet normal -0.83408 -0.541684 -0.104349
    outer loop
      vertex -27.8814 8.8047 0.785039
      vertex -27.0274 7.48972 0.785039
      vertex -28.0141 8.70823 2.34652
    endloop
  endfacet
  facet normal -0.797696 -0.518075 -0.308673
    outer loop
      vertex -28.2782 8.51635 3.88229
      vertex -27.8724 7.00185 5.37552
      vertex -28.6708 8.23117 5.37552
    endloop
  endfacet
  facet normal -0.982293 -0.155586 -0.104375
    outer loop
      vertex -25.1026 1.56578 0.785039
      vertex -25.2658 1.54862 2.34652
      vertex -25.5084 3.08028 2.34652
    endloop
  endfacet
  facet normal -0.966162 -0.153031 -0.207636
    outer loop
      vertex -25.5084 3.08028 2.34652
      vertex -25.2658 1.54862 2.34652
      vertex -25.8277 3.01241 3.88229
    endloop
  endfacet
  facet normal -0.918762 -0.24617 -0.308671
    outer loop
      vertex -26.2202 4.47731 3.88229
      vertex -25.8277 3.01241 3.88229
      vertex -26.6817 4.32738 5.37552
    endloop
  endfacet
  facet normal -0.944884 -0.253169 -0.207604
    outer loop
      vertex -25.9098 4.57819 2.34652
      vertex -25.8277 3.01241 3.88229
      vertex -26.2202 4.47731 3.88229
    endloop
  endfacet
  facet normal -0.912503 -0.0478135 -0.406267
    outer loop
      vertex -26.073 1.46379 5.37552
      vertex -25.9963 0 5.37552
      vertex -26.6349 0 6.80986
    endloop
  endfacet
  facet normal -0.944884 0.253169 -0.207604
    outer loop
      vertex -25.8277 -3.01241 3.88229
      vertex -25.9098 -4.57819 2.34652
      vertex -26.2202 -4.47731 3.88229
    endloop
  endfacet
  facet normal -0.976857 0.0512133 0.20767
    outer loop
      vertex -25.2658 -1.54862 -2.34652
      vertex -25.5111 0 -3.88229
      vertex -25.5905 -1.5145 -3.88229
    endloop
  endfacet
  facet normal -0.998632 -0.0522984 0
    outer loop
      vertex -25.0206 0 -0.785039
      vertex -25.1026 1.56578 0.785039
      vertex -25.1026 1.56578 -0.785039
    endloop
  endfacet
  facet normal -0.998632 -0.0522984 0
    outer loop
      vertex -25.1026 1.56578 0.785039
      vertex -25.0206 0 -0.785039
      vertex -25.0206 0 0.785039
    endloop
  endfacet
  facet normal -0.960652 0.2574 -0.104367
    outer loop
      vertex -25.5084 -3.08028 2.34652
      vertex -25.3479 -3.1144 0.785039
      vertex -25.7537 -4.6289 0.785039
    endloop
  endfacet
  facet normal -0.982292 0.155594 -0.104367
    outer loop
      vertex -25.1026 -1.56578 0.785039
      vertex -25.3479 -3.1144 0.785039
      vertex -25.5084 -3.08028 2.34652
    endloop
  endfacet
  facet normal -0.598653 0.739098 -0.308787
    outer loop
      vertex -30.305 -10.7673 3.88229
      vertex -30.7139 -11.0985 3.88229
      vertex -30.9089 -10.9991 4.49826
    endloop
  endfacet
  facet normal -0.834115 0.541616 -0.104424
    outer loop
      vertex -27.1696 -7.40766 2.34652
      vertex -27.0274 -7.48972 0.785039
      vertex -28.0141 -8.70823 2.34652
    endloop
  endfacet
  facet normal -0.887992 0.340872 0.308669
    outer loop
      vertex -26.7637 -5.89316 -3.88229
      vertex -26.2202 -4.47731 -3.88229
      vertex -27.207 -5.69582 -5.37552
    endloop
  endfacet
  facet normal -0.913239 0.350563 0.207605
    outer loop
      vertex -25.9098 -4.57819 -2.34652
      vertex -26.2202 -4.47731 -3.88229
      vertex -26.7637 -5.89316 -3.88229
    endloop
  endfacet
  facet normal -0.871569 0.444136 -0.207631
    outer loop
      vertex -26.7637 -5.89316 3.88229
      vertex -26.4655 -6.02594 2.34652
      vertex -27.1696 -7.40766 2.34652
    endloop
  endfacet
  facet normal -0.814154 0.414824 -0.406293
    outer loop
      vertex -27.7904 -5.43607 6.80986
      vertex -27.8724 -7.00185 5.37552
      vertex -28.4255 -6.68255 6.80986
    endloop
  endfacet
  facet normal -0.755656 0.290013 0.587262
    outer loop
      vertex -28.5075 -5.11677 -8.16959
      vertex -28.0357 -3.88745 -8.16959
      vertex -29.3506 -4.74141 -9.43981
    endloop
  endfacet
  facet normal -0.847513 0.431793 0.308668
    outer loop
      vertex -26.7637 -5.89316 -3.88229
      vertex -27.207 -5.69582 -5.37552
      vertex -27.8724 -7.00185 -5.37552
    endloop
  endfacet
  facet normal -0.73442 0.116336 0.66865
    outer loop
      vertex -28.5975 -2.42367 -9.43981
      vertex -29.4515 -1.10869 -10.6066
      vertex -29.6252 -2.20524 -10.6066
    endloop
  endfacet
  facet normal -0.694214 0.266438 0.668639
    outer loop
      vertex -29.3506 -4.74141 -9.43981
      vertex -28.9134 -3.60227 -9.43981
      vertex -30.3104 -4.31409 -10.6066
    endloop
  endfacet
  facet normal -0.766325 0.497701 0.40625
    outer loop
      vertex -28.6708 -8.23117 -5.37552
      vertex -27.8724 -7.00185 -5.37552
      vertex -29.1874 -7.85581 -6.80986
    endloop
  endfacet
  facet normal -0.771894 0.393292 0.499501
    outer loop
      vertex -28.4255 -6.68255 -6.80986
      vertex -27.7904 -5.43607 -6.80986
      vertex -29.1054 -6.29003 -8.16959
    endloop
  endfacet
  facet normal -0.912503 0.0478135 0.406267
    outer loop
      vertex -26.073 -1.46379 -5.37552
      vertex -25.9963 0 -5.37552
      vertex -26.6349 0 -6.80986
    endloop
  endfacet
  facet normal -0.912503 -0.0478135 0.406267
    outer loop
      vertex -25.9963 0 -5.37552
      vertex -26.073 1.46379 -5.37552
      vertex -26.6349 0 -6.80986
    endloop
  endfacet
  facet normal -0.853047 0.327495 0.406273
    outer loop
      vertex -27.207 -5.69582 -5.37552
      vertex -27.289 -4.13004 -6.80986
      vertex -27.7904 -5.43607 -6.80986
    endloop
  endfacet
  facet normal -0.918762 0.246197 0.308647
    outer loop
      vertex -25.8277 -3.01241 -3.88229
      vertex -26.3023 -2.91153 -5.37552
      vertex -26.6817 -4.32738 -5.37552
    endloop
  endfacet
  facet normal -0.939479 -0.14877 0.308621
    outer loop
      vertex -25.5905 1.5145 -3.88229
      vertex -25.8277 3.01241 -3.88229
      vertex -26.073 1.46379 -5.37552
    endloop
  endfacet
  facet normal -0.993177 0.0520119 0.104375
    outer loop
      vertex -25.0206 0 -0.785039
      vertex -25.1847 0 -2.34652
      vertex -25.2658 -1.54862 -2.34652
    endloop
  endfacet
  facet normal -0.939466 -0.148797 0.308647
    outer loop
      vertex -26.073 1.46379 -5.37552
      vertex -25.8277 3.01241 -3.88229
      vertex -26.3023 2.91153 -5.37552
    endloop
  endfacet
  facet normal -0.918762 -0.246197 0.308647
    outer loop
      vertex -26.3023 2.91153 -5.37552
      vertex -25.8277 3.01241 -3.88229
      vertex -26.6817 4.32738 -5.37552
    endloop
  endfacet
  facet normal -0.976872 -0.051158 0.207616
    outer loop
      vertex -25.1847 0 -2.34652
      vertex -25.2658 1.54862 -2.34652
      vertex -25.5111 0 -3.88229
    endloop
  endfacet
  facet normal -0.913243 -0.350537 0.207631
    outer loop
      vertex -25.9098 4.57819 -2.34652
      vertex -26.4655 6.02594 -2.34652
      vertex -26.7637 5.89316 -3.88229
    endloop
  endfacet
  facet normal -0.308994 0.0161675 0.950927
    outer loop
      vertex -34.6539 -0.561894 -14.0037
      vertex -34.6245 0 -14.0037
      vertex -36.1177 0 -14.4889
    endloop
  endfacet
  facet normal -0.445938 -0.227213 0.865745
    outer loop
      vertex -33.7789 2.76982 -13.3651
      vertex -32.9249 4.08479 -12.5801
      vertex -34.1025 3.40493 -13.3651
    endloop
  endfacet
  facet normal -0.25948 -0.168566 0.950924
    outer loop
      vertex -36.6378 1.94114 -14.4889
      vertex -35.3447 2.68776 -14.0037
      vertex -36.8592 2.28195 -14.4889
    endloop
  endfacet
  facet normal -0.320409 -0.493439 0.808614
    outer loop
      vertex -34.4514 7.63696 -11.6572
      vertex -34.7311 7.81858 -11.6572
      vertex -35.0706 7.39927 -12.0476
    endloop
  endfacet
  facet normal -0.440431 0.679013 -0.587334
    outer loop
      vertex -33.1481 -9.43086 9.43981
      vertex -33.0891 -9.51201 9.30175
      vertex -33.1579 -9.45635 9.41769
    endloop
  endfacet
  facet normal -0.760183 0.615635 -0.207644
    outer loop
      vertex -28.0141 -8.70823 2.34652
      vertex -28.9901 -9.91339 2.34652
      vertex -29.2327 -9.69496 3.88229
    endloop
  endfacet
  facet normal -0.678843 0.440805 -0.587251
    outer loop
      vertex -29.1054 -6.29003 8.16959
      vertex -29.8225 -7.39437 8.16959
      vertex -30.5691 -6.85192 9.43981
    endloop
  endfacet
  facet normal -0.615715 0.760162 -0.207482
    outer loop
      vertex -30.305 -10.7673 3.88229
      vertex -30.6143 -11.1492 3.40097
      vertex -30.7139 -11.0985 3.88229
    endloop
  endfacet
  facet normal -0.707107 0.707107 0
    outer loop
      vertex -29.9768 -11.1319 -0.785039
      vertex -28.8681 -10.0232 0.785039
      vertex -28.8681 -10.0232 -0.785039
    endloop
  endfacet
  facet normal -0.707107 0.707107 0
    outer loop
      vertex -28.8681 -10.0232 0.785039
      vertex -29.9768 -11.1319 -0.785039
      vertex -29.9768 -11.1319 0.785039
    endloop
  endfacet
  facet normal -0.82042 0.532724 -0.207643
    outer loop
      vertex -27.1696 -7.40766 2.34652
      vertex -28.0141 -8.70823 2.34652
      vertex -28.2782 -8.51635 3.88229
    endloop
  endfacet
  facet normal -0.739231 0.59858 -0.308608
    outer loop
      vertex -28.6708 -8.23117 5.37552
      vertex -29.2327 -9.69496 3.88229
      vertex -29.5932 -9.37031 5.37552
    endloop
  endfacet
  facet normal -0.320409 0.493439 -0.808614
    outer loop
      vertex -34.4514 -7.63696 11.6572
      vertex -34.7311 -7.81858 11.6572
      vertex -35.0706 -7.39927 12.0476
    endloop
  endfacet
  facet normal -0.46726 0.179402 -0.865727
    outer loop
      vertex -33.5234 -2.10436 13.3651
      vertex -32.2303 -2.52454 12.5801
      vertex -33.7789 -2.76982 13.3651
    endloop
  endfacet
  facet normal -0.625162 -0.239999 -0.742679
    outer loop
      vertex -30.3104 4.31409 10.6066
      vertex -29.9125 3.27762 10.6066
      vertex -31.3763 3.83951 11.6572
    endloop
  endfacet
  facet normal -0.781807 -0.209548 -0.587255
    outer loop
      vertex -27.6948 2.61554 8.16959
      vertex -28.5975 2.42367 9.43981
      vertex -28.9134 3.60227 9.43981
    endloop
  endfacet
  facet normal -0.662548 -0.337566 -0.66864
    outer loop
      vertex -29.3506 4.74141 9.43981
      vertex -30.3104 4.31409 10.6066
      vertex -30.8144 5.3033 10.6066
    endloop
  endfacet
  facet normal -0.596667 -0.304 -0.74268
    outer loop
      vertex -30.8144 5.3033 10.6066
      vertex -30.3104 4.31409 10.6066
      vertex -31.3763 3.83951 11.6572
    endloop
  endfacet
  facet normal -0.587526 -0.0307836 -0.80862
    outer loop
      vertex -30.6119 0.986728 11.6572
      vertex -30.5602 0 11.6572
      vertex -31.8304 0 12.5801
    endloop
  endfacet
  facet normal -0.499817 0.0262214 -0.865734
    outer loop
      vertex -31.8304 0 12.5801
      vertex -31.8752 -0.853953 12.5801
      vertex -33.1901 0 13.3651
    endloop
  endfacet
  facet normal -0.646827 0.173294 -0.742687
    outer loop
      vertex -30.7665 -1.96265 11.6572
      vertex -29.9125 -3.27762 10.6066
      vertex -31.0222 -2.91706 11.6572
    endloop
  endfacet
  facet normal -0.493434 0.320409 -0.808617
    outer loop
      vertex -31.8249 -4.7199 11.6572
      vertex -32.363 -5.54858 11.6572
      vertex -32.9249 -4.08479 12.5801
    endloop
  endfacet
  facet normal -0.256183 -0.316479 -0.913352
    outer loop
      vertex -36.4031 3.99479 14.0037
      vertex -36.5461 4.75383 13.7808
      vertex -35.9973 5.50929 13.3651
    endloop
  endfacet
  facet normal -0.256296 -0.31649 -0.913316
    outer loop
      vertex -36.5461 4.75383 13.7808
      vertex -36.4031 3.99479 14.0037
      vertex -36.7345 4.26316 14.0037
    endloop
  endfacet
  facet normal -0.161831 -0.130889 -0.9781
    outer loop
      vertex -37.2457 2.48 14.5263
      vertex -37.1149 2.59776 14.4889
      vertex -37.2543 2.42562 14.535
    endloop
  endfacet
  facet normal -0.499832 -0.0261915 -0.865726
    outer loop
      vertex -31.8752 0.853953 12.5801
      vertex -33.1901 0 13.3651
      vertex -33.2274 0.711823 13.3651
    endloop
  endfacet
  facet normal -0.58111 -0.0919899 -0.808609
    outer loop
      vertex -30.7665 1.96265 11.6572
      vertex -31.8752 0.853953 12.5801
      vertex -32.0089 1.69855 12.5801
    endloop
  endfacet
  facet normal -0.808293 0.0423878 -0.587253
    outer loop
      vertex -28.3428 0 9.43981
      vertex -27.4889 -1.31497 8.16959
      vertex -28.4067 -1.21851 9.43981
    endloop
  endfacet
  facet normal -0.742576 -0.0389141 -0.66863
    outer loop
      vertex -28.3428 0 9.43981
      vertex -29.3934 0 10.6066
      vertex -29.4515 1.10869 10.6066
    endloop
  endfacet
  facet normal -0.73446 -0.116279 -0.668616
    outer loop
      vertex -28.5975 2.42367 9.43981
      vertex -28.4067 1.21851 9.43981
      vertex -29.4515 1.10869 10.6066
    endloop
  endfacet
  facet normal -0.799445 -0.126567 -0.587255
    outer loop
      vertex -27.6948 2.61554 8.16959
      vertex -28.4067 1.21851 9.43981
      vertex -28.5975 2.42367 9.43981
    endloop
  endfacet
  facet normal -0.882604 0.236508 -0.406294
    outer loop
      vertex -26.3023 -2.91153 5.37552
      vertex -26.6817 -4.32738 5.37552
      vertex -26.927 -2.77876 6.80986
    endloop
  endfacet
  facet normal -0.976857 0.0512133 -0.20767
    outer loop
      vertex -25.5111 0 3.88229
      vertex -25.2658 -1.54862 2.34652
      vertex -25.5905 -1.5145 3.88229
    endloop
  endfacet
  facet normal -0.726581 -0.471803 -0.499482
    outer loop
      vertex -29.1874 7.85581 6.80986
      vertex -29.1054 6.29003 8.16959
      vertex -29.8225 7.39437 8.16959
    endloop
  endfacet
  facet normal -0.739231 -0.59858 -0.308608
    outer loop
      vertex -29.2327 9.69496 3.88229
      vertex -28.6708 8.23117 5.37552
      vertex -29.5932 9.37031 5.37552
    endloop
  endfacet
  facet normal -0.853047 -0.327495 -0.406273
    outer loop
      vertex -27.207 5.69582 5.37552
      vertex -27.289 4.13004 6.80986
      vertex -27.7904 5.43607 6.80986
    endloop
  endfacet
  facet normal -0.77189 -0.39336 -0.499454
    outer loop
      vertex -27.7904 5.43607 6.80986
      vertex -28.5075 5.11677 8.16959
      vertex -29.1054 6.29003 8.16959
    endloop
  endfacet
  facet normal -0.416041 -0.415994 -0.808615
    outer loop
      vertex -33.9288 5.46652 12.5801
      vertex -33.6835 7.01514 11.6572
      vertex -32.9849 6.31646 11.6572
    endloop
  endfacet
  facet normal -0.415991 -0.416012 -0.808632
    outer loop
      vertex -33.6835 7.01514 11.6572
      vertex -33.9288 5.46652 12.5801
      vertex -34.5335 6.07119 12.5801
    endloop
  endfacet
  facet normal -0.568285 -0.152324 -0.80861
    outer loop
      vertex -30.7665 1.96265 11.6572
      vertex -32.0089 1.69855 12.5801
      vertex -32.2303 2.52454 12.5801
    endloop
  endfacet
  facet normal -0.46726 -0.179402 -0.865727
    outer loop
      vertex -32.2303 2.52454 12.5801
      vertex -33.5234 2.10436 13.3651
      vertex -33.7789 2.76982 13.3651
    endloop
  endfacet
  facet normal -0.62516 -0.23998 -0.742687
    outer loop
      vertex -29.9125 3.27762 10.6066
      vertex -31.0222 2.91706 11.6572
      vertex -31.3763 3.83951 11.6572
    endloop
  endfacet
  facet normal -0.314979 -0.388938 -0.865746
    outer loop
      vertex -35.198 6.60933 12.5801
      vertex -34.5335 6.07119 12.5801
      vertex -35.9973 5.50929 13.3651
    endloop
  endfacet
  facet normal -0.272562 -0.419734 -0.865756
    outer loop
      vertex -35.4751 6.78927 12.5801
      vertex -35.198 6.60933 12.5801
      vertex -35.7868 6.30936 12.9109
    endloop
  endfacet
  facet normal -0.524208 -0.267108 -0.808616
    outer loop
      vertex -31.8249 4.7199 11.6572
      vertex -31.3763 3.83951 11.6572
      vertex -32.9249 4.08479 12.5801
    endloop
  endfacet
  facet normal -0.314979 0.388938 -0.865746
    outer loop
      vertex -34.5335 -6.07119 12.5801
      vertex -35.198 -6.60933 12.5801
      vertex -35.9973 -5.50929 13.3651
    endloop
  endfacet
  facet normal -0.287943 0.287926 -0.913339
    outer loop
      vertex -35.4433 -5.06071 13.3651
      vertex -36.0052 -3.59692 14.0037
      vertex -34.9393 -4.55668 13.3651
    endloop
  endfacet
  facet normal -0.287916 0.287938 -0.913343
    outer loop
      vertex -36.0052 -3.59692 14.0037
      vertex -35.4433 -5.06071 13.3651
      vertex -36.4031 -3.99479 14.0037
    endloop
  endfacet
  facet normal -0.691698 0.691692 0.207643
    outer loop
      vertex -29.2327 -9.69496 -3.88229
      vertex -30.0866 -11.0099 -2.34652
      vertex -28.9901 -9.91339 -2.34652
    endloop
  endfacet
  facet normal -0.69171 0.691684 0.20763
    outer loop
      vertex -30.0866 -11.0099 -2.34652
      vertex -29.2327 -9.69496 -3.88229
      vertex -30.305 -10.7673 -3.88229
    endloop
  endfacet
  facet normal -0.575027 0.710136 0.406264
    outer loop
      vertex -31.4469 -10.6974 -6.02418
      vertex -31.057 -9.9322 -6.80986
      vertex -31.755 -10.4974 -6.80986
    endloop
  endfacet
  facet normal -0.240472 -0.194702 0.950928
    outer loop
      vertex -36.8592 2.28195 -14.4889
      vertex -36.0052 3.59692 -14.0037
      vertex -37.1149 2.59776 -14.4889
    endloop
  endfacet
  facet normal -0.272562 -0.419734 0.865756
    outer loop
      vertex -35.198 6.60933 -12.5801
      vertex -35.4751 6.78927 -12.5801
      vertex -35.7868 6.30936 -12.9109
    endloop
  endfacet
  facet normal -0.598653 -0.739098 0.308787
    outer loop
      vertex -30.305 10.7673 -3.88229
      vertex -30.7139 11.0985 -3.88229
      vertex -30.9089 10.9991 -4.49826
    endloop
  endfacet
  facet normal -0.545182 -0.673278 0.499473
    outer loop
      vertex -31.057 9.9322 -6.80986
      vertex -31.755 10.4974 -6.80986
      vertex -32.3178 10.1319 -7.91685
    endloop
  endfacet
  facet normal -0.646827 -0.173294 0.742687
    outer loop
      vertex -30.7665 1.96265 -11.6572
      vertex -29.9125 3.27762 -10.6066
      vertex -31.0222 2.91706 -11.6572
    endloop
  endfacet
  facet normal -0.549236 -0.210835 0.808634
    outer loop
      vertex -31.0222 2.91706 -11.6572
      vertex -31.3763 3.83951 -11.6572
      vertex -32.2303 2.52454 -12.5801
    endloop
  endfacet
  facet normal -0.568285 0.152324 0.80861
    outer loop
      vertex -30.7665 -1.96265 -11.6572
      vertex -32.0089 -1.69855 -12.5801
      vertex -32.2303 -2.52454 -12.5801
    endloop
  endfacet
  facet normal -0.549264 -0.210808 0.808622
    outer loop
      vertex -32.2303 2.52454 -12.5801
      vertex -31.3763 3.83951 -11.6572
      vertex -32.5367 3.32287 -12.5801
    endloop
  endfacet
  facet normal -0.393354 0.10535 0.913331
    outer loop
      vertex -33.5234 -2.10436 -13.3651
      vertex -33.339 -1.41585 -13.3651
      vertex -34.7419 -1.11763 -14.0037
    endloop
  endfacet
  facet normal -0.393295 0.105433 0.913347
    outer loop
      vertex -33.5234 -2.10436 -13.3651
      vertex -34.7419 -1.11763 -14.0037
      vertex -34.8876 -1.66113 -14.0037
    endloop
  endfacet
  facet normal -0.499817 -0.0262214 0.865734
    outer loop
      vertex -31.8304 0 -12.5801
      vertex -31.8752 0.853953 -12.5801
      vertex -33.1901 0 -13.3651
    endloop
  endfacet
  facet normal -0.587505 -0.0308216 0.808633
    outer loop
      vertex -31.8304 0 -12.5801
      vertex -30.6119 0.986728 -11.6572
      vertex -31.8752 0.853953 -12.5801
    endloop
  endfacet
  facet normal -0.161745 -0.130959 0.978104
    outer loop
      vertex -37.2543 2.42562 -14.535
      vertex -36.8592 2.28195 -14.4889
      vertex -37.1149 2.59776 -14.4889
    endloop
  endfacet
  facet normal -0.161794 -0.131103 0.978077
    outer loop
      vertex -36.8592 2.28195 -14.4889
      vertex -37.2543 2.42562 -14.535
      vertex -37.3314 1.93886 -14.613
    endloop
  endfacet
  facet normal -0.308994 -0.0161675 0.950927
    outer loop
      vertex -34.6245 0 -14.0037
      vertex -34.6539 0.561894 -14.0037
      vertex -36.1177 0 -14.4889
    endloop
  endfacet
  facet normal -0.49436 0.0782573 0.865728
    outer loop
      vertex -32.0089 -1.69855 -12.5801
      vertex -31.8752 -0.853953 -12.5801
      vertex -33.2274 -0.711823 -13.3651
    endloop
  endfacet
  facet normal -0.661396 -0.104775 0.742683
    outer loop
      vertex -30.6119 0.986728 -11.6572
      vertex -29.4515 1.10869 -10.6066
      vertex -30.7665 1.96265 -11.6572
    endloop
  endfacet
  facet normal -0.799447 -0.126565 0.587253
    outer loop
      vertex -27.4889 1.31497 -8.16959
      vertex -27.6948 2.61554 -8.16959
      vertex -28.4067 1.21851 -9.43981
    endloop
  endfacet
  facet normal -0.718228 -0.192506 0.668648
    outer loop
      vertex -28.5975 2.42367 -9.43981
      vertex -28.9134 3.60227 -9.43981
      vertex -29.6252 2.20524 -10.6066
    endloop
  endfacet
  facet normal -0.668725 -0.035044 0.742683
    outer loop
      vertex -29.3934 0 -10.6066
      vertex -29.4515 1.10869 -10.6066
      vertex -30.6119 0.986728 -11.6572
    endloop
  endfacet
  facet normal -0.661394 -0.104769 0.742685
    outer loop
      vertex -29.4515 1.10869 -10.6066
      vertex -29.6252 2.20524 -10.6066
      vertex -30.7665 1.96265 -11.6572
    endloop
  endfacet
  facet normal -0.71829 -0.192436 0.668602
    outer loop
      vertex -29.6252 2.20524 -10.6066
      vertex -28.9134 3.60227 -9.43981
      vertex -29.9125 3.27762 -10.6066
    endloop
  endfacet
  facet normal -0.721163 0.367509 0.58725
    outer loop
      vertex -29.1054 -6.29003 -8.16959
      vertex -28.5075 -5.11677 -8.16959
      vertex -29.9046 -5.82859 -9.43981
    endloop
  endfacet
  facet normal -0.678843 0.440805 0.587251
    outer loop
      vertex -29.8225 -7.39437 -8.16959
      vertex -29.1054 -6.29003 -8.16959
      vertex -30.5691 -6.85192 -9.43981
    endloop
  endfacet
  facet normal -0.596643 0.304018 0.742691
    outer loop
      vertex -30.8144 -5.3033 -10.6066
      vertex -31.3763 -3.83951 -11.6572
      vertex -31.8249 -4.7199 -11.6572
    endloop
  endfacet
  facet normal -0.561618 0.364684 0.742692
    outer loop
      vertex -30.8144 -5.3033 -10.6066
      vertex -31.8249 -4.7199 -11.6572
      vertex -32.363 -5.54858 -11.6572
    endloop
  endfacet
  facet normal -0.445938 0.227213 0.865745
    outer loop
      vertex -32.9249 -4.08479 -12.5801
      vertex -33.7789 -2.76982 -13.3651
      vertex -34.1025 -3.40493 -13.3651
    endloop
  endfacet
  facet normal -0.272562 0.419734 0.865756
    outer loop
      vertex -35.4751 -6.78927 -12.5801
      vertex -35.198 -6.60933 -12.5801
      vertex -35.7868 -6.30936 -12.9109
    endloop
  endfacet
  facet normal -0.416041 0.415994 0.808615
    outer loop
      vertex -33.9288 -5.46652 -12.5801
      vertex -33.6835 -7.01514 -11.6572
      vertex -32.9849 -6.31646 -11.6572
    endloop
  endfacet
  facet normal -0.415991 0.416012 0.808632
    outer loop
      vertex -33.6835 -7.01514 -11.6572
      vertex -33.9288 -5.46652 -12.5801
      vertex -34.5335 -6.07119 -12.5801
    endloop
  endfacet
  facet normal -0.457201 0.370283 0.808615
    outer loop
      vertex -32.9849 -6.31646 -11.6572
      vertex -32.363 -5.54858 -11.6572
      vertex -33.9288 -5.46652 -12.5801
    endloop
  endfacet
  facet normal -0.520403 0.421425 0.742685
    outer loop
      vertex -32.1178 -7.0972 -10.6066
      vertex -31.4191 -6.2344 -10.6066
      vertex -32.9849 -6.31646 -11.6572
    endloop
  endfacet
  facet normal -0.520395 0.421464 0.742669
    outer loop
      vertex -31.4191 -6.2344 -10.6066
      vertex -32.363 -5.54858 -11.6572
      vertex -32.9849 -6.31646 -11.6572
    endloop
  endfacet
  facet normal -0.525794 0.525794 0.668641
    outer loop
      vertex -32.1178 -7.0972 -10.6066
      vertex -32.1998 -8.66298 -9.43981
      vertex -31.337 -7.80018 -9.43981
    endloop
  endfacet
  facet normal -0.525814 0.525788 0.66863
    outer loop
      vertex -32.1998 -8.66298 -9.43981
      vertex -32.1178 -7.0972 -10.6066
      vertex -32.9028 -7.88224 -10.6066
    endloop
  endfacet
  facet normal -0.467946 0.577894 0.66863
    outer loop
      vertex -32.1998 -8.66298 -9.43981
      vertex -32.9028 -7.88224 -10.6066
      vertex -33.1481 -9.43086 -9.43981
    endloop
  endfacet
  facet normal -0.404897 0.623547 0.668766
    outer loop
      vertex -33.171 -9.44573 -9.43981
      vertex -33.1481 -9.43086 -9.43981
      vertex -33.1994 -9.42274 -9.47844
    endloop
  endfacet
  facet normal -0.694221 0.266511 0.668603
    outer loop
      vertex -28.9134 -3.60227 -9.43981
      vertex -29.9125 -3.27762 -10.6066
      vertex -30.3104 -4.31409 -10.6066
    endloop
  endfacet
  facet normal -0.64683 0.173291 0.742685
    outer loop
      vertex -29.9125 -3.27762 -10.6066
      vertex -29.6252 -2.20524 -10.6066
      vertex -30.7665 -1.96265 -11.6572
    endloop
  endfacet
  facet normal -0.625162 0.239999 0.742679
    outer loop
      vertex -30.3104 -4.31409 -10.6066
      vertex -29.9125 -3.27762 -10.6066
      vertex -31.3763 -3.83951 -11.6572
    endloop
  endfacet
  facet normal -0.71829 0.192436 0.668602
    outer loop
      vertex -28.9134 -3.60227 -9.43981
      vertex -29.6252 -2.20524 -10.6066
      vertex -29.9125 -3.27762 -10.6066
    endloop
  endfacet
  facet normal -0.549236 0.210835 0.808634
    outer loop
      vertex -31.3763 -3.83951 -11.6572
      vertex -31.0222 -2.91706 -11.6572
      vertex -32.2303 -2.52454 -12.5801
    endloop
  endfacet
  facet normal -0.568271 0.152248 0.808634
    outer loop
      vertex -31.0222 -2.91706 -11.6572
      vertex -30.7665 -1.96265 -11.6572
      vertex -32.2303 -2.52454 -12.5801
    endloop
  endfacet
  facet normal -0.575006 -0.710054 0.406437
    outer loop
      vertex -31.25 10.8253 -5.52196
      vertex -30.6297 10.4068 -5.37552
      vertex -31.1865 10.8577 -5.37552
    endloop
  endfacet
  facet normal -0.57502 -0.710127 0.40629
    outer loop
      vertex -31.4469 10.6974 -6.02418
      vertex -30.6297 10.4068 -5.37552
      vertex -31.25 10.8253 -5.52196
    endloop
  endfacet
  facet normal -0.575014 -0.710141 0.406275
    outer loop
      vertex -30.6297 10.4068 -5.37552
      vertex -31.4469 10.6974 -6.02418
      vertex -31.057 9.9322 -6.80986
    endloop
  endfacet
  facet normal -0.625968 -0.772844 0.104288
    outer loop
      vertex -30.0866 11.0099 -2.34652
      vertex -30.357 11.2803 -1.9657
      vertex -30.396 11.2605 -2.34652
    endloop
  endfacet
  facet normal -0.760183 -0.615635 -0.207644
    outer loop
      vertex -28.9901 9.91339 2.34652
      vertex -28.0141 8.70823 2.34652
      vertex -29.2327 9.69496 3.88229
    endloop
  endfacet
  facet normal -0.703243 -0.703243 -0.104396
    outer loop
      vertex -28.8681 10.0232 0.785039
      vertex -30.0866 11.0099 2.34652
      vertex -29.9768 11.1319 0.785039
    endloop
  endfacet
  facet normal -0.703246 -0.70324 -0.1044
    outer loop
      vertex -30.0866 11.0099 2.34652
      vertex -28.8681 10.0232 0.785039
      vertex -28.9901 9.91339 2.34652
    endloop
  endfacet
  facet normal -0.64612 -0.64612 -0.406274
    outer loop
      vertex -30.6297 10.4068 5.37552
      vertex -30.0678 8.943 6.80986
      vertex -31.057 9.9322 6.80986
    endloop
  endfacet
  facet normal -0.646115 -0.646122 -0.406278
    outer loop
      vertex -30.0678 8.943 6.80986
      vertex -30.6297 10.4068 5.37552
      vertex -29.5932 9.37031 5.37552
    endloop
  endfacet
  facet normal -0.82042 -0.532724 -0.207643
    outer loop
      vertex -28.0141 8.70823 2.34652
      vertex -27.1696 7.40766 2.34652
      vertex -28.2782 8.51635 3.88229
    endloop
  endfacet
  facet normal -0.77189 -0.39336 0.499454
    outer loop
      vertex -28.5075 5.11677 -8.16959
      vertex -27.7904 5.43607 -6.80986
      vertex -29.1054 6.29003 -8.16959
    endloop
  endfacet
  facet normal -0.629018 -0.509383 0.587252
    outer loop
      vertex -30.5691 6.85192 -9.43981
      vertex -29.8225 7.39437 -8.16959
      vertex -30.6512 8.4177 -8.16959
    endloop
  endfacet
  facet normal -0.467946 -0.577894 0.66863
    outer loop
      vertex -32.9028 7.88224 -10.6066
      vertex -32.1998 8.66298 -9.43981
      vertex -33.1481 9.43086 -9.43981
    endloop
  endfacet
  facet normal -0.50936 -0.629039 0.58725
    outer loop
      vertex -32.1998 8.66298 -9.43981
      vertex -31.5823 9.3488 -8.16959
      vertex -33.1481 9.43086 -9.43981
    endloop
  endfacet
  facet normal -0.912503 -0.0478123 0.406265
    outer loop
      vertex -26.6349 0 -6.80986
      vertex -26.073 1.46379 -5.37552
      vertex -26.7081 1.39703 -6.80986
    endloop
  endfacet
  facet normal -0.865115 0.0453949 0.499516
    outer loop
      vertex -26.7081 -1.39703 -6.80986
      vertex -27.4199 0 -8.16959
      vertex -27.4889 -1.31497 -8.16959
    endloop
  endfacet
  facet normal -0.721163 -0.367509 0.58725
    outer loop
      vertex -28.5075 5.11677 -8.16959
      vertex -29.1054 6.29003 -8.16959
      vertex -29.9046 5.82859 -9.43981
    endloop
  endfacet
  facet normal -0.726581 -0.471803 0.499482
    outer loop
      vertex -29.1054 6.29003 -8.16959
      vertex -29.1874 7.85581 -6.80986
      vertex -29.8225 7.39437 -8.16959
    endloop
  endfacet
  facet normal -0.520395 -0.421464 0.742669
    outer loop
      vertex -32.363 5.54858 -11.6572
      vertex -31.4191 6.2344 -10.6066
      vertex -32.9849 6.31646 -11.6572
    endloop
  endfacet
  facet normal -0.887992 -0.340871 0.30867
    outer loop
      vertex -26.6817 4.32738 -5.37552
      vertex -26.2202 4.47731 -3.88229
      vertex -27.207 5.69582 -5.37552
    endloop
  endfacet
  facet normal -0.847513 -0.431793 0.308668
    outer loop
      vertex -27.207 5.69582 -5.37552
      vertex -26.7637 5.89316 -3.88229
      vertex -27.8724 7.00185 -5.37552
    endloop
  endfacet
  facet normal -0.739173 -0.598621 0.308669
    outer loop
      vertex -28.6708 8.23117 -5.37552
      vertex -28.2782 8.51635 -3.88229
      vertex -29.2327 9.69496 -3.88229
    endloop
  endfacet
  facet normal -0.797763 -0.518018 0.308597
    outer loop
      vertex -27.8724 7.00185 -5.37552
      vertex -27.4523 7.24444 -3.88229
      vertex -28.2782 8.51635 -3.88229
    endloop
  endfacet
  facet normal -0.871565 -0.444141 0.207638
    outer loop
      vertex -26.7637 5.89316 -3.88229
      vertex -27.1696 7.40766 -2.34652
      vertex -27.4523 7.24444 -3.88229
    endloop
  endfacet
  facet normal -0.797696 -0.518075 0.308673
    outer loop
      vertex -27.8724 7.00185 -5.37552
      vertex -28.2782 8.51635 -3.88229
      vertex -28.6708 8.23117 -5.37552
    endloop
  endfacet
  facet normal -0.772906 -0.625873 0.104402
    outer loop
      vertex -27.8814 8.8047 -0.785039
      vertex -28.8681 10.0232 -0.785039
      vertex -28.9901 9.91339 -2.34652
    endloop
  endfacet
  facet normal -0.629362 -0.777112 0
    outer loop
      vertex -30.2361 11.3419 -0.785039
      vertex -29.9768 11.1319 0.785039
      vertex -30.2361 11.3419 0.785039
    endloop
  endfacet
  facet normal -0.629362 -0.777112 -0
    outer loop
      vertex -29.9768 11.1319 0.785039
      vertex -30.2361 11.3419 -0.785039
      vertex -29.9768 11.1319 -0.785039
    endloop
  endfacet
  facet normal -0.913243 -0.350537 -0.207631
    outer loop
      vertex -26.4655 6.02594 2.34652
      vertex -25.9098 4.57819 2.34652
      vertex -26.7637 5.89316 3.88229
    endloop
  endfacet
  facet normal -0.928488 -0.356388 -0.104394
    outer loop
      vertex -25.7537 4.6289 0.785039
      vertex -25.9098 4.57819 2.34652
      vertex -26.4655 6.02594 2.34652
    endloop
  endfacet
  facet normal -0.83408 -0.541684 0.104349
    outer loop
      vertex -27.0274 7.48972 -0.785039
      vertex -27.8814 8.8047 -0.785039
      vertex -28.0141 8.70823 -2.34652
    endloop
  endfacet
  facet normal -0.976872 0.051158 -0.207616
    outer loop
      vertex -25.1847 0 2.34652
      vertex -25.2658 -1.54862 2.34652
      vertex -25.5111 0 3.88229
    endloop
  endfacet
  facet normal -0.993177 -0.0520127 -0.104375
    outer loop
      vertex -25.1026 1.56578 0.785039
      vertex -25.0206 0 0.785039
      vertex -25.2658 1.54862 2.34652
    endloop
  endfacet
  facet normal -0.882604 -0.236508 -0.406294
    outer loop
      vertex -26.6817 4.32738 5.37552
      vertex -26.3023 2.91153 5.37552
      vertex -26.927 2.77876 6.80986
    endloop
  endfacet
  facet normal -0.836836 -0.224183 -0.499447
    outer loop
      vertex -27.289 4.13004 6.80986
      vertex -26.927 2.77876 6.80986
      vertex -27.6948 2.61554 8.16959
    endloop
  endfacet
  facet normal -0.94988 0.049799 -0.308621
    outer loop
      vertex -25.5111 0 3.88229
      vertex -25.5905 -1.5145 3.88229
      vertex -26.073 -1.46379 5.37552
    endloop
  endfacet
  facet normal -0.949874 0.0497717 -0.308646
    outer loop
      vertex -25.9963 0 5.37552
      vertex -25.5111 0 3.88229
      vertex -26.073 -1.46379 5.37552
    endloop
  endfacet
  facet normal -0.799447 0.126565 -0.587253
    outer loop
      vertex -27.4889 -1.31497 8.16959
      vertex -27.6948 -2.61554 8.16959
      vertex -28.4067 -1.21851 9.43981
    endloop
  endfacet
  facet normal -0.799445 0.126567 -0.587255
    outer loop
      vertex -28.4067 -1.21851 9.43981
      vertex -27.6948 -2.61554 8.16959
      vertex -28.5975 -2.42367 9.43981
    endloop
  endfacet
  facet normal -0.993177 0.0520127 -0.104375
    outer loop
      vertex -25.0206 0 0.785039
      vertex -25.1026 -1.56578 0.785039
      vertex -25.2658 -1.54862 2.34652
    endloop
  endfacet
  facet normal -0.928488 0.356388 -0.104394
    outer loop
      vertex -25.9098 -4.57819 2.34652
      vertex -25.7537 -4.6289 0.785039
      vertex -26.4655 -6.02594 2.34652
    endloop
  endfacet
  facet normal -0.847513 0.431793 -0.308668
    outer loop
      vertex -27.207 -5.69582 5.37552
      vertex -26.7637 -5.89316 3.88229
      vertex -27.8724 -7.00185 5.37552
    endloop
  endfacet
  facet normal -0.913239 0.350563 -0.207605
    outer loop
      vertex -26.2202 -4.47731 3.88229
      vertex -25.9098 -4.57819 2.34652
      vertex -26.7637 -5.89316 3.88229
    endloop
  endfacet
  facet normal -0.886115 0.451548 -0.104426
    outer loop
      vertex -26.4655 -6.02594 2.34652
      vertex -27.0274 -7.48972 0.785039
      vertex -27.1696 -7.40766 2.34652
    endloop
  endfacet
  facet normal -0.772906 0.625873 -0.104402
    outer loop
      vertex -27.8814 -8.8047 0.785039
      vertex -28.8681 -10.0232 0.785039
      vertex -28.9901 -9.91339 2.34652
    endloop
  endfacet
  facet normal -0.772878 0.625916 -0.104352
    outer loop
      vertex -28.0141 -8.70823 2.34652
      vertex -27.8814 -8.8047 0.785039
      vertex -28.9901 -9.91339 2.34652
    endloop
  endfacet
  facet normal -0.646115 0.646122 -0.406278
    outer loop
      vertex -30.6297 -10.4068 5.37552
      vertex -30.0678 -8.943 6.80986
      vertex -29.5932 -9.37031 5.37552
    endloop
  endfacet
  facet normal -0.64612 0.64612 -0.406274
    outer loop
      vertex -30.0678 -8.943 6.80986
      vertex -30.6297 -10.4068 5.37552
      vertex -31.057 -9.9322 6.80986
    endloop
  endfacet
  facet normal -0.887992 0.340871 0.30867
    outer loop
      vertex -26.2202 -4.47731 -3.88229
      vertex -26.6817 -4.32738 -5.37552
      vertex -27.207 -5.69582 -5.37552
    endloop
  endfacet
  facet normal -0.918762 0.24617 0.308671
    outer loop
      vertex -26.2202 -4.47731 -3.88229
      vertex -25.8277 -3.01241 -3.88229
      vertex -26.6817 -4.32738 -5.37552
    endloop
  endfacet
  facet normal -0.83408 0.541684 -0.104349
    outer loop
      vertex -27.0274 -7.48972 0.785039
      vertex -27.8814 -8.8047 0.785039
      vertex -28.0141 -8.70823 2.34652
    endloop
  endfacet
  facet normal -0.691698 0.691692 -0.207643
    outer loop
      vertex -30.0866 -11.0099 2.34652
      vertex -29.2327 -9.69496 3.88229
      vertex -28.9901 -9.91339 2.34652
    endloop
  endfacet
  facet normal -0.69171 0.691684 -0.20763
    outer loop
      vertex -29.2327 -9.69496 3.88229
      vertex -30.0866 -11.0099 2.34652
      vertex -30.305 -10.7673 3.88229
    endloop
  endfacet
  facet normal -0.760182 0.615635 0.207643
    outer loop
      vertex -28.0141 -8.70823 -2.34652
      vertex -28.2782 -8.51635 -3.88229
      vertex -29.2327 -9.69496 -3.88229
    endloop
  endfacet
  facet normal -0.834115 0.541616 0.104424
    outer loop
      vertex -27.0274 -7.48972 -0.785039
      vertex -27.1696 -7.40766 -2.34652
      vertex -28.0141 -8.70823 -2.34652
    endloop
  endfacet
  facet normal -0.886115 0.451548 0.104426
    outer loop
      vertex -27.0274 -7.48972 -0.785039
      vertex -26.4655 -6.02594 -2.34652
      vertex -27.1696 -7.40766 -2.34652
    endloop
  endfacet
  facet normal -0.871569 0.444136 0.207631
    outer loop
      vertex -26.4655 -6.02594 -2.34652
      vertex -26.7637 -5.89316 -3.88229
      vertex -27.1696 -7.40766 -2.34652
    endloop
  endfacet
  facet normal -0.808785 0.310502 0.499454
    outer loop
      vertex -27.7904 -5.43607 -6.80986
      vertex -27.289 -4.13004 -6.80986
      vertex -28.5075 -5.11677 -8.16959
    endloop
  endfacet
  facet normal -0.836766 0.224272 0.499525
    outer loop
      vertex -27.289 -4.13004 -6.80986
      vertex -27.6948 -2.61554 -8.16959
      vertex -28.0357 -3.88745 -8.16959
    endloop
  endfacet
  facet normal -0.77189 0.39336 0.499454
    outer loop
      vertex -27.7904 -5.43607 -6.80986
      vertex -28.5075 -5.11677 -8.16959
      vertex -29.1054 -6.29003 -8.16959
    endloop
  endfacet
  facet normal -0.678842 0.440807 0.58725
    outer loop
      vertex -29.1054 -6.29003 -8.16959
      vertex -29.9046 -5.82859 -9.43981
      vertex -30.5691 -6.85192 -9.43981
    endloop
  endfacet
  facet normal -0.710123 0.575053 0.406251
    outer loop
      vertex -28.6708 -8.23117 -5.37552
      vertex -29.1874 -7.85581 -6.80986
      vertex -30.0678 -8.943 -6.80986
    endloop
  endfacet
  facet normal -0.646115 0.646122 0.406278
    outer loop
      vertex -30.0678 -8.943 -6.80986
      vertex -30.6297 -10.4068 -5.37552
      vertex -29.5932 -9.37031 -5.37552
    endloop
  endfacet
  facet normal -0.64612 0.64612 0.406274
    outer loop
      vertex -30.6297 -10.4068 -5.37552
      vertex -30.0678 -8.943 -6.80986
      vertex -31.057 -9.9322 -6.80986
    endloop
  endfacet
  facet normal -0.739231 0.59858 0.308608
    outer loop
      vertex -29.2327 -9.69496 -3.88229
      vertex -28.6708 -8.23117 -5.37552
      vertex -29.5932 -9.37031 -5.37552
    endloop
  endfacet
  facet normal -0.710134 0.57502 0.406278
    outer loop
      vertex -29.5932 -9.37031 -5.37552
      vertex -28.6708 -8.23117 -5.37552
      vertex -30.0678 -8.943 -6.80986
    endloop
  endfacet
  facet normal -0.808293 0.0423878 0.587253
    outer loop
      vertex -27.4889 -1.31497 -8.16959
      vertex -28.3428 0 -9.43981
      vertex -28.4067 -1.21851 -9.43981
    endloop
  endfacet
  facet normal -0.865146 0.045331 0.499467
    outer loop
      vertex -26.7081 -1.39703 -6.80986
      vertex -26.6349 0 -6.80986
      vertex -27.4199 0 -8.16959
    endloop
  endfacet
  facet normal -0.982292 0.155594 0.104367
    outer loop
      vertex -25.3479 -3.1144 -0.785039
      vertex -25.1026 -1.56578 -0.785039
      vertex -25.5084 -3.08028 -2.34652
    endloop
  endfacet
  facet normal -0.944869 0.2532 0.207636
    outer loop
      vertex -25.5084 -3.08028 -2.34652
      vertex -25.8277 -3.01241 -3.88229
      vertex -25.9098 -4.57819 -2.34652
    endloop
  endfacet
  facet normal -0.886146 -0.4515 -0.104369
    outer loop
      vertex -26.3156 6.09269 0.785039
      vertex -26.4655 6.02594 2.34652
      vertex -27.0274 7.48972 0.785039
    endloop
  endfacet
  facet normal -0.982293 0.155586 0.104375
    outer loop
      vertex -25.1026 -1.56578 -0.785039
      vertex -25.2658 -1.54862 -2.34652
      vertex -25.5084 -3.08028 -2.34652
    endloop
  endfacet
  facet normal -0.966162 0.153031 0.207636
    outer loop
      vertex -25.5084 -3.08028 -2.34652
      vertex -25.2658 -1.54862 -2.34652
      vertex -25.8277 -3.01241 -3.88229
    endloop
  endfacet
  facet normal -0.96616 -0.152995 0.207669
    outer loop
      vertex -25.5905 1.5145 -3.88229
      vertex -25.2658 1.54862 -2.34652
      vertex -25.8277 3.01241 -3.88229
    endloop
  endfacet
  facet normal -0.94988 -0.049799 0.308621
    outer loop
      vertex -25.5111 0 -3.88229
      vertex -25.5905 1.5145 -3.88229
      vertex -26.073 1.46379 -5.37552
    endloop
  endfacet
  facet normal -0.457201 -0.370283 0.808615
    outer loop
      vertex -32.363 5.54858 -11.6572
      vertex -32.9849 6.31646 -11.6572
      vertex -33.9288 5.46652 -12.5801
    endloop
  endfacet
  facet normal -0.194679 -0.240402 0.950951
    outer loop
      vertex -36.8882 3.86271 -14.1364
      vertex -36.4031 3.99479 -14.0037
      vertex -36.7345 4.26316 -14.0037
    endloop
  endfacet
  facet normal -0.19462 -0.240585 0.950916
    outer loop
      vertex -36.4031 3.99479 -14.0037
      vertex -36.8882 3.86271 -14.1364
      vertex -36.9476 3.6412 -14.2046
    endloop
  endfacet
  facet normal -0.545164 0.673239 -0.499545
    outer loop
      vertex -31.5823 -9.3488 8.16959
      vertex -32.3473 -10.1127 7.97494
      vertex -32.4365 -10.0405 8.16959
    endloop
  endfacet
  facet normal -0.545233 0.673276 -0.49942
    outer loop
      vertex -31.5823 -9.3488 8.16959
      vertex -32.3178 -10.1319 7.91685
      vertex -32.3473 -10.1127 7.97494
    endloop
  endfacet
  facet normal -0.545192 0.673259 -0.499488
    outer loop
      vertex -32.3178 -10.1319 7.91685
      vertex -31.5823 -9.3488 8.16959
      vertex -31.057 -9.9322 6.80986
    endloop
  endfacet
  facet normal -0.509437 0.628878 -0.587355
    outer loop
      vertex -31.5823 -9.3488 8.16959
      vertex -33.0891 -9.51201 9.30175
      vertex -33.1481 -9.43086 9.43981
    endloop
  endfacet
  facet normal -0.50937 0.629036 -0.587244
    outer loop
      vertex -33.0891 -9.51201 9.30175
      vertex -31.5823 -9.3488 8.16959
      vertex -32.4365 -10.0405 8.16959
    endloop
  endfacet
  facet normal -0.629018 0.509383 -0.587252
    outer loop
      vertex -30.5691 -6.85192 9.43981
      vertex -29.8225 -7.39437 8.16959
      vertex -30.6512 -8.4177 8.16959
    endloop
  endfacet
  facet normal -0.721163 0.367487 -0.587262
    outer loop
      vertex -29.3506 -4.74141 9.43981
      vertex -28.5075 -5.11677 8.16959
      vertex -29.9046 -5.82859 9.43981
    endloop
  endfacet
  facet normal -0.625968 0.772844 -0.104288
    outer loop
      vertex -30.0866 -11.0099 2.34652
      vertex -30.357 -11.2803 1.9657
      vertex -30.396 -11.2605 2.34652
    endloop
  endfacet
  facet normal -0.772878 0.625916 0.104352
    outer loop
      vertex -27.8814 -8.8047 -0.785039
      vertex -28.0141 -8.70823 -2.34652
      vertex -28.9901 -9.91339 -2.34652
    endloop
  endfacet
  facet normal -0.836766 0.224272 -0.499525
    outer loop
      vertex -27.6948 -2.61554 8.16959
      vertex -27.289 -4.13004 6.80986
      vertex -28.0357 -3.88745 8.16959
    endloop
  endfacet
  facet normal -0.755656 0.29002 -0.587258
    outer loop
      vertex -28.9134 -3.60227 9.43981
      vertex -28.0357 -3.88745 8.16959
      vertex -29.3506 -4.74141 9.43981
    endloop
  endfacet
  facet normal -0.808785 0.310502 -0.499454
    outer loop
      vertex -27.289 -4.13004 6.80986
      vertex -27.7904 -5.43607 6.80986
      vertex -28.5075 -5.11677 8.16959
    endloop
  endfacet
  facet normal -0.678842 0.440807 -0.58725
    outer loop
      vertex -29.9046 -5.82859 9.43981
      vertex -29.1054 -6.29003 8.16959
      vertex -30.5691 -6.85192 9.43981
    endloop
  endfacet
  facet normal -0.67325 0.545203 -0.499488
    outer loop
      vertex -29.8225 -7.39437 8.16959
      vertex -30.0678 -8.943 6.80986
      vertex -30.6512 -8.4177 8.16959
    endloop
  endfacet
  facet normal -0.467946 0.577894 -0.66863
    outer loop
      vertex -32.9028 -7.88224 10.6066
      vertex -32.1998 -8.66298 9.43981
      vertex -33.1481 -9.43086 9.43981
    endloop
  endfacet
  facet normal -0.388958 0.314962 -0.865742
    outer loop
      vertex -34.9393 -4.55668 13.3651
      vertex -34.4031 -4.23095 13.2427
      vertex -33.9288 -5.46652 12.5801
    endloop
  endfacet
  facet normal -0.388974 0.314995 -0.865724
    outer loop
      vertex -34.4031 -4.23095 13.2427
      vertex -34.9393 -4.55668 13.3651
      vertex -34.5764 -4.10855 13.3651
    endloop
  endfacet
  facet normal -0.473519 0.473495 -0.742685
    outer loop
      vertex -32.9028 -7.88224 10.6066
      vertex -32.9849 -6.31646 11.6572
      vertex -32.1178 -7.0972 10.6066
    endloop
  endfacet
  facet normal -0.473542 0.473488 -0.742676
    outer loop
      vertex -32.9849 -6.31646 11.6572
      vertex -32.9028 -7.88224 10.6066
      vertex -33.6835 -7.01514 11.6572
    endloop
  endfacet
  facet normal -0.320288 0.493635 -0.808542
    outer loop
      vertex -35.1127 -7.34731 12.096
      vertex -34.4514 -7.63696 11.6572
      vertex -35.0706 -7.39927 12.0476
    endloop
  endfacet
  facet normal -0.320444 0.493401 -0.808623
    outer loop
      vertex -35.1127 -7.34731 12.096
      vertex -35.198 -6.60933 12.5801
      vertex -34.4514 -7.63696 11.6572
    endloop
  endfacet
  facet normal -0.320406 0.493412 -0.808632
    outer loop
      vertex -35.198 -6.60933 12.5801
      vertex -35.1127 -7.34731 12.096
      vertex -35.4751 -6.78927 12.5801
    endloop
  endfacet
  facet normal -0.440876 0.678954 -0.587069
    outer loop
      vertex -33.1481 -9.43086 9.43981
      vertex -33.1579 -9.45635 9.41769
      vertex -33.171 -9.44573 9.43981
    endloop
  endfacet
  facet normal -0.406652 -0.0214469 -0.913331
    outer loop
      vertex -34 0.310875 13.7184
      vertex -33.1901 0 13.3651
      vertex -34 0 13.7257
    endloop
  endfacet
  facet normal -0.525794 -0.525794 -0.668641
    outer loop
      vertex -32.1178 7.0972 10.6066
      vertex -32.1998 8.66298 9.43981
      vertex -31.337 7.80018 9.43981
    endloop
  endfacet
  facet normal -0.525814 -0.525788 -0.66863
    outer loop
      vertex -32.1998 8.66298 9.43981
      vertex -32.1178 7.0972 10.6066
      vertex -32.9028 7.88224 10.6066
    endloop
  endfacet
  facet normal -0.64683 0.173291 -0.742685
    outer loop
      vertex -29.6252 -2.20524 10.6066
      vertex -29.9125 -3.27762 10.6066
      vertex -30.7665 -1.96265 11.6572
    endloop
  endfacet
  facet normal -0.402148 0.0637472 -0.913353
    outer loop
      vertex -34 -0.98656 13.6861
      vertex -33.2274 -0.711823 13.3651
      vertex -33.339 -1.41585 13.3651
    endloop
  endfacet
  facet normal -0.402189 0.0638931 -0.913325
    outer loop
      vertex -33.2274 -0.711823 13.3651
      vertex -34 -0.98656 13.6861
      vertex -34 -0.630625 13.711
    endloop
  endfacet
  facet normal -0.561618 0.364684 -0.742692
    outer loop
      vertex -31.8249 -4.7199 11.6572
      vertex -30.8144 -5.3033 10.6066
      vertex -32.363 -5.54858 11.6572
    endloop
  endfacet
  facet normal -0.561612 0.364737 -0.74267
    outer loop
      vertex -30.8144 -5.3033 10.6066
      vertex -31.4191 -6.2344 10.6066
      vertex -32.363 -5.54858 11.6572
    endloop
  endfacet
  facet normal -0.406682 0.0211372 -0.913325
    outer loop
      vertex -34 -0.310875 13.7184
      vertex -33.2274 -0.711823 13.3651
      vertex -34 -0.630625 13.711
    endloop
  endfacet
  facet normal -0.406608 0.0213065 -0.913354
    outer loop
      vertex -33.2274 -0.711823 13.3651
      vertex -34 -0.310875 13.7184
      vertex -33.1901 0 13.3651
    endloop
  endfacet
  facet normal -0.596643 0.304018 -0.742691
    outer loop
      vertex -31.3763 -3.83951 11.6572
      vertex -30.8144 -5.3033 10.6066
      vertex -31.8249 -4.7199 11.6572
    endloop
  endfacet
  facet normal -0.389085 -0.314785 -0.86575
    outer loop
      vertex -34 4.50034 12.9636
      vertex -33.3907 4.80196 12.5801
      vertex -34 4.35925 13.0149
    endloop
  endfacet
  facet normal -0.388984 -0.314964 -0.86573
    outer loop
      vertex -33.3907 4.80196 12.5801
      vertex -34 4.50034 12.9636
      vertex -33.9288 5.46652 12.5801
    endloop
  endfacet
  facet normal -0.388868 -0.31499 -0.865773
    outer loop
      vertex -34.0804 4.45887 13.0148
      vertex -33.9288 5.46652 12.5801
      vertex -34 4.50034 12.9636
    endloop
  endfacet
  facet normal -0.388957 -0.314963 -0.865743
    outer loop
      vertex -33.9288 5.46652 12.5801
      vertex -34.0804 4.45887 13.0148
      vertex -34.4031 4.23095 13.2427
    endloop
  endfacet
  facet normal -0.380186 -0.145774 -0.91335
    outer loop
      vertex -34 2.12934 13.5595
      vertex -33.5234 2.10436 13.3651
      vertex -34 1.94952 13.5882
    endloop
  endfacet
  facet normal -0.549264 -0.210808 -0.808622
    outer loop
      vertex -31.3763 3.83951 11.6572
      vertex -32.2303 2.52454 12.5801
      vertex -32.5367 3.32287 12.5801
    endloop
  endfacet
  facet normal -0.194746 -0.240403 -0.950937
    outer loop
      vertex -36.9476 3.6412 14.2046
      vertex -36.4031 3.99479 14.0037
      vertex -37.0434 3.28369 14.3146
    endloop
  endfacet
  facet normal -0.194679 -0.240402 -0.950951
    outer loop
      vertex -36.4031 3.99479 14.0037
      vertex -36.8882 3.86271 14.1364
      vertex -36.7345 4.26316 14.0037
    endloop
  endfacet
  facet normal -0.19462 -0.240585 -0.950916
    outer loop
      vertex -36.8882 3.86271 14.1364
      vertex -36.4031 3.99479 14.0037
      vertex -36.9476 3.6412 14.2046
    endloop
  endfacet
  facet normal -0.545164 -0.673239 -0.499545
    outer loop
      vertex -32.3473 10.1127 7.97494
      vertex -31.5823 9.3488 8.16959
      vertex -32.4365 10.0405 8.16959
    endloop
  endfacet
  facet normal -0.545233 -0.673276 -0.49942
    outer loop
      vertex -32.3178 10.1319 7.91685
      vertex -31.5823 9.3488 8.16959
      vertex -32.3473 10.1127 7.97494
    endloop
  endfacet
  facet normal -0.545192 -0.673259 -0.499488
    outer loop
      vertex -31.5823 9.3488 8.16959
      vertex -32.3178 10.1319 7.91685
      vertex -31.057 9.9322 6.80986
    endloop
  endfacet
  facet normal -0.625922 -0.772864 0.104418
    outer loop
      vertex -30.357 11.2803 -1.9657
      vertex -29.9768 11.1319 -0.785039
      vertex -30.2361 11.3419 -0.785039
    endloop
  endfacet
  facet normal -0.625875 -0.772905 0.104398
    outer loop
      vertex -29.9768 11.1319 -0.785039
      vertex -30.357 11.2803 -1.9657
      vertex -30.0866 11.0099 -2.34652
    endloop
  endfacet
  facet normal -0.615675 -0.760136 0.207696
    outer loop
      vertex -30.6143 11.1492 -3.40097
      vertex -30.0866 11.0099 -2.34652
      vertex -30.396 11.2605 -2.34652
    endloop
  endfacet
  facet normal -0.615573 -0.760236 0.207632
    outer loop
      vertex -30.0866 11.0099 -2.34652
      vertex -30.6143 11.1492 -3.40097
      vertex -30.305 10.7673 -3.88229
    endloop
  endfacet
  facet normal -0.668723 0.035038 -0.742686
    outer loop
      vertex -30.5602 0 11.6572
      vertex -29.3934 0 10.6066
      vertex -30.6119 -0.986728 11.6572
    endloop
  endfacet
  facet normal -0.587526 0.0307836 -0.80862
    outer loop
      vertex -30.5602 0 11.6572
      vertex -30.6119 -0.986728 11.6572
      vertex -31.8304 0 12.5801
    endloop
  endfacet
  facet normal -0.73446 0.116279 -0.668616
    outer loop
      vertex -28.4067 -1.21851 9.43981
      vertex -28.5975 -2.42367 9.43981
      vertex -29.4515 -1.10869 10.6066
    endloop
  endfacet
  facet normal -0.836836 0.224183 -0.499447
    outer loop
      vertex -26.927 -2.77876 6.80986
      vertex -27.289 -4.13004 6.80986
      vertex -27.6948 -2.61554 8.16959
    endloop
  endfacet
  facet normal -0.808293 -0.0423878 -0.587253
    outer loop
      vertex -27.4889 1.31497 8.16959
      vertex -28.3428 0 9.43981
      vertex -28.4067 1.21851 9.43981
    endloop
  endfacet
  facet normal -0.865146 -0.045331 -0.499467
    outer loop
      vertex -26.7081 1.39703 6.80986
      vertex -26.6349 0 6.80986
      vertex -27.4199 0 8.16959
    endloop
  endfacet
  facet normal -0.73442 -0.116336 -0.66865
    outer loop
      vertex -28.5975 2.42367 9.43981
      vertex -29.4515 1.10869 10.6066
      vertex -29.6252 2.20524 10.6066
    endloop
  endfacet
  facet normal -0.718228 -0.192506 -0.668648
    outer loop
      vertex -28.9134 3.60227 9.43981
      vertex -28.5975 2.42367 9.43981
      vertex -29.6252 2.20524 10.6066
    endloop
  endfacet
  facet normal -0.912503 0.0478123 -0.406265
    outer loop
      vertex -26.6349 0 6.80986
      vertex -26.073 -1.46379 5.37552
      vertex -26.7081 -1.39703 6.80986
    endloop
  endfacet
  facet normal -0.865115 -0.0453949 -0.499516
    outer loop
      vertex -26.7081 1.39703 6.80986
      vertex -27.4199 0 8.16959
      vertex -27.4889 1.31497 8.16959
    endloop
  endfacet
  facet normal -0.678843 -0.440805 -0.587251
    outer loop
      vertex -29.8225 7.39437 8.16959
      vertex -29.1054 6.29003 8.16959
      vertex -30.5691 6.85192 9.43981
    endloop
  endfacet
  facet normal -0.629018 -0.509383 -0.587252
    outer loop
      vertex -29.8225 7.39437 8.16959
      vertex -30.5691 6.85192 9.43981
      vertex -30.6512 8.4177 8.16959
    endloop
  endfacet
  facet normal -0.808785 -0.310502 -0.499454
    outer loop
      vertex -27.7904 5.43607 6.80986
      vertex -27.289 4.13004 6.80986
      vertex -28.5075 5.11677 8.16959
    endloop
  endfacet
  facet normal -0.902492 -0.142941 -0.406295
    outer loop
      vertex -26.3023 2.91153 5.37552
      vertex -26.073 1.46379 5.37552
      vertex -26.927 2.77876 6.80986
    endloop
  endfacet
  facet normal -0.836766 -0.224272 -0.499525
    outer loop
      vertex -27.289 4.13004 6.80986
      vertex -27.6948 2.61554 8.16959
      vertex -28.0357 3.88745 8.16959
    endloop
  endfacet
  facet normal -0.755656 -0.290013 -0.587262
    outer loop
      vertex -28.5075 5.11677 8.16959
      vertex -28.0357 3.88745 8.16959
      vertex -29.3506 4.74141 9.43981
    endloop
  endfacet
  facet normal -0.549236 -0.210835 -0.808634
    outer loop
      vertex -31.3763 3.83951 11.6572
      vertex -31.0222 2.91706 11.6572
      vertex -32.2303 2.52454 12.5801
    endloop
  endfacet
  facet normal -0.568271 -0.152248 -0.808634
    outer loop
      vertex -31.0222 2.91706 11.6572
      vertex -30.7665 1.96265 11.6572
      vertex -32.2303 2.52454 12.5801
    endloop
  endfacet
  facet normal -0.694221 -0.266511 -0.668603
    outer loop
      vertex -28.9134 3.60227 9.43981
      vertex -29.9125 3.27762 10.6066
      vertex -30.3104 4.31409 10.6066
    endloop
  endfacet
  facet normal -0.694214 -0.266438 -0.668639
    outer loop
      vertex -29.3506 4.74141 9.43981
      vertex -28.9134 3.60227 9.43981
      vertex -30.3104 4.31409 10.6066
    endloop
  endfacet
  facet normal -0.596643 -0.304018 -0.742691
    outer loop
      vertex -30.8144 5.3033 10.6066
      vertex -31.3763 3.83951 11.6572
      vertex -31.8249 4.7199 11.6572
    endloop
  endfacet
  facet normal -0.561618 -0.364684 -0.742692
    outer loop
      vertex -30.8144 5.3033 10.6066
      vertex -31.8249 4.7199 11.6572
      vertex -32.363 5.54858 11.6572
    endloop
  endfacet
  facet normal -0.572336 -0.572336 -0.58725
    outer loop
      vertex -31.337 7.80018 9.43981
      vertex -31.5823 9.3488 8.16959
      vertex -30.6512 8.4177 8.16959
    endloop
  endfacet
  facet normal -0.572336 -0.572336 -0.58725
    outer loop
      vertex -31.5823 9.3488 8.16959
      vertex -31.337 7.80018 9.43981
      vertex -32.1998 8.66298 9.43981
    endloop
  endfacet
  facet normal -0.256183 0.316479 -0.913352
    outer loop
      vertex -36.5461 -4.75383 13.7808
      vertex -36.4031 -3.99479 14.0037
      vertex -35.9973 -5.50929 13.3651
    endloop
  endfacet
  facet normal -0.256296 0.31649 -0.913316
    outer loop
      vertex -36.4031 -3.99479 14.0037
      vertex -36.5461 -4.75383 13.7808
      vertex -36.7345 -4.26316 14.0037
    endloop
  endfacet
  facet normal -0.161831 0.130889 -0.9781
    outer loop
      vertex -37.1149 -2.59776 14.4889
      vertex -37.2457 -2.48 14.5263
      vertex -37.2543 -2.42562 14.535
    endloop
  endfacet
  facet normal -0.520395 0.421464 -0.742669
    outer loop
      vertex -32.363 -5.54858 11.6572
      vertex -31.4191 -6.2344 10.6066
      vertex -32.9849 -6.31646 11.6572
    endloop
  endfacet
  facet normal -0.353891 0.353909 -0.865742
    outer loop
      vertex -34.5335 -6.07119 12.5801
      vertex -34.9393 -4.55668 13.3651
      vertex -33.9288 -5.46652 12.5801
    endloop
  endfacet
  facet normal -0.353919 0.353898 -0.865735
    outer loop
      vertex -34.9393 -4.55668 13.3651
      vertex -34.5335 -6.07119 12.5801
      vertex -35.4433 -5.06071 13.3651
    endloop
  endfacet
  facet normal -0.672589 0.672595 0.30861
    outer loop
      vertex -30.6297 -10.4068 -5.37552
      vertex -29.2327 -9.69496 -3.88229
      vertex -29.5932 -9.37031 -5.37552
    endloop
  endfacet
  facet normal -0.6726 0.672575 0.308631
    outer loop
      vertex -29.2327 -9.69496 -3.88229
      vertex -30.6297 -10.4068 -5.37552
      vertex -30.305 -10.7673 -3.88229
    endloop
  endfacet
  facet normal -0.772906 0.625873 0.104402
    outer loop
      vertex -28.8681 -10.0232 -0.785039
      vertex -27.8814 -8.8047 -0.785039
      vertex -28.9901 -9.91339 -2.34652
    endloop
  endfacet
  facet normal -0.598547 0.739251 0.308625
    outer loop
      vertex -30.6297 -10.4068 -5.37552
      vertex -30.9089 -10.9991 -4.49826
      vertex -30.305 -10.7673 -3.88229
    endloop
  endfacet
  facet normal -0.598619 0.739213 0.308576
    outer loop
      vertex -30.9089 -10.9991 -4.49826
      vertex -30.6297 -10.4068 -5.37552
      vertex -31.1865 -10.8577 -5.37552
    endloop
  endfacet
  facet normal -0.575006 0.710054 0.406437
    outer loop
      vertex -30.6297 -10.4068 -5.37552
      vertex -31.25 -10.8253 -5.52196
      vertex -31.1865 -10.8577 -5.37552
    endloop
  endfacet
  facet normal -0.57502 0.710127 0.40629
    outer loop
      vertex -30.6297 -10.4068 -5.37552
      vertex -31.4469 -10.6974 -6.02418
      vertex -31.25 -10.8253 -5.52196
    endloop
  endfacet
  facet normal -0.575014 0.710141 0.406275
    outer loop
      vertex -31.4469 -10.6974 -6.02418
      vertex -30.6297 -10.4068 -5.37552
      vertex -31.057 -9.9322 -6.80986
    endloop
  endfacet
  facet normal -0.440876 0.678954 0.587069
    outer loop
      vertex -33.1579 -9.45635 -9.41769
      vertex -33.1481 -9.43086 -9.43981
      vertex -33.171 -9.44573 -9.43981
    endloop
  endfacet
  facet normal -0.320288 -0.493635 0.808542
    outer loop
      vertex -35.1127 7.34731 -12.096
      vertex -34.4514 7.63696 -11.6572
      vertex -35.0706 7.39927 -12.0476
    endloop
  endfacet
  facet normal -0.320444 -0.493401 0.808623
    outer loop
      vertex -35.1127 7.34731 -12.096
      vertex -35.198 6.60933 -12.5801
      vertex -34.4514 7.63696 -11.6572
    endloop
  endfacet
  facet normal -0.320406 -0.493412 0.808632
    outer loop
      vertex -35.198 6.60933 -12.5801
      vertex -35.1127 7.34731 -12.096
      vertex -35.4751 6.78927 -12.5801
    endloop
  endfacet
  facet normal -0.370264 -0.457205 0.808621
    outer loop
      vertex -34.5335 6.07119 -12.5801
      vertex -34.4514 7.63696 -11.6572
      vertex -35.198 6.60933 -12.5801
    endloop
  endfacet
  facet normal -0.612581 -0.612581 0.499488
    outer loop
      vertex -30.6512 8.4177 -8.16959
      vertex -31.057 9.9322 -6.80986
      vertex -31.5823 9.3488 -8.16959
    endloop
  endfacet
  facet normal -0.612581 -0.612581 0.499488
    outer loop
      vertex -31.057 9.9322 -6.80986
      vertex -30.6512 8.4177 -8.16959
      vertex -30.0678 8.943 -6.80986
    endloop
  endfacet
  facet normal -0.575027 -0.710136 0.406264
    outer loop
      vertex -31.057 9.9322 -6.80986
      vertex -31.4469 10.6974 -6.02418
      vertex -31.755 10.4974 -6.80986
    endloop
  endfacet
  facet normal -0.596643 -0.304018 0.742691
    outer loop
      vertex -31.3763 3.83951 -11.6572
      vertex -30.8144 5.3033 -10.6066
      vertex -31.8249 4.7199 -11.6572
    endloop
  endfacet
  facet normal -0.524208 -0.267108 0.808616
    outer loop
      vertex -31.3763 3.83951 -11.6572
      vertex -31.8249 4.7199 -11.6572
      vertex -32.9249 4.08479 -12.5801
    endloop
  endfacet
  facet normal -0.49436 -0.0782573 0.865728
    outer loop
      vertex -31.8752 0.853953 -12.5801
      vertex -32.0089 1.69855 -12.5801
      vertex -33.2274 0.711823 -13.3651
    endloop
  endfacet
  facet normal -0.58111 -0.0919899 0.808609
    outer loop
      vertex -31.8752 0.853953 -12.5801
      vertex -30.7665 1.96265 -11.6572
      vertex -32.0089 1.69855 -12.5801
    endloop
  endfacet
  facet normal -0.305587 -0.0483892 0.950934
    outer loop
      vertex -34.6539 0.561894 -14.0037
      vertex -34.7419 1.11763 -14.0037
      vertex -36.2026 0.807172 -14.4889
    endloop
  endfacet
  facet normal -0.46726 -0.179402 0.865727
    outer loop
      vertex -33.5234 2.10436 -13.3651
      vertex -32.2303 2.52454 -12.5801
      vertex -33.7789 2.76982 -13.3651
    endloop
  endfacet
  facet normal -0.587526 0.0307836 0.80862
    outer loop
      vertex -30.6119 -0.986728 -11.6572
      vertex -30.5602 0 -11.6572
      vertex -31.8304 0 -12.5801
    endloop
  endfacet
  facet normal -0.581069 0.0920496 0.808632
    outer loop
      vertex -30.7665 -1.96265 -11.6572
      vertex -30.6119 -0.986728 -11.6572
      vertex -31.8752 -0.853953 -12.5801
    endloop
  endfacet
  facet normal -0.287943 -0.287926 0.913339
    outer loop
      vertex -35.4433 5.06071 -13.3651
      vertex -36.0052 3.59692 -14.0037
      vertex -34.9393 4.55668 -13.3651
    endloop
  endfacet
  facet normal -0.287916 -0.287938 0.913343
    outer loop
      vertex -36.0052 3.59692 -14.0037
      vertex -35.4433 5.06071 -13.3651
      vertex -36.4031 3.99479 -14.0037
    endloop
  endfacet
  facet normal -0.380147 -0.145956 0.913337
    outer loop
      vertex -33.5234 2.10436 -13.3651
      vertex -33.7789 2.76982 -13.3651
      vertex -35.0892 2.18642 -14.0037
    endloop
  endfacet
  facet normal -0.298844 0.0801132 0.950933
    outer loop
      vertex -34.8876 -1.66113 -14.0037
      vertex -34.7419 -1.11763 -14.0037
      vertex -36.2026 -0.807172 -14.4889
    endloop
  endfacet
  facet normal -0.402209 0.0636892 0.91333
    outer loop
      vertex -33.339 -1.41585 -13.3651
      vertex -34.6539 -0.561894 -14.0037
      vertex -34.7419 -1.11763 -14.0037
    endloop
  endfacet
  facet normal -0.46726 0.179402 0.865727
    outer loop
      vertex -32.2303 -2.52454 -12.5801
      vertex -33.5234 -2.10436 -13.3651
      vertex -33.7789 -2.76982 -13.3651
    endloop
  endfacet
  facet normal -0.419764 0.272587 0.865733
    outer loop
      vertex -33.3907 -4.80196 -12.5801
      vertex -34.1025 -3.40493 -13.3651
      vertex -34.4907 -4.00273 -13.3651
    endloop
  endfacet
  facet normal -0.25948 0.168566 0.950924
    outer loop
      vertex -35.3447 -2.68776 -14.0037
      vertex -36.6378 -1.94114 -14.4889
      vertex -36.8592 -2.28195 -14.4889
    endloop
  endfacet
  facet normal -0.201167 0.0536578 0.978086
    outer loop
      vertex -37.4567 -0.82637 -14.7457
      vertex -36.3077 -1.19969 -14.4889
      vertex -37.4681 -0.608446 -14.76
    endloop
  endfacet
  facet normal -0.205664 0.0323521 0.978088
    outer loop
      vertex -37.4718 -0.537377 -14.7647
      vertex -36.2026 -0.807172 -14.4889
      vertex -37.4835 -0.315475 -14.7745
    endloop
  endfacet
  facet normal -0.194679 0.240402 0.950951
    outer loop
      vertex -36.4031 -3.99479 -14.0037
      vertex -36.8882 -3.86271 -14.1364
      vertex -36.7345 -4.26316 -14.0037
    endloop
  endfacet
  facet normal -0.19462 0.240585 0.950916
    outer loop
      vertex -36.8882 -3.86271 -14.1364
      vertex -36.4031 -3.99479 -14.0037
      vertex -36.9476 -3.6412 -14.2046
    endloop
  endfacet
  facet normal -0.855673 -0.13556 0.499446
    outer loop
      vertex -26.7081 1.39703 -6.80986
      vertex -26.927 2.77876 -6.80986
      vertex -27.6948 2.61554 -8.16959
    endloop
  endfacet
  facet normal -0.855648 -0.135462 0.499516
    outer loop
      vertex -27.4889 1.31497 -8.16959
      vertex -26.7081 1.39703 -6.80986
      vertex -27.6948 2.61554 -8.16959
    endloop
  endfacet
  facet normal -0.587526 -0.0307836 0.80862
    outer loop
      vertex -30.5602 0 -11.6572
      vertex -30.6119 0.986728 -11.6572
      vertex -31.8304 0 -12.5801
    endloop
  endfacet
  facet normal -0.668723 -0.035038 0.742686
    outer loop
      vertex -30.5602 0 -11.6572
      vertex -29.3934 0 -10.6066
      vertex -30.6119 0.986728 -11.6572
    endloop
  endfacet
  facet normal -0.581069 -0.0920496 0.808632
    outer loop
      vertex -30.6119 0.986728 -11.6572
      vertex -30.7665 1.96265 -11.6572
      vertex -31.8752 0.853953 -12.5801
    endloop
  endfacet
  facet normal -0.568285 -0.152324 0.80861
    outer loop
      vertex -32.0089 1.69855 -12.5801
      vertex -30.7665 1.96265 -11.6572
      vertex -32.2303 2.52454 -12.5801
    endloop
  endfacet
  facet normal -0.73442 -0.116336 0.66865
    outer loop
      vertex -29.4515 1.10869 -10.6066
      vertex -28.5975 2.42367 -9.43981
      vertex -29.6252 2.20524 -10.6066
    endloop
  endfacet
  facet normal -0.694221 -0.266511 0.668603
    outer loop
      vertex -29.9125 3.27762 -10.6066
      vertex -28.9134 3.60227 -9.43981
      vertex -30.3104 4.31409 -10.6066
    endloop
  endfacet
  facet normal -0.623659 0.404973 0.668615
    outer loop
      vertex -30.5691 -6.85192 -9.43981
      vertex -29.9046 -5.82859 -9.43981
      vertex -30.8144 -5.3033 -10.6066
    endloop
  endfacet
  facet normal -0.662547 0.337618 0.668615
    outer loop
      vertex -29.9046 -5.82859 -9.43981
      vertex -29.3506 -4.74141 -9.43981
      vertex -30.8144 -5.3033 -10.6066
    endloop
  endfacet
  facet normal -0.524208 0.267085 0.808623
    outer loop
      vertex -31.3763 -3.83951 -11.6572
      vertex -32.5367 -3.32287 -12.5801
      vertex -32.9249 -4.08479 -12.5801
    endloop
  endfacet
  facet normal -0.445943 0.227209 0.865743
    outer loop
      vertex -32.9249 -4.08479 -12.5801
      vertex -32.5367 -3.32287 -12.5801
      vertex -33.7789 -2.76982 -13.3651
    endloop
  endfacet
  facet normal -0.174626 0.113442 0.978078
    outer loop
      vertex -36.6378 -1.94114 -14.4889
      vertex -37.3314 -1.93886 -14.613
      vertex -36.8592 -2.28195 -14.4889
    endloop
  endfacet
  facet normal -0.17463 0.113304 0.978093
    outer loop
      vertex -37.3314 -1.93886 -14.613
      vertex -36.6378 -1.94114 -14.4889
      vertex -37.3759 -1.65783 -14.6535
    endloop
  endfacet
  facet normal -0.287943 0.287926 0.913339
    outer loop
      vertex -36.0052 -3.59692 -14.0037
      vertex -35.4433 -5.06071 -13.3651
      vertex -34.9393 -4.55668 -13.3651
    endloop
  endfacet
  facet normal -0.287916 0.287938 0.913343
    outer loop
      vertex -35.4433 -5.06071 -13.3651
      vertex -36.0052 -3.59692 -14.0037
      vertex -36.4031 -3.99479 -14.0037
    endloop
  endfacet
  facet normal -0.421416 0.520417 0.742681
    outer loop
      vertex -33.7656 -8.58092 -10.6066
      vertex -33.6835 -7.01514 -11.6572
      vertex -34.4514 -7.63696 -11.6572
    endloop
  endfacet
  facet normal -0.364658 0.561584 0.74273
    outer loop
      vertex -34.5212 -8.07773 -11.3582
      vertex -34.4514 -7.63696 -11.6572
      vertex -34.7311 -7.81858 -11.6572
    endloop
  endfacet
  facet normal -0.320409 0.493439 0.808614
    outer loop
      vertex -34.7311 -7.81858 -11.6572
      vertex -34.4514 -7.63696 -11.6572
      vertex -35.0706 -7.39927 -12.0476
    endloop
  endfacet
  facet normal -0.421423 0.520415 0.742678
    outer loop
      vertex -32.9028 -7.88224 -10.6066
      vertex -33.6835 -7.01514 -11.6572
      vertex -33.7656 -8.58092 -10.6066
    endloop
  endfacet
  facet normal -0.467965 0.577889 0.66862
    outer loop
      vertex -33.1481 -9.43086 -9.43981
      vertex -32.9028 -7.88224 -10.6066
      vertex -33.7656 -8.58092 -10.6066
    endloop
  endfacet
  facet normal -0.73446 0.116279 0.668616
    outer loop
      vertex -28.5975 -2.42367 -9.43981
      vertex -28.4067 -1.21851 -9.43981
      vertex -29.4515 -1.10869 -10.6066
    endloop
  endfacet
  facet normal -0.799445 0.126567 0.587255
    outer loop
      vertex -27.6948 -2.61554 -8.16959
      vertex -28.4067 -1.21851 -9.43981
      vertex -28.5975 -2.42367 -9.43981
    endloop
  endfacet
  facet normal -0.69171 -0.691684 -0.20763
    outer loop
      vertex -30.0866 11.0099 2.34652
      vertex -29.2327 9.69496 3.88229
      vertex -30.305 10.7673 3.88229
    endloop
  endfacet
  facet normal -0.691698 -0.691692 -0.207643
    outer loop
      vertex -29.2327 9.69496 3.88229
      vertex -30.0866 11.0099 2.34652
      vertex -28.9901 9.91339 2.34652
    endloop
  endfacet
  facet normal -0.615715 -0.760162 -0.207482
    outer loop
      vertex -30.6143 11.1492 3.40097
      vertex -30.305 10.7673 3.88229
      vertex -30.7139 11.0985 3.88229
    endloop
  endfacet
  facet normal -0.797763 -0.518018 -0.308597
    outer loop
      vertex -27.4523 7.24444 3.88229
      vertex -27.8724 7.00185 5.37552
      vertex -28.2782 8.51635 3.88229
    endloop
  endfacet
  facet normal -0.847497 -0.431877 -0.308595
    outer loop
      vertex -27.4523 7.24444 3.88229
      vertex -26.7637 5.89316 3.88229
      vertex -27.8724 7.00185 5.37552
    endloop
  endfacet
  facet normal -0.710134 -0.57502 -0.406278
    outer loop
      vertex -29.5932 9.37031 5.37552
      vertex -28.6708 8.23117 5.37552
      vertex -30.0678 8.943 6.80986
    endloop
  endfacet
  facet normal -0.710123 -0.575053 -0.406251
    outer loop
      vertex -28.6708 8.23117 5.37552
      vertex -29.1874 7.85581 6.80986
      vertex -30.0678 8.943 6.80986
    endloop
  endfacet
  facet normal -0.678842 -0.440807 0.58725
    outer loop
      vertex -29.9046 5.82859 -9.43981
      vertex -29.1054 6.29003 -8.16959
      vertex -30.5691 6.85192 -9.43981
    endloop
  endfacet
  facet normal -0.623659 -0.404973 0.668615
    outer loop
      vertex -29.9046 5.82859 -9.43981
      vertex -30.5691 6.85192 -9.43981
      vertex -30.8144 5.3033 -10.6066
    endloop
  endfacet
  facet normal -0.520403 -0.421425 0.742685
    outer loop
      vertex -31.4191 6.2344 -10.6066
      vertex -32.1178 7.0972 -10.6066
      vertex -32.9849 6.31646 -11.6572
    endloop
  endfacet
  facet normal -0.416041 -0.415994 0.808615
    outer loop
      vertex -33.6835 7.01514 -11.6572
      vertex -33.9288 5.46652 -12.5801
      vertex -32.9849 6.31646 -11.6572
    endloop
  endfacet
  facet normal -0.415991 -0.416012 0.808632
    outer loop
      vertex -33.9288 5.46652 -12.5801
      vertex -33.6835 7.01514 -11.6572
      vertex -34.5335 6.07119 -12.5801
    endloop
  endfacet
  facet normal -0.847497 -0.431877 0.308595
    outer loop
      vertex -26.7637 5.89316 -3.88229
      vertex -27.4523 7.24444 -3.88229
      vertex -27.8724 7.00185 -5.37552
    endloop
  endfacet
  facet normal -0.814173 -0.414807 0.406274
    outer loop
      vertex -27.7904 5.43607 -6.80986
      vertex -27.207 5.69582 -5.37552
      vertex -27.8724 7.00185 -5.37552
    endloop
  endfacet
  facet normal -0.982293 -0.155586 0.104375
    outer loop
      vertex -25.2658 1.54862 -2.34652
      vertex -25.1026 1.56578 -0.785039
      vertex -25.5084 3.08028 -2.34652
    endloop
  endfacet
  facet normal -0.887992 -0.340872 0.308669
    outer loop
      vertex -26.2202 4.47731 -3.88229
      vertex -26.7637 5.89316 -3.88229
      vertex -27.207 5.69582 -5.37552
    endloop
  endfacet
  facet normal -0.64612 -0.64612 0.406274
    outer loop
      vertex -30.0678 8.943 -6.80986
      vertex -30.6297 10.4068 -5.37552
      vertex -31.057 9.9322 -6.80986
    endloop
  endfacet
  facet normal -0.646115 -0.646122 0.406278
    outer loop
      vertex -30.6297 10.4068 -5.37552
      vertex -30.0678 8.943 -6.80986
      vertex -29.5932 9.37031 -5.37552
    endloop
  endfacet
  facet normal -0.6726 -0.672575 0.308631
    outer loop
      vertex -30.6297 10.4068 -5.37552
      vertex -29.2327 9.69496 -3.88229
      vertex -30.305 10.7673 -3.88229
    endloop
  endfacet
  facet normal -0.672589 -0.672595 0.30861
    outer loop
      vertex -29.2327 9.69496 -3.88229
      vertex -30.6297 10.4068 -5.37552
      vertex -29.5932 9.37031 -5.37552
    endloop
  endfacet
  facet normal -0.673257 -0.545199 0.499483
    outer loop
      vertex -29.8225 7.39437 -8.16959
      vertex -29.1874 7.85581 -6.80986
      vertex -30.0678 8.943 -6.80986
    endloop
  endfacet
  facet normal -0.710123 -0.575053 0.406251
    outer loop
      vertex -29.1874 7.85581 -6.80986
      vertex -28.6708 8.23117 -5.37552
      vertex -30.0678 8.943 -6.80986
    endloop
  endfacet
  facet normal -0.739231 -0.59858 0.308608
    outer loop
      vertex -28.6708 8.23117 -5.37552
      vertex -29.2327 9.69496 -3.88229
      vertex -29.5932 9.37031 -5.37552
    endloop
  endfacet
  facet normal -0.838658 -0.544658 0
    outer loop
      vertex -27.0274 7.48972 -0.785039
      vertex -27.8814 8.8047 0.785039
      vertex -27.8814 8.8047 -0.785039
    endloop
  endfacet
  facet normal -0.838658 -0.544658 0
    outer loop
      vertex -27.8814 8.8047 0.785039
      vertex -27.0274 7.48972 -0.785039
      vertex -27.0274 7.48972 0.785039
    endloop
  endfacet
  facet normal -0.772878 -0.625916 0.104352
    outer loop
      vertex -28.0141 8.70823 -2.34652
      vertex -27.8814 8.8047 -0.785039
      vertex -28.9901 9.91339 -2.34652
    endloop
  endfacet
  facet normal -0.913239 -0.350563 -0.207605
    outer loop
      vertex -25.9098 4.57819 2.34652
      vertex -26.2202 4.47731 3.88229
      vertex -26.7637 5.89316 3.88229
    endloop
  endfacet
  facet normal -0.887992 -0.340872 -0.308669
    outer loop
      vertex -26.7637 5.89316 3.88229
      vertex -26.2202 4.47731 3.88229
      vertex -27.207 5.69582 5.37552
    endloop
  endfacet
  facet normal -0.960642 -0.257427 -0.104395
    outer loop
      vertex -25.7537 4.6289 0.785039
      vertex -25.5084 3.08028 2.34652
      vertex -25.9098 4.57819 2.34652
    endloop
  endfacet
  facet normal -0.960652 -0.2574 -0.104367
    outer loop
      vertex -25.3479 3.1144 0.785039
      vertex -25.5084 3.08028 2.34652
      vertex -25.7537 4.6289 0.785039
    endloop
  endfacet
  facet normal -0.820418 -0.532729 -0.207638
    outer loop
      vertex -27.1696 7.40766 2.34652
      vertex -27.4523 7.24444 3.88229
      vertex -28.2782 8.51635 3.88229
    endloop
  endfacet
  facet normal -0.871565 -0.444141 -0.207638
    outer loop
      vertex -27.1696 7.40766 2.34652
      vertex -26.7637 5.89316 3.88229
      vertex -27.4523 7.24444 3.88229
    endloop
  endfacet
  facet normal -0.96616 -0.152995 -0.207669
    outer loop
      vertex -25.2658 1.54862 2.34652
      vertex -25.5905 1.5145 3.88229
      vertex -25.8277 3.01241 3.88229
    endloop
  endfacet
  facet normal -0.939479 -0.14877 -0.308621
    outer loop
      vertex -25.8277 3.01241 3.88229
      vertex -25.5905 1.5145 3.88229
      vertex -26.073 1.46379 5.37552
    endloop
  endfacet
  facet normal -0.960642 0.257427 0.104395
    outer loop
      vertex -25.7537 -4.6289 -0.785039
      vertex -25.5084 -3.08028 -2.34652
      vertex -25.9098 -4.57819 -2.34652
    endloop
  endfacet
  facet normal -0.998632 0.0522984 0
    outer loop
      vertex -25.1026 -1.56578 -0.785039
      vertex -25.0206 0 0.785039
      vertex -25.0206 0 -0.785039
    endloop
  endfacet
  facet normal -0.998632 0.0522984 0
    outer loop
      vertex -25.0206 0 0.785039
      vertex -25.1026 -1.56578 -0.785039
      vertex -25.1026 -1.56578 0.785039
    endloop
  endfacet
  facet normal -0.797696 0.518075 -0.308673
    outer loop
      vertex -27.8724 -7.00185 5.37552
      vertex -28.2782 -8.51635 3.88229
      vertex -28.6708 -8.23117 5.37552
    endloop
  endfacet
  facet normal -0.766337 0.497649 -0.406292
    outer loop
      vertex -28.4255 -6.68255 6.80986
      vertex -27.8724 -7.00185 5.37552
      vertex -29.1874 -7.85581 6.80986
    endloop
  endfacet
  facet normal -0.982293 0.155586 -0.104375
    outer loop
      vertex -25.2658 -1.54862 2.34652
      vertex -25.1026 -1.56578 0.785039
      vertex -25.5084 -3.08028 2.34652
    endloop
  endfacet
  facet normal -0.887992 0.340872 -0.308669
    outer loop
      vertex -26.2202 -4.47731 3.88229
      vertex -26.7637 -5.89316 3.88229
      vertex -27.207 -5.69582 5.37552
    endloop
  endfacet
  facet normal -0.760183 0.615635 0.207644
    outer loop
      vertex -28.9901 -9.91339 -2.34652
      vertex -28.0141 -8.70823 -2.34652
      vertex -29.2327 -9.69496 -3.88229
    endloop
  endfacet
  facet normal -0.886146 0.4515 0.104369
    outer loop
      vertex -26.3156 -6.09269 -0.785039
      vertex -26.4655 -6.02594 -2.34652
      vertex -27.0274 -7.48972 -0.785039
    endloop
  endfacet
  facet normal -0.703246 0.70324 -0.1044
    outer loop
      vertex -28.8681 -10.0232 0.785039
      vertex -30.0866 -11.0099 2.34652
      vertex -28.9901 -9.91339 2.34652
    endloop
  endfacet
  facet normal -0.703243 0.703243 -0.104396
    outer loop
      vertex -30.0866 -11.0099 2.34652
      vertex -28.8681 -10.0232 0.785039
      vertex -29.9768 -11.1319 0.785039
    endloop
  endfacet
  facet normal -0.598619 0.739213 -0.308576
    outer loop
      vertex -30.6297 -10.4068 5.37552
      vertex -30.9089 -10.9991 4.49826
      vertex -31.1865 -10.8577 5.37552
    endloop
  endfacet
  facet normal -0.598547 0.739251 -0.308625
    outer loop
      vertex -30.9089 -10.9991 4.49826
      vertex -30.6297 -10.4068 5.37552
      vertex -30.305 -10.7673 3.88229
    endloop
  endfacet
  facet normal -0.672589 0.672595 -0.30861
    outer loop
      vertex -29.2327 -9.69496 3.88229
      vertex -30.6297 -10.4068 5.37552
      vertex -29.5932 -9.37031 5.37552
    endloop
  endfacet
  facet normal -0.6726 0.672575 -0.308631
    outer loop
      vertex -30.6297 -10.4068 5.37552
      vertex -29.2327 -9.69496 3.88229
      vertex -30.305 -10.7673 3.88229
    endloop
  endfacet
  facet normal -0.703246 0.70324 0.1044
    outer loop
      vertex -30.0866 -11.0099 -2.34652
      vertex -28.8681 -10.0232 -0.785039
      vertex -28.9901 -9.91339 -2.34652
    endloop
  endfacet
  facet normal -0.703243 0.703243 0.104396
    outer loop
      vertex -28.8681 -10.0232 -0.785039
      vertex -30.0866 -11.0099 -2.34652
      vertex -29.9768 -11.1319 -0.785039
    endloop
  endfacet
  facet normal -0.82042 0.532724 0.207643
    outer loop
      vertex -28.0141 -8.70823 -2.34652
      vertex -27.1696 -7.40766 -2.34652
      vertex -28.2782 -8.51635 -3.88229
    endloop
  endfacet
  facet normal -0.820418 0.532729 0.207638
    outer loop
      vertex -27.1696 -7.40766 -2.34652
      vertex -27.4523 -7.24444 -3.88229
      vertex -28.2782 -8.51635 -3.88229
    endloop
  endfacet
  facet normal -0.960652 0.2574 0.104367
    outer loop
      vertex -25.3479 -3.1144 -0.785039
      vertex -25.5084 -3.08028 -2.34652
      vertex -25.7537 -4.6289 -0.785039
    endloop
  endfacet
  facet normal -0.882642 0.236455 0.406243
    outer loop
      vertex -26.6817 -4.32738 -5.37552
      vertex -26.927 -2.77876 -6.80986
      vertex -27.289 -4.13004 -6.80986
    endloop
  endfacet
  facet normal -0.836836 0.224183 0.499447
    outer loop
      vertex -27.289 -4.13004 -6.80986
      vertex -26.927 -2.77876 -6.80986
      vertex -27.6948 -2.61554 -8.16959
    endloop
  endfacet
  facet normal -0.814154 0.414824 0.406293
    outer loop
      vertex -27.8724 -7.00185 -5.37552
      vertex -27.7904 -5.43607 -6.80986
      vertex -28.4255 -6.68255 -6.80986
    endloop
  endfacet
  facet normal -0.766337 0.497649 0.406292
    outer loop
      vertex -27.8724 -7.00185 -5.37552
      vertex -28.4255 -6.68255 -6.80986
      vertex -29.1874 -7.85581 -6.80986
    endloop
  endfacet
  facet normal -0.612581 0.612581 0.499488
    outer loop
      vertex -30.6512 -8.4177 -8.16959
      vertex -31.057 -9.9322 -6.80986
      vertex -30.0678 -8.943 -6.80986
    endloop
  endfacet
  facet normal -0.612581 0.612581 0.499488
    outer loop
      vertex -31.057 -9.9322 -6.80986
      vertex -30.6512 -8.4177 -8.16959
      vertex -31.5823 -9.3488 -8.16959
    endloop
  endfacet
  facet normal -0.67325 0.545203 0.499488
    outer loop
      vertex -30.0678 -8.943 -6.80986
      vertex -29.8225 -7.39437 -8.16959
      vertex -30.6512 -8.4177 -8.16959
    endloop
  endfacet
  facet normal -0.80828 0.0424126 0.587269
    outer loop
      vertex -27.4889 -1.31497 -8.16959
      vertex -27.4199 0 -8.16959
      vertex -28.3428 0 -9.43981
    endloop
  endfacet
  facet normal -0.80828 -0.0424126 0.587269
    outer loop
      vertex -27.4199 0 -8.16959
      vertex -27.4889 1.31497 -8.16959
      vertex -28.3428 0 -9.43981
    endloop
  endfacet
  facet normal -0.987686 0.156449 0
    outer loop
      vertex -25.3479 -3.1144 -0.785039
      vertex -25.1026 -1.56578 0.785039
      vertex -25.1026 -1.56578 -0.785039
    endloop
  endfacet
  facet normal -0.987686 0.156449 0
    outer loop
      vertex -25.1026 -1.56578 0.785039
      vertex -25.3479 -3.1144 -0.785039
      vertex -25.3479 -3.1144 0.785039
    endloop
  endfacet
  facet normal -0.928481 0.356413 0.104369
    outer loop
      vertex -26.3156 -6.09269 -0.785039
      vertex -25.7537 -4.6289 -0.785039
      vertex -26.4655 -6.02594 -2.34652
    endloop
  endfacet
  facet normal -0.928488 -0.356388 0.104394
    outer loop
      vertex -25.9098 4.57819 -2.34652
      vertex -25.7537 4.6289 -0.785039
      vertex -26.4655 6.02594 -2.34652
    endloop
  endfacet
  facet normal -0.993177 -0.0520127 0.104375
    outer loop
      vertex -25.0206 0 -0.785039
      vertex -25.1026 1.56578 -0.785039
      vertex -25.2658 1.54862 -2.34652
    endloop
  endfacet
  facet normal -0.185468 -0.0944578 0.9781
    outer loop
      vertex -37.432 1.29807 -14.7016
      vertex -36.4534 1.57907 -14.4889
      vertex -36.6378 1.94114 -14.4889
    endloop
  endfacet
  facet normal -0.185416 -0.094633 0.978093
    outer loop
      vertex -36.4534 1.57907 -14.4889
      vertex -37.432 1.29807 -14.7016
      vertex -37.4403 1.13966 -14.7185
    endloop
  endfacet
  facet normal -0.457218 -0.370213 0.808637
    outer loop
      vertex -33.3907 4.80196 -12.5801
      vertex -32.363 5.54858 -11.6572
      vertex -33.9288 5.46652 -12.5801
    endloop
  endfacet
  facet normal -0.493375 -0.320446 0.808638
    outer loop
      vertex -32.9249 4.08479 -12.5801
      vertex -32.363 5.54858 -11.6572
      vertex -33.3907 4.80196 -12.5801
    endloop
  endfacet
  facet normal -0.572336 0.572336 -0.58725
    outer loop
      vertex -31.5823 -9.3488 8.16959
      vertex -31.337 -7.80018 9.43981
      vertex -30.6512 -8.4177 8.16959
    endloop
  endfacet
  facet normal -0.572336 0.572336 -0.58725
    outer loop
      vertex -31.337 -7.80018 9.43981
      vertex -31.5823 -9.3488 8.16959
      vertex -32.1998 -8.66298 9.43981
    endloop
  endfacet
  facet normal -0.721163 0.367509 -0.58725
    outer loop
      vertex -28.5075 -5.11677 8.16959
      vertex -29.1054 -6.29003 8.16959
      vertex -29.9046 -5.82859 9.43981
    endloop
  endfacet
  facet normal -0.577869 0.467958 -0.668642
    outer loop
      vertex -30.5691 -6.85192 9.43981
      vertex -31.337 -7.80018 9.43981
      vertex -32.1178 -7.0972 10.6066
    endloop
  endfacet
  facet normal -0.577868 0.467961 -0.668641
    outer loop
      vertex -31.4191 -6.2344 10.6066
      vertex -30.5691 -6.85192 9.43981
      vertex -32.1178 -7.0972 10.6066
    endloop
  endfacet
  facet normal -0.364685 0.561634 -0.742679
    outer loop
      vertex -34.2893 -8.36413 11.0277
      vertex -33.7656 -8.58092 10.6066
      vertex -33.9517 -8.70176 10.6066
    endloop
  endfacet
  facet normal -0.364687 0.561631 -0.74268
    outer loop
      vertex -34.2893 -8.36413 11.0277
      vertex -34.4514 -7.63696 11.6572
      vertex -33.7656 -8.58092 10.6066
    endloop
  endfacet
  facet normal -0.36487 0.56156 -0.742644
    outer loop
      vertex -34.4514 -7.63696 11.6572
      vertex -34.2893 -8.36413 11.0277
      vertex -34.5212 -8.07773 11.3582
    endloop
  endfacet
  facet normal -0.421416 0.520417 -0.742681
    outer loop
      vertex -33.6835 -7.01514 11.6572
      vertex -33.7656 -8.58092 10.6066
      vertex -34.4514 -7.63696 11.6572
    endloop
  endfacet
  facet normal -0.404571 0.624098 -0.668449
    outer loop
      vertex -33.3641 -9.28931 9.7027
      vertex -33.1481 -9.43086 9.43981
      vertex -33.1994 -9.42274 9.47844
    endloop
  endfacet
  facet normal -0.405164 0.623524 -0.668626
    outer loop
      vertex -33.3641 -9.28931 9.7027
      vertex -33.7656 -8.58092 10.6066
      vertex -33.1481 -9.43086 9.43981
    endloop
  endfacet
  facet normal -0.404955 0.623651 -0.668633
    outer loop
      vertex -33.7656 -8.58092 10.6066
      vertex -33.3641 -9.28931 9.7027
      vertex -33.9517 -8.70176 10.6066
    endloop
  endfacet
  facet normal -0.402248 0.06357 -0.913321
    outer loop
      vertex -34 -0.98656 13.6861
      vertex -33.339 -1.41585 13.3651
      vertex -34 -1.27534 13.666
    endloop
  endfacet
  facet normal -0.494298 0.0783545 -0.865754
    outer loop
      vertex -33.2274 -0.711823 13.3651
      vertex -32.0089 -1.69855 12.5801
      vertex -33.339 -1.41585 13.3651
    endloop
  endfacet
  facet normal -0.499832 0.0261915 -0.865726
    outer loop
      vertex -33.1901 0 13.3651
      vertex -31.8752 -0.853953 12.5801
      vertex -33.2274 -0.711823 13.3651
    endloop
  endfacet
  facet normal -0.406608 -0.0213065 -0.913354
    outer loop
      vertex -34 0.310875 13.7184
      vertex -33.2274 0.711823 13.3651
      vertex -33.1901 0 13.3651
    endloop
  endfacet
  facet normal -0.406682 -0.0211372 -0.913325
    outer loop
      vertex -33.2274 0.711823 13.3651
      vertex -34 0.310875 13.7184
      vertex -34 0.630625 13.711
    endloop
  endfacet
  facet normal -0.402189 -0.0638931 -0.913325
    outer loop
      vertex -34 0.98656 13.6861
      vertex -33.2274 0.711823 13.3651
      vertex -34 0.630625 13.711
    endloop
  endfacet
  facet normal -0.402148 -0.0637472 -0.913353
    outer loop
      vertex -33.2274 0.711823 13.3651
      vertex -34 0.98656 13.6861
      vertex -33.339 1.41585 13.3651
    endloop
  endfacet
  facet normal -0.493434 -0.320409 -0.808617
    outer loop
      vertex -32.363 5.54858 11.6572
      vertex -31.8249 4.7199 11.6572
      vertex -32.9249 4.08479 12.5801
    endloop
  endfacet
  facet normal -0.314959 -0.388977 -0.865736
    outer loop
      vertex -34.5335 6.07119 12.5801
      vertex -35.4433 5.06071 13.3651
      vertex -35.9973 5.50929 13.3651
    endloop
  endfacet
  facet normal -0.524208 0.267108 -0.808616
    outer loop
      vertex -31.3763 -3.83951 11.6572
      vertex -31.8249 -4.7199 11.6572
      vertex -32.9249 -4.08479 12.5801
    endloop
  endfacet
  facet normal -0.419743 0.272622 -0.865733
    outer loop
      vertex -34 -3.60608 13.2521
      vertex -32.9249 -4.08479 12.5801
      vertex -33.3907 -4.80196 12.5801
    endloop
  endfacet
  facet normal -0.419772 0.272563 -0.865737
    outer loop
      vertex -32.9249 -4.08479 12.5801
      vertex -34 -3.60608 13.2521
      vertex -34 -3.4641 13.2968
    endloop
  endfacet
  facet normal -0.493375 0.320446 -0.808638
    outer loop
      vertex -32.9249 -4.08479 12.5801
      vertex -32.363 -5.54858 11.6572
      vertex -33.3907 -4.80196 12.5801
    endloop
  endfacet
  facet normal -0.596667 0.304 -0.74268
    outer loop
      vertex -30.3104 -4.31409 10.6066
      vertex -30.8144 -5.3033 10.6066
      vertex -31.3763 -3.83951 11.6572
    endloop
  endfacet
  facet normal -0.549236 0.210835 -0.808634
    outer loop
      vertex -31.0222 -2.91706 11.6572
      vertex -31.3763 -3.83951 11.6572
      vertex -32.2303 -2.52454 12.5801
    endloop
  endfacet
  facet normal -0.71829 0.192436 -0.668602
    outer loop
      vertex -29.6252 -2.20524 10.6066
      vertex -28.9134 -3.60227 9.43981
      vertex -29.9125 -3.27762 10.6066
    endloop
  endfacet
  facet normal -0.467257 0.179334 -0.865742
    outer loop
      vertex -32.2303 -2.52454 12.5801
      vertex -32.5367 -3.32287 12.5801
      vertex -33.7789 -2.76982 13.3651
    endloop
  endfacet
  facet normal -0.445943 0.227209 -0.865743
    outer loop
      vertex -32.5367 -3.32287 12.5801
      vertex -32.9249 -4.08479 12.5801
      vertex -33.7789 -2.76982 13.3651
    endloop
  endfacet
  facet normal -0.370235 -0.457212 -0.80863
    outer loop
      vertex -34.4514 7.63696 11.6572
      vertex -33.6835 7.01514 11.6572
      vertex -34.5335 6.07119 12.5801
    endloop
  endfacet
  facet normal -0.256241 -0.316459 -0.913342
    outer loop
      vertex -35.9973 5.50929 13.3651
      vertex -35.4433 5.06071 13.3651
      vertex -36.4031 3.99479 14.0037
    endloop
  endfacet
  facet normal -0.483449 -0.129585 -0.865728
    outer loop
      vertex -32.2303 2.52454 12.5801
      vertex -32.0089 1.69855 12.5801
      vertex -33.5234 2.10436 13.3651
    endloop
  endfacet
  facet normal -0.316464 -0.256164 -0.913362
    outer loop
      vertex -35.5166 3.52671 13.8541
      vertex -36.0052 3.59692 14.0037
      vertex -34.9965 3.8672 13.5784
    endloop
  endfacet
  facet normal -0.316469 -0.256267 -0.913332
    outer loop
      vertex -36.0052 3.59692 14.0037
      vertex -35.5166 3.52671 13.8541
      vertex -35.7618 3.29634 14.0037
    endloop
  endfacet
  facet normal -0.404897 -0.623547 -0.668766
    outer loop
      vertex -33.171 9.44573 9.43981
      vertex -33.1481 9.43086 9.43981
      vertex -33.1994 9.42274 9.47844
    endloop
  endfacet
  facet normal -0.707107 -0.707107 0
    outer loop
      vertex -28.8681 10.0232 -0.785039
      vertex -29.9768 11.1319 0.785039
      vertex -29.9768 11.1319 -0.785039
    endloop
  endfacet
  facet normal -0.707107 -0.707107 0
    outer loop
      vertex -29.9768 11.1319 0.785039
      vertex -28.8681 10.0232 -0.785039
      vertex -28.8681 10.0232 0.785039
    endloop
  endfacet
  facet normal -0.661396 0.104775 -0.742683
    outer loop
      vertex -30.6119 -0.986728 11.6572
      vertex -29.4515 -1.10869 10.6066
      vertex -30.7665 -1.96265 11.6572
    endloop
  endfacet
  facet normal -0.587505 0.0308216 -0.808633
    outer loop
      vertex -31.8304 0 12.5801
      vertex -30.6119 -0.986728 11.6572
      vertex -31.8752 -0.853953 12.5801
    endloop
  endfacet
  facet normal -0.80828 -0.0424126 -0.587269
    outer loop
      vertex -27.4889 1.31497 8.16959
      vertex -27.4199 0 8.16959
      vertex -28.3428 0 9.43981
    endloop
  endfacet
  facet normal -0.80828 0.0424126 -0.587269
    outer loop
      vertex -27.4199 0 8.16959
      vertex -27.4889 -1.31497 8.16959
      vertex -28.3428 0 9.43981
    endloop
  endfacet
  facet normal -0.64683 -0.173291 -0.742685
    outer loop
      vertex -29.9125 3.27762 10.6066
      vertex -29.6252 2.20524 10.6066
      vertex -30.7665 1.96265 11.6572
    endloop
  endfacet
  facet normal -0.661394 -0.104769 -0.742685
    outer loop
      vertex -29.6252 2.20524 10.6066
      vertex -29.4515 1.10869 10.6066
      vertex -30.7665 1.96265 11.6572
    endloop
  endfacet
  facet normal -0.781807 0.209548 -0.587255
    outer loop
      vertex -28.5975 -2.42367 9.43981
      vertex -27.6948 -2.61554 8.16959
      vertex -28.9134 -3.60227 9.43981
    endloop
  endfacet
  facet normal -0.882642 0.236455 -0.406243
    outer loop
      vertex -26.927 -2.77876 6.80986
      vertex -26.6817 -4.32738 5.37552
      vertex -27.289 -4.13004 6.80986
    endloop
  endfacet
  facet normal -0.623611 -0.405002 -0.668643
    outer loop
      vertex -30.5691 6.85192 9.43981
      vertex -30.8144 5.3033 10.6066
      vertex -31.4191 6.2344 10.6066
    endloop
  endfacet
  facet normal -0.577868 -0.467961 -0.668641
    outer loop
      vertex -30.5691 6.85192 9.43981
      vertex -31.4191 6.2344 10.6066
      vertex -32.1178 7.0972 10.6066
    endloop
  endfacet
  facet normal -0.623659 -0.404973 -0.668615
    outer loop
      vertex -30.5691 6.85192 9.43981
      vertex -29.9046 5.82859 9.43981
      vertex -30.8144 5.3033 10.6066
    endloop
  endfacet
  facet normal -0.662547 -0.337618 -0.668615
    outer loop
      vertex -29.9046 5.82859 9.43981
      vertex -29.3506 4.74141 9.43981
      vertex -30.8144 5.3033 10.6066
    endloop
  endfacet
  facet normal -0.882642 -0.236455 -0.406243
    outer loop
      vertex -26.6817 4.32738 5.37552
      vertex -26.927 2.77876 6.80986
      vertex -27.289 4.13004 6.80986
    endloop
  endfacet
  facet normal -0.853072 -0.327467 -0.406244
    outer loop
      vertex -27.207 5.69582 5.37552
      vertex -26.6817 4.32738 5.37552
      vertex -27.289 4.13004 6.80986
    endloop
  endfacet
  facet normal -0.320288 -0.493635 -0.808542
    outer loop
      vertex -34.4514 7.63696 11.6572
      vertex -35.1127 7.34731 12.096
      vertex -35.0706 7.39927 12.0476
    endloop
  endfacet
  facet normal -0.320444 -0.493401 -0.808623
    outer loop
      vertex -35.198 6.60933 12.5801
      vertex -35.1127 7.34731 12.096
      vertex -34.4514 7.63696 11.6572
    endloop
  endfacet
  facet normal -0.320406 -0.493412 -0.808632
    outer loop
      vertex -35.1127 7.34731 12.096
      vertex -35.198 6.60933 12.5801
      vertex -35.4751 6.78927 12.5801
    endloop
  endfacet
  facet normal -0.320409 -0.493439 -0.808614
    outer loop
      vertex -34.7311 7.81858 11.6572
      vertex -34.4514 7.63696 11.6572
      vertex -35.0706 7.39927 12.0476
    endloop
  endfacet
  facet normal -0.256241 0.316459 -0.913342
    outer loop
      vertex -35.4433 -5.06071 13.3651
      vertex -35.9973 -5.50929 13.3651
      vertex -36.4031 -3.99479 14.0037
    endloop
  endfacet
  facet normal -0.316469 0.256267 -0.913332
    outer loop
      vertex -35.5166 -3.52671 13.8541
      vertex -36.0052 -3.59692 14.0037
      vertex -35.7618 -3.29634 14.0037
    endloop
  endfacet
  facet normal -0.316464 0.256164 -0.913362
    outer loop
      vertex -36.0052 -3.59692 14.0037
      vertex -35.5166 -3.52671 13.8541
      vertex -34.9965 -3.8672 13.5784
    endloop
  endfacet
  facet normal -0.388868 0.31499 -0.865773
    outer loop
      vertex -33.9288 -5.46652 12.5801
      vertex -34.0804 -4.45887 13.0148
      vertex -34 -4.50034 12.9636
    endloop
  endfacet
  facet normal -0.388957 0.314963 -0.865743
    outer loop
      vertex -34.0804 -4.45887 13.0148
      vertex -33.9288 -5.46652 12.5801
      vertex -34.4031 -4.23095 13.2427
    endloop
  endfacet
  facet normal -0.388984 0.314964 -0.86573
    outer loop
      vertex -34 -4.50034 12.9636
      vertex -33.3907 -4.80196 12.5801
      vertex -33.9288 -5.46652 12.5801
    endloop
  endfacet
  facet normal -0.389085 0.314785 -0.86575
    outer loop
      vertex -33.3907 -4.80196 12.5801
      vertex -34 -4.50034 12.9636
      vertex -34 -4.35925 13.0149
    endloop
  endfacet
  facet normal -0.419694 0.272654 -0.865746
    outer loop
      vertex -34 -3.60608 13.2521
      vertex -33.3907 -4.80196 12.5801
      vertex -34 -4.35925 13.0149
    endloop
  endfacet
  facet normal -0.473519 -0.473495 0.742685
    outer loop
      vertex -32.9028 7.88224 -10.6066
      vertex -32.9849 6.31646 -11.6572
      vertex -32.1178 7.0972 -10.6066
    endloop
  endfacet
  facet normal -0.473542 -0.473488 0.742676
    outer loop
      vertex -32.9849 6.31646 -11.6572
      vertex -32.9028 7.88224 -10.6066
      vertex -33.6835 7.01514 -11.6572
    endloop
  endfacet
  facet normal -0.272556 -0.419742 0.865754
    outer loop
      vertex -35.8253 6.25 -12.9518
      vertex -35.198 6.60933 -12.5801
      vertex -35.7868 6.30936 -12.9109
    endloop
  endfacet
  facet normal -0.272527 -0.419782 0.865743
    outer loop
      vertex -35.8253 6.25 -12.9518
      vertex -35.9973 5.50929 -13.3651
      vertex -35.198 6.60933 -12.5801
    endloop
  endfacet
  facet normal -0.272723 -0.41972 0.865712
    outer loop
      vertex -35.9973 5.50929 -13.3651
      vertex -35.8253 6.25 -12.9518
      vertex -36.1516 5.60955 -13.3651
    endloop
  endfacet
  facet normal -0.314979 -0.388938 0.865746
    outer loop
      vertex -34.5335 6.07119 -12.5801
      vertex -35.198 6.60933 -12.5801
      vertex -35.9973 5.50929 -13.3651
    endloop
  endfacet
  facet normal -0.364685 -0.561634 0.742679
    outer loop
      vertex -34.2893 8.36413 -11.0277
      vertex -33.7656 8.58092 -10.6066
      vertex -33.9517 8.70176 -10.6066
    endloop
  endfacet
  facet normal -0.364687 -0.561631 0.74268
    outer loop
      vertex -34.2893 8.36413 -11.0277
      vertex -34.4514 7.63696 -11.6572
      vertex -33.7656 8.58092 -10.6066
    endloop
  endfacet
  facet normal -0.36487 -0.56156 0.742644
    outer loop
      vertex -34.4514 7.63696 -11.6572
      vertex -34.2893 8.36413 -11.0277
      vertex -34.5212 8.07773 -11.3582
    endloop
  endfacet
  facet normal -0.259501 -0.168495 0.95093
    outer loop
      vertex -35.3447 2.68776 -14.0037
      vertex -35.6511 3.15965 -14.0037
      vertex -36.8592 2.28195 -14.4889
    endloop
  endfacet
  facet normal -0.288853 -0.110933 0.950925
    outer loop
      vertex -36.3077 1.19969 -14.4889
      vertex -34.8876 1.66113 -14.0037
      vertex -36.4534 1.57907 -14.4889
    endloop
  endfacet
  facet normal -0.494298 -0.0783545 0.865754
    outer loop
      vertex -33.2274 0.711823 -13.3651
      vertex -32.0089 1.69855 -12.5801
      vertex -33.339 1.41585 -13.3651
    endloop
  endfacet
  facet normal -0.402209 -0.0636892 0.91333
    outer loop
      vertex -34.6539 0.561894 -14.0037
      vertex -33.339 1.41585 -13.3651
      vertex -34.7419 1.11763 -14.0037
    endloop
  endfacet
  facet normal -0.393354 -0.10535 0.913331
    outer loop
      vertex -33.339 1.41585 -13.3651
      vertex -33.5234 2.10436 -13.3651
      vertex -34.7419 1.11763 -14.0037
    endloop
  endfacet
  facet normal -0.499832 0.0261915 0.865726
    outer loop
      vertex -31.8752 -0.853953 -12.5801
      vertex -33.1901 0 -13.3651
      vertex -33.2274 -0.711823 -13.3651
    endloop
  endfacet
  facet normal -0.58111 0.0919899 0.808609
    outer loop
      vertex -30.7665 -1.96265 -11.6572
      vertex -31.8752 -0.853953 -12.5801
      vertex -32.0089 -1.69855 -12.5801
    endloop
  endfacet
  facet normal -0.402174 0.0637513 0.913341
    outer loop
      vertex -33.339 -1.41585 -13.3651
      vertex -33.2274 -0.711823 -13.3651
      vertex -34.6539 -0.561894 -14.0037
    endloop
  endfacet
  facet normal -0.406635 0.021308 0.913342
    outer loop
      vertex -33.2274 -0.711823 -13.3651
      vertex -33.1901 0 -13.3651
      vertex -34.6539 -0.561894 -14.0037
    endloop
  endfacet
  facet normal -0.587505 0.0308216 0.808633
    outer loop
      vertex -30.6119 -0.986728 -11.6572
      vertex -31.8304 0 -12.5801
      vertex -31.8752 -0.853953 -12.5801
    endloop
  endfacet
  facet normal -0.499817 0.0262214 0.865734
    outer loop
      vertex -31.8752 -0.853953 -12.5801
      vertex -31.8304 0 -12.5801
      vertex -33.1901 0 -13.3651
    endloop
  endfacet
  facet normal -0.194337 -0.0746345 0.978091
    outer loop
      vertex -37.4512 0.931056 -14.7366
      vertex -36.3077 1.19969 -14.4889
      vertex -36.4534 1.57907 -14.4889
    endloop
  endfacet
  facet normal -0.194293 -0.0748139 0.978086
    outer loop
      vertex -36.3077 1.19969 -14.4889
      vertex -37.4512 0.931056 -14.7366
      vertex -37.4567 0.82637 -14.7457
    endloop
  endfacet
  facet normal -0.483433 0.129475 0.865753
    outer loop
      vertex -32.0089 -1.69855 -12.5801
      vertex -33.339 -1.41585 -13.3651
      vertex -33.5234 -2.10436 -13.3651
    endloop
  endfacet
  facet normal -0.483449 0.129585 0.865728
    outer loop
      vertex -32.2303 -2.52454 -12.5801
      vertex -32.0089 -1.69855 -12.5801
      vertex -33.5234 -2.10436 -13.3651
    endloop
  endfacet
  facet normal -0.207888 0.0107075 0.978094
    outer loop
      vertex -37.4886 -0.21713 -14.7779
      vertex -36.1177 0 -14.4889
      vertex -37.5 0 -14.7827
    endloop
  endfacet
  facet normal -0.288853 0.110933 0.950925
    outer loop
      vertex -34.8876 -1.66113 -14.0037
      vertex -36.3077 -1.19969 -14.4889
      vertex -36.4534 -1.57907 -14.4889
    endloop
  endfacet
  facet normal -0.194285 0.0747149 0.978096
    outer loop
      vertex -37.4403 -1.13966 -14.7185
      vertex -36.4534 -1.57907 -14.4889
      vertex -37.4512 -0.931056 -14.7366
    endloop
  endfacet
  facet normal -0.483433 -0.129475 0.865753
    outer loop
      vertex -33.339 1.41585 -13.3651
      vertex -32.0089 1.69855 -12.5801
      vertex -33.5234 2.10436 -13.3651
    endloop
  endfacet
  facet normal -0.483449 -0.129585 0.865728
    outer loop
      vertex -32.0089 1.69855 -12.5801
      vertex -32.2303 2.52454 -12.5801
      vertex -33.5234 2.10436 -13.3651
    endloop
  endfacet
  facet normal -0.755656 -0.29002 0.587258
    outer loop
      vertex -28.9134 3.60227 -9.43981
      vertex -28.0357 3.88745 -8.16959
      vertex -29.3506 4.74141 -9.43981
    endloop
  endfacet
  facet normal -0.694214 -0.266438 0.668639
    outer loop
      vertex -28.9134 3.60227 -9.43981
      vertex -29.3506 4.74141 -9.43981
      vertex -30.3104 4.31409 -10.6066
    endloop
  endfacet
  facet normal -0.781807 -0.209548 0.587255
    outer loop
      vertex -28.5975 2.42367 -9.43981
      vertex -27.6948 2.61554 -8.16959
      vertex -28.9134 3.60227 -9.43981
    endloop
  endfacet
  facet normal -0.799445 -0.126567 0.587255
    outer loop
      vertex -28.4067 1.21851 -9.43981
      vertex -27.6948 2.61554 -8.16959
      vertex -28.5975 2.42367 -9.43981
    endloop
  endfacet
  facet normal -0.62516 -0.23998 0.742687
    outer loop
      vertex -31.0222 2.91706 -11.6572
      vertex -29.9125 3.27762 -10.6066
      vertex -31.3763 3.83951 -11.6572
    endloop
  endfacet
  facet normal -0.625162 -0.239999 0.742679
    outer loop
      vertex -29.9125 3.27762 -10.6066
      vertex -30.3104 4.31409 -10.6066
      vertex -31.3763 3.83951 -11.6572
    endloop
  endfacet
  facet normal -0.524208 0.267108 0.808616
    outer loop
      vertex -31.8249 -4.7199 -11.6572
      vertex -31.3763 -3.83951 -11.6572
      vertex -32.9249 -4.08479 -12.5801
    endloop
  endfacet
  facet normal -0.493434 0.320409 0.808617
    outer loop
      vertex -32.363 -5.54858 -11.6572
      vertex -31.8249 -4.7199 -11.6572
      vertex -32.9249 -4.08479 -12.5801
    endloop
  endfacet
  facet normal -0.275686 0.140499 0.950925
    outer loop
      vertex -35.3447 -2.68776 -14.0037
      vertex -35.0892 -2.18642 -14.0037
      vertex -36.6378 -1.94114 -14.4889
    endloop
  endfacet
  facet normal -0.380147 0.145956 0.913337
    outer loop
      vertex -33.7789 -2.76982 -13.3651
      vertex -33.5234 -2.10436 -13.3651
      vertex -35.0892 -2.18642 -14.0037
    endloop
  endfacet
  facet normal -0.221847 0.341422 0.913354
    outer loop
      vertex -35.9973 -5.50929 -13.3651
      vertex -36.4193 -5.08421 -13.6265
      vertex -36.1516 -5.60955 -13.3651
    endloop
  endfacet
  facet normal -0.221839 0.341429 0.913353
    outer loop
      vertex -36.4193 -5.08421 -13.6265
      vertex -35.9973 -5.50929 -13.3651
      vertex -36.5461 -4.75383 -13.7808
    endloop
  endfacet
  facet normal -0.256241 0.316459 0.913342
    outer loop
      vertex -35.9973 -5.50929 -13.3651
      vertex -35.4433 -5.06071 -13.3651
      vertex -36.4031 -3.99479 -14.0037
    endloop
  endfacet
  facet normal -0.259501 0.168495 0.95093
    outer loop
      vertex -35.6511 -3.15965 -14.0037
      vertex -35.3447 -2.68776 -14.0037
      vertex -36.8592 -2.28195 -14.4889
    endloop
  endfacet
  facet normal -0.718228 0.192506 0.668648
    outer loop
      vertex -28.9134 -3.60227 -9.43981
      vertex -28.5975 -2.42367 -9.43981
      vertex -29.6252 -2.20524 -10.6066
    endloop
  endfacet
  facet normal -0.781807 0.209548 0.587255
    outer loop
      vertex -27.6948 -2.61554 -8.16959
      vertex -28.5975 -2.42367 -9.43981
      vertex -28.9134 -3.60227 -9.43981
    endloop
  endfacet
  facet normal -0.777153 -0.629312 0
    outer loop
      vertex -27.8814 8.8047 -0.785039
      vertex -28.8681 10.0232 0.785039
      vertex -28.8681 10.0232 -0.785039
    endloop
  endfacet
  facet normal -0.777153 -0.629312 0
    outer loop
      vertex -28.8681 10.0232 0.785039
      vertex -27.8814 8.8047 -0.785039
      vertex -27.8814 8.8047 0.785039
    endloop
  endfacet
  facet normal -0.814154 -0.414824 -0.406293
    outer loop
      vertex -27.8724 7.00185 5.37552
      vertex -27.7904 5.43607 6.80986
      vertex -28.4255 6.68255 6.80986
    endloop
  endfacet
  facet normal -0.814173 -0.414807 -0.406274
    outer loop
      vertex -27.207 5.69582 5.37552
      vertex -27.7904 5.43607 6.80986
      vertex -27.8724 7.00185 5.37552
    endloop
  endfacet
  facet normal -0.760182 -0.615635 -0.207643
    outer loop
      vertex -28.0141 8.70823 2.34652
      vertex -28.2782 8.51635 3.88229
      vertex -29.2327 9.69496 3.88229
    endloop
  endfacet
  facet normal -0.739173 -0.598621 -0.308669
    outer loop
      vertex -28.2782 8.51635 3.88229
      vertex -28.6708 8.23117 5.37552
      vertex -29.2327 9.69496 3.88229
    endloop
  endfacet
  facet normal -0.726559 -0.471818 0.4995
    outer loop
      vertex -29.1054 6.29003 -8.16959
      vertex -28.4255 6.68255 -6.80986
      vertex -29.1874 7.85581 -6.80986
    endloop
  endfacet
  facet normal -0.771894 -0.393292 0.499501
    outer loop
      vertex -27.7904 5.43607 -6.80986
      vertex -28.4255 6.68255 -6.80986
      vertex -29.1054 6.29003 -8.16959
    endloop
  endfacet
  facet normal -0.577869 -0.467958 0.668642
    outer loop
      vertex -30.5691 6.85192 -9.43981
      vertex -31.337 7.80018 -9.43981
      vertex -32.1178 7.0972 -10.6066
    endloop
  endfacet
  facet normal -0.629022 -0.509381 0.58725
    outer loop
      vertex -30.5691 6.85192 -9.43981
      vertex -30.6512 8.4177 -8.16959
      vertex -31.337 7.80018 -9.43981
    endloop
  endfacet
  facet normal -0.982292 -0.155594 0.104367
    outer loop
      vertex -25.1026 1.56578 -0.785039
      vertex -25.3479 3.1144 -0.785039
      vertex -25.5084 3.08028 -2.34652
    endloop
  endfacet
  facet normal -0.918762 -0.24617 0.308671
    outer loop
      vertex -25.8277 3.01241 -3.88229
      vertex -26.2202 4.47731 -3.88229
      vertex -26.6817 4.32738 -5.37552
    endloop
  endfacet
  facet normal -0.944869 -0.2532 0.207636
    outer loop
      vertex -25.8277 3.01241 -3.88229
      vertex -25.5084 3.08028 -2.34652
      vertex -25.9098 4.57819 -2.34652
    endloop
  endfacet
  facet normal -0.871569 -0.444136 0.207631
    outer loop
      vertex -26.7637 5.89316 -3.88229
      vertex -26.4655 6.02594 -2.34652
      vertex -27.1696 7.40766 -2.34652
    endloop
  endfacet
  facet normal -0.69171 -0.691684 0.20763
    outer loop
      vertex -29.2327 9.69496 -3.88229
      vertex -30.0866 11.0099 -2.34652
      vertex -30.305 10.7673 -3.88229
    endloop
  endfacet
  facet normal -0.691698 -0.691692 0.207643
    outer loop
      vertex -30.0866 11.0099 -2.34652
      vertex -29.2327 9.69496 -3.88229
      vertex -28.9901 9.91339 -2.34652
    endloop
  endfacet
  facet normal -0.886146 -0.4515 0.104369
    outer loop
      vertex -26.4655 6.02594 -2.34652
      vertex -26.3156 6.09269 -0.785039
      vertex -27.0274 7.48972 -0.785039
    endloop
  endfacet
  facet normal -0.886115 -0.451548 0.104426
    outer loop
      vertex -26.4655 6.02594 -2.34652
      vertex -27.0274 7.48972 -0.785039
      vertex -27.1696 7.40766 -2.34652
    endloop
  endfacet
  facet normal -0.760182 -0.615635 0.207643
    outer loop
      vertex -28.2782 8.51635 -3.88229
      vertex -28.0141 8.70823 -2.34652
      vertex -29.2327 9.69496 -3.88229
    endloop
  endfacet
  facet normal -0.760183 -0.615635 0.207644
    outer loop
      vertex -28.0141 8.70823 -2.34652
      vertex -28.9901 9.91339 -2.34652
      vertex -29.2327 9.69496 -3.88229
    endloop
  endfacet
  facet normal -0.891012 -0.453979 0
    outer loop
      vertex -26.3156 6.09269 -0.785039
      vertex -27.0274 7.48972 0.785039
      vertex -27.0274 7.48972 -0.785039
    endloop
  endfacet
  facet normal -0.891012 -0.453979 0
    outer loop
      vertex -27.0274 7.48972 0.785039
      vertex -26.3156 6.09269 -0.785039
      vertex -26.3156 6.09269 0.785039
    endloop
  endfacet
  facet normal -0.976857 -0.0512133 -0.20767
    outer loop
      vertex -25.2658 1.54862 2.34652
      vertex -25.5111 0 3.88229
      vertex -25.5905 1.5145 3.88229
    endloop
  endfacet
  facet normal -0.94988 -0.049799 -0.308621
    outer loop
      vertex -25.5905 1.5145 3.88229
      vertex -25.5111 0 3.88229
      vertex -26.073 1.46379 5.37552
    endloop
  endfacet
  facet normal -0.847497 0.431877 -0.308595
    outer loop
      vertex -26.7637 -5.89316 3.88229
      vertex -27.4523 -7.24444 3.88229
      vertex -27.8724 -7.00185 5.37552
    endloop
  endfacet
  facet normal -0.739173 0.598621 -0.308669
    outer loop
      vertex -28.6708 -8.23117 5.37552
      vertex -28.2782 -8.51635 3.88229
      vertex -29.2327 -9.69496 3.88229
    endloop
  endfacet
  facet normal -0.673257 0.545199 -0.499483
    outer loop
      vertex -29.8225 -7.39437 8.16959
      vertex -29.1874 -7.85581 6.80986
      vertex -30.0678 -8.943 6.80986
    endloop
  endfacet
  facet normal -0.766325 0.497701 -0.40625
    outer loop
      vertex -27.8724 -7.00185 5.37552
      vertex -28.6708 -8.23117 5.37552
      vertex -29.1874 -7.85581 6.80986
    endloop
  endfacet
  facet normal -0.966162 0.153031 -0.207636
    outer loop
      vertex -25.2658 -1.54862 2.34652
      vertex -25.5084 -3.08028 2.34652
      vertex -25.8277 -3.01241 3.88229
    endloop
  endfacet
  facet normal -0.96616 0.152995 -0.207669
    outer loop
      vertex -25.5905 -1.5145 3.88229
      vertex -25.2658 -1.54862 2.34652
      vertex -25.8277 -3.01241 3.88229
    endloop
  endfacet
  facet normal -0.944869 0.2532 -0.207636
    outer loop
      vertex -25.8277 -3.01241 3.88229
      vertex -25.5084 -3.08028 2.34652
      vertex -25.9098 -4.57819 2.34652
    endloop
  endfacet
  facet normal -0.960642 0.257427 -0.104395
    outer loop
      vertex -25.5084 -3.08028 2.34652
      vertex -25.7537 -4.6289 0.785039
      vertex -25.9098 -4.57819 2.34652
    endloop
  endfacet
  facet normal -0.575014 0.710141 -0.406275
    outer loop
      vertex -30.6297 -10.4068 5.37552
      vertex -31.4469 -10.6974 6.02418
      vertex -31.057 -9.9322 6.80986
    endloop
  endfacet
  facet normal -0.57502 0.710127 -0.40629
    outer loop
      vertex -31.4469 -10.6974 6.02418
      vertex -30.6297 -10.4068 5.37552
      vertex -31.25 -10.8253 5.52196
    endloop
  endfacet
  facet normal -0.575006 0.710054 -0.406437
    outer loop
      vertex -31.25 -10.8253 5.52196
      vertex -30.6297 -10.4068 5.37552
      vertex -31.1865 -10.8577 5.37552
    endloop
  endfacet
  facet normal -0.575027 0.710136 -0.406264
    outer loop
      vertex -31.057 -9.9322 6.80986
      vertex -31.4469 -10.6974 6.02418
      vertex -31.755 -10.4974 6.80986
    endloop
  endfacet
  facet normal -0.891012 0.453979 0
    outer loop
      vertex -27.0274 -7.48972 -0.785039
      vertex -26.3156 -6.09269 0.785039
      vertex -26.3156 -6.09269 -0.785039
    endloop
  endfacet
  facet normal -0.891012 0.453979 0
    outer loop
      vertex -26.3156 -6.09269 0.785039
      vertex -27.0274 -7.48972 -0.785039
      vertex -27.0274 -7.48972 0.785039
    endloop
  endfacet
  facet normal -0.928488 0.356388 0.104394
    outer loop
      vertex -25.7537 -4.6289 -0.785039
      vertex -25.9098 -4.57819 -2.34652
      vertex -26.4655 -6.02594 -2.34652
    endloop
  endfacet
  facet normal -0.902492 0.142941 0.406295
    outer loop
      vertex -26.3023 -2.91153 -5.37552
      vertex -26.073 -1.46379 -5.37552
      vertex -26.927 -2.77876 -6.80986
    endloop
  endfacet
  facet normal -0.939466 0.148797 0.308647
    outer loop
      vertex -25.8277 -3.01241 -3.88229
      vertex -26.073 -1.46379 -5.37552
      vertex -26.3023 -2.91153 -5.37552
    endloop
  endfacet
  facet normal -0.965927 0.258814 0
    outer loop
      vertex -25.7537 -4.6289 -0.785039
      vertex -25.3479 -3.1144 0.785039
      vertex -25.3479 -3.1144 -0.785039
    endloop
  endfacet
  facet normal -0.965927 0.258814 0
    outer loop
      vertex -25.3479 -3.1144 0.785039
      vertex -25.7537 -4.6289 -0.785039
      vertex -25.7537 -4.6289 0.785039
    endloop
  endfacet
  facet normal -0.161831 0.130889 0.9781
    outer loop
      vertex -37.2457 -2.48 -14.5263
      vertex -37.1149 -2.59776 -14.4889
      vertex -37.2543 -2.42562 -14.535
    endloop
  endfacet
  facet normal -0.726581 0.471803 -0.499482
    outer loop
      vertex -29.1054 -6.29003 8.16959
      vertex -29.1874 -7.85581 6.80986
      vertex -29.8225 -7.39437 8.16959
    endloop
  endfacet
  facet normal -0.726559 0.471818 -0.4995
    outer loop
      vertex -29.1054 -6.29003 8.16959
      vertex -28.4255 -6.68255 6.80986
      vertex -29.1874 -7.85581 6.80986
    endloop
  endfacet
  facet normal -0.612581 0.612581 -0.499488
    outer loop
      vertex -31.057 -9.9322 6.80986
      vertex -30.6512 -8.4177 8.16959
      vertex -30.0678 -8.943 6.80986
    endloop
  endfacet
  facet normal -0.612581 0.612581 -0.499488
    outer loop
      vertex -30.6512 -8.4177 8.16959
      vertex -31.057 -9.9322 6.80986
      vertex -31.5823 -9.3488 8.16959
    endloop
  endfacet
  facet normal -0.421423 0.520415 -0.742678
    outer loop
      vertex -33.6835 -7.01514 11.6572
      vertex -32.9028 -7.88224 10.6066
      vertex -33.7656 -8.58092 10.6066
    endloop
  endfacet
  facet normal -0.525794 0.525794 -0.668641
    outer loop
      vertex -32.1998 -8.66298 9.43981
      vertex -32.1178 -7.0972 10.6066
      vertex -31.337 -7.80018 9.43981
    endloop
  endfacet
  facet normal -0.525814 0.525788 -0.66863
    outer loop
      vertex -32.1178 -7.0972 10.6066
      vertex -32.1998 -8.66298 9.43981
      vertex -32.9028 -7.88224 10.6066
    endloop
  endfacet
  facet normal -0.416041 0.415994 -0.808615
    outer loop
      vertex -33.6835 -7.01514 11.6572
      vertex -33.9288 -5.46652 12.5801
      vertex -32.9849 -6.31646 11.6572
    endloop
  endfacet
  facet normal -0.415991 0.416012 -0.808632
    outer loop
      vertex -33.9288 -5.46652 12.5801
      vertex -33.6835 -7.01514 11.6572
      vertex -34.5335 -6.07119 12.5801
    endloop
  endfacet
  facet normal -0.364658 0.561584 -0.74273
    outer loop
      vertex -34.4514 -7.63696 11.6572
      vertex -34.5212 -8.07773 11.3582
      vertex -34.7311 -7.81858 11.6572
    endloop
  endfacet
  facet normal -0.402248 -0.06357 -0.913321
    outer loop
      vertex -34 1.27534 13.666
      vertex -33.339 1.41585 13.3651
      vertex -34 0.98656 13.6861
    endloop
  endfacet
  facet normal -0.473519 -0.473495 -0.742685
    outer loop
      vertex -32.9849 6.31646 11.6572
      vertex -32.9028 7.88224 10.6066
      vertex -32.1178 7.0972 10.6066
    endloop
  endfacet
  facet normal -0.473542 -0.473488 -0.742676
    outer loop
      vertex -32.9028 7.88224 10.6066
      vertex -32.9849 6.31646 11.6572
      vertex -33.6835 7.01514 11.6572
    endloop
  endfacet
  facet normal -0.561612 -0.364737 -0.74267
    outer loop
      vertex -31.4191 6.2344 10.6066
      vertex -30.8144 5.3033 10.6066
      vertex -32.363 5.54858 11.6572
    endloop
  endfacet
  facet normal -0.520395 -0.421464 -0.742669
    outer loop
      vertex -31.4191 6.2344 10.6066
      vertex -32.363 5.54858 11.6572
      vertex -32.9849 6.31646 11.6572
    endloop
  endfacet
  facet normal -0.457218 0.370213 -0.808637
    outer loop
      vertex -33.3907 -4.80196 12.5801
      vertex -32.363 -5.54858 11.6572
      vertex -33.9288 -5.46652 12.5801
    endloop
  endfacet
  facet normal -0.457201 0.370283 -0.808615
    outer loop
      vertex -32.363 -5.54858 11.6572
      vertex -32.9849 -6.31646 11.6572
      vertex -33.9288 -5.46652 12.5801
    endloop
  endfacet
  facet normal -0.623659 0.404973 -0.668615
    outer loop
      vertex -29.9046 -5.82859 9.43981
      vertex -30.5691 -6.85192 9.43981
      vertex -30.8144 -5.3033 10.6066
    endloop
  endfacet
  facet normal -0.662547 0.337618 -0.668615
    outer loop
      vertex -29.3506 -4.74141 9.43981
      vertex -29.9046 -5.82859 9.43981
      vertex -30.8144 -5.3033 10.6066
    endloop
  endfacet
  facet normal -0.549264 0.210808 -0.808622
    outer loop
      vertex -32.2303 -2.52454 12.5801
      vertex -31.3763 -3.83951 11.6572
      vertex -32.5367 -3.32287 12.5801
    endloop
  endfacet
  facet normal -0.524208 0.267085 -0.808623
    outer loop
      vertex -32.5367 -3.32287 12.5801
      vertex -31.3763 -3.83951 11.6572
      vertex -32.9249 -4.08479 12.5801
    endloop
  endfacet
  facet normal -0.62516 0.23998 -0.742687
    outer loop
      vertex -31.0222 -2.91706 11.6572
      vertex -29.9125 -3.27762 10.6066
      vertex -31.3763 -3.83951 11.6572
    endloop
  endfacet
  facet normal -0.625162 0.239999 -0.742679
    outer loop
      vertex -29.9125 -3.27762 10.6066
      vertex -30.3104 -4.31409 10.6066
      vertex -31.3763 -3.83951 11.6572
    endloop
  endfacet
  facet normal -0.742576 0.0389141 -0.66863
    outer loop
      vertex -29.3934 0 10.6066
      vertex -28.3428 0 9.43981
      vertex -29.4515 -1.10869 10.6066
    endloop
  endfacet
  facet normal -0.668725 0.035044 -0.742683
    outer loop
      vertex -29.3934 0 10.6066
      vertex -29.4515 -1.10869 10.6066
      vertex -30.6119 -0.986728 11.6572
    endloop
  endfacet
  facet normal -0.581069 0.0920496 -0.808632
    outer loop
      vertex -30.6119 -0.986728 11.6572
      vertex -30.7665 -1.96265 11.6572
      vertex -31.8752 -0.853953 12.5801
    endloop
  endfacet
  facet normal -0.58111 0.0919899 -0.808609
    outer loop
      vertex -31.8752 -0.853953 12.5801
      vertex -30.7665 -1.96265 11.6572
      vertex -32.0089 -1.69855 12.5801
    endloop
  endfacet
  facet normal -0.380269 0.146002 -0.913279
    outer loop
      vertex -34 -2.67137 13.4729
      vertex -33.5234 -2.10436 13.3651
      vertex -33.7789 -2.76982 13.3651
    endloop
  endfacet
  facet normal -0.380184 0.145922 -0.913327
    outer loop
      vertex -33.5234 -2.10436 13.3651
      vertex -34 -2.67137 13.4729
      vertex -34 -2.12934 13.5595
    endloop
  endfacet
  facet normal -0.362942 0.184917 -0.913279
    outer loop
      vertex -34 -2.67137 13.4729
      vertex -33.7789 -2.76982 13.3651
      vertex -34 -3.20378 13.3651
    endloop
  endfacet
  facet normal -0.568285 0.152324 -0.80861
    outer loop
      vertex -32.0089 -1.69855 12.5801
      vertex -30.7665 -1.96265 11.6572
      vertex -32.2303 -2.52454 12.5801
    endloop
  endfacet
  facet normal -0.393259 0.105537 -0.913351
    outer loop
      vertex -34 -1.71845 13.6149
      vertex -33.5234 -2.10436 13.3651
      vertex -34 -1.94952 13.5882
    endloop
  endfacet
  facet normal -0.272556 -0.419742 -0.865754
    outer loop
      vertex -35.198 6.60933 12.5801
      vertex -35.8253 6.25 12.9518
      vertex -35.7868 6.30936 12.9109
    endloop
  endfacet
  facet normal -0.272527 -0.419782 -0.865743
    outer loop
      vertex -35.9973 5.50929 13.3651
      vertex -35.8253 6.25 12.9518
      vertex -35.198 6.60933 12.5801
    endloop
  endfacet
  facet normal -0.272723 -0.41972 -0.865712
    outer loop
      vertex -35.8253 6.25 12.9518
      vertex -35.9973 5.50929 13.3651
      vertex -36.1516 5.60955 13.3651
    endloop
  endfacet
  facet normal -0.221847 -0.341422 -0.913354
    outer loop
      vertex -35.9973 5.50929 13.3651
      vertex -36.4193 5.08421 13.6265
      vertex -36.1516 5.60955 13.3651
    endloop
  endfacet
  facet normal -0.221839 -0.341429 -0.913353
    outer loop
      vertex -36.4193 5.08421 13.6265
      vertex -35.9973 5.50929 13.3651
      vertex -36.5461 4.75383 13.7808
    endloop
  endfacet
  facet normal -0.419772 -0.272563 -0.865737
    outer loop
      vertex -34 3.60608 13.2521
      vertex -32.9249 4.08479 12.5801
      vertex -34 3.4641 13.2968
    endloop
  endfacet
  facet normal -0.419743 -0.272622 -0.865733
    outer loop
      vertex -32.9249 4.08479 12.5801
      vertex -34 3.60608 13.2521
      vertex -33.3907 4.80196 12.5801
    endloop
  endfacet
  facet normal -0.393259 -0.105537 -0.913351
    outer loop
      vertex -34 1.94952 13.5882
      vertex -33.5234 2.10436 13.3651
      vertex -34 1.71845 13.6149
    endloop
  endfacet
  facet normal -0.393374 -0.105326 -0.913325
    outer loop
      vertex -34 1.71845 13.6149
      vertex -33.339 1.41585 13.3651
      vertex -34 1.27534 13.666
    endloop
  endfacet
  facet normal -0.393386 -0.105358 -0.913317
    outer loop
      vertex -33.339 1.41585 13.3651
      vertex -34 1.71845 13.6149
      vertex -33.5234 2.10436 13.3651
    endloop
  endfacet
  facet normal -0.388974 -0.314995 -0.865724
    outer loop
      vertex -34.9393 4.55668 13.3651
      vertex -34.4031 4.23095 13.2427
      vertex -34.5764 4.10855 13.3651
    endloop
  endfacet
  facet normal -0.388958 -0.314962 -0.865742
    outer loop
      vertex -34.4031 4.23095 13.2427
      vertex -34.9393 4.55668 13.3651
      vertex -33.9288 5.46652 12.5801
    endloop
  endfacet
  facet normal -0.362942 -0.184917 -0.913279
    outer loop
      vertex -34 3.20378 13.3651
      vertex -33.7789 2.76982 13.3651
      vertex -34 2.67137 13.4729
    endloop
  endfacet
  facet normal -0.353891 -0.353909 -0.865742
    outer loop
      vertex -34.9393 4.55668 13.3651
      vertex -34.5335 6.07119 12.5801
      vertex -33.9288 5.46652 12.5801
    endloop
  endfacet
  facet normal -0.353919 -0.353898 -0.865735
    outer loop
      vertex -34.5335 6.07119 12.5801
      vertex -34.9393 4.55668 13.3651
      vertex -35.4433 5.06071 13.3651
    endloop
  endfacet
  facet normal -0.287943 -0.287926 -0.913339
    outer loop
      vertex -36.0052 3.59692 14.0037
      vertex -35.4433 5.06071 13.3651
      vertex -34.9393 4.55668 13.3651
    endloop
  endfacet
  facet normal -0.287916 -0.287938 -0.913343
    outer loop
      vertex -35.4433 5.06071 13.3651
      vertex -36.0052 3.59692 14.0037
      vertex -36.4031 3.99479 14.0037
    endloop
  endfacet
  facet normal -0.445946 -0.227207 -0.865742
    outer loop
      vertex -34 3.20378 13.3651
      vertex -32.9249 4.08479 12.5801
      vertex -33.7789 2.76982 13.3651
    endloop
  endfacet
  facet normal -0.445993 -0.227142 -0.865735
    outer loop
      vertex -32.9249 4.08479 12.5801
      vertex -34 3.20378 13.3651
      vertex -34 3.4641 13.2968
    endloop
  endfacet
  facet normal -0.161721 -0.130979 -0.978106
    outer loop
      vertex -36.9714 2.42058 14.4889
      vertex -37.2543 2.42562 14.535
      vertex -37.1149 2.59776 14.4889
    endloop
  endfacet
  facet normal -0.16172 -0.131061 -0.978095
    outer loop
      vertex -37.2543 2.42562 14.535
      vertex -36.9714 2.42058 14.4889
      vertex -37.2883 2.21085 14.5694
    endloop
  endfacet
  facet normal -0.218762 -0.218778 -0.950936
    outer loop
      vertex -36.0052 3.59692 14.0037
      vertex -37.0434 3.28369 14.3146
      vertex -36.4031 3.99479 14.0037
    endloop
  endfacet
  facet normal -0.218741 -0.218837 -0.950927
    outer loop
      vertex -37.1149 2.59776 14.4889
      vertex -37.0434 3.28369 14.3146
      vertex -36.0052 3.59692 14.0037
    endloop
  endfacet
  facet normal -0.218888 -0.218814 -0.950899
    outer loop
      vertex -37.0434 3.28369 14.3146
      vertex -37.1149 2.59776 14.4889
      vertex -37.2034 2.68629 14.4889
    endloop
  endfacet
  facet normal -0.440876 -0.678954 -0.587069
    outer loop
      vertex -33.1579 9.45635 9.41769
      vertex -33.1481 9.43086 9.43981
      vertex -33.171 9.44573 9.43981
    endloop
  endfacet
  facet normal -0.615715 -0.760162 0.207482
    outer loop
      vertex -30.305 10.7673 -3.88229
      vertex -30.6143 11.1492 -3.40097
      vertex -30.7139 11.0985 -3.88229
    endloop
  endfacet
  facet normal -0.855673 0.13556 -0.499446
    outer loop
      vertex -26.7081 -1.39703 6.80986
      vertex -26.927 -2.77876 6.80986
      vertex -27.6948 -2.61554 8.16959
    endloop
  endfacet
  facet normal -0.855648 0.135462 -0.499516
    outer loop
      vertex -27.4889 -1.31497 8.16959
      vertex -26.7081 -1.39703 6.80986
      vertex -27.6948 -2.61554 8.16959
    endloop
  endfacet
  facet normal -0.855673 -0.13556 -0.499446
    outer loop
      vertex -26.927 2.77876 6.80986
      vertex -26.7081 1.39703 6.80986
      vertex -27.6948 2.61554 8.16959
    endloop
  endfacet
  facet normal -0.9025 -0.142978 -0.406265
    outer loop
      vertex -26.073 1.46379 5.37552
      vertex -26.7081 1.39703 6.80986
      vertex -26.927 2.77876 6.80986
    endloop
  endfacet
  facet normal -0.240535 0.194631 -0.950927
    outer loop
      vertex -37.1149 -2.59776 14.4889
      vertex -36.5213 -2.80223 14.2969
      vertex -36.0052 -3.59692 14.0037
    endloop
  endfacet
  facet normal -0.240361 0.194671 -0.950963
    outer loop
      vertex -36.9574 -2.44042 14.4813
      vertex -37.1149 -2.59776 14.4889
      vertex -36.9714 -2.42058 14.4889
    endloop
  endfacet
  facet normal -0.240476 0.194788 -0.95091
    outer loop
      vertex -36.5213 -2.80223 14.2969
      vertex -37.1149 -2.59776 14.4889
      vertex -36.9574 -2.44042 14.4813
    endloop
  endfacet
  facet normal -0.161721 0.130979 -0.978106
    outer loop
      vertex -37.2543 -2.42562 14.535
      vertex -36.9714 -2.42058 14.4889
      vertex -37.1149 -2.59776 14.4889
    endloop
  endfacet
  facet normal -0.16172 0.131061 -0.978095
    outer loop
      vertex -36.9714 -2.42058 14.4889
      vertex -37.2543 -2.42562 14.535
      vertex -37.2883 -2.21085 14.5694
    endloop
  endfacet
  facet normal -0.147462 0.147412 -0.978021
    outer loop
      vertex -37.2268 -2.5989 14.5056
      vertex -37.1149 -2.59776 14.4889
      vertex -37.2034 -2.68629 14.4889
    endloop
  endfacet
  facet normal -0.147469 0.146843 -0.978105
    outer loop
      vertex -37.1149 -2.59776 14.4889
      vertex -37.2268 -2.5989 14.5056
      vertex -37.2457 -2.48 14.5263
    endloop
  endfacet
  facet normal -0.388946 -0.314976 0.865743
    outer loop
      vertex -34.4907 4.00273 -13.3651
      vertex -33.9288 5.46652 -12.5801
      vertex -34.9393 4.55668 -13.3651
    endloop
  endfacet
  facet normal -0.314959 -0.388977 0.865736
    outer loop
      vertex -35.4433 5.06071 -13.3651
      vertex -34.5335 6.07119 -12.5801
      vertex -35.9973 5.50929 -13.3651
    endloop
  endfacet
  facet normal -0.421416 -0.520417 0.742681
    outer loop
      vertex -33.6835 7.01514 -11.6572
      vertex -33.7656 8.58092 -10.6066
      vertex -34.4514 7.63696 -11.6572
    endloop
  endfacet
  facet normal -0.421423 -0.520415 0.742678
    outer loop
      vertex -33.6835 7.01514 -11.6572
      vertex -32.9028 7.88224 -10.6066
      vertex -33.7656 8.58092 -10.6066
    endloop
  endfacet
  facet normal -0.499832 -0.0261915 0.865726
    outer loop
      vertex -33.1901 0 -13.3651
      vertex -31.8752 0.853953 -12.5801
      vertex -33.2274 0.711823 -13.3651
    endloop
  endfacet
  facet normal -0.402174 -0.0637513 0.913341
    outer loop
      vertex -33.2274 0.711823 -13.3651
      vertex -33.339 1.41585 -13.3651
      vertex -34.6539 0.561894 -14.0037
    endloop
  endfacet
  facet normal -0.305587 0.0483892 0.950934
    outer loop
      vertex -34.7419 -1.11763 -14.0037
      vertex -34.6539 -0.561894 -14.0037
      vertex -36.2026 -0.807172 -14.4889
    endloop
  endfacet
  facet normal -0.207919 0.0109132 0.978085
    outer loop
      vertex -37.4886 -0.21713 -14.7779
      vertex -36.139 -0.405808 -14.4889
      vertex -36.1177 0 -14.4889
    endloop
  endfacet
  facet normal -0.207735 0.012262 0.978108
    outer loop
      vertex -36.139 -0.405808 -14.4889
      vertex -37.4886 -0.21713 -14.7779
      vertex -37.4862 -0.264215 -14.7768
    endloop
  endfacet
  facet normal -0.207735 -0.012262 0.978108
    outer loop
      vertex -37.4886 0.21713 -14.7779
      vertex -36.139 0.405808 -14.4889
      vertex -37.4862 0.264215 -14.7768
    endloop
  endfacet
  facet normal -0.207919 -0.0109132 0.978085
    outer loop
      vertex -36.139 0.405808 -14.4889
      vertex -37.4886 0.21713 -14.7779
      vertex -36.1177 0 -14.4889
    endloop
  endfacet
  facet normal -0.305591 -0.0484239 0.950931
    outer loop
      vertex -36.139 0.405808 -14.4889
      vertex -34.6539 0.561894 -14.0037
      vertex -36.2026 0.807172 -14.4889
    endloop
  endfacet
  facet normal -0.393295 -0.105433 0.913347
    outer loop
      vertex -34.7419 1.11763 -14.0037
      vertex -33.5234 2.10436 -13.3651
      vertex -34.8876 1.66113 -14.0037
    endloop
  endfacet
  facet normal -0.308976 -0.0162175 0.950931
    outer loop
      vertex -36.1177 0 -14.4889
      vertex -34.6539 0.561894 -14.0037
      vertex -36.139 0.405808 -14.4889
    endloop
  endfacet
  facet normal -0.205664 -0.0323521 0.978088
    outer loop
      vertex -36.2026 0.807172 -14.4889
      vertex -37.4718 0.537377 -14.7647
      vertex -37.4835 0.315475 -14.7745
    endloop
  endfacet
  facet normal -0.20558 -0.0325761 0.978098
    outer loop
      vertex -37.4835 0.315475 -14.7745
      vertex -36.139 0.405808 -14.4889
      vertex -36.2026 0.807172 -14.4889
    endloop
  endfacet
  facet normal -0.205545 -0.0330595 0.978089
    outer loop
      vertex -36.139 0.405808 -14.4889
      vertex -37.4835 0.315475 -14.7745
      vertex -37.4862 0.264215 -14.7768
    endloop
  endfacet
  facet normal -0.185468 0.0944578 0.9781
    outer loop
      vertex -36.4534 -1.57907 -14.4889
      vertex -37.432 -1.29807 -14.7016
      vertex -36.6378 -1.94114 -14.4889
    endloop
  endfacet
  facet normal -0.185416 0.094633 0.978093
    outer loop
      vertex -37.432 -1.29807 -14.7016
      vertex -36.4534 -1.57907 -14.4889
      vertex -37.4403 -1.13966 -14.7185
    endloop
  endfacet
  facet normal -0.201076 0.0538399 0.978095
    outer loop
      vertex -36.2026 -0.807172 -14.4889
      vertex -37.4681 -0.608446 -14.76
      vertex -36.3077 -1.19969 -14.4889
    endloop
  endfacet
  facet normal -0.201015 0.0542184 0.978087
    outer loop
      vertex -37.4681 -0.608446 -14.76
      vertex -36.2026 -0.807172 -14.4889
      vertex -37.4718 -0.537377 -14.7647
    endloop
  endfacet
  facet normal -0.298894 0.0800313 0.950925
    outer loop
      vertex -34.8876 -1.66113 -14.0037
      vertex -36.2026 -0.807172 -14.4889
      vertex -36.3077 -1.19969 -14.4889
    endloop
  endfacet
  facet normal -0.419727 0.272612 0.865744
    outer loop
      vertex -33.3907 -4.80196 -12.5801
      vertex -32.9249 -4.08479 -12.5801
      vertex -34.1025 -3.40493 -13.3651
    endloop
  endfacet
  facet normal -0.493375 0.320446 0.808638
    outer loop
      vertex -32.363 -5.54858 -11.6572
      vertex -32.9249 -4.08479 -12.5801
      vertex -33.3907 -4.80196 -12.5801
    endloop
  endfacet
  facet normal -0.275702 0.140413 0.950932
    outer loop
      vertex -35.0892 -2.18642 -14.0037
      vertex -36.4534 -1.57907 -14.4889
      vertex -36.6378 -1.94114 -14.4889
    endloop
  endfacet
  facet normal -0.288859 0.11086 0.950931
    outer loop
      vertex -35.0892 -2.18642 -14.0037
      vertex -34.8876 -1.66113 -14.0037
      vertex -36.4534 -1.57907 -14.4889
    endloop
  endfacet
  facet normal -0.388979 0.314959 0.865734
    outer loop
      vertex -33.9288 -5.46652 -12.5801
      vertex -33.3907 -4.80196 -12.5801
      vertex -34.4907 -4.00273 -13.3651
    endloop
  endfacet
  facet normal -0.218762 0.218778 0.950936
    outer loop
      vertex -36.0052 -3.59692 -14.0037
      vertex -37.0434 -3.28369 -14.3146
      vertex -36.4031 -3.99479 -14.0037
    endloop
  endfacet
  facet normal -0.218741 0.218837 0.950927
    outer loop
      vertex -37.1149 -2.59776 -14.4889
      vertex -37.0434 -3.28369 -14.3146
      vertex -36.0052 -3.59692 -14.0037
    endloop
  endfacet
  facet normal -0.218888 0.218814 0.950899
    outer loop
      vertex -37.0434 -3.28369 -14.3146
      vertex -37.1149 -2.59776 -14.4889
      vertex -37.2034 -2.68629 -14.4889
    endloop
  endfacet
  facet normal -0.256183 0.316479 0.913352
    outer loop
      vertex -36.4031 -3.99479 -14.0037
      vertex -36.5461 -4.75383 -13.7808
      vertex -35.9973 -5.50929 -13.3651
    endloop
  endfacet
  facet normal -0.256296 0.31649 0.913316
    outer loop
      vertex -36.5461 -4.75383 -13.7808
      vertex -36.4031 -3.99479 -14.0037
      vertex -36.7345 -4.26316 -14.0037
    endloop
  endfacet
  facet normal -0.314959 0.388977 0.865736
    outer loop
      vertex -34.5335 -6.07119 -12.5801
      vertex -35.4433 -5.06071 -13.3651
      vertex -35.9973 -5.50929 -13.3651
    endloop
  endfacet
  facet normal -0.272556 0.419742 0.865754
    outer loop
      vertex -35.198 -6.60933 -12.5801
      vertex -35.8253 -6.25 -12.9518
      vertex -35.7868 -6.30936 -12.9109
    endloop
  endfacet
  facet normal -0.272527 0.419782 0.865743
    outer loop
      vertex -35.9973 -5.50929 -13.3651
      vertex -35.8253 -6.25 -12.9518
      vertex -35.198 -6.60933 -12.5801
    endloop
  endfacet
  facet normal -0.272723 0.41972 0.865712
    outer loop
      vertex -35.8253 -6.25 -12.9518
      vertex -35.9973 -5.50929 -13.3651
      vertex -36.1516 -5.60955 -13.3651
    endloop
  endfacet
  facet normal -0.240451 0.194717 0.950931
    outer loop
      vertex -36.0052 -3.59692 -14.0037
      vertex -35.6511 -3.15965 -14.0037
      vertex -36.8592 -2.28195 -14.4889
    endloop
  endfacet
  facet normal -0.161745 0.130959 0.978104
    outer loop
      vertex -36.8592 -2.28195 -14.4889
      vertex -37.2543 -2.42562 -14.535
      vertex -37.1149 -2.59776 -14.4889
    endloop
  endfacet
  facet normal -0.161794 0.131103 0.978077
    outer loop
      vertex -37.2543 -2.42562 -14.535
      vertex -36.8592 -2.28195 -14.4889
      vertex -37.3314 -1.93886 -14.613
    endloop
  endfacet
  facet normal -0.194746 0.240403 0.950937
    outer loop
      vertex -36.9476 -3.6412 -14.2046
      vertex -36.4031 -3.99479 -14.0037
      vertex -37.0434 -3.28369 -14.3146
    endloop
  endfacet
  facet normal -0.766337 -0.497649 -0.406292
    outer loop
      vertex -27.8724 7.00185 5.37552
      vertex -28.4255 6.68255 6.80986
      vertex -29.1874 7.85581 6.80986
    endloop
  endfacet
  facet normal -0.766325 -0.497701 -0.40625
    outer loop
      vertex -28.6708 8.23117 5.37552
      vertex -27.8724 7.00185 5.37552
      vertex -29.1874 7.85581 6.80986
    endloop
  endfacet
  facet normal -0.612581 -0.612581 -0.499488
    outer loop
      vertex -31.057 9.9322 6.80986
      vertex -30.6512 8.4177 8.16959
      vertex -31.5823 9.3488 8.16959
    endloop
  endfacet
  facet normal -0.612581 -0.612581 -0.499488
    outer loop
      vertex -30.6512 8.4177 8.16959
      vertex -31.057 9.9322 6.80986
      vertex -30.0678 8.943 6.80986
    endloop
  endfacet
  facet normal -0.577868 -0.467961 0.668641
    outer loop
      vertex -31.4191 6.2344 -10.6066
      vertex -30.5691 6.85192 -9.43981
      vertex -32.1178 7.0972 -10.6066
    endloop
  endfacet
  facet normal -0.623611 -0.405002 0.668643
    outer loop
      vertex -30.8144 5.3033 -10.6066
      vertex -30.5691 6.85192 -9.43981
      vertex -31.4191 6.2344 -10.6066
    endloop
  endfacet
  facet normal -0.960642 -0.257427 0.104395
    outer loop
      vertex -25.5084 3.08028 -2.34652
      vertex -25.7537 4.6289 -0.785039
      vertex -25.9098 4.57819 -2.34652
    endloop
  endfacet
  facet normal -0.960652 -0.2574 0.104367
    outer loop
      vertex -25.5084 3.08028 -2.34652
      vertex -25.3479 3.1144 -0.785039
      vertex -25.7537 4.6289 -0.785039
    endloop
  endfacet
  facet normal -0.993177 0.0520119 -0.104375
    outer loop
      vertex -25.1847 0 2.34652
      vertex -25.0206 0 0.785039
      vertex -25.2658 -1.54862 2.34652
    endloop
  endfacet
  facet normal -0.993177 -0.0520119 -0.104375
    outer loop
      vertex -25.0206 0 0.785039
      vertex -25.1847 0 2.34652
      vertex -25.2658 1.54862 2.34652
    endloop
  endfacet
  facet normal -0.710123 0.575053 -0.406251
    outer loop
      vertex -29.1874 -7.85581 6.80986
      vertex -28.6708 -8.23117 5.37552
      vertex -30.0678 -8.943 6.80986
    endloop
  endfacet
  facet normal -0.710134 0.57502 -0.406278
    outer loop
      vertex -28.6708 -8.23117 5.37552
      vertex -29.5932 -9.37031 5.37552
      vertex -30.0678 -8.943 6.80986
    endloop
  endfacet
  facet normal -0.797763 0.518018 -0.308597
    outer loop
      vertex -27.8724 -7.00185 5.37552
      vertex -27.4523 -7.24444 3.88229
      vertex -28.2782 -8.51635 3.88229
    endloop
  endfacet
  facet normal -0.820418 0.532729 -0.207638
    outer loop
      vertex -27.4523 -7.24444 3.88229
      vertex -27.1696 -7.40766 2.34652
      vertex -28.2782 -8.51635 3.88229
    endloop
  endfacet
  facet normal -0.939466 0.148797 -0.308647
    outer loop
      vertex -26.073 -1.46379 5.37552
      vertex -25.8277 -3.01241 3.88229
      vertex -26.3023 -2.91153 5.37552
    endloop
  endfacet
  facet normal -0.918762 0.246197 -0.308647
    outer loop
      vertex -26.3023 -2.91153 5.37552
      vertex -25.8277 -3.01241 3.88229
      vertex -26.6817 -4.32738 5.37552
    endloop
  endfacet
  facet normal -0.161831 -0.130889 0.9781
    outer loop
      vertex -37.1149 2.59776 -14.4889
      vertex -37.2457 2.48 -14.5263
      vertex -37.2543 2.42562 -14.535
    endloop
  endfacet
  facet normal -0.256241 -0.316459 0.913342
    outer loop
      vertex -35.4433 5.06071 -13.3651
      vertex -35.9973 5.50929 -13.3651
      vertex -36.4031 3.99479 -14.0037
    endloop
  endfacet
  facet normal -0.185314 -0.094683 0.978107
    outer loop
      vertex -37.4315 1.30661 -14.7007
      vertex -36.6378 1.94114 -14.4889
      vertex -37.4008 1.50065 -14.6761
    endloop
  endfacet
  facet normal -0.187345 -0.0920958 0.977967
    outer loop
      vertex -36.6378 1.94114 -14.4889
      vertex -37.4315 1.30661 -14.7007
      vertex -37.432 1.29807 -14.7016
    endloop
  endfacet
  facet normal -0.174626 -0.113442 0.978078
    outer loop
      vertex -37.3314 1.93886 -14.613
      vertex -36.6378 1.94114 -14.4889
      vertex -36.8592 2.28195 -14.4889
    endloop
  endfacet
  facet normal -0.17463 -0.113304 0.978093
    outer loop
      vertex -36.6378 1.94114 -14.4889
      vertex -37.3314 1.93886 -14.613
      vertex -37.3759 1.65783 -14.6535
    endloop
  endfacet
  facet normal -0.194285 -0.0747149 0.978096
    outer loop
      vertex -36.4534 1.57907 -14.4889
      vertex -37.4403 1.13966 -14.7185
      vertex -37.4512 0.931056 -14.7366
    endloop
  endfacet
  facet normal -0.370235 0.457212 -0.80863
    outer loop
      vertex -33.6835 -7.01514 11.6572
      vertex -34.4514 -7.63696 11.6572
      vertex -34.5335 -6.07119 12.5801
    endloop
  endfacet
  facet normal -0.370264 0.457205 -0.808621
    outer loop
      vertex -34.5335 -6.07119 12.5801
      vertex -34.4514 -7.63696 11.6572
      vertex -35.198 -6.60933 12.5801
    endloop
  endfacet
  facet normal -0.483449 0.129585 -0.865728
    outer loop
      vertex -32.0089 -1.69855 12.5801
      vertex -32.2303 -2.52454 12.5801
      vertex -33.5234 -2.10436 13.3651
    endloop
  endfacet
  facet normal -0.483433 0.129475 -0.865753
    outer loop
      vertex -33.339 -1.41585 13.3651
      vertex -32.0089 -1.69855 12.5801
      vertex -33.5234 -2.10436 13.3651
    endloop
  endfacet
  facet normal -0.524208 -0.267085 -0.808623
    outer loop
      vertex -31.3763 3.83951 11.6572
      vertex -32.5367 3.32287 12.5801
      vertex -32.9249 4.08479 12.5801
    endloop
  endfacet
  facet normal -0.445943 -0.227209 -0.865743
    outer loop
      vertex -32.9249 4.08479 12.5801
      vertex -32.5367 3.32287 12.5801
      vertex -33.7789 2.76982 13.3651
    endloop
  endfacet
  facet normal -0.493375 -0.320446 -0.808638
    outer loop
      vertex -32.363 5.54858 11.6572
      vertex -32.9249 4.08479 12.5801
      vertex -33.3907 4.80196 12.5801
    endloop
  endfacet
  facet normal -0.457218 -0.370213 -0.808637
    outer loop
      vertex -32.363 5.54858 11.6572
      vertex -33.3907 4.80196 12.5801
      vertex -33.9288 5.46652 12.5801
    endloop
  endfacet
  facet normal -0.316538 -0.256335 -0.913289
    outer loop
      vertex -34.7711 4.01478 13.4589
      vertex -34.9393 4.55668 13.3651
      vertex -34.5764 4.10855 13.3651
    endloop
  endfacet
  facet normal -0.31641 -0.256305 -0.913341
    outer loop
      vertex -34.9965 3.8672 13.5784
      vertex -34.9393 4.55668 13.3651
      vertex -34.7711 4.01478 13.4589
    endloop
  endfacet
  facet normal -0.316417 -0.256304 -0.913339
    outer loop
      vertex -34.9393 4.55668 13.3651
      vertex -34.9965 3.8672 13.5784
      vertex -36.0052 3.59692 14.0037
    endloop
  endfacet
  facet normal -0.147462 -0.147412 -0.978021
    outer loop
      vertex -37.1149 2.59776 14.4889
      vertex -37.2268 2.5989 14.5056
      vertex -37.2034 2.68629 14.4889
    endloop
  endfacet
  facet normal -0.147469 -0.146843 -0.978105
    outer loop
      vertex -37.2268 2.5989 14.5056
      vertex -37.1149 2.59776 14.4889
      vertex -37.2457 2.48 14.5263
    endloop
  endfacet
  facet normal -0.545182 -0.673278 -0.499473
    outer loop
      vertex -31.755 10.4974 6.80986
      vertex -31.057 9.9322 6.80986
      vertex -32.3178 10.1319 7.91685
    endloop
  endfacet
  facet normal -0.575027 -0.710136 -0.406264
    outer loop
      vertex -31.4469 10.6974 6.02418
      vertex -31.057 9.9322 6.80986
      vertex -31.755 10.4974 6.80986
    endloop
  endfacet
  facet normal -0.194679 0.240402 -0.950951
    outer loop
      vertex -36.8882 -3.86271 14.1364
      vertex -36.4031 -3.99479 14.0037
      vertex -36.7345 -4.26316 14.0037
    endloop
  endfacet
  facet normal -0.19462 0.240585 -0.950916
    outer loop
      vertex -36.4031 -3.99479 14.0037
      vertex -36.8882 -3.86271 14.1364
      vertex -36.9476 -3.6412 14.2046
    endloop
  endfacet
  facet normal -0.218762 0.218778 -0.950936
    outer loop
      vertex -37.0434 -3.28369 14.3146
      vertex -36.0052 -3.59692 14.0037
      vertex -36.4031 -3.99479 14.0037
    endloop
  endfacet
  facet normal -0.218741 0.218837 -0.950927
    outer loop
      vertex -37.0434 -3.28369 14.3146
      vertex -37.1149 -2.59776 14.4889
      vertex -36.0052 -3.59692 14.0037
    endloop
  endfacet
  facet normal -0.218888 0.218814 -0.950899
    outer loop
      vertex -37.1149 -2.59776 14.4889
      vertex -37.0434 -3.28369 14.3146
      vertex -37.2034 -2.68629 14.4889
    endloop
  endfacet
  facet normal -0.272562 0.419734 -0.865756
    outer loop
      vertex -35.198 -6.60933 12.5801
      vertex -35.4751 -6.78927 12.5801
      vertex -35.7868 -6.30936 12.9109
    endloop
  endfacet
  facet normal -0.388979 -0.314959 0.865734
    outer loop
      vertex -33.3907 4.80196 -12.5801
      vertex -33.9288 5.46652 -12.5801
      vertex -34.4907 4.00273 -13.3651
    endloop
  endfacet
  facet normal -0.362793 -0.184892 0.913343
    outer loop
      vertex -35.0892 2.18642 -14.0037
      vertex -34.1025 3.40493 -13.3651
      vertex -35.3447 2.68776 -14.0037
    endloop
  endfacet
  facet normal -0.194746 -0.240403 0.950937
    outer loop
      vertex -36.4031 3.99479 -14.0037
      vertex -36.9476 3.6412 -14.2046
      vertex -37.0434 3.28369 -14.3146
    endloop
  endfacet
  facet normal -0.308976 0.0162175 0.950931
    outer loop
      vertex -34.6539 -0.561894 -14.0037
      vertex -36.1177 0 -14.4889
      vertex -36.139 -0.405808 -14.4889
    endloop
  endfacet
  facet normal -0.305591 0.0484239 0.950931
    outer loop
      vertex -34.6539 -0.561894 -14.0037
      vertex -36.139 -0.405808 -14.4889
      vertex -36.2026 -0.807172 -14.4889
    endloop
  endfacet
  facet normal -0.406635 -0.021308 0.913342
    outer loop
      vertex -33.1901 0 -13.3651
      vertex -33.2274 0.711823 -13.3651
      vertex -34.6539 0.561894 -14.0037
    endloop
  endfacet
  facet normal -0.406625 -0.0212759 0.913347
    outer loop
      vertex -34.6245 0 -14.0037
      vertex -33.1901 0 -13.3651
      vertex -34.6539 0.561894 -14.0037
    endloop
  endfacet
  facet normal -0.201076 -0.0538399 0.978095
    outer loop
      vertex -37.4681 0.608446 -14.76
      vertex -36.2026 0.807172 -14.4889
      vertex -36.3077 1.19969 -14.4889
    endloop
  endfacet
  facet normal -0.201015 -0.0542184 0.978087
    outer loop
      vertex -36.2026 0.807172 -14.4889
      vertex -37.4681 0.608446 -14.76
      vertex -37.4718 0.537377 -14.7647
    endloop
  endfacet
  facet normal -0.201167 -0.0536578 0.978086
    outer loop
      vertex -36.3077 1.19969 -14.4889
      vertex -37.4567 0.82637 -14.7457
      vertex -37.4681 0.608446 -14.76
    endloop
  endfacet
  facet normal -0.207888 -0.0107075 0.978094
    outer loop
      vertex -36.1177 0 -14.4889
      vertex -37.4886 0.21713 -14.7779
      vertex -37.5 0 -14.7827
    endloop
  endfacet
  facet normal -0.353891 0.353909 0.865742
    outer loop
      vertex -34.9393 -4.55668 -13.3651
      vertex -34.5335 -6.07119 -12.5801
      vertex -33.9288 -5.46652 -12.5801
    endloop
  endfacet
  facet normal -0.353919 0.353898 0.865735
    outer loop
      vertex -34.5335 -6.07119 -12.5801
      vertex -34.9393 -4.55668 -13.3651
      vertex -35.4433 -5.06071 -13.3651
    endloop
  endfacet
  facet normal -0.362793 0.184892 0.913343
    outer loop
      vertex -34.1025 -3.40493 -13.3651
      vertex -35.0892 -2.18642 -14.0037
      vertex -35.3447 -2.68776 -14.0037
    endloop
  endfacet
  facet normal -0.362823 0.184865 0.913337
    outer loop
      vertex -34.1025 -3.40493 -13.3651
      vertex -33.7789 -2.76982 -13.3651
      vertex -35.0892 -2.18642 -14.0037
    endloop
  endfacet
  facet normal -0.370264 0.457205 0.808621
    outer loop
      vertex -34.4514 -7.63696 -11.6572
      vertex -34.5335 -6.07119 -12.5801
      vertex -35.198 -6.60933 -12.5801
    endloop
  endfacet
  facet normal -0.320288 0.493635 0.808542
    outer loop
      vertex -34.4514 -7.63696 -11.6572
      vertex -35.1127 -7.34731 -12.096
      vertex -35.0706 -7.39927 -12.0476
    endloop
  endfacet
  facet normal -0.320444 0.493401 0.808623
    outer loop
      vertex -35.198 -6.60933 -12.5801
      vertex -35.1127 -7.34731 -12.096
      vertex -34.4514 -7.63696 -11.6572
    endloop
  endfacet
  facet normal -0.320406 0.493412 0.808632
    outer loop
      vertex -35.1127 -7.34731 -12.096
      vertex -35.198 -6.60933 -12.5801
      vertex -35.4751 -6.78927 -12.5801
    endloop
  endfacet
  facet normal -0.625968 -0.772844 -0.104288
    outer loop
      vertex -30.357 11.2803 1.9657
      vertex -30.0866 11.0099 2.34652
      vertex -30.396 11.2605 2.34652
    endloop
  endfacet
  facet normal -0.615675 -0.760136 -0.207696
    outer loop
      vertex -30.0866 11.0099 2.34652
      vertex -30.6143 11.1492 3.40097
      vertex -30.396 11.2605 2.34652
    endloop
  endfacet
  facet normal -0.615573 -0.760236 -0.207632
    outer loop
      vertex -30.6143 11.1492 3.40097
      vertex -30.0866 11.0099 2.34652
      vertex -30.305 10.7673 3.88229
    endloop
  endfacet
  facet normal -0.944884 -0.253169 0.207604
    outer loop
      vertex -25.8277 3.01241 -3.88229
      vertex -25.9098 4.57819 -2.34652
      vertex -26.2202 4.47731 -3.88229
    endloop
  endfacet
  facet normal -0.913239 -0.350563 0.207605
    outer loop
      vertex -26.2202 4.47731 -3.88229
      vertex -25.9098 4.57819 -2.34652
      vertex -26.7637 5.89316 -3.88229
    endloop
  endfacet
  facet normal -0.256183 -0.316479 0.913352
    outer loop
      vertex -36.5461 4.75383 -13.7808
      vertex -36.4031 3.99479 -14.0037
      vertex -35.9973 5.50929 -13.3651
    endloop
  endfacet
  facet normal -0.256296 -0.31649 0.913316
    outer loop
      vertex -36.4031 3.99479 -14.0037
      vertex -36.5461 4.75383 -13.7808
      vertex -36.7345 4.26316 -14.0037
    endloop
  endfacet
  facet normal -0.174769 -0.11295 0.978109
    outer loop
      vertex -36.6378 1.94114 -14.4889
      vertex -37.3759 1.65783 -14.6535
      vertex -37.4008 1.50065 -14.6761
    endloop
  endfacet
  facet normal -0.275686 -0.140499 0.950925
    outer loop
      vertex -35.0892 2.18642 -14.0037
      vertex -35.3447 2.68776 -14.0037
      vertex -36.6378 1.94114 -14.4889
    endloop
  endfacet
  facet normal -0.275702 -0.140413 0.950932
    outer loop
      vertex -36.4534 1.57907 -14.4889
      vertex -35.0892 2.18642 -14.0037
      vertex -36.6378 1.94114 -14.4889
    endloop
  endfacet
  facet normal -0.147462 -0.147412 0.978021
    outer loop
      vertex -37.2268 2.5989 -14.5056
      vertex -37.1149 2.59776 -14.4889
      vertex -37.2034 2.68629 -14.4889
    endloop
  endfacet
  facet normal -0.147469 -0.146843 0.978105
    outer loop
      vertex -37.1149 2.59776 -14.4889
      vertex -37.2268 2.5989 -14.5056
      vertex -37.2457 2.48 -14.5263
    endloop
  endfacet
  facet normal -0.221847 -0.341422 0.913354
    outer loop
      vertex -36.4193 5.08421 -13.6265
      vertex -35.9973 5.50929 -13.3651
      vertex -36.1516 5.60955 -13.3651
    endloop
  endfacet
  facet normal -0.221839 -0.341429 0.913353
    outer loop
      vertex -35.9973 5.50929 -13.3651
      vertex -36.4193 5.08421 -13.6265
      vertex -36.5461 4.75383 -13.7808
    endloop
  endfacet
  facet normal -0.419694 -0.272654 -0.865746
    outer loop
      vertex -34 4.35925 13.0149
      vertex -33.3907 4.80196 12.5801
      vertex -34 3.60608 13.2521
    endloop
  endfacet
  facet normal -0.240517 -0.194763 -0.950904
    outer loop
      vertex -36.2829 3 14.1962
      vertex -36.0052 3.59692 14.0037
      vertex -35.7618 3.29634 14.0037
    endloop
  endfacet
  facet normal -0.23985 -0.195105 -0.951003
    outer loop
      vertex -36.0052 3.59692 14.0037
      vertex -36.2829 3 14.1962
      vertex -36.5213 2.80223 14.2969
    endloop
  endfacet
  facet normal -0.598619 -0.739213 -0.308576
    outer loop
      vertex -30.9089 10.9991 4.49826
      vertex -30.6297 10.4068 5.37552
      vertex -31.1865 10.8577 5.37552
    endloop
  endfacet
  facet normal -0.598547 -0.739251 -0.308625
    outer loop
      vertex -30.6297 10.4068 5.37552
      vertex -30.9089 10.9991 4.49826
      vertex -30.305 10.7673 3.88229
    endloop
  endfacet
  facet normal -0.598653 -0.739098 -0.308787
    outer loop
      vertex -30.7139 11.0985 3.88229
      vertex -30.305 10.7673 3.88229
      vertex -30.9089 10.9991 4.49826
    endloop
  endfacet
  facet normal -0.440431 -0.679013 -0.587334
    outer loop
      vertex -33.0891 9.51201 9.30175
      vertex -33.1481 9.43086 9.43981
      vertex -33.1579 9.45635 9.41769
    endloop
  endfacet
  facet normal -0.50937 -0.629036 -0.587244
    outer loop
      vertex -31.5823 9.3488 8.16959
      vertex -33.0891 9.51201 9.30175
      vertex -32.4365 10.0405 8.16959
    endloop
  endfacet
  facet normal -0.509437 -0.628878 -0.587355
    outer loop
      vertex -33.0891 9.51201 9.30175
      vertex -31.5823 9.3488 8.16959
      vertex -33.1481 9.43086 9.43981
    endloop
  endfacet
  facet normal -0.419764 -0.272587 0.865733
    outer loop
      vertex -34.1025 3.40493 -13.3651
      vertex -33.3907 4.80196 -12.5801
      vertex -34.4907 4.00273 -13.3651
    endloop
  endfacet
  facet normal -0.419727 -0.272612 0.865744
    outer loop
      vertex -32.9249 4.08479 -12.5801
      vertex -33.3907 4.80196 -12.5801
      vertex -34.1025 3.40493 -13.3651
    endloop
  endfacet
  facet normal -0.218762 -0.218778 0.950936
    outer loop
      vertex -37.0434 3.28369 -14.3146
      vertex -36.0052 3.59692 -14.0037
      vertex -36.4031 3.99479 -14.0037
    endloop
  endfacet
  facet normal -0.218741 -0.218837 0.950927
    outer loop
      vertex -37.0434 3.28369 -14.3146
      vertex -37.1149 2.59776 -14.4889
      vertex -36.0052 3.59692 -14.0037
    endloop
  endfacet
  facet normal -0.218888 -0.218814 0.950899
    outer loop
      vertex -37.1149 2.59776 -14.4889
      vertex -37.0434 3.28369 -14.3146
      vertex -37.2034 2.68629 -14.4889
    endloop
  endfacet
  facet normal -0.353891 -0.353909 0.865742
    outer loop
      vertex -34.5335 6.07119 -12.5801
      vertex -34.9393 4.55668 -13.3651
      vertex -33.9288 5.46652 -12.5801
    endloop
  endfacet
  facet normal -0.353919 -0.353898 0.865735
    outer loop
      vertex -34.9393 4.55668 -13.3651
      vertex -34.5335 6.07119 -12.5801
      vertex -35.4433 5.06071 -13.3651
    endloop
  endfacet
  facet normal -0.298844 -0.0801132 0.950933
    outer loop
      vertex -34.7419 1.11763 -14.0037
      vertex -34.8876 1.66113 -14.0037
      vertex -36.2026 0.807172 -14.4889
    endloop
  endfacet
  facet normal -0.298894 -0.0800313 0.950925
    outer loop
      vertex -36.2026 0.807172 -14.4889
      vertex -34.8876 1.66113 -14.0037
      vertex -36.3077 1.19969 -14.4889
    endloop
  endfacet
  facet normal -0.288859 -0.11086 0.950931
    outer loop
      vertex -34.8876 1.66113 -14.0037
      vertex -35.0892 2.18642 -14.0037
      vertex -36.4534 1.57907 -14.4889
    endloop
  endfacet
  facet normal -0.380148 -0.145896 0.913347
    outer loop
      vertex -34.8876 1.66113 -14.0037
      vertex -33.5234 2.10436 -13.3651
      vertex -35.0892 2.18642 -14.0037
    endloop
  endfacet
  facet normal -0.185314 0.094683 0.978107
    outer loop
      vertex -36.6378 -1.94114 -14.4889
      vertex -37.4315 -1.30661 -14.7007
      vertex -37.4008 -1.50065 -14.6761
    endloop
  endfacet
  facet normal -0.187345 0.0920958 0.977967
    outer loop
      vertex -37.4315 -1.30661 -14.7007
      vertex -36.6378 -1.94114 -14.4889
      vertex -37.432 -1.29807 -14.7016
    endloop
  endfacet
  facet normal -0.174769 0.11295 0.978109
    outer loop
      vertex -37.3759 -1.65783 -14.6535
      vertex -36.6378 -1.94114 -14.4889
      vertex -37.4008 -1.50065 -14.6761
    endloop
  endfacet
  facet normal -0.147462 0.147412 0.978021
    outer loop
      vertex -37.1149 -2.59776 -14.4889
      vertex -37.2268 -2.5989 -14.5056
      vertex -37.2034 -2.68629 -14.4889
    endloop
  endfacet
  facet normal -0.147469 0.146843 0.978105
    outer loop
      vertex -37.2268 -2.5989 -14.5056
      vertex -37.1149 -2.59776 -14.4889
      vertex -37.2457 -2.48 -14.5263
    endloop
  endfacet
  facet normal -0.316449 0.256267 0.913338
    outer loop
      vertex -34.9393 -4.55668 -13.3651
      vertex -34.4907 -4.00273 -13.3651
      vertex -36.0052 -3.59692 -14.0037
    endloop
  endfacet
  facet normal -0.316449 -0.256267 0.913338
    outer loop
      vertex -34.4907 4.00273 -13.3651
      vertex -34.9393 4.55668 -13.3651
      vertex -36.0052 3.59692 -14.0037
    endloop
  endfacet
  facet normal -0.240451 -0.194717 0.950931
    outer loop
      vertex -35.6511 3.15965 -14.0037
      vertex -36.0052 3.59692 -14.0037
      vertex -36.8592 2.28195 -14.4889
    endloop
  endfacet
  facet normal -0.34151 0.22177 0.913339
    outer loop
      vertex -34.4907 -4.00273 -13.3651
      vertex -34.1025 -3.40493 -13.3651
      vertex -35.6511 -3.15965 -14.0037
    endloop
  endfacet
  facet normal -0.316451 0.256261 0.913339
    outer loop
      vertex -34.4907 -4.00273 -13.3651
      vertex -35.6511 -3.15965 -14.0037
      vertex -36.0052 -3.59692 -14.0037
    endloop
  endfacet
  facet normal -0.34151 -0.22177 0.913339
    outer loop
      vertex -34.1025 3.40493 -13.3651
      vertex -34.4907 4.00273 -13.3651
      vertex -35.6511 3.15965 -14.0037
    endloop
  endfacet
  facet normal -0.341515 -0.221747 0.913343
    outer loop
      vertex -35.3447 2.68776 -14.0037
      vertex -34.1025 3.40493 -13.3651
      vertex -35.6511 3.15965 -14.0037
    endloop
  endfacet
  facet normal 0.625162 -0.239999 -0.742679
    outer loop
      vertex 30.3104 4.31409 10.6066
      vertex 31.3763 3.83951 11.6572
      vertex 29.9125 3.27762 10.6066
    endloop
  endfacet
  facet normal 0.944869 0.2532 -0.207636
    outer loop
      vertex 25.8277 -3.01241 3.88229
      vertex 25.9098 -4.57819 2.34652
      vertex 25.5084 -3.08028 2.34652
    endloop
  endfacet
  facet normal 0.976857 0.0512133 -0.20767
    outer loop
      vertex 25.5111 0 3.88229
      vertex 25.5905 -1.5145 3.88229
      vertex 25.2658 -1.54862 2.34652
    endloop
  endfacet
  facet normal 0.913243 0.350537 -0.207631
    outer loop
      vertex 26.7637 -5.89316 3.88229
      vertex 26.4655 -6.02594 2.34652
      vertex 25.9098 -4.57819 2.34652
    endloop
  endfacet
  facet normal 0.797763 -0.518018 0.308597
    outer loop
      vertex 27.8724 7.00185 -5.37552
      vertex 28.2782 8.51635 -3.88229
      vertex 27.4523 7.24444 -3.88229
    endloop
  endfacet
  facet normal 0.886146 0.4515 0.104369
    outer loop
      vertex 27.0274 -7.48972 -0.785039
      vertex 26.4655 -6.02594 -2.34652
      vertex 26.3156 -6.09269 -0.785039
    endloop
  endfacet
  facet normal 0.836766 -0.224272 0.499525
    outer loop
      vertex 27.6948 2.61554 -8.16959
      vertex 28.0357 3.88745 -8.16959
      vertex 27.289 4.13004 -6.80986
    endloop
  endfacet
  facet normal 0.721163 0.367509 0.58725
    outer loop
      vertex 29.1054 -6.29003 -8.16959
      vertex 29.9046 -5.82859 -9.43981
      vertex 28.5075 -5.11677 -8.16959
    endloop
  endfacet
  facet normal 0.629362 0.777112 -0
    outer loop
      vertex 30.2361 -11.3419 -0.785039
      vertex 29.9768 -11.1319 0.785039
      vertex 30.2361 -11.3419 0.785039
    endloop
  endfacet
  facet normal 0.629362 0.777112 0
    outer loop
      vertex 29.9768 -11.1319 0.785039
      vertex 30.2361 -11.3419 -0.785039
      vertex 29.9768 -11.1319 -0.785039
    endloop
  endfacet
  facet normal 0.445938 0.227213 -0.865745
    outer loop
      vertex 33.7789 -2.76982 13.3651
      vertex 34.1025 -3.40493 13.3651
      vertex 32.9249 -4.08479 12.5801
    endloop
  endfacet
  facet normal 0.205664 -0.0323521 -0.978088
    outer loop
      vertex 37.4718 0.537377 14.7647
      vertex 37.4835 0.315475 14.7745
      vertex 36.2026 0.807172 14.4889
    endloop
  endfacet
  facet normal 0.615715 -0.760162 0.207482
    outer loop
      vertex 30.7139 11.0985 -3.88229
      vertex 30.6143 11.1492 -3.40097
      vertex 30.305 10.7673 -3.88229
    endloop
  endfacet
  facet normal 0.457218 0.370213 -0.808637
    outer loop
      vertex 33.3907 -4.80196 12.5801
      vertex 33.9288 -5.46652 12.5801
      vertex 32.363 -5.54858 11.6572
    endloop
  endfacet
  facet normal 0.886146 -0.4515 -0.104369
    outer loop
      vertex 27.0274 7.48972 0.785039
      vertex 26.4655 6.02594 2.34652
      vertex 26.3156 6.09269 0.785039
    endloop
  endfacet
  facet normal 0.96616 -0.152995 0.207669
    outer loop
      vertex 25.5905 1.5145 -3.88229
      vertex 25.8277 3.01241 -3.88229
      vertex 25.2658 1.54862 -2.34652
    endloop
  endfacet
  facet normal 0.742576 -0.0389141 -0.66863
    outer loop
      vertex 29.4515 1.10869 10.6066
      vertex 29.3934 0 10.6066
      vertex 28.3428 0 9.43981
    endloop
  endfacet
  facet normal 0.882604 0.236508 0.406294
    outer loop
      vertex 26.6817 -4.32738 -5.37552
      vertex 26.927 -2.77876 -6.80986
      vertex 26.3023 -2.91153 -5.37552
    endloop
  endfacet
  facet normal 0.568285 0.152324 -0.80861
    outer loop
      vertex 32.0089 -1.69855 12.5801
      vertex 32.2303 -2.52454 12.5801
      vertex 30.7665 -1.96265 11.6572
    endloop
  endfacet
  facet normal 0.912503 0.0478135 -0.406267
    outer loop
      vertex 26.6349 0 6.80986
      vertex 26.073 -1.46379 5.37552
      vertex 25.9963 0 5.37552
    endloop
  endfacet
  facet normal 0.838658 0.544658 0
    outer loop
      vertex 27.8814 -8.8047 0.785039
      vertex 27.0274 -7.48972 -0.785039
      vertex 27.0274 -7.48972 0.785039
    endloop
  endfacet
  facet normal 0.838658 0.544658 0
    outer loop
      vertex 27.0274 -7.48972 -0.785039
      vertex 27.8814 -8.8047 0.785039
      vertex 27.8814 -8.8047 -0.785039
    endloop
  endfacet
  facet normal 0.58111 0.0919899 0.808609
    outer loop
      vertex 32.0089 -1.69855 -12.5801
      vertex 31.8752 -0.853953 -12.5801
      vertex 30.7665 -1.96265 -11.6572
    endloop
  endfacet
  facet normal 0.760183 -0.615635 0.207644
    outer loop
      vertex 29.2327 9.69496 -3.88229
      vertex 28.9901 9.91339 -2.34652
      vertex 28.0141 8.70823 -2.34652
    endloop
  endfacet
  facet normal 0.520395 0.421464 0.742669
    outer loop
      vertex 32.9849 -6.31646 -11.6572
      vertex 32.363 -5.54858 -11.6572
      vertex 31.4191 -6.2344 -10.6066
    endloop
  endfacet
  facet normal 0.353919 0.353898 0.865735
    outer loop
      vertex 34.9393 -4.55668 -13.3651
      vertex 34.5335 -6.07119 -12.5801
      vertex 35.4433 -5.06071 -13.3651
    endloop
  endfacet
  facet normal 0.353891 0.353909 0.865742
    outer loop
      vertex 34.5335 -6.07119 -12.5801
      vertex 34.9393 -4.55668 -13.3651
      vertex 33.9288 -5.46652 -12.5801
    endloop
  endfacet
  facet normal 0.912503 -0.0478135 -0.406267
    outer loop
      vertex 26.073 1.46379 5.37552
      vertex 26.6349 0 6.80986
      vertex 25.9963 0 5.37552
    endloop
  endfacet
  facet normal 0.887992 -0.340872 0.308669
    outer loop
      vertex 27.207 5.69582 -5.37552
      vertex 26.7637 5.89316 -3.88229
      vertex 26.2202 4.47731 -3.88229
    endloop
  endfacet
  facet normal 0.982292 -0.155594 -0.104367
    outer loop
      vertex 25.3479 3.1144 0.785039
      vertex 25.5084 3.08028 2.34652
      vertex 25.1026 1.56578 0.785039
    endloop
  endfacet
  facet normal 0.939479 -0.14877 -0.308621
    outer loop
      vertex 25.8277 3.01241 3.88229
      vertex 26.073 1.46379 5.37552
      vertex 25.5905 1.5145 3.88229
    endloop
  endfacet
  facet normal 0.94988 -0.049799 -0.308621
    outer loop
      vertex 25.5905 1.5145 3.88229
      vertex 26.073 1.46379 5.37552
      vertex 25.5111 0 3.88229
    endloop
  endfacet
  facet normal 0.993177 0.0520127 -0.104375
    outer loop
      vertex 25.2658 -1.54862 2.34652
      vertex 25.1026 -1.56578 0.785039
      vertex 25.0206 0 0.785039
    endloop
  endfacet
  facet normal 0.960642 0.257427 0.104395
    outer loop
      vertex 25.7537 -4.6289 -0.785039
      vertex 25.9098 -4.57819 -2.34652
      vertex 25.5084 -3.08028 -2.34652
    endloop
  endfacet
  facet normal 0.847497 0.431877 -0.308595
    outer loop
      vertex 27.8724 -7.00185 5.37552
      vertex 27.4523 -7.24444 3.88229
      vertex 26.7637 -5.89316 3.88229
    endloop
  endfacet
  facet normal 0.772878 0.625916 -0.104352
    outer loop
      vertex 28.0141 -8.70823 2.34652
      vertex 28.9901 -9.91339 2.34652
      vertex 27.8814 -8.8047 0.785039
    endloop
  endfacet
  facet normal 0.871569 0.444136 0.207631
    outer loop
      vertex 27.1696 -7.40766 -2.34652
      vertex 26.7637 -5.89316 -3.88229
      vertex 26.4655 -6.02594 -2.34652
    endloop
  endfacet
  facet normal 0.739231 0.59858 0.308608
    outer loop
      vertex 29.2327 -9.69496 -3.88229
      vertex 29.5932 -9.37031 -5.37552
      vertex 28.6708 -8.23117 -5.37552
    endloop
  endfacet
  facet normal 0.625162 -0.239999 0.742679
    outer loop
      vertex 31.3763 3.83951 -11.6572
      vertex 30.3104 4.31409 -10.6066
      vertex 29.9125 3.27762 -10.6066
    endloop
  endfacet
  facet normal 0.9025 -0.142978 0.406265
    outer loop
      vertex 26.7081 1.39703 -6.80986
      vertex 26.927 2.77876 -6.80986
      vertex 26.073 1.46379 -5.37552
    endloop
  endfacet
  facet normal 0.960642 -0.257427 0.104395
    outer loop
      vertex 25.9098 4.57819 -2.34652
      vertex 25.7537 4.6289 -0.785039
      vertex 25.5084 3.08028 -2.34652
    endloop
  endfacet
  facet normal 0.93358 -0.35837 0
    outer loop
      vertex 25.7537 4.6289 0.785039
      vertex 26.3156 6.09269 -0.785039
      vertex 26.3156 6.09269 0.785039
    endloop
  endfacet
  facet normal 0.93358 -0.35837 0
    outer loop
      vertex 26.3156 6.09269 -0.785039
      vertex 25.7537 4.6289 0.785039
      vertex 25.7537 4.6289 -0.785039
    endloop
  endfacet
  facet normal 0.820418 -0.532729 0.207638
    outer loop
      vertex 27.4523 7.24444 -3.88229
      vertex 28.2782 8.51635 -3.88229
      vertex 27.1696 7.40766 -2.34652
    endloop
  endfacet
  facet normal 0.742589 0.0389422 0.668615
    outer loop
      vertex 28.4067 -1.21851 -9.43981
      vertex 29.4515 -1.10869 -10.6066
      vertex 28.3428 0 -9.43981
    endloop
  endfacet
  facet normal 0.520395 -0.421464 0.742669
    outer loop
      vertex 32.363 5.54858 -11.6572
      vertex 32.9849 6.31646 -11.6572
      vertex 31.4191 6.2344 -10.6066
    endloop
  endfacet
  facet normal 0.272562 0.419734 -0.865756
    outer loop
      vertex 35.7868 -6.30936 12.9109
      vertex 35.4751 -6.78927 12.5801
      vertex 35.198 -6.60933 12.5801
    endloop
  endfacet
  facet normal 0.577868 -0.467961 -0.668641
    outer loop
      vertex 32.1178 7.0972 10.6066
      vertex 31.4191 6.2344 10.6066
      vertex 30.5691 6.85192 9.43981
    endloop
  endfacet
  facet normal 0.721163 0.367487 -0.587262
    outer loop
      vertex 29.3506 -4.74141 9.43981
      vertex 29.9046 -5.82859 9.43981
      vertex 28.5075 -5.11677 8.16959
    endloop
  endfacet
  facet normal 0.678843 -0.440805 -0.587251
    outer loop
      vertex 29.8225 7.39437 8.16959
      vertex 30.5691 6.85192 9.43981
      vertex 29.1054 6.29003 8.16959
    endloop
  endfacet
  facet normal 0.808785 -0.310502 0.499454
    outer loop
      vertex 28.5075 5.11677 -8.16959
      vertex 27.7904 5.43607 -6.80986
      vertex 27.289 4.13004 -6.80986
    endloop
  endfacet
  facet normal 0.886115 -0.451548 0.104426
    outer loop
      vertex 27.1696 7.40766 -2.34652
      vertex 27.0274 7.48972 -0.785039
      vertex 26.4655 6.02594 -2.34652
    endloop
  endfacet
  facet normal 0.871569 -0.444136 0.207631
    outer loop
      vertex 26.7637 5.89316 -3.88229
      vertex 27.1696 7.40766 -2.34652
      vertex 26.4655 6.02594 -2.34652
    endloop
  endfacet
  facet normal 0.987686 -0.156449 0
    outer loop
      vertex 25.1026 1.56578 0.785039
      vertex 25.3479 3.1144 -0.785039
      vertex 25.3479 3.1144 0.785039
    endloop
  endfacet
  facet normal 0.987686 -0.156449 0
    outer loop
      vertex 25.3479 3.1144 -0.785039
      vertex 25.1026 1.56578 0.785039
      vertex 25.1026 1.56578 -0.785039
    endloop
  endfacet
  facet normal 0.976872 0.051158 -0.207616
    outer loop
      vertex 25.5111 0 3.88229
      vertex 25.2658 -1.54862 2.34652
      vertex 25.1847 0 2.34652
    endloop
  endfacet
  facet normal 0.882642 0.236455 0.406243
    outer loop
      vertex 27.289 -4.13004 -6.80986
      vertex 26.927 -2.77876 -6.80986
      vertex 26.6817 -4.32738 -5.37552
    endloop
  endfacet
  facet normal 0.799445 0.126567 -0.587255
    outer loop
      vertex 28.4067 -1.21851 9.43981
      vertex 28.5975 -2.42367 9.43981
      vertex 27.6948 -2.61554 8.16959
    endloop
  endfacet
  facet normal 0.393295 -0.105433 -0.913347
    outer loop
      vertex 34.8876 1.66113 14.0037
      vertex 34.7419 1.11763 14.0037
      vertex 33.5234 2.10436 13.3651
    endloop
  endfacet
  facet normal 0.440431 -0.679013 -0.587334
    outer loop
      vertex 33.1579 9.45635 9.41769
      vertex 33.1481 9.43086 9.43981
      vertex 33.0891 9.51201 9.30175
    endloop
  endfacet
  facet normal 0.661394 0.104769 -0.742685
    outer loop
      vertex 30.7665 -1.96265 11.6572
      vertex 29.6252 -2.20524 10.6066
      vertex 29.4515 -1.10869 10.6066
    endloop
  endfacet
  facet normal 0.772878 0.625916 0.104352
    outer loop
      vertex 28.9901 -9.91339 -2.34652
      vertex 28.0141 -8.70823 -2.34652
      vertex 27.8814 -8.8047 -0.785039
    endloop
  endfacet
  facet normal 0.726559 0.471818 -0.4995
    outer loop
      vertex 29.1054 -6.29003 8.16959
      vertex 29.1874 -7.85581 6.80986
      vertex 28.4255 -6.68255 6.80986
    endloop
  endfacet
  facet normal 0.887992 0.340871 -0.30867
    outer loop
      vertex 26.6817 -4.32738 5.37552
      vertex 27.207 -5.69582 5.37552
      vertex 26.2202 -4.47731 3.88229
    endloop
  endfacet
  facet normal 0.524208 0.267085 -0.808623
    outer loop
      vertex 32.5367 -3.32287 12.5801
      vertex 32.9249 -4.08479 12.5801
      vertex 31.3763 -3.83951 11.6572
    endloop
  endfacet
  facet normal 0.661396 0.104775 -0.742683
    outer loop
      vertex 30.6119 -0.986728 11.6572
      vertex 30.7665 -1.96265 11.6572
      vertex 29.4515 -1.10869 10.6066
    endloop
  endfacet
  facet normal 0.520403 0.421425 0.742685
    outer loop
      vertex 32.1178 -7.0972 -10.6066
      vertex 32.9849 -6.31646 -11.6572
      vertex 31.4191 -6.2344 -10.6066
    endloop
  endfacet
  facet normal 0.419727 0.272612 0.865744
    outer loop
      vertex 33.3907 -4.80196 -12.5801
      vertex 34.1025 -3.40493 -13.3651
      vertex 32.9249 -4.08479 -12.5801
    endloop
  endfacet
  facet normal 0.493375 0.320446 0.808638
    outer loop
      vertex 33.3907 -4.80196 -12.5801
      vertex 32.9249 -4.08479 -12.5801
      vertex 32.363 -5.54858 -11.6572
    endloop
  endfacet
  facet normal 0.718228 -0.192506 0.668648
    outer loop
      vertex 29.6252 2.20524 -10.6066
      vertex 28.9134 3.60227 -9.43981
      vertex 28.5975 2.42367 -9.43981
    endloop
  endfacet
  facet normal 0.678843 0.440805 0.587251
    outer loop
      vertex 29.8225 -7.39437 -8.16959
      vertex 30.5691 -6.85192 -9.43981
      vertex 29.1054 -6.29003 -8.16959
    endloop
  endfacet
  facet normal 0.672589 0.672595 0.30861
    outer loop
      vertex 29.2327 -9.69496 -3.88229
      vertex 30.6297 -10.4068 -5.37552
      vertex 29.5932 -9.37031 -5.37552
    endloop
  endfacet
  facet normal 0.6726 0.672575 0.308631
    outer loop
      vertex 30.6297 -10.4068 -5.37552
      vertex 29.2327 -9.69496 -3.88229
      vertex 30.305 -10.7673 -3.88229
    endloop
  endfacet
  facet normal 0.82042 -0.532724 0.207643
    outer loop
      vertex 28.2782 8.51635 -3.88229
      vertex 28.0141 8.70823 -2.34652
      vertex 27.1696 7.40766 -2.34652
    endloop
  endfacet
  facet normal 0.949874 -0.0497717 -0.308646
    outer loop
      vertex 26.073 1.46379 5.37552
      vertex 25.9963 0 5.37552
      vertex 25.5111 0 3.88229
    endloop
  endfacet
  facet normal 0.9025 0.142978 0.406265
    outer loop
      vertex 26.927 -2.77876 -6.80986
      vertex 26.7081 -1.39703 -6.80986
      vertex 26.073 -1.46379 -5.37552
    endloop
  endfacet
  facet normal 0.799445 -0.126567 0.587255
    outer loop
      vertex 28.4067 1.21851 -9.43981
      vertex 28.5975 2.42367 -9.43981
      vertex 27.6948 2.61554 -8.16959
    endloop
  endfacet
  facet normal 0.781807 0.209548 0.587255
    outer loop
      vertex 28.9134 -3.60227 -9.43981
      vertex 28.5975 -2.42367 -9.43981
      vertex 27.6948 -2.61554 -8.16959
    endloop
  endfacet
  facet normal 0.561612 -0.364737 0.74267
    outer loop
      vertex 32.363 5.54858 -11.6572
      vertex 31.4191 6.2344 -10.6066
      vertex 30.8144 5.3033 -10.6066
    endloop
  endfacet
  facet normal 0.781805 0.209541 0.587259
    outer loop
      vertex 28.0357 -3.88745 -8.16959
      vertex 28.9134 -3.60227 -9.43981
      vertex 27.6948 -2.61554 -8.16959
    endloop
  endfacet
  facet normal 0.58111 -0.0919899 0.808609
    outer loop
      vertex 31.8752 0.853953 -12.5801
      vertex 32.0089 1.69855 -12.5801
      vertex 30.7665 1.96265 -11.6572
    endloop
  endfacet
  facet normal 0.662547 -0.337618 0.668615
    outer loop
      vertex 30.8144 5.3033 -10.6066
      vertex 29.9046 5.82859 -9.43981
      vertex 29.3506 4.74141 -9.43981
    endloop
  endfacet
  facet normal 0.71829 -0.192436 0.668602
    outer loop
      vertex 29.6252 2.20524 -10.6066
      vertex 29.9125 3.27762 -10.6066
      vertex 28.9134 3.60227 -9.43981
    endloop
  endfacet
  facet normal 0.493434 -0.320409 0.808617
    outer loop
      vertex 32.9249 4.08479 -12.5801
      vertex 32.363 5.54858 -11.6572
      vertex 31.8249 4.7199 -11.6572
    endloop
  endfacet
  facet normal 0.201015 0.0542184 0.978087
    outer loop
      vertex 36.2026 -0.807172 -14.4889
      vertex 37.4681 -0.608446 -14.76
      vertex 37.4718 -0.537377 -14.7647
    endloop
  endfacet
  facet normal 0.201076 0.0538399 0.978095
    outer loop
      vertex 37.4681 -0.608446 -14.76
      vertex 36.2026 -0.807172 -14.4889
      vertex 36.3077 -1.19969 -14.4889
    endloop
  endfacet
  facet normal 0.370235 -0.457212 0.80863
    outer loop
      vertex 34.5335 6.07119 -12.5801
      vertex 34.4514 7.63696 -11.6572
      vertex 33.6835 7.01514 -11.6572
    endloop
  endfacet
  facet normal 0.520403 -0.421425 -0.742685
    outer loop
      vertex 32.1178 7.0972 10.6066
      vertex 32.9849 6.31646 11.6572
      vertex 31.4191 6.2344 10.6066
    endloop
  endfacet
  facet normal 0.694221 -0.266511 -0.668603
    outer loop
      vertex 30.3104 4.31409 10.6066
      vertex 29.9125 3.27762 10.6066
      vertex 28.9134 3.60227 9.43981
    endloop
  endfacet
  facet normal 0.147469 -0.146843 -0.978105
    outer loop
      vertex 37.1149 2.59776 14.4889
      vertex 37.2268 2.5989 14.5056
      vertex 37.2457 2.48 14.5263
    endloop
  endfacet
  facet normal 0.147462 -0.147412 -0.978021
    outer loop
      vertex 37.2268 2.5989 14.5056
      vertex 37.1149 2.59776 14.4889
      vertex 37.2034 2.68629 14.4889
    endloop
  endfacet
  facet normal 0.598619 -0.739213 -0.308576
    outer loop
      vertex 30.6297 10.4068 5.37552
      vertex 30.9089 10.9991 4.49826
      vertex 31.1865 10.8577 5.37552
    endloop
  endfacet
  facet normal 0.598547 -0.739251 -0.308625
    outer loop
      vertex 30.9089 10.9991 4.49826
      vertex 30.6297 10.4068 5.37552
      vertex 30.305 10.7673 3.88229
    endloop
  endfacet
  facet normal 0.891012 -0.453979 0
    outer loop
      vertex 26.3156 6.09269 0.785039
      vertex 27.0274 7.48972 -0.785039
      vertex 27.0274 7.48972 0.785039
    endloop
  endfacet
  facet normal 0.891012 -0.453979 0
    outer loop
      vertex 27.0274 7.48972 -0.785039
      vertex 26.3156 6.09269 0.785039
      vertex 26.3156 6.09269 -0.785039
    endloop
  endfacet
  facet normal 0.575006 -0.710054 0.406437
    outer loop
      vertex 30.6297 10.4068 -5.37552
      vertex 31.25 10.8253 -5.52196
      vertex 31.1865 10.8577 -5.37552
    endloop
  endfacet
  facet normal 0.57502 -0.710127 0.40629
    outer loop
      vertex 30.6297 10.4068 -5.37552
      vertex 31.4469 10.6974 -6.02418
      vertex 31.25 10.8253 -5.52196
    endloop
  endfacet
  facet normal 0.575014 -0.710141 0.406275
    outer loop
      vertex 31.4469 10.6974 -6.02418
      vertex 30.6297 10.4068 -5.37552
      vertex 31.057 9.9322 -6.80986
    endloop
  endfacet
  facet normal 0.545182 -0.673278 -0.499473
    outer loop
      vertex 31.755 10.4974 6.80986
      vertex 32.3178 10.1319 7.91685
      vertex 31.057 9.9322 6.80986
    endloop
  endfacet
  facet normal 0.421423 -0.520415 0.742678
    outer loop
      vertex 33.6835 7.01514 -11.6572
      vertex 33.7656 8.58092 -10.6066
      vertex 32.9028 7.88224 -10.6066
    endloop
  endfacet
  facet normal 0.721163 -0.367509 0.58725
    outer loop
      vertex 29.9046 5.82859 -9.43981
      vertex 29.1054 6.29003 -8.16959
      vertex 28.5075 5.11677 -8.16959
    endloop
  endfacet
  facet normal 0.739231 -0.59858 -0.308608
    outer loop
      vertex 29.2327 9.69496 3.88229
      vertex 29.5932 9.37031 5.37552
      vertex 28.6708 8.23117 5.37552
    endloop
  endfacet
  facet normal 0.629018 -0.509383 -0.587252
    outer loop
      vertex 30.6512 8.4177 8.16959
      vertex 30.5691 6.85192 9.43981
      vertex 29.8225 7.39437 8.16959
    endloop
  endfacet
  facet normal 0.598653 -0.739098 -0.308787
    outer loop
      vertex 30.7139 11.0985 3.88229
      vertex 30.9089 10.9991 4.49826
      vertex 30.305 10.7673 3.88229
    endloop
  endfacet
  facet normal 0.771894 -0.393292 0.499501
    outer loop
      vertex 29.1054 6.29003 -8.16959
      vertex 28.4255 6.68255 -6.80986
      vertex 27.7904 5.43607 -6.80986
    endloop
  endfacet
  facet normal 0.834115 -0.541616 0.104424
    outer loop
      vertex 27.1696 7.40766 -2.34652
      vertex 28.0141 8.70823 -2.34652
      vertex 27.0274 7.48972 -0.785039
    endloop
  endfacet
  facet normal 0.960642 -0.257427 -0.104395
    outer loop
      vertex 25.7537 4.6289 0.785039
      vertex 25.9098 4.57819 2.34652
      vertex 25.5084 3.08028 2.34652
    endloop
  endfacet
  facet normal 0.918762 -0.246197 -0.308647
    outer loop
      vertex 26.6817 4.32738 5.37552
      vertex 26.3023 2.91153 5.37552
      vertex 25.8277 3.01241 3.88229
    endloop
  endfacet
  facet normal 0.6726 -0.672575 -0.308631
    outer loop
      vertex 30.6297 10.4068 5.37552
      vertex 29.2327 9.69496 3.88229
      vertex 30.305 10.7673 3.88229
    endloop
  endfacet
  facet normal 0.672589 -0.672595 -0.30861
    outer loop
      vertex 29.2327 9.69496 3.88229
      vertex 30.6297 10.4068 5.37552
      vertex 29.5932 9.37031 5.37552
    endloop
  endfacet
  facet normal 0.944869 -0.2532 -0.207636
    outer loop
      vertex 25.9098 4.57819 2.34652
      vertex 25.8277 3.01241 3.88229
      vertex 25.5084 3.08028 2.34652
    endloop
  endfacet
  facet normal 0.993177 0.0520119 -0.104375
    outer loop
      vertex 25.1847 0 2.34652
      vertex 25.2658 -1.54862 2.34652
      vertex 25.0206 0 0.785039
    endloop
  endfacet
  facet normal 0.976857 -0.0512133 -0.20767
    outer loop
      vertex 25.5905 1.5145 3.88229
      vertex 25.5111 0 3.88229
      vertex 25.2658 1.54862 2.34652
    endloop
  endfacet
  facet normal 0.865115 0.0453949 -0.499516
    outer loop
      vertex 27.4199 0 8.16959
      vertex 27.4889 -1.31497 8.16959
      vertex 26.7081 -1.39703 6.80986
    endloop
  endfacet
  facet normal 0.865146 -0.045331 -0.499467
    outer loop
      vertex 26.7081 1.39703 6.80986
      vertex 27.4199 0 8.16959
      vertex 26.6349 0 6.80986
    endloop
  endfacet
  facet normal 0.918762 0.246197 -0.308647
    outer loop
      vertex 26.3023 -2.91153 5.37552
      vertex 26.6817 -4.32738 5.37552
      vertex 25.8277 -3.01241 3.88229
    endloop
  endfacet
  facet normal 0.902492 0.142941 -0.406295
    outer loop
      vertex 26.927 -2.77876 6.80986
      vertex 26.3023 -2.91153 5.37552
      vertex 26.073 -1.46379 5.37552
    endloop
  endfacet
  facet normal 0.882604 0.236508 -0.406294
    outer loop
      vertex 26.927 -2.77876 6.80986
      vertex 26.6817 -4.32738 5.37552
      vertex 26.3023 -2.91153 5.37552
    endloop
  endfacet
  facet normal 0.982292 0.155594 -0.104367
    outer loop
      vertex 25.5084 -3.08028 2.34652
      vertex 25.3479 -3.1144 0.785039
      vertex 25.1026 -1.56578 0.785039
    endloop
  endfacet
  facet normal 0.766325 0.497701 0.40625
    outer loop
      vertex 28.6708 -8.23117 -5.37552
      vertex 29.1874 -7.85581 -6.80986
      vertex 27.8724 -7.00185 -5.37552
    endloop
  endfacet
  facet normal 0.982292 0.155594 0.104367
    outer loop
      vertex 25.3479 -3.1144 -0.785039
      vertex 25.5084 -3.08028 -2.34652
      vertex 25.1026 -1.56578 -0.785039
    endloop
  endfacet
  facet normal 0.298894 0.0800313 -0.950925
    outer loop
      vertex 36.2026 -0.807172 14.4889
      vertex 36.3077 -1.19969 14.4889
      vertex 34.8876 -1.66113 14.0037
    endloop
  endfacet
  facet normal 0.467257 0.179334 -0.865742
    outer loop
      vertex 33.7789 -2.76982 13.3651
      vertex 32.5367 -3.32287 12.5801
      vertex 32.2303 -2.52454 12.5801
    endloop
  endfacet
  facet normal 0.205664 0.0323521 -0.978088
    outer loop
      vertex 37.4835 -0.315475 14.7745
      vertex 37.4718 -0.537377 14.7647
      vertex 36.2026 -0.807172 14.4889
    endloop
  endfacet
  facet normal 0.194293 -0.0748139 -0.978086
    outer loop
      vertex 36.3077 1.19969 14.4889
      vertex 37.4512 0.931056 14.7366
      vertex 37.4567 0.82637 14.7457
    endloop
  endfacet
  facet normal 0.194337 -0.0746345 -0.978091
    outer loop
      vertex 37.4512 0.931056 14.7366
      vertex 36.3077 1.19969 14.4889
      vertex 36.4534 1.57907 14.4889
    endloop
  endfacet
  facet normal 0.393354 0.10535 -0.913331
    outer loop
      vertex 34.7419 -1.11763 14.0037
      vertex 33.5234 -2.10436 13.3651
      vertex 33.339 -1.41585 13.3651
    endloop
  endfacet
  facet normal 0.499817 0.0262214 -0.865734
    outer loop
      vertex 33.1901 0 13.3651
      vertex 31.8752 -0.853953 12.5801
      vertex 31.8304 0 12.5801
    endloop
  endfacet
  facet normal 0.836836 0.224183 -0.499447
    outer loop
      vertex 27.6948 -2.61554 8.16959
      vertex 27.289 -4.13004 6.80986
      vertex 26.927 -2.77876 6.80986
    endloop
  endfacet
  facet normal 0.520403 0.421425 -0.742685
    outer loop
      vertex 32.9849 -6.31646 11.6572
      vertex 32.1178 -7.0972 10.6066
      vertex 31.4191 -6.2344 10.6066
    endloop
  endfacet
  facet normal 0.71829 0.192436 -0.668602
    outer loop
      vertex 29.6252 -2.20524 10.6066
      vertex 29.9125 -3.27762 10.6066
      vertex 28.9134 -3.60227 9.43981
    endloop
  endfacet
  facet normal 0.808785 0.310502 -0.499454
    outer loop
      vertex 28.5075 -5.11677 8.16959
      vertex 27.7904 -5.43607 6.80986
      vertex 27.289 -4.13004 6.80986
    endloop
  endfacet
  facet normal 0.710134 0.57502 -0.406278
    outer loop
      vertex 30.0678 -8.943 6.80986
      vertex 29.5932 -9.37031 5.37552
      vertex 28.6708 -8.23117 5.37552
    endloop
  endfacet
  facet normal 0.388979 0.314959 -0.865734
    outer loop
      vertex 34.4907 -4.00273 13.3651
      vertex 33.9288 -5.46652 12.5801
      vertex 33.3907 -4.80196 12.5801
    endloop
  endfacet
  facet normal 0.739231 0.59858 -0.308608
    outer loop
      vertex 29.5932 -9.37031 5.37552
      vertex 29.2327 -9.69496 3.88229
      vertex 28.6708 -8.23117 5.37552
    endloop
  endfacet
  facet normal 0.726581 0.471803 -0.499482
    outer loop
      vertex 29.8225 -7.39437 8.16959
      vertex 29.1874 -7.85581 6.80986
      vertex 29.1054 -6.29003 8.16959
    endloop
  endfacet
  facet normal 0.598653 0.739098 0.308787
    outer loop
      vertex 30.7139 -11.0985 -3.88229
      vertex 30.9089 -10.9991 -4.49826
      vertex 30.305 -10.7673 -3.88229
    endloop
  endfacet
  facet normal 0.760183 0.615635 0.207644
    outer loop
      vertex 28.9901 -9.91339 -2.34652
      vertex 29.2327 -9.69496 -3.88229
      vertex 28.0141 -8.70823 -2.34652
    endloop
  endfacet
  facet normal 0.380147 0.145956 0.913337
    outer loop
      vertex 33.7789 -2.76982 -13.3651
      vertex 35.0892 -2.18642 -14.0037
      vertex 33.5234 -2.10436 -13.3651
    endloop
  endfacet
  facet normal 0.49436 0.0782573 0.865728
    outer loop
      vertex 32.0089 -1.69855 -12.5801
      vertex 33.2274 -0.711823 -13.3651
      vertex 31.8752 -0.853953 -12.5801
    endloop
  endfacet
  facet normal 0.25948 0.168566 0.950924
    outer loop
      vertex 36.8592 -2.28195 -14.4889
      vertex 36.6378 -1.94114 -14.4889
      vertex 35.3447 -2.68776 -14.0037
    endloop
  endfacet
  facet normal 0.668723 -0.035038 0.742686
    outer loop
      vertex 30.5602 0 -11.6572
      vertex 30.6119 0.986728 -11.6572
      vertex 29.3934 0 -10.6066
    endloop
  endfacet
  facet normal 0.855648 -0.135462 0.499516
    outer loop
      vertex 27.4889 1.31497 -8.16959
      vertex 27.6948 2.61554 -8.16959
      vertex 26.7081 1.39703 -6.80986
    endloop
  endfacet
  facet normal 0.939466 -0.148797 0.308647
    outer loop
      vertex 26.073 1.46379 -5.37552
      vertex 26.3023 2.91153 -5.37552
      vertex 25.8277 3.01241 -3.88229
    endloop
  endfacet
  facet normal 0.982293 -0.155586 -0.104375
    outer loop
      vertex 25.5084 3.08028 2.34652
      vertex 25.2658 1.54862 2.34652
      vertex 25.1026 1.56578 0.785039
    endloop
  endfacet
  facet normal 0.993177 -0.0520127 -0.104375
    outer loop
      vertex 25.1026 1.56578 0.785039
      vertex 25.2658 1.54862 2.34652
      vertex 25.0206 0 0.785039
    endloop
  endfacet
  facet normal 0.928481 0.356413 -0.104369
    outer loop
      vertex 26.4655 -6.02594 2.34652
      vertex 26.3156 -6.09269 0.785039
      vertex 25.7537 -4.6289 0.785039
    endloop
  endfacet
  facet normal 0.96616 0.152995 -0.207669
    outer loop
      vertex 25.5905 -1.5145 3.88229
      vertex 25.8277 -3.01241 3.88229
      vertex 25.2658 -1.54862 2.34652
    endloop
  endfacet
  facet normal 0.549236 0.210835 0.808634
    outer loop
      vertex 31.3763 -3.83951 -11.6572
      vertex 32.2303 -2.52454 -12.5801
      vertex 31.0222 -2.91706 -11.6572
    endloop
  endfacet
  facet normal 0.362823 0.184865 0.913337
    outer loop
      vertex 34.1025 -3.40493 -13.3651
      vertex 35.0892 -2.18642 -14.0037
      vertex 33.7789 -2.76982 -13.3651
    endloop
  endfacet
  facet normal 0.73442 -0.116336 0.66865
    outer loop
      vertex 29.4515 1.10869 -10.6066
      vertex 29.6252 2.20524 -10.6066
      vertex 28.5975 2.42367 -9.43981
    endloop
  endfacet
  facet normal 0.494298 -0.0783545 0.865754
    outer loop
      vertex 33.2274 0.711823 -13.3651
      vertex 33.339 1.41585 -13.3651
      vertex 32.0089 1.69855 -12.5801
    endloop
  endfacet
  facet normal 0.623659 -0.404973 0.668615
    outer loop
      vertex 30.8144 5.3033 -10.6066
      vertex 30.5691 6.85192 -9.43981
      vertex 29.9046 5.82859 -9.43981
    endloop
  endfacet
  facet normal 0.623611 -0.405002 0.668643
    outer loop
      vertex 30.8144 5.3033 -10.6066
      vertex 31.4191 6.2344 -10.6066
      vertex 30.5691 6.85192 -9.43981
    endloop
  endfacet
  facet normal 0.520403 -0.421425 0.742685
    outer loop
      vertex 32.9849 6.31646 -11.6572
      vertex 32.1178 7.0972 -10.6066
      vertex 31.4191 6.2344 -10.6066
    endloop
  endfacet
  facet normal 0.549264 0.210808 0.808622
    outer loop
      vertex 32.5367 -3.32287 -12.5801
      vertex 32.2303 -2.52454 -12.5801
      vertex 31.3763 -3.83951 -11.6572
    endloop
  endfacet
  facet normal 0.694214 0.266438 0.668639
    outer loop
      vertex 29.3506 -4.74141 -9.43981
      vertex 30.3104 -4.31409 -10.6066
      vertex 28.9134 -3.60227 -9.43981
    endloop
  endfacet
  facet normal 0.393354 -0.10535 0.913331
    outer loop
      vertex 34.7419 1.11763 -14.0037
      vertex 33.5234 2.10436 -13.3651
      vertex 33.339 1.41585 -13.3651
    endloop
  endfacet
  facet normal 0.575027 -0.710136 0.406264
    outer loop
      vertex 31.755 10.4974 -6.80986
      vertex 31.4469 10.6974 -6.02418
      vertex 31.057 9.9322 -6.80986
    endloop
  endfacet
  facet normal 0.298844 -0.0801132 0.950933
    outer loop
      vertex 36.2026 0.807172 -14.4889
      vertex 34.8876 1.66113 -14.0037
      vertex 34.7419 1.11763 -14.0037
    endloop
  endfacet
  facet normal 0.207888 -0.0107075 -0.978094
    outer loop
      vertex 37.4886 0.21713 14.7779
      vertex 37.5 0 14.7827
      vertex 36.1177 0 14.4889
    endloop
  endfacet
  facet normal 0.49436 -0.0782573 -0.865728
    outer loop
      vertex 32.0089 1.69855 12.5801
      vertex 33.2274 0.711823 13.3651
      vertex 31.8752 0.853953 12.5801
    endloop
  endfacet
  facet normal 0.402174 0.0637513 -0.913341
    outer loop
      vertex 34.6539 -0.561894 14.0037
      vertex 33.339 -1.41585 13.3651
      vertex 33.2274 -0.711823 13.3651
    endloop
  endfacet
  facet normal 0.402209 -0.0636892 -0.91333
    outer loop
      vertex 34.7419 1.11763 14.0037
      vertex 34.6539 0.561894 14.0037
      vertex 33.339 1.41585 13.3651
    endloop
  endfacet
  facet normal 0.201015 -0.0542184 -0.978087
    outer loop
      vertex 36.2026 0.807172 14.4889
      vertex 37.4681 0.608446 14.76
      vertex 37.4718 0.537377 14.7647
    endloop
  endfacet
  facet normal 0.201076 -0.0538399 -0.978095
    outer loop
      vertex 37.4681 0.608446 14.76
      vertex 36.2026 0.807172 14.4889
      vertex 36.3077 1.19969 14.4889
    endloop
  endfacet
  facet normal 0.662547 -0.337618 -0.668615
    outer loop
      vertex 29.9046 5.82859 9.43981
      vertex 30.8144 5.3033 10.6066
      vertex 29.3506 4.74141 9.43981
    endloop
  endfacet
  facet normal 0.467946 -0.577894 -0.66863
    outer loop
      vertex 33.1481 9.43086 9.43981
      vertex 32.9028 7.88224 10.6066
      vertex 32.1998 8.66298 9.43981
    endloop
  endfacet
  facet normal 0.799447 -0.126565 0.587253
    outer loop
      vertex 28.4067 1.21851 -9.43981
      vertex 27.6948 2.61554 -8.16959
      vertex 27.4889 1.31497 -8.16959
    endloop
  endfacet
  facet normal 0.944884 -0.253169 0.207604
    outer loop
      vertex 26.2202 4.47731 -3.88229
      vertex 25.9098 4.57819 -2.34652
      vertex 25.8277 3.01241 -3.88229
    endloop
  endfacet
  facet normal 0.615675 -0.760136 0.207696
    outer loop
      vertex 30.0866 11.0099 -2.34652
      vertex 30.6143 11.1492 -3.40097
      vertex 30.396 11.2605 -2.34652
    endloop
  endfacet
  facet normal 0.615573 -0.760236 0.207632
    outer loop
      vertex 30.6143 11.1492 -3.40097
      vertex 30.0866 11.0099 -2.34652
      vertex 30.305 10.7673 -3.88229
    endloop
  endfacet
  facet normal 0.820418 -0.532729 -0.207638
    outer loop
      vertex 28.2782 8.51635 3.88229
      vertex 27.4523 7.24444 3.88229
      vertex 27.1696 7.40766 2.34652
    endloop
  endfacet
  facet normal 0.703243 -0.703243 0.104396
    outer loop
      vertex 28.8681 10.0232 -0.785039
      vertex 30.0866 11.0099 -2.34652
      vertex 29.9768 11.1319 -0.785039
    endloop
  endfacet
  facet normal 0.703246 -0.70324 0.1044
    outer loop
      vertex 30.0866 11.0099 -2.34652
      vertex 28.8681 10.0232 -0.785039
      vertex 28.9901 9.91339 -2.34652
    endloop
  endfacet
  facet normal 0.965927 -0.258814 0
    outer loop
      vertex 25.3479 3.1144 0.785039
      vertex 25.7537 4.6289 -0.785039
      vertex 25.7537 4.6289 0.785039
    endloop
  endfacet
  facet normal 0.965927 -0.258814 0
    outer loop
      vertex 25.7537 4.6289 -0.785039
      vertex 25.3479 3.1144 0.785039
      vertex 25.3479 3.1144 -0.785039
    endloop
  endfacet
  facet normal 0.913243 -0.350537 -0.207631
    outer loop
      vertex 26.4655 6.02594 2.34652
      vertex 26.7637 5.89316 3.88229
      vertex 25.9098 4.57819 2.34652
    endloop
  endfacet
  facet normal 0.960652 -0.2574 -0.104367
    outer loop
      vertex 25.7537 4.6289 0.785039
      vertex 25.5084 3.08028 2.34652
      vertex 25.3479 3.1144 0.785039
    endloop
  endfacet
  facet normal 0.886115 -0.451548 -0.104426
    outer loop
      vertex 27.0274 7.48972 0.785039
      vertex 27.1696 7.40766 2.34652
      vertex 26.4655 6.02594 2.34652
    endloop
  endfacet
  facet normal 0.710123 -0.575053 -0.406251
    outer loop
      vertex 30.0678 8.943 6.80986
      vertex 29.1874 7.85581 6.80986
      vertex 28.6708 8.23117 5.37552
    endloop
  endfacet
  facet normal 0.799447 0.126565 -0.587253
    outer loop
      vertex 28.4067 -1.21851 9.43981
      vertex 27.6948 -2.61554 8.16959
      vertex 27.4889 -1.31497 8.16959
    endloop
  endfacet
  facet normal 0.912503 -0.0478123 -0.406265
    outer loop
      vertex 26.7081 1.39703 6.80986
      vertex 26.6349 0 6.80986
      vertex 26.073 1.46379 5.37552
    endloop
  endfacet
  facet normal 0.887992 -0.340872 -0.308669
    outer loop
      vertex 26.7637 5.89316 3.88229
      vertex 27.207 5.69582 5.37552
      vertex 26.2202 4.47731 3.88229
    endloop
  endfacet
  facet normal 0.855673 -0.13556 -0.499446
    outer loop
      vertex 26.927 2.77876 6.80986
      vertex 27.6948 2.61554 8.16959
      vertex 26.7081 1.39703 6.80986
    endloop
  endfacet
  facet normal 0.949874 0.0497717 -0.308646
    outer loop
      vertex 25.9963 0 5.37552
      vertex 26.073 -1.46379 5.37552
      vertex 25.5111 0 3.88229
    endloop
  endfacet
  facet normal 0.94988 0.049799 -0.308621
    outer loop
      vertex 26.073 -1.46379 5.37552
      vertex 25.5905 -1.5145 3.88229
      vertex 25.5111 0 3.88229
    endloop
  endfacet
  facet normal 0.766337 0.497649 -0.406292
    outer loop
      vertex 28.4255 -6.68255 6.80986
      vertex 29.1874 -7.85581 6.80986
      vertex 27.8724 -7.00185 5.37552
    endloop
  endfacet
  facet normal 0.982293 0.155586 -0.104375
    outer loop
      vertex 25.2658 -1.54862 2.34652
      vertex 25.5084 -3.08028 2.34652
      vertex 25.1026 -1.56578 0.785039
    endloop
  endfacet
  facet normal 0.882642 0.236455 -0.406243
    outer loop
      vertex 26.927 -2.77876 6.80986
      vertex 27.289 -4.13004 6.80986
      vertex 26.6817 -4.32738 5.37552
    endloop
  endfacet
  facet normal 0.853072 0.327467 -0.406244
    outer loop
      vertex 27.289 -4.13004 6.80986
      vertex 27.207 -5.69582 5.37552
      vertex 26.6817 -4.32738 5.37552
    endloop
  endfacet
  facet normal 0.966162 0.153031 -0.207636
    outer loop
      vertex 25.8277 -3.01241 3.88229
      vertex 25.5084 -3.08028 2.34652
      vertex 25.2658 -1.54862 2.34652
    endloop
  endfacet
  facet normal 0.847497 0.431877 0.308595
    outer loop
      vertex 27.4523 -7.24444 -3.88229
      vertex 27.8724 -7.00185 -5.37552
      vertex 26.7637 -5.89316 -3.88229
    endloop
  endfacet
  facet normal 0.998632 0.0522984 0
    outer loop
      vertex 25.1026 -1.56578 0.785039
      vertex 25.0206 0 -0.785039
      vertex 25.0206 0 0.785039
    endloop
  endfacet
  facet normal 0.998632 0.0522984 0
    outer loop
      vertex 25.0206 0 -0.785039
      vertex 25.1026 -1.56578 0.785039
      vertex 25.1026 -1.56578 -0.785039
    endloop
  endfacet
  facet normal 0.887992 0.340871 0.30867
    outer loop
      vertex 27.207 -5.69582 -5.37552
      vertex 26.6817 -4.32738 -5.37552
      vertex 26.2202 -4.47731 -3.88229
    endloop
  endfacet
  facet normal 0.913239 0.350563 0.207605
    outer loop
      vertex 26.7637 -5.89316 -3.88229
      vertex 26.2202 -4.47731 -3.88229
      vertex 25.9098 -4.57819 -2.34652
    endloop
  endfacet
  facet normal 0.886115 0.451548 0.104426
    outer loop
      vertex 27.0274 -7.48972 -0.785039
      vertex 27.1696 -7.40766 -2.34652
      vertex 26.4655 -6.02594 -2.34652
    endloop
  endfacet
  facet normal 0.891012 0.453979 0
    outer loop
      vertex 27.0274 -7.48972 0.785039
      vertex 26.3156 -6.09269 -0.785039
      vertex 26.3156 -6.09269 0.785039
    endloop
  endfacet
  facet normal 0.891012 0.453979 0
    outer loop
      vertex 26.3156 -6.09269 -0.785039
      vertex 27.0274 -7.48972 0.785039
      vertex 27.0274 -7.48972 -0.785039
    endloop
  endfacet
  facet normal 0.201076 0.0538399 -0.978095
    outer loop
      vertex 36.2026 -0.807172 14.4889
      vertex 37.4681 -0.608446 14.76
      vertex 36.3077 -1.19969 14.4889
    endloop
  endfacet
  facet normal 0.201015 0.0542184 -0.978087
    outer loop
      vertex 37.4681 -0.608446 14.76
      vertex 36.2026 -0.807172 14.4889
      vertex 37.4718 -0.537377 14.7647
    endloop
  endfacet
  facet normal 0.287916 0.287938 -0.913343
    outer loop
      vertex 35.4433 -5.06071 13.3651
      vertex 36.0052 -3.59692 14.0037
      vertex 36.4031 -3.99479 14.0037
    endloop
  endfacet
  facet normal 0.287943 0.287926 -0.913339
    outer loop
      vertex 36.0052 -3.59692 14.0037
      vertex 35.4433 -5.06071 13.3651
      vertex 34.9393 -4.55668 13.3651
    endloop
  endfacet
  facet normal 0.34151 0.22177 -0.913339
    outer loop
      vertex 35.6511 -3.15965 14.0037
      vertex 34.4907 -4.00273 13.3651
      vertex 34.1025 -3.40493 13.3651
    endloop
  endfacet
  facet normal 0.256241 0.316459 -0.913342
    outer loop
      vertex 36.4031 -3.99479 14.0037
      vertex 35.9973 -5.50929 13.3651
      vertex 35.4433 -5.06071 13.3651
    endloop
  endfacet
  facet normal 0.305587 -0.0483892 -0.950934
    outer loop
      vertex 34.7419 1.11763 14.0037
      vertex 36.2026 0.807172 14.4889
      vertex 34.6539 0.561894 14.0037
    endloop
  endfacet
  facet normal 0.64683 0.173291 -0.742685
    outer loop
      vertex 30.7665 -1.96265 11.6572
      vertex 29.9125 -3.27762 10.6066
      vertex 29.6252 -2.20524 10.6066
    endloop
  endfacet
  facet normal 0.380147 0.145956 -0.913337
    outer loop
      vertex 35.0892 -2.18642 14.0037
      vertex 33.7789 -2.76982 13.3651
      vertex 33.5234 -2.10436 13.3651
    endloop
  endfacet
  facet normal 0.380148 0.145896 -0.913347
    outer loop
      vertex 34.8876 -1.66113 14.0037
      vertex 35.0892 -2.18642 14.0037
      vertex 33.5234 -2.10436 13.3651
    endloop
  endfacet
  facet normal 0.568271 0.152248 -0.808634
    outer loop
      vertex 32.2303 -2.52454 12.5801
      vertex 31.0222 -2.91706 11.6572
      vertex 30.7665 -1.96265 11.6572
    endloop
  endfacet
  facet normal 0.646827 0.173294 -0.742687
    outer loop
      vertex 30.7665 -1.96265 11.6572
      vertex 31.0222 -2.91706 11.6572
      vertex 29.9125 -3.27762 10.6066
    endloop
  endfacet
  facet normal 0.855648 0.135462 -0.499516
    outer loop
      vertex 27.4889 -1.31497 8.16959
      vertex 27.6948 -2.61554 8.16959
      vertex 26.7081 -1.39703 6.80986
    endloop
  endfacet
  facet normal 0.742589 0.0389422 -0.668615
    outer loop
      vertex 29.4515 -1.10869 10.6066
      vertex 28.4067 -1.21851 9.43981
      vertex 28.3428 0 9.43981
    endloop
  endfacet
  facet normal 0.82042 0.532724 -0.207643
    outer loop
      vertex 28.2782 -8.51635 3.88229
      vertex 28.0141 -8.70823 2.34652
      vertex 27.1696 -7.40766 2.34652
    endloop
  endfacet
  facet normal 0.703246 0.70324 -0.1044
    outer loop
      vertex 30.0866 -11.0099 2.34652
      vertex 28.8681 -10.0232 0.785039
      vertex 28.9901 -9.91339 2.34652
    endloop
  endfacet
  facet normal 0.703243 0.703243 -0.104396
    outer loop
      vertex 28.8681 -10.0232 0.785039
      vertex 30.0866 -11.0099 2.34652
      vertex 29.9768 -11.1319 0.785039
    endloop
  endfacet
  facet normal 0.415991 0.416012 -0.808632
    outer loop
      vertex 33.6835 -7.01514 11.6572
      vertex 33.9288 -5.46652 12.5801
      vertex 34.5335 -6.07119 12.5801
    endloop
  endfacet
  facet normal 0.416041 0.415994 -0.808615
    outer loop
      vertex 33.9288 -5.46652 12.5801
      vertex 33.6835 -7.01514 11.6572
      vertex 32.9849 -6.31646 11.6572
    endloop
  endfacet
  facet normal 0.847513 0.431793 -0.308668
    outer loop
      vertex 27.207 -5.69582 5.37552
      vertex 27.8724 -7.00185 5.37552
      vertex 26.7637 -5.89316 3.88229
    endloop
  endfacet
  facet normal 0.575027 0.710136 -0.406264
    outer loop
      vertex 31.755 -10.4974 6.80986
      vertex 31.4469 -10.6974 6.02418
      vertex 31.057 -9.9322 6.80986
    endloop
  endfacet
  facet normal 0.421416 0.520417 -0.742681
    outer loop
      vertex 34.4514 -7.63696 11.6572
      vertex 33.7656 -8.58092 10.6066
      vertex 33.6835 -7.01514 11.6572
    endloop
  endfacet
  facet normal 0.836766 0.224272 -0.499525
    outer loop
      vertex 27.6948 -2.61554 8.16959
      vertex 28.0357 -3.88745 8.16959
      vertex 27.289 -4.13004 6.80986
    endloop
  endfacet
  facet normal 0.721163 0.367509 -0.58725
    outer loop
      vertex 29.9046 -5.82859 9.43981
      vertex 29.1054 -6.29003 8.16959
      vertex 28.5075 -5.11677 8.16959
    endloop
  endfacet
  facet normal 0.772906 0.625873 0.104402
    outer loop
      vertex 28.8681 -10.0232 -0.785039
      vertex 28.9901 -9.91339 -2.34652
      vertex 27.8814 -8.8047 -0.785039
    endloop
  endfacet
  facet normal 0.772906 0.625873 -0.104402
    outer loop
      vertex 28.9901 -9.91339 2.34652
      vertex 28.8681 -10.0232 0.785039
      vertex 27.8814 -8.8047 0.785039
    endloop
  endfacet
  facet normal 0.545233 0.673276 0.49942
    outer loop
      vertex 31.5823 -9.3488 -8.16959
      vertex 32.3178 -10.1319 -7.91685
      vertex 32.3473 -10.1127 -7.97494
    endloop
  endfacet
  facet normal 0.545164 0.673239 0.499545
    outer loop
      vertex 31.5823 -9.3488 -8.16959
      vertex 32.3473 -10.1127 -7.97494
      vertex 32.4365 -10.0405 -8.16959
    endloop
  endfacet
  facet normal 0.545192 0.673259 0.499488
    outer loop
      vertex 32.3178 -10.1319 -7.91685
      vertex 31.5823 -9.3488 -8.16959
      vertex 31.057 -9.9322 -6.80986
    endloop
  endfacet
  facet normal 0.256241 0.316459 0.913342
    outer loop
      vertex 35.9973 -5.50929 -13.3651
      vertex 36.4031 -3.99479 -14.0037
      vertex 35.4433 -5.06071 -13.3651
    endloop
  endfacet
  facet normal 0.545182 0.673278 0.499473
    outer loop
      vertex 31.755 -10.4974 -6.80986
      vertex 32.3178 -10.1319 -7.91685
      vertex 31.057 -9.9322 -6.80986
    endloop
  endfacet
  facet normal 0.615675 0.760136 0.207696
    outer loop
      vertex 30.6143 -11.1492 -3.40097
      vertex 30.0866 -11.0099 -2.34652
      vertex 30.396 -11.2605 -2.34652
    endloop
  endfacet
  facet normal 0.615573 0.760236 0.207632
    outer loop
      vertex 30.0866 -11.0099 -2.34652
      vertex 30.6143 -11.1492 -3.40097
      vertex 30.305 -10.7673 -3.88229
    endloop
  endfacet
  facet normal 0.34151 0.22177 0.913339
    outer loop
      vertex 34.4907 -4.00273 -13.3651
      vertex 35.6511 -3.15965 -14.0037
      vertex 34.1025 -3.40493 -13.3651
    endloop
  endfacet
  facet normal 0.440431 0.679013 0.587334
    outer loop
      vertex 33.1579 -9.45635 -9.41769
      vertex 33.1481 -9.43086 -9.43981
      vertex 33.0891 -9.51201 -9.30175
    endloop
  endfacet
  facet normal 0.62516 -0.23998 0.742687
    outer loop
      vertex 31.0222 2.91706 -11.6572
      vertex 31.3763 3.83951 -11.6572
      vertex 29.9125 3.27762 -10.6066
    endloop
  endfacet
  facet normal 0.240451 -0.194717 0.950931
    outer loop
      vertex 36.8592 2.28195 -14.4889
      vertex 36.0052 3.59692 -14.0037
      vertex 35.6511 3.15965 -14.0037
    endloop
  endfacet
  facet normal 0.194746 -0.240403 0.950937
    outer loop
      vertex 37.0434 3.28369 -14.3146
      vertex 36.9476 3.6412 -14.2046
      vertex 36.4031 3.99479 -14.0037
    endloop
  endfacet
  facet normal 0.421416 0.520417 0.742681
    outer loop
      vertex 33.7656 -8.58092 -10.6066
      vertex 34.4514 -7.63696 -11.6572
      vertex 33.6835 -7.01514 -11.6572
    endloop
  endfacet
  facet normal 0.69171 0.691684 0.20763
    outer loop
      vertex 29.2327 -9.69496 -3.88229
      vertex 30.0866 -11.0099 -2.34652
      vertex 30.305 -10.7673 -3.88229
    endloop
  endfacet
  facet normal 0.691698 0.691692 0.207643
    outer loop
      vertex 30.0866 -11.0099 -2.34652
      vertex 29.2327 -9.69496 -3.88229
      vertex 28.9901 -9.91339 -2.34652
    endloop
  endfacet
  facet normal 0.739173 0.598621 0.308669
    outer loop
      vertex 29.2327 -9.69496 -3.88229
      vertex 28.6708 -8.23117 -5.37552
      vertex 28.2782 -8.51635 -3.88229
    endloop
  endfacet
  facet normal 0.194285 0.0747149 0.978096
    outer loop
      vertex 37.4403 -1.13966 -14.7185
      vertex 37.4512 -0.931056 -14.7366
      vertex 36.4534 -1.57907 -14.4889
    endloop
  endfacet
  facet normal 0.393295 0.105433 0.913347
    outer loop
      vertex 34.8876 -1.66113 -14.0037
      vertex 34.7419 -1.11763 -14.0037
      vertex 33.5234 -2.10436 -13.3651
    endloop
  endfacet
  facet normal 0.781805 -0.209541 0.587259
    outer loop
      vertex 28.9134 3.60227 -9.43981
      vertex 28.0357 3.88745 -8.16959
      vertex 27.6948 2.61554 -8.16959
    endloop
  endfacet
  facet normal 0.918762 -0.24617 0.308671
    outer loop
      vertex 26.6817 4.32738 -5.37552
      vertex 26.2202 4.47731 -3.88229
      vertex 25.8277 3.01241 -3.88229
    endloop
  endfacet
  facet normal 0.912503 -0.0478135 0.406267
    outer loop
      vertex 26.6349 0 -6.80986
      vertex 26.073 1.46379 -5.37552
      vertex 25.9963 0 -5.37552
    endloop
  endfacet
  facet normal 0.755656 -0.29002 0.587258
    outer loop
      vertex 28.9134 3.60227 -9.43981
      vertex 29.3506 4.74141 -9.43981
      vertex 28.0357 3.88745 -8.16959
    endloop
  endfacet
  facet normal 0.965927 0.258814 0
    outer loop
      vertex 25.7537 -4.6289 0.785039
      vertex 25.3479 -3.1144 -0.785039
      vertex 25.3479 -3.1144 0.785039
    endloop
  endfacet
  facet normal 0.965927 0.258814 0
    outer loop
      vertex 25.3479 -3.1144 -0.785039
      vertex 25.7537 -4.6289 0.785039
      vertex 25.7537 -4.6289 -0.785039
    endloop
  endfacet
  facet normal 0.987686 0.156449 0
    outer loop
      vertex 25.3479 -3.1144 0.785039
      vertex 25.1026 -1.56578 -0.785039
      vertex 25.1026 -1.56578 0.785039
    endloop
  endfacet
  facet normal 0.987686 0.156449 0
    outer loop
      vertex 25.1026 -1.56578 -0.785039
      vertex 25.3479 -3.1144 0.785039
      vertex 25.3479 -3.1144 -0.785039
    endloop
  endfacet
  facet normal 0.96616 -0.152995 -0.207669
    outer loop
      vertex 25.8277 3.01241 3.88229
      vertex 25.5905 1.5145 3.88229
      vertex 25.2658 1.54862 2.34652
    endloop
  endfacet
  facet normal 0.966162 -0.153031 -0.207636
    outer loop
      vertex 25.5084 3.08028 2.34652
      vertex 25.8277 3.01241 3.88229
      vertex 25.2658 1.54862 2.34652
    endloop
  endfacet
  facet normal 0.928488 0.356388 -0.104394
    outer loop
      vertex 25.9098 -4.57819 2.34652
      vertex 26.4655 -6.02594 2.34652
      vertex 25.7537 -4.6289 0.785039
    endloop
  endfacet
  facet normal 0.939466 0.148797 -0.308647
    outer loop
      vertex 26.073 -1.46379 5.37552
      vertex 26.3023 -2.91153 5.37552
      vertex 25.8277 -3.01241 3.88229
    endloop
  endfacet
  facet normal 0.939479 0.14877 -0.308621
    outer loop
      vertex 26.073 -1.46379 5.37552
      vertex 25.8277 -3.01241 3.88229
      vertex 25.5905 -1.5145 3.88229
    endloop
  endfacet
  facet normal 0.445938 0.227213 0.865745
    outer loop
      vertex 34.1025 -3.40493 -13.3651
      vertex 33.7789 -2.76982 -13.3651
      vertex 32.9249 -4.08479 -12.5801
    endloop
  endfacet
  facet normal 0.596643 0.304018 0.742691
    outer loop
      vertex 31.8249 -4.7199 -11.6572
      vertex 31.3763 -3.83951 -11.6572
      vertex 30.8144 -5.3033 -10.6066
    endloop
  endfacet
  facet normal 0.662547 0.337618 0.668615
    outer loop
      vertex 29.9046 -5.82859 -9.43981
      vertex 30.8144 -5.3033 -10.6066
      vertex 29.3506 -4.74141 -9.43981
    endloop
  endfacet
  facet normal 0.625162 0.239999 0.742679
    outer loop
      vertex 30.3104 -4.31409 -10.6066
      vertex 31.3763 -3.83951 -11.6572
      vertex 29.9125 -3.27762 -10.6066
    endloop
  endfacet
  facet normal 0.865146 0.045331 0.499467
    outer loop
      vertex 26.7081 -1.39703 -6.80986
      vertex 27.4199 0 -8.16959
      vertex 26.6349 0 -6.80986
    endloop
  endfacet
  facet normal 0.808293 -0.0423878 0.587253
    outer loop
      vertex 28.3428 0 -9.43981
      vertex 28.4067 1.21851 -9.43981
      vertex 27.4889 1.31497 -8.16959
    endloop
  endfacet
  facet normal 0.781807 -0.209548 0.587255
    outer loop
      vertex 28.5975 2.42367 -9.43981
      vertex 28.9134 3.60227 -9.43981
      vertex 27.6948 2.61554 -8.16959
    endloop
  endfacet
  facet normal 0.612581 -0.612581 0.499488
    outer loop
      vertex 30.6512 8.4177 -8.16959
      vertex 31.057 9.9322 -6.80986
      vertex 30.0678 8.943 -6.80986
    endloop
  endfacet
  facet normal 0.612581 -0.612581 0.499488
    outer loop
      vertex 31.057 9.9322 -6.80986
      vertex 30.6512 8.4177 -8.16959
      vertex 31.5823 9.3488 -8.16959
    endloop
  endfacet
  facet normal 0.814154 -0.414824 0.406293
    outer loop
      vertex 28.4255 6.68255 -6.80986
      vertex 27.8724 7.00185 -5.37552
      vertex 27.7904 5.43607 -6.80986
    endloop
  endfacet
  facet normal 0.721163 -0.367487 0.587262
    outer loop
      vertex 29.3506 4.74141 -9.43981
      vertex 29.9046 5.82859 -9.43981
      vertex 28.5075 5.11677 -8.16959
    endloop
  endfacet
  facet normal 0.524208 -0.267085 0.808623
    outer loop
      vertex 32.5367 3.32287 -12.5801
      vertex 32.9249 4.08479 -12.5801
      vertex 31.3763 3.83951 -11.6572
    endloop
  endfacet
  facet normal 0.596667 -0.304 0.74268
    outer loop
      vertex 31.3763 3.83951 -11.6572
      vertex 30.8144 5.3033 -10.6066
      vertex 30.3104 4.31409 -10.6066
    endloop
  endfacet
  facet normal 0.221847 -0.341422 0.913354
    outer loop
      vertex 35.9973 5.50929 -13.3651
      vertex 36.4193 5.08421 -13.6265
      vertex 36.1516 5.60955 -13.3651
    endloop
  endfacet
  facet normal 0.221839 -0.341429 0.913353
    outer loop
      vertex 36.4193 5.08421 -13.6265
      vertex 35.9973 5.50929 -13.3651
      vertex 36.5461 4.75383 -13.7808
    endloop
  endfacet
  facet normal 0.50936 -0.629039 0.58725
    outer loop
      vertex 32.1998 8.66298 -9.43981
      vertex 33.1481 9.43086 -9.43981
      vertex 31.5823 9.3488 -8.16959
    endloop
  endfacet
  facet normal 0.742576 -0.0389141 0.66863
    outer loop
      vertex 29.3934 0 -10.6066
      vertex 29.4515 1.10869 -10.6066
      vertex 28.3428 0 -9.43981
    endloop
  endfacet
  facet normal 0.581069 -0.0920496 0.808632
    outer loop
      vertex 31.8752 0.853953 -12.5801
      vertex 30.7665 1.96265 -11.6572
      vertex 30.6119 0.986728 -11.6572
    endloop
  endfacet
  facet normal 0.587505 0.0308216 0.808633
    outer loop
      vertex 31.8752 -0.853953 -12.5801
      vertex 31.8304 0 -12.5801
      vertex 30.6119 -0.986728 -11.6572
    endloop
  endfacet
  facet normal 0.668723 0.035038 0.742686
    outer loop
      vertex 30.6119 -0.986728 -11.6572
      vertex 30.5602 0 -11.6572
      vertex 29.3934 0 -10.6066
    endloop
  endfacet
  facet normal 0.549264 -0.210808 0.808622
    outer loop
      vertex 32.2303 2.52454 -12.5801
      vertex 32.5367 3.32287 -12.5801
      vertex 31.3763 3.83951 -11.6572
    endloop
  endfacet
  facet normal 0.404955 -0.623651 0.668633
    outer loop
      vertex 33.3641 9.28931 -9.7027
      vertex 33.7656 8.58092 -10.6066
      vertex 33.9517 8.70176 -10.6066
    endloop
  endfacet
  facet normal 0.404571 -0.624098 0.668449
    outer loop
      vertex 33.1481 9.43086 -9.43981
      vertex 33.3641 9.28931 -9.7027
      vertex 33.1994 9.42274 -9.47844
    endloop
  endfacet
  facet normal 0.405164 -0.623524 0.668626
    outer loop
      vertex 33.3641 9.28931 -9.7027
      vertex 33.1481 9.43086 -9.43981
      vertex 33.7656 8.58092 -10.6066
    endloop
  endfacet
  facet normal 0.77189 -0.39336 0.499454
    outer loop
      vertex 28.5075 5.11677 -8.16959
      vertex 29.1054 6.29003 -8.16959
      vertex 27.7904 5.43607 -6.80986
    endloop
  endfacet
  facet normal 0.50937 -0.629036 0.587244
    outer loop
      vertex 31.5823 9.3488 -8.16959
      vertex 33.0891 9.51201 -9.30175
      vertex 32.4365 10.0405 -8.16959
    endloop
  endfacet
  facet normal 0.509437 -0.628878 0.587355
    outer loop
      vertex 33.0891 9.51201 -9.30175
      vertex 31.5823 9.3488 -8.16959
      vertex 33.1481 9.43086 -9.43981
    endloop
  endfacet
  facet normal 0.572336 -0.572336 0.58725
    outer loop
      vertex 31.5823 9.3488 -8.16959
      vertex 31.337 7.80018 -9.43981
      vertex 32.1998 8.66298 -9.43981
    endloop
  endfacet
  facet normal 0.572336 -0.572336 0.58725
    outer loop
      vertex 31.337 7.80018 -9.43981
      vertex 31.5823 9.3488 -8.16959
      vertex 30.6512 8.4177 -8.16959
    endloop
  endfacet
  facet normal 0.545192 -0.673259 0.499488
    outer loop
      vertex 31.5823 9.3488 -8.16959
      vertex 32.3178 10.1319 -7.91685
      vertex 31.057 9.9322 -6.80986
    endloop
  endfacet
  facet normal 0.545233 -0.673276 0.49942
    outer loop
      vertex 32.3178 10.1319 -7.91685
      vertex 31.5823 9.3488 -8.16959
      vertex 32.3473 10.1127 -7.97494
    endloop
  endfacet
  facet normal 0.545164 -0.673239 0.499545
    outer loop
      vertex 32.3473 10.1127 -7.97494
      vertex 31.5823 9.3488 -8.16959
      vertex 32.4365 10.0405 -8.16959
    endloop
  endfacet
  facet normal 0.287916 -0.287938 0.913343
    outer loop
      vertex 35.4433 5.06071 -13.3651
      vertex 36.0052 3.59692 -14.0037
      vertex 36.4031 3.99479 -14.0037
    endloop
  endfacet
  facet normal 0.287943 -0.287926 0.913339
    outer loop
      vertex 36.0052 3.59692 -14.0037
      vertex 35.4433 5.06071 -13.3651
      vertex 34.9393 4.55668 -13.3651
    endloop
  endfacet
  facet normal 0.415991 -0.416012 0.808632
    outer loop
      vertex 33.6835 7.01514 -11.6572
      vertex 33.9288 5.46652 -12.5801
      vertex 34.5335 6.07119 -12.5801
    endloop
  endfacet
  facet normal 0.416041 -0.415994 0.808615
    outer loop
      vertex 33.9288 5.46652 -12.5801
      vertex 33.6835 7.01514 -11.6572
      vertex 32.9849 6.31646 -11.6572
    endloop
  endfacet
  facet normal 0.207735 -0.012262 -0.978108
    outer loop
      vertex 37.4886 0.21713 14.7779
      vertex 36.139 0.405808 14.4889
      vertex 37.4862 0.264215 14.7768
    endloop
  endfacet
  facet normal 0.207919 -0.0109132 -0.978085
    outer loop
      vertex 36.139 0.405808 14.4889
      vertex 37.4886 0.21713 14.7779
      vertex 36.1177 0 14.4889
    endloop
  endfacet
  facet normal 0.205545 -0.0330595 -0.978089
    outer loop
      vertex 36.139 0.405808 14.4889
      vertex 37.4835 0.315475 14.7745
      vertex 37.4862 0.264215 14.7768
    endloop
  endfacet
  facet normal 0.20558 -0.0325761 -0.978098
    outer loop
      vertex 37.4835 0.315475 14.7745
      vertex 36.139 0.405808 14.4889
      vertex 36.2026 0.807172 14.4889
    endloop
  endfacet
  facet normal 0.207888 0.0107075 -0.978094
    outer loop
      vertex 37.5 0 14.7827
      vertex 37.4886 -0.21713 14.7779
      vertex 36.1177 0 14.4889
    endloop
  endfacet
  facet normal 0.288853 0.110933 -0.950925
    outer loop
      vertex 36.3077 -1.19969 14.4889
      vertex 36.4534 -1.57907 14.4889
      vertex 34.8876 -1.66113 14.0037
    endloop
  endfacet
  facet normal 0.17463 -0.113304 -0.978093
    outer loop
      vertex 36.6378 1.94114 14.4889
      vertex 37.3314 1.93886 14.613
      vertex 37.3759 1.65783 14.6535
    endloop
  endfacet
  facet normal 0.174626 -0.113442 -0.978078
    outer loop
      vertex 37.3314 1.93886 14.613
      vertex 36.6378 1.94114 14.4889
      vertex 36.8592 2.28195 14.4889
    endloop
  endfacet
  facet normal 0.161831 -0.130889 -0.9781
    outer loop
      vertex 37.2457 2.48 14.5263
      vertex 37.2543 2.42562 14.535
      vertex 37.1149 2.59776 14.4889
    endloop
  endfacet
  facet normal 0.185468 0.0944578 -0.9781
    outer loop
      vertex 36.4534 -1.57907 14.4889
      vertex 37.432 -1.29807 14.7016
      vertex 36.6378 -1.94114 14.4889
    endloop
  endfacet
  facet normal 0.185416 0.094633 -0.978093
    outer loop
      vertex 37.432 -1.29807 14.7016
      vertex 36.4534 -1.57907 14.4889
      vertex 37.4403 -1.13966 14.7185
    endloop
  endfacet
  facet normal 0.587505 -0.0308216 -0.808633
    outer loop
      vertex 31.8752 0.853953 12.5801
      vertex 31.8304 0 12.5801
      vertex 30.6119 0.986728 11.6572
    endloop
  endfacet
  facet normal 0.612581 -0.612581 -0.499488
    outer loop
      vertex 31.057 9.9322 6.80986
      vertex 30.6512 8.4177 8.16959
      vertex 30.0678 8.943 6.80986
    endloop
  endfacet
  facet normal 0.612581 -0.612581 -0.499488
    outer loop
      vertex 30.6512 8.4177 8.16959
      vertex 31.057 9.9322 6.80986
      vertex 31.5823 9.3488 8.16959
    endloop
  endfacet
  facet normal 0.797763 -0.518018 -0.308597
    outer loop
      vertex 28.2782 8.51635 3.88229
      vertex 27.8724 7.00185 5.37552
      vertex 27.4523 7.24444 3.88229
    endloop
  endfacet
  facet normal 0.808293 -0.0423878 -0.587253
    outer loop
      vertex 28.4067 1.21851 9.43981
      vertex 28.3428 0 9.43981
      vertex 27.4889 1.31497 8.16959
    endloop
  endfacet
  facet normal 0.755656 -0.29002 -0.587258
    outer loop
      vertex 29.3506 4.74141 9.43981
      vertex 28.9134 3.60227 9.43981
      vertex 28.0357 3.88745 8.16959
    endloop
  endfacet
  facet normal 0.308994 0.0161675 -0.950927
    outer loop
      vertex 36.1177 0 14.4889
      vertex 34.6539 -0.561894 14.0037
      vertex 34.6245 0 14.0037
    endloop
  endfacet
  facet normal 0.308994 -0.0161675 -0.950927
    outer loop
      vertex 34.6539 0.561894 14.0037
      vertex 36.1177 0 14.4889
      vertex 34.6245 0 14.0037
    endloop
  endfacet
  facet normal 0.853047 -0.327495 0.406273
    outer loop
      vertex 27.289 4.13004 -6.80986
      vertex 27.7904 5.43607 -6.80986
      vertex 27.207 5.69582 -5.37552
    endloop
  endfacet
  facet normal 0.847513 -0.431793 0.308668
    outer loop
      vertex 27.207 5.69582 -5.37552
      vertex 27.8724 7.00185 -5.37552
      vertex 26.7637 5.89316 -3.88229
    endloop
  endfacet
  facet normal 0.739231 -0.59858 0.308608
    outer loop
      vertex 29.5932 9.37031 -5.37552
      vertex 29.2327 9.69496 -3.88229
      vertex 28.6708 8.23117 -5.37552
    endloop
  endfacet
  facet normal 0.797696 -0.518075 0.308673
    outer loop
      vertex 28.6708 8.23117 -5.37552
      vertex 28.2782 8.51635 -3.88229
      vertex 27.8724 7.00185 -5.37552
    endloop
  endfacet
  facet normal 0.760183 -0.615635 -0.207644
    outer loop
      vertex 28.9901 9.91339 2.34652
      vertex 29.2327 9.69496 3.88229
      vertex 28.0141 8.70823 2.34652
    endloop
  endfacet
  facet normal 0.691698 -0.691692 0.207643
    outer loop
      vertex 29.2327 9.69496 -3.88229
      vertex 30.0866 11.0099 -2.34652
      vertex 28.9901 9.91339 -2.34652
    endloop
  endfacet
  facet normal 0.69171 -0.691684 0.20763
    outer loop
      vertex 30.0866 11.0099 -2.34652
      vertex 29.2327 9.69496 -3.88229
      vertex 30.305 10.7673 -3.88229
    endloop
  endfacet
  facet normal 0.838658 -0.544658 0
    outer loop
      vertex 27.0274 7.48972 0.785039
      vertex 27.8814 8.8047 -0.785039
      vertex 27.8814 8.8047 0.785039
    endloop
  endfacet
  facet normal 0.838658 -0.544658 0
    outer loop
      vertex 27.8814 8.8047 -0.785039
      vertex 27.0274 7.48972 0.785039
      vertex 27.0274 7.48972 -0.785039
    endloop
  endfacet
  facet normal 0.928481 -0.356413 0.104369
    outer loop
      vertex 26.4655 6.02594 -2.34652
      vertex 26.3156 6.09269 -0.785039
      vertex 25.7537 4.6289 -0.785039
    endloop
  endfacet
  facet normal 0.886146 -0.4515 0.104369
    outer loop
      vertex 26.4655 6.02594 -2.34652
      vertex 27.0274 7.48972 -0.785039
      vertex 26.3156 6.09269 -0.785039
    endloop
  endfacet
  facet normal 0.871569 -0.444136 -0.207631
    outer loop
      vertex 27.1696 7.40766 2.34652
      vertex 26.7637 5.89316 3.88229
      vertex 26.4655 6.02594 2.34652
    endloop
  endfacet
  facet normal 0.760182 -0.615635 -0.207643
    outer loop
      vertex 29.2327 9.69496 3.88229
      vertex 28.2782 8.51635 3.88229
      vertex 28.0141 8.70823 2.34652
    endloop
  endfacet
  facet normal 0.766325 -0.497701 -0.40625
    outer loop
      vertex 28.6708 8.23117 5.37552
      vertex 29.1874 7.85581 6.80986
      vertex 27.8724 7.00185 5.37552
    endloop
  endfacet
  facet normal 0.871565 -0.444141 -0.207638
    outer loop
      vertex 27.1696 7.40766 2.34652
      vertex 27.4523 7.24444 3.88229
      vertex 26.7637 5.89316 3.88229
    endloop
  endfacet
  facet normal 0.781805 -0.209541 -0.587259
    outer loop
      vertex 28.0357 3.88745 8.16959
      vertex 28.9134 3.60227 9.43981
      vertex 27.6948 2.61554 8.16959
    endloop
  endfacet
  facet normal 0.836836 -0.224183 -0.499447
    outer loop
      vertex 27.289 4.13004 6.80986
      vertex 27.6948 2.61554 8.16959
      vertex 26.927 2.77876 6.80986
    endloop
  endfacet
  facet normal 0.808785 -0.310502 -0.499454
    outer loop
      vertex 27.7904 5.43607 6.80986
      vertex 28.5075 5.11677 8.16959
      vertex 27.289 4.13004 6.80986
    endloop
  endfacet
  facet normal 0.771894 -0.393292 -0.499501
    outer loop
      vertex 28.4255 6.68255 6.80986
      vertex 29.1054 6.29003 8.16959
      vertex 27.7904 5.43607 6.80986
    endloop
  endfacet
  facet normal 0.912503 0.0478123 -0.406265
    outer loop
      vertex 26.6349 0 6.80986
      vertex 26.7081 -1.39703 6.80986
      vertex 26.073 -1.46379 5.37552
    endloop
  endfacet
  facet normal 0.9025 0.142978 -0.406265
    outer loop
      vertex 26.7081 -1.39703 6.80986
      vertex 26.927 -2.77876 6.80986
      vertex 26.073 -1.46379 5.37552
    endloop
  endfacet
  facet normal 0.871569 0.444136 -0.207631
    outer loop
      vertex 26.7637 -5.89316 3.88229
      vertex 27.1696 -7.40766 2.34652
      vertex 26.4655 -6.02594 2.34652
    endloop
  endfacet
  facet normal 0.739173 0.598621 -0.308669
    outer loop
      vertex 28.6708 -8.23117 5.37552
      vertex 29.2327 -9.69496 3.88229
      vertex 28.2782 -8.51635 3.88229
    endloop
  endfacet
  facet normal 0.918762 0.24617 -0.308671
    outer loop
      vertex 26.6817 -4.32738 5.37552
      vertex 26.2202 -4.47731 3.88229
      vertex 25.8277 -3.01241 3.88229
    endloop
  endfacet
  facet normal 0.944884 0.253169 -0.207604
    outer loop
      vertex 26.2202 -4.47731 3.88229
      vertex 25.9098 -4.57819 2.34652
      vertex 25.8277 -3.01241 3.88229
    endloop
  endfacet
  facet normal 0.853047 0.327495 -0.406273
    outer loop
      vertex 27.289 -4.13004 6.80986
      vertex 27.7904 -5.43607 6.80986
      vertex 27.207 -5.69582 5.37552
    endloop
  endfacet
  facet normal 0.808781 0.310402 -0.499524
    outer loop
      vertex 28.0357 -3.88745 8.16959
      vertex 28.5075 -5.11677 8.16959
      vertex 27.289 -4.13004 6.80986
    endloop
  endfacet
  facet normal 0.67325 0.545203 0.499488
    outer loop
      vertex 30.0678 -8.943 -6.80986
      vertex 30.6512 -8.4177 -8.16959
      vertex 29.8225 -7.39437 -8.16959
    endloop
  endfacet
  facet normal 0.853072 0.327467 0.406244
    outer loop
      vertex 27.207 -5.69582 -5.37552
      vertex 27.289 -4.13004 -6.80986
      vertex 26.6817 -4.32738 -5.37552
    endloop
  endfacet
  facet normal 0.871565 0.444141 0.207638
    outer loop
      vertex 27.1696 -7.40766 -2.34652
      vertex 27.4523 -7.24444 -3.88229
      vertex 26.7637 -5.89316 -3.88229
    endloop
  endfacet
  facet normal 0.797763 0.518018 0.308597
    outer loop
      vertex 28.2782 -8.51635 -3.88229
      vertex 27.8724 -7.00185 -5.37552
      vertex 27.4523 -7.24444 -3.88229
    endloop
  endfacet
  facet normal 0.993177 -0.0520127 0.104375
    outer loop
      vertex 25.2658 1.54862 -2.34652
      vertex 25.1026 1.56578 -0.785039
      vertex 25.0206 0 -0.785039
    endloop
  endfacet
  facet normal 0.913243 0.350537 0.207631
    outer loop
      vertex 26.4655 -6.02594 -2.34652
      vertex 26.7637 -5.89316 -3.88229
      vertex 25.9098 -4.57819 -2.34652
    endloop
  endfacet
  facet normal 0.834115 0.541616 0.104424
    outer loop
      vertex 28.0141 -8.70823 -2.34652
      vertex 27.1696 -7.40766 -2.34652
      vertex 27.0274 -7.48972 -0.785039
    endloop
  endfacet
  facet normal 0.886115 0.451548 -0.104426
    outer loop
      vertex 27.1696 -7.40766 2.34652
      vertex 27.0274 -7.48972 0.785039
      vertex 26.4655 -6.02594 2.34652
    endloop
  endfacet
  facet normal 0.886146 0.4515 -0.104369
    outer loop
      vertex 26.4655 -6.02594 2.34652
      vertex 27.0274 -7.48972 0.785039
      vertex 26.3156 -6.09269 0.785039
    endloop
  endfacet
  facet normal 0.298844 0.0801132 -0.950933
    outer loop
      vertex 36.2026 -0.807172 14.4889
      vertex 34.8876 -1.66113 14.0037
      vertex 34.7419 -1.11763 14.0037
    endloop
  endfacet
  facet normal 0.393295 0.105433 -0.913347
    outer loop
      vertex 34.7419 -1.11763 14.0037
      vertex 34.8876 -1.66113 14.0037
      vertex 33.5234 -2.10436 13.3651
    endloop
  endfacet
  facet normal 0.256296 0.31649 -0.913316
    outer loop
      vertex 36.5461 -4.75383 13.7808
      vertex 36.4031 -3.99479 14.0037
      vertex 36.7345 -4.26316 14.0037
    endloop
  endfacet
  facet normal 0.256183 0.316479 -0.913352
    outer loop
      vertex 36.4031 -3.99479 14.0037
      vertex 36.5461 -4.75383 13.7808
      vertex 35.9973 -5.50929 13.3651
    endloop
  endfacet
  facet normal 0.314979 0.388938 -0.865746
    outer loop
      vertex 35.9973 -5.50929 13.3651
      vertex 35.198 -6.60933 12.5801
      vertex 34.5335 -6.07119 12.5801
    endloop
  endfacet
  facet normal 0.467965 0.577889 -0.66862
    outer loop
      vertex 33.7656 -8.58092 10.6066
      vertex 33.1481 -9.43086 9.43981
      vertex 32.9028 -7.88224 10.6066
    endloop
  endfacet
  facet normal 0.341515 0.221747 -0.913343
    outer loop
      vertex 35.3447 -2.68776 14.0037
      vertex 35.6511 -3.15965 14.0037
      vertex 34.1025 -3.40493 13.3651
    endloop
  endfacet
  facet normal 0.207735 0.012262 -0.978108
    outer loop
      vertex 36.139 -0.405808 14.4889
      vertex 37.4886 -0.21713 14.7779
      vertex 37.4862 -0.264215 14.7768
    endloop
  endfacet
  facet normal 0.207919 0.0109132 -0.978085
    outer loop
      vertex 37.4886 -0.21713 14.7779
      vertex 36.139 -0.405808 14.4889
      vertex 36.1177 0 14.4889
    endloop
  endfacet
  facet normal 0.314959 0.388977 -0.865736
    outer loop
      vertex 35.4433 -5.06071 13.3651
      vertex 35.9973 -5.50929 13.3651
      vertex 34.5335 -6.07119 12.5801
    endloop
  endfacet
  facet normal 0.406635 0.021308 -0.913342
    outer loop
      vertex 34.6539 -0.561894 14.0037
      vertex 33.2274 -0.711823 13.3651
      vertex 33.1901 0 13.3651
    endloop
  endfacet
  facet normal 0.561618 -0.364684 -0.742692
    outer loop
      vertex 32.363 5.54858 11.6572
      vertex 31.8249 4.7199 11.6572
      vertex 30.8144 5.3033 10.6066
    endloop
  endfacet
  facet normal 0.718228 0.192506 -0.668648
    outer loop
      vertex 29.6252 -2.20524 10.6066
      vertex 28.9134 -3.60227 9.43981
      vertex 28.5975 -2.42367 9.43981
    endloop
  endfacet
  facet normal 0.781805 0.209541 -0.587259
    outer loop
      vertex 28.9134 -3.60227 9.43981
      vertex 28.0357 -3.88745 8.16959
      vertex 27.6948 -2.61554 8.16959
    endloop
  endfacet
  facet normal 0.419764 0.272587 -0.865733
    outer loop
      vertex 34.1025 -3.40493 13.3651
      vertex 34.4907 -4.00273 13.3651
      vertex 33.3907 -4.80196 12.5801
    endloop
  endfacet
  facet normal 0.549264 0.210808 -0.808622
    outer loop
      vertex 32.2303 -2.52454 12.5801
      vertex 32.5367 -3.32287 12.5801
      vertex 31.3763 -3.83951 11.6572
    endloop
  endfacet
  facet normal 0.865115 -0.0453949 -0.499516
    outer loop
      vertex 27.4889 1.31497 8.16959
      vertex 27.4199 0 8.16959
      vertex 26.7081 1.39703 6.80986
    endloop
  endfacet
  facet normal 0.855673 0.13556 -0.499446
    outer loop
      vertex 27.6948 -2.61554 8.16959
      vertex 26.927 -2.77876 6.80986
      vertex 26.7081 -1.39703 6.80986
    endloop
  endfacet
  facet normal 0.568285 -0.152324 -0.80861
    outer loop
      vertex 32.2303 2.52454 12.5801
      vertex 32.0089 1.69855 12.5801
      vertex 30.7665 1.96265 11.6572
    endloop
  endfacet
  facet normal 0.587526 0.0307836 -0.80862
    outer loop
      vertex 31.8304 0 12.5801
      vertex 30.6119 -0.986728 11.6572
      vertex 30.5602 0 11.6572
    endloop
  endfacet
  facet normal 0.766325 0.497701 -0.40625
    outer loop
      vertex 29.1874 -7.85581 6.80986
      vertex 28.6708 -8.23117 5.37552
      vertex 27.8724 -7.00185 5.37552
    endloop
  endfacet
  facet normal 0.797696 0.518075 -0.308673
    outer loop
      vertex 28.6708 -8.23117 5.37552
      vertex 28.2782 -8.51635 3.88229
      vertex 27.8724 -7.00185 5.37552
    endloop
  endfacet
  facet normal 0.421423 0.520415 -0.742678
    outer loop
      vertex 33.6835 -7.01514 11.6572
      vertex 33.7656 -8.58092 10.6066
      vertex 32.9028 -7.88224 10.6066
    endloop
  endfacet
  facet normal 0.67325 0.545203 -0.499488
    outer loop
      vertex 30.6512 -8.4177 8.16959
      vertex 30.0678 -8.943 6.80986
      vertex 29.8225 -7.39437 8.16959
    endloop
  endfacet
  facet normal 0.64612 0.64612 -0.406274
    outer loop
      vertex 30.6297 -10.4068 5.37552
      vertex 30.0678 -8.943 6.80986
      vertex 31.057 -9.9322 6.80986
    endloop
  endfacet
  facet normal 0.646115 0.646122 -0.406278
    outer loop
      vertex 30.0678 -8.943 6.80986
      vertex 30.6297 -10.4068 5.37552
      vertex 29.5932 -9.37031 5.37552
    endloop
  endfacet
  facet normal 0.404897 0.623547 -0.668766
    outer loop
      vertex 33.1994 -9.42274 9.47844
      vertex 33.171 -9.44573 9.43981
      vertex 33.1481 -9.43086 9.43981
    endloop
  endfacet
  facet normal 0.629022 0.509381 -0.58725
    outer loop
      vertex 31.337 -7.80018 9.43981
      vertex 30.6512 -8.4177 8.16959
      vertex 30.5691 -6.85192 9.43981
    endloop
  endfacet
  facet normal 0.623659 0.404973 -0.668615
    outer loop
      vertex 30.8144 -5.3033 10.6066
      vertex 30.5691 -6.85192 9.43981
      vertex 29.9046 -5.82859 9.43981
    endloop
  endfacet
  facet normal 0.577869 0.467958 -0.668642
    outer loop
      vertex 32.1178 -7.0972 10.6066
      vertex 31.337 -7.80018 9.43981
      vertex 30.5691 -6.85192 9.43981
    endloop
  endfacet
  facet normal 0.320406 0.493412 -0.808632
    outer loop
      vertex 35.1127 -7.34731 12.096
      vertex 35.198 -6.60933 12.5801
      vertex 35.4751 -6.78927 12.5801
    endloop
  endfacet
  facet normal 0.320288 0.493635 -0.808542
    outer loop
      vertex 34.4514 -7.63696 11.6572
      vertex 35.1127 -7.34731 12.096
      vertex 35.0706 -7.39927 12.0476
    endloop
  endfacet
  facet normal 0.320444 0.493401 -0.808623
    outer loop
      vertex 35.1127 -7.34731 12.096
      vertex 34.4514 -7.63696 11.6572
      vertex 35.198 -6.60933 12.5801
    endloop
  endfacet
  facet normal 0.678842 0.440807 -0.58725
    outer loop
      vertex 29.9046 -5.82859 9.43981
      vertex 30.5691 -6.85192 9.43981
      vertex 29.1054 -6.29003 8.16959
    endloop
  endfacet
  facet normal 0.678843 0.440805 -0.587251
    outer loop
      vertex 30.5691 -6.85192 9.43981
      vertex 29.8225 -7.39437 8.16959
      vertex 29.1054 -6.29003 8.16959
    endloop
  endfacet
  facet normal 0.694221 0.266511 -0.668603
    outer loop
      vertex 29.9125 -3.27762 10.6066
      vertex 30.3104 -4.31409 10.6066
      vertex 28.9134 -3.60227 9.43981
    endloop
  endfacet
  facet normal 0.662547 0.337618 -0.668615
    outer loop
      vertex 30.8144 -5.3033 10.6066
      vertex 29.9046 -5.82859 9.43981
      vertex 29.3506 -4.74141 9.43981
    endloop
  endfacet
  facet normal 0.83408 0.541684 0.104349
    outer loop
      vertex 27.8814 -8.8047 -0.785039
      vertex 28.0141 -8.70823 -2.34652
      vertex 27.0274 -7.48972 -0.785039
    endloop
  endfacet
  facet normal 0.760182 0.615635 -0.207643
    outer loop
      vertex 28.2782 -8.51635 3.88229
      vertex 29.2327 -9.69496 3.88229
      vertex 28.0141 -8.70823 2.34652
    endloop
  endfacet
  facet normal 0.777153 0.629312 0
    outer loop
      vertex 28.8681 -10.0232 0.785039
      vertex 27.8814 -8.8047 -0.785039
      vertex 27.8814 -8.8047 0.785039
    endloop
  endfacet
  facet normal 0.777153 0.629312 0
    outer loop
      vertex 27.8814 -8.8047 -0.785039
      vertex 28.8681 -10.0232 0.785039
      vertex 28.8681 -10.0232 -0.785039
    endloop
  endfacet
  facet normal 0.703246 0.70324 0.1044
    outer loop
      vertex 28.8681 -10.0232 -0.785039
      vertex 30.0866 -11.0099 -2.34652
      vertex 28.9901 -9.91339 -2.34652
    endloop
  endfacet
  facet normal 0.703243 0.703243 0.104396
    outer loop
      vertex 30.0866 -11.0099 -2.34652
      vertex 28.8681 -10.0232 -0.785039
      vertex 29.9768 -11.1319 -0.785039
    endloop
  endfacet
  facet normal 0.797763 0.518018 -0.308597
    outer loop
      vertex 27.8724 -7.00185 5.37552
      vertex 28.2782 -8.51635 3.88229
      vertex 27.4523 -7.24444 3.88229
    endloop
  endfacet
  facet normal 0.760183 0.615635 -0.207644
    outer loop
      vertex 29.2327 -9.69496 3.88229
      vertex 28.9901 -9.91339 2.34652
      vertex 28.0141 -8.70823 2.34652
    endloop
  endfacet
  facet normal 0.625922 0.772864 -0.104418
    outer loop
      vertex 29.9768 -11.1319 0.785039
      vertex 30.357 -11.2803 1.9657
      vertex 30.2361 -11.3419 0.785039
    endloop
  endfacet
  facet normal 0.625875 0.772905 -0.104398
    outer loop
      vertex 30.357 -11.2803 1.9657
      vertex 29.9768 -11.1319 0.785039
      vertex 30.0866 -11.0099 2.34652
    endloop
  endfacet
  facet normal 0.287916 0.287938 0.913343
    outer loop
      vertex 36.0052 -3.59692 -14.0037
      vertex 35.4433 -5.06071 -13.3651
      vertex 36.4031 -3.99479 -14.0037
    endloop
  endfacet
  facet normal 0.287943 0.287926 0.913339
    outer loop
      vertex 35.4433 -5.06071 -13.3651
      vertex 36.0052 -3.59692 -14.0037
      vertex 34.9393 -4.55668 -13.3651
    endloop
  endfacet
  facet normal 0.577869 0.467958 0.668642
    outer loop
      vertex 31.337 -7.80018 -9.43981
      vertex 32.1178 -7.0972 -10.6066
      vertex 30.5691 -6.85192 -9.43981
    endloop
  endfacet
  facet normal 0.36487 0.56156 0.742644
    outer loop
      vertex 34.4514 -7.63696 -11.6572
      vertex 34.2893 -8.36413 -11.0277
      vertex 34.5212 -8.07773 -11.3582
    endloop
  endfacet
  facet normal 0.364687 0.561631 0.74268
    outer loop
      vertex 33.7656 -8.58092 -10.6066
      vertex 34.2893 -8.36413 -11.0277
      vertex 34.4514 -7.63696 -11.6572
    endloop
  endfacet
  facet normal 0.364685 0.561634 0.742679
    outer loop
      vertex 34.2893 -8.36413 -11.0277
      vertex 33.7656 -8.58092 -10.6066
      vertex 33.9517 -8.70176 -10.6066
    endloop
  endfacet
  facet normal 0.661396 0.104775 0.742683
    outer loop
      vertex 30.7665 -1.96265 -11.6572
      vertex 30.6119 -0.986728 -11.6572
      vertex 29.4515 -1.10869 -10.6066
    endloop
  endfacet
  facet normal 0.499817 -0.0262214 0.865734
    outer loop
      vertex 33.1901 0 -13.3651
      vertex 31.8752 0.853953 -12.5801
      vertex 31.8304 0 -12.5801
    endloop
  endfacet
  facet normal 0.308976 0.0162175 0.950931
    outer loop
      vertex 36.139 -0.405808 -14.4889
      vertex 36.1177 0 -14.4889
      vertex 34.6539 -0.561894 -14.0037
    endloop
  endfacet
  facet normal 0.218888 0.218814 0.950899
    outer loop
      vertex 37.1149 -2.59776 -14.4889
      vertex 37.0434 -3.28369 -14.3146
      vertex 37.2034 -2.68629 -14.4889
    endloop
  endfacet
  facet normal 0.218741 0.218837 0.950927
    outer loop
      vertex 36.0052 -3.59692 -14.0037
      vertex 37.0434 -3.28369 -14.3146
      vertex 37.1149 -2.59776 -14.4889
    endloop
  endfacet
  facet normal 0.218762 0.218778 0.950936
    outer loop
      vertex 37.0434 -3.28369 -14.3146
      vertex 36.0052 -3.59692 -14.0037
      vertex 36.4031 -3.99479 -14.0037
    endloop
  endfacet
  facet normal 0.612581 0.612581 0.499488
    outer loop
      vertex 30.6512 -8.4177 -8.16959
      vertex 31.057 -9.9322 -6.80986
      vertex 31.5823 -9.3488 -8.16959
    endloop
  endfacet
  facet normal 0.612581 0.612581 0.499488
    outer loop
      vertex 31.057 -9.9322 -6.80986
      vertex 30.6512 -8.4177 -8.16959
      vertex 30.0678 -8.943 -6.80986
    endloop
  endfacet
  facet normal 0.62516 0.23998 0.742687
    outer loop
      vertex 31.3763 -3.83951 -11.6572
      vertex 31.0222 -2.91706 -11.6572
      vertex 29.9125 -3.27762 -10.6066
    endloop
  endfacet
  facet normal 0.17463 0.113304 0.978093
    outer loop
      vertex 36.6378 -1.94114 -14.4889
      vertex 37.3314 -1.93886 -14.613
      vertex 37.3759 -1.65783 -14.6535
    endloop
  endfacet
  facet normal 0.174626 0.113442 0.978078
    outer loop
      vertex 37.3314 -1.93886 -14.613
      vertex 36.6378 -1.94114 -14.4889
      vertex 36.8592 -2.28195 -14.4889
    endloop
  endfacet
  facet normal 0.288853 0.110933 0.950925
    outer loop
      vertex 36.4534 -1.57907 -14.4889
      vertex 36.3077 -1.19969 -14.4889
      vertex 34.8876 -1.66113 -14.0037
    endloop
  endfacet
  facet normal 0.259501 0.168495 0.95093
    outer loop
      vertex 35.6511 -3.15965 -14.0037
      vertex 36.8592 -2.28195 -14.4889
      vertex 35.3447 -2.68776 -14.0037
    endloop
  endfacet
  facet normal 0.388946 0.314976 0.865743
    outer loop
      vertex 34.9393 -4.55668 -13.3651
      vertex 34.4907 -4.00273 -13.3651
      vertex 33.9288 -5.46652 -12.5801
    endloop
  endfacet
  facet normal 0.419764 0.272587 0.865733
    outer loop
      vertex 34.4907 -4.00273 -13.3651
      vertex 34.1025 -3.40493 -13.3651
      vertex 33.3907 -4.80196 -12.5801
    endloop
  endfacet
  facet normal 0.568271 0.152248 0.808634
    outer loop
      vertex 31.0222 -2.91706 -11.6572
      vertex 32.2303 -2.52454 -12.5801
      vertex 30.7665 -1.96265 -11.6572
    endloop
  endfacet
  facet normal 0.483433 0.129475 0.865753
    outer loop
      vertex 33.5234 -2.10436 -13.3651
      vertex 33.339 -1.41585 -13.3651
      vertex 32.0089 -1.69855 -12.5801
    endloop
  endfacet
  facet normal 0.483433 -0.129475 0.865753
    outer loop
      vertex 33.339 1.41585 -13.3651
      vertex 33.5234 2.10436 -13.3651
      vertex 32.0089 1.69855 -12.5801
    endloop
  endfacet
  facet normal 0.902492 -0.142941 0.406295
    outer loop
      vertex 26.927 2.77876 -6.80986
      vertex 26.3023 2.91153 -5.37552
      vertex 26.073 1.46379 -5.37552
    endloop
  endfacet
  facet normal 0.918762 -0.246197 0.308647
    outer loop
      vertex 26.3023 2.91153 -5.37552
      vertex 26.6817 4.32738 -5.37552
      vertex 25.8277 3.01241 -3.88229
    endloop
  endfacet
  facet normal 0.928488 -0.356388 0.104394
    outer loop
      vertex 25.9098 4.57819 -2.34652
      vertex 26.4655 6.02594 -2.34652
      vertex 25.7537 4.6289 -0.785039
    endloop
  endfacet
  facet normal 0.982293 -0.155586 0.104375
    outer loop
      vertex 25.2658 1.54862 -2.34652
      vertex 25.5084 3.08028 -2.34652
      vertex 25.1026 1.56578 -0.785039
    endloop
  endfacet
  facet normal 0.918762 0.246197 0.308647
    outer loop
      vertex 26.6817 -4.32738 -5.37552
      vertex 26.3023 -2.91153 -5.37552
      vertex 25.8277 -3.01241 -3.88229
    endloop
  endfacet
  facet normal 0.966162 -0.153031 0.207636
    outer loop
      vertex 25.8277 3.01241 -3.88229
      vertex 25.5084 3.08028 -2.34652
      vertex 25.2658 1.54862 -2.34652
    endloop
  endfacet
  facet normal 0.993177 0.0520119 0.104375
    outer loop
      vertex 25.2658 -1.54862 -2.34652
      vertex 25.1847 0 -2.34652
      vertex 25.0206 0 -0.785039
    endloop
  endfacet
  facet normal 0.998632 -0.0522984 0
    outer loop
      vertex 25.0206 0 0.785039
      vertex 25.1026 1.56578 -0.785039
      vertex 25.1026 1.56578 0.785039
    endloop
  endfacet
  facet normal 0.998632 -0.0522984 0
    outer loop
      vertex 25.1026 1.56578 -0.785039
      vertex 25.0206 0 0.785039
      vertex 25.0206 0 -0.785039
    endloop
  endfacet
  facet normal 0.976872 -0.051158 -0.207616
    outer loop
      vertex 25.2658 1.54862 2.34652
      vertex 25.5111 0 3.88229
      vertex 25.1847 0 2.34652
    endloop
  endfacet
  facet normal 0.993177 -0.0520119 -0.104375
    outer loop
      vertex 25.2658 1.54862 2.34652
      vertex 25.1847 0 2.34652
      vertex 25.0206 0 0.785039
    endloop
  endfacet
  facet normal 0.93358 0.35837 0
    outer loop
      vertex 26.3156 -6.09269 0.785039
      vertex 25.7537 -4.6289 -0.785039
      vertex 25.7537 -4.6289 0.785039
    endloop
  endfacet
  facet normal 0.93358 0.35837 0
    outer loop
      vertex 25.7537 -4.6289 -0.785039
      vertex 26.3156 -6.09269 0.785039
      vertex 26.3156 -6.09269 -0.785039
    endloop
  endfacet
  facet normal 0.960652 0.2574 -0.104367
    outer loop
      vertex 25.5084 -3.08028 2.34652
      vertex 25.7537 -4.6289 0.785039
      vertex 25.3479 -3.1144 0.785039
    endloop
  endfacet
  facet normal 0.960642 0.257427 -0.104395
    outer loop
      vertex 25.9098 -4.57819 2.34652
      vertex 25.7537 -4.6289 0.785039
      vertex 25.5084 -3.08028 2.34652
    endloop
  endfacet
  facet normal 0.993177 -0.0520119 0.104375
    outer loop
      vertex 25.1847 0 -2.34652
      vertex 25.2658 1.54862 -2.34652
      vertex 25.0206 0 -0.785039
    endloop
  endfacet
  facet normal 0.960652 0.2574 0.104367
    outer loop
      vertex 25.7537 -4.6289 -0.785039
      vertex 25.5084 -3.08028 -2.34652
      vertex 25.3479 -3.1144 -0.785039
    endloop
  endfacet
  facet normal 0.73442 0.116336 0.66865
    outer loop
      vertex 29.6252 -2.20524 -10.6066
      vertex 29.4515 -1.10869 -10.6066
      vertex 28.5975 -2.42367 -9.43981
    endloop
  endfacet
  facet normal 0.561618 0.364684 0.742692
    outer loop
      vertex 32.363 -5.54858 -11.6572
      vertex 31.8249 -4.7199 -11.6572
      vertex 30.8144 -5.3033 -10.6066
    endloop
  endfacet
  facet normal 0.568285 0.152324 0.80861
    outer loop
      vertex 32.2303 -2.52454 -12.5801
      vertex 32.0089 -1.69855 -12.5801
      vertex 30.7665 -1.96265 -11.6572
    endloop
  endfacet
  facet normal 0.483449 0.129585 0.865728
    outer loop
      vertex 32.2303 -2.52454 -12.5801
      vertex 33.5234 -2.10436 -13.3651
      vertex 32.0089 -1.69855 -12.5801
    endloop
  endfacet
  facet normal 0.855673 -0.13556 0.499446
    outer loop
      vertex 27.6948 2.61554 -8.16959
      vertex 26.927 2.77876 -6.80986
      vertex 26.7081 1.39703 -6.80986
    endloop
  endfacet
  facet normal 0.80828 -0.0424126 0.587269
    outer loop
      vertex 28.3428 0 -9.43981
      vertex 27.4889 1.31497 -8.16959
      vertex 27.4199 0 -8.16959
    endloop
  endfacet
  facet normal 0.882604 -0.236508 0.406294
    outer loop
      vertex 26.927 2.77876 -6.80986
      vertex 26.6817 4.32738 -5.37552
      vertex 26.3023 2.91153 -5.37552
    endloop
  endfacet
  facet normal 0.882642 -0.236455 0.406243
    outer loop
      vertex 26.927 2.77876 -6.80986
      vertex 27.289 4.13004 -6.80986
      vertex 26.6817 4.32738 -5.37552
    endloop
  endfacet
  facet normal 0.73446 -0.116279 0.668616
    outer loop
      vertex 29.4515 1.10869 -10.6066
      vertex 28.5975 2.42367 -9.43981
      vertex 28.4067 1.21851 -9.43981
    endloop
  endfacet
  facet normal 0.742589 -0.0389422 0.668615
    outer loop
      vertex 29.4515 1.10869 -10.6066
      vertex 28.4067 1.21851 -9.43981
      vertex 28.3428 0 -9.43981
    endloop
  endfacet
  facet normal 0.814173 -0.414807 0.406274
    outer loop
      vertex 27.7904 5.43607 -6.80986
      vertex 27.8724 7.00185 -5.37552
      vertex 27.207 5.69582 -5.37552
    endloop
  endfacet
  facet normal 0.629022 -0.509381 0.58725
    outer loop
      vertex 31.337 7.80018 -9.43981
      vertex 30.6512 8.4177 -8.16959
      vertex 30.5691 6.85192 -9.43981
    endloop
  endfacet
  facet normal 0.662548 -0.337566 0.66864
    outer loop
      vertex 30.3104 4.31409 -10.6066
      vertex 30.8144 5.3033 -10.6066
      vertex 29.3506 4.74141 -9.43981
    endloop
  endfacet
  facet normal 0.524208 -0.267108 0.808616
    outer loop
      vertex 32.9249 4.08479 -12.5801
      vertex 31.8249 4.7199 -11.6572
      vertex 31.3763 3.83951 -11.6572
    endloop
  endfacet
  facet normal 0.457201 -0.370283 0.808615
    outer loop
      vertex 33.9288 5.46652 -12.5801
      vertex 32.9849 6.31646 -11.6572
      vertex 32.363 5.54858 -11.6572
    endloop
  endfacet
  facet normal 0.473542 -0.473488 0.742676
    outer loop
      vertex 32.9028 7.88224 -10.6066
      vertex 32.9849 6.31646 -11.6572
      vertex 33.6835 7.01514 -11.6572
    endloop
  endfacet
  facet normal 0.473519 -0.473495 0.742685
    outer loop
      vertex 32.9849 6.31646 -11.6572
      vertex 32.9028 7.88224 -10.6066
      vertex 32.1178 7.0972 -10.6066
    endloop
  endfacet
  facet normal 0.64683 -0.173291 0.742685
    outer loop
      vertex 30.7665 1.96265 -11.6572
      vertex 29.9125 3.27762 -10.6066
      vertex 29.6252 2.20524 -10.6066
    endloop
  endfacet
  facet normal 0.668725 -0.035044 0.742683
    outer loop
      vertex 30.6119 0.986728 -11.6572
      vertex 29.4515 1.10869 -10.6066
      vertex 29.3934 0 -10.6066
    endloop
  endfacet
  facet normal 0.668725 0.035044 0.742683
    outer loop
      vertex 29.4515 -1.10869 -10.6066
      vertex 30.6119 -0.986728 -11.6572
      vertex 29.3934 0 -10.6066
    endloop
  endfacet
  facet normal 0.742576 0.0389141 0.66863
    outer loop
      vertex 29.4515 -1.10869 -10.6066
      vertex 29.3934 0 -10.6066
      vertex 28.3428 0 -9.43981
    endloop
  endfacet
  facet normal 0.587526 0.0307836 0.80862
    outer loop
      vertex 30.6119 -0.986728 -11.6572
      vertex 31.8304 0 -12.5801
      vertex 30.5602 0 -11.6572
    endloop
  endfacet
  facet normal 0.581069 0.0920496 0.808632
    outer loop
      vertex 30.7665 -1.96265 -11.6572
      vertex 31.8752 -0.853953 -12.5801
      vertex 30.6119 -0.986728 -11.6572
    endloop
  endfacet
  facet normal 0.467965 -0.577889 0.66862
    outer loop
      vertex 33.7656 8.58092 -10.6066
      vertex 33.1481 9.43086 -9.43981
      vertex 32.9028 7.88224 -10.6066
    endloop
  endfacet
  facet normal 0.545182 -0.673278 0.499473
    outer loop
      vertex 32.3178 10.1319 -7.91685
      vertex 31.755 10.4974 -6.80986
      vertex 31.057 9.9322 -6.80986
    endloop
  endfacet
  facet normal 0.467946 -0.577894 0.66863
    outer loop
      vertex 32.9028 7.88224 -10.6066
      vertex 33.1481 9.43086 -9.43981
      vertex 32.1998 8.66298 -9.43981
    endloop
  endfacet
  facet normal 0.598547 -0.739251 0.308625
    outer loop
      vertex 30.6297 10.4068 -5.37552
      vertex 30.9089 10.9991 -4.49826
      vertex 30.305 10.7673 -3.88229
    endloop
  endfacet
  facet normal 0.598619 -0.739213 0.308576
    outer loop
      vertex 30.9089 10.9991 -4.49826
      vertex 30.6297 10.4068 -5.37552
      vertex 31.1865 10.8577 -5.37552
    endloop
  endfacet
  facet normal 0.598653 -0.739098 0.308787
    outer loop
      vertex 30.9089 10.9991 -4.49826
      vertex 30.7139 11.0985 -3.88229
      vertex 30.305 10.7673 -3.88229
    endloop
  endfacet
  facet normal 0.525814 -0.525788 0.66863
    outer loop
      vertex 32.1998 8.66298 -9.43981
      vertex 32.1178 7.0972 -10.6066
      vertex 32.9028 7.88224 -10.6066
    endloop
  endfacet
  facet normal 0.525794 -0.525794 0.668641
    outer loop
      vertex 32.1178 7.0972 -10.6066
      vertex 32.1998 8.66298 -9.43981
      vertex 31.337 7.80018 -9.43981
    endloop
  endfacet
  facet normal 0.174626 -0.113442 0.978078
    outer loop
      vertex 36.6378 1.94114 -14.4889
      vertex 37.3314 1.93886 -14.613
      vertex 36.8592 2.28195 -14.4889
    endloop
  endfacet
  facet normal 0.17463 -0.113304 0.978093
    outer loop
      vertex 37.3314 1.93886 -14.613
      vertex 36.6378 1.94114 -14.4889
      vertex 37.3759 1.65783 -14.6535
    endloop
  endfacet
  facet normal 0.194679 -0.240402 0.950951
    outer loop
      vertex 36.4031 3.99479 -14.0037
      vertex 36.8882 3.86271 -14.1364
      vertex 36.7345 4.26316 -14.0037
    endloop
  endfacet
  facet normal 0.19462 -0.240585 0.950916
    outer loop
      vertex 36.8882 3.86271 -14.1364
      vertex 36.4031 3.99479 -14.0037
      vertex 36.9476 3.6412 -14.2046
    endloop
  endfacet
  facet normal 0.272723 -0.41972 0.865712
    outer loop
      vertex 35.8253 6.25 -12.9518
      vertex 35.9973 5.50929 -13.3651
      vertex 36.1516 5.60955 -13.3651
    endloop
  endfacet
  facet normal 0.272556 -0.419742 0.865754
    outer loop
      vertex 35.198 6.60933 -12.5801
      vertex 35.8253 6.25 -12.9518
      vertex 35.7868 6.30936 -12.9109
    endloop
  endfacet
  facet normal 0.272527 -0.419782 0.865743
    outer loop
      vertex 35.8253 6.25 -12.9518
      vertex 35.198 6.60933 -12.5801
      vertex 35.9973 5.50929 -13.3651
    endloop
  endfacet
  facet normal 0.380147 -0.145956 0.913337
    outer loop
      vertex 35.0892 2.18642 -14.0037
      vertex 33.7789 2.76982 -13.3651
      vertex 33.5234 2.10436 -13.3651
    endloop
  endfacet
  facet normal 0.46726 -0.179402 0.865727
    outer loop
      vertex 33.5234 2.10436 -13.3651
      vertex 33.7789 2.76982 -13.3651
      vertex 32.2303 2.52454 -12.5801
    endloop
  endfacet
  facet normal 0.256296 -0.31649 0.913316
    outer loop
      vertex 36.5461 4.75383 -13.7808
      vertex 36.4031 3.99479 -14.0037
      vertex 36.7345 4.26316 -14.0037
    endloop
  endfacet
  facet normal 0.256183 -0.316479 0.913352
    outer loop
      vertex 36.4031 3.99479 -14.0037
      vertex 36.5461 4.75383 -13.7808
      vertex 35.9973 5.50929 -13.3651
    endloop
  endfacet
  facet normal 0.314979 -0.388938 0.865746
    outer loop
      vertex 35.9973 5.50929 -13.3651
      vertex 35.198 6.60933 -12.5801
      vertex 34.5335 6.07119 -12.5801
    endloop
  endfacet
  facet normal 0.71829 -0.192436 -0.668602
    outer loop
      vertex 29.9125 3.27762 10.6066
      vertex 29.6252 2.20524 10.6066
      vertex 28.9134 3.60227 9.43981
    endloop
  endfacet
  facet normal 0.240472 0.194702 -0.950928
    outer loop
      vertex 36.8592 -2.28195 14.4889
      vertex 37.1149 -2.59776 14.4889
      vertex 36.0052 -3.59692 14.0037
    endloop
  endfacet
  facet normal 0.305591 0.0484239 -0.950931
    outer loop
      vertex 36.139 -0.405808 14.4889
      vertex 36.2026 -0.807172 14.4889
      vertex 34.6539 -0.561894 14.0037
    endloop
  endfacet
  facet normal 0.201167 0.0536578 -0.978086
    outer loop
      vertex 37.4681 -0.608446 14.76
      vertex 37.4567 -0.82637 14.7457
      vertex 36.3077 -1.19969 14.4889
    endloop
  endfacet
  facet normal 0.46726 0.179402 -0.865727
    outer loop
      vertex 33.5234 -2.10436 13.3651
      vertex 33.7789 -2.76982 13.3651
      vertex 32.2303 -2.52454 12.5801
    endloop
  endfacet
  facet normal 0.194285 -0.0747149 -0.978096
    outer loop
      vertex 37.4403 1.13966 14.7185
      vertex 37.4512 0.931056 14.7366
      vertex 36.4534 1.57907 14.4889
    endloop
  endfacet
  facet normal 0.201167 -0.0536578 -0.978086
    outer loop
      vertex 37.4567 0.82637 14.7457
      vertex 37.4681 0.608446 14.76
      vertex 36.3077 1.19969 14.4889
    endloop
  endfacet
  facet normal 0.187345 -0.0920958 -0.977967
    outer loop
      vertex 36.6378 1.94114 14.4889
      vertex 37.4315 1.30661 14.7007
      vertex 37.432 1.29807 14.7016
    endloop
  endfacet
  facet normal 0.185314 -0.094683 -0.978107
    outer loop
      vertex 37.4315 1.30661 14.7007
      vertex 36.6378 1.94114 14.4889
      vertex 37.4008 1.50065 14.6761
    endloop
  endfacet
  facet normal 0.161794 -0.131103 -0.978077
    outer loop
      vertex 36.8592 2.28195 14.4889
      vertex 37.2543 2.42562 14.535
      vertex 37.3314 1.93886 14.613
    endloop
  endfacet
  facet normal 0.161745 -0.130959 -0.978104
    outer loop
      vertex 37.2543 2.42562 14.535
      vertex 36.8592 2.28195 14.4889
      vertex 37.1149 2.59776 14.4889
    endloop
  endfacet
  facet normal 0.174769 -0.11295 -0.978109
    outer loop
      vertex 37.3759 1.65783 14.6535
      vertex 37.4008 1.50065 14.6761
      vertex 36.6378 1.94114 14.4889
    endloop
  endfacet
  facet normal 0.710134 -0.57502 -0.406278
    outer loop
      vertex 29.5932 9.37031 5.37552
      vertex 30.0678 8.943 6.80986
      vertex 28.6708 8.23117 5.37552
    endloop
  endfacet
  facet normal 0.596667 -0.304 -0.74268
    outer loop
      vertex 30.8144 5.3033 10.6066
      vertex 31.3763 3.83951 11.6572
      vertex 30.3104 4.31409 10.6066
    endloop
  endfacet
  facet normal 0.836766 -0.224272 -0.499525
    outer loop
      vertex 28.0357 3.88745 8.16959
      vertex 27.6948 2.61554 8.16959
      vertex 27.289 4.13004 6.80986
    endloop
  endfacet
  facet normal 0.721163 -0.367487 -0.587262
    outer loop
      vertex 29.9046 5.82859 9.43981
      vertex 29.3506 4.74141 9.43981
      vertex 28.5075 5.11677 8.16959
    endloop
  endfacet
  facet normal 0.9025 -0.142978 -0.406265
    outer loop
      vertex 26.927 2.77876 6.80986
      vertex 26.7081 1.39703 6.80986
      vertex 26.073 1.46379 5.37552
    endloop
  endfacet
  facet normal 0.855648 -0.135462 -0.499516
    outer loop
      vertex 27.6948 2.61554 8.16959
      vertex 27.4889 1.31497 8.16959
      vertex 26.7081 1.39703 6.80986
    endloop
  endfacet
  facet normal 0.288859 -0.11086 -0.950931
    outer loop
      vertex 35.0892 2.18642 14.0037
      vertex 36.4534 1.57907 14.4889
      vertex 34.8876 1.66113 14.0037
    endloop
  endfacet
  facet normal 0.662548 -0.337566 -0.66864
    outer loop
      vertex 30.8144 5.3033 10.6066
      vertex 30.3104 4.31409 10.6066
      vertex 29.3506 4.74141 9.43981
    endloop
  endfacet
  facet normal 0.499832 -0.0261915 -0.865726
    outer loop
      vertex 33.2274 0.711823 13.3651
      vertex 33.1901 0 13.3651
      vertex 31.8752 0.853953 12.5801
    endloop
  endfacet
  facet normal 0.298844 -0.0801132 -0.950933
    outer loop
      vertex 34.8876 1.66113 14.0037
      vertex 36.2026 0.807172 14.4889
      vertex 34.7419 1.11763 14.0037
    endloop
  endfacet
  facet normal 0.545164 -0.673239 -0.499545
    outer loop
      vertex 31.5823 9.3488 8.16959
      vertex 32.3473 10.1127 7.97494
      vertex 32.4365 10.0405 8.16959
    endloop
  endfacet
  facet normal 0.545233 -0.673276 -0.49942
    outer loop
      vertex 31.5823 9.3488 8.16959
      vertex 32.3178 10.1319 7.91685
      vertex 32.3473 10.1127 7.97494
    endloop
  endfacet
  facet normal 0.545192 -0.673259 -0.499488
    outer loop
      vertex 32.3178 10.1319 7.91685
      vertex 31.5823 9.3488 8.16959
      vertex 31.057 9.9322 6.80986
    endloop
  endfacet
  facet normal 0.625968 -0.772844 0.104288
    outer loop
      vertex 30.396 11.2605 -2.34652
      vertex 30.357 11.2803 -1.9657
      vertex 30.0866 11.0099 -2.34652
    endloop
  endfacet
  facet normal 0.710134 -0.57502 0.406278
    outer loop
      vertex 30.0678 8.943 -6.80986
      vertex 29.5932 9.37031 -5.37552
      vertex 28.6708 8.23117 -5.37552
    endloop
  endfacet
  facet normal 0.6726 -0.672575 0.308631
    outer loop
      vertex 29.2327 9.69496 -3.88229
      vertex 30.6297 10.4068 -5.37552
      vertex 30.305 10.7673 -3.88229
    endloop
  endfacet
  facet normal 0.672589 -0.672595 0.30861
    outer loop
      vertex 30.6297 10.4068 -5.37552
      vertex 29.2327 9.69496 -3.88229
      vertex 29.5932 9.37031 -5.37552
    endloop
  endfacet
  facet normal 0.847497 -0.431877 0.308595
    outer loop
      vertex 27.8724 7.00185 -5.37552
      vertex 27.4523 7.24444 -3.88229
      vertex 26.7637 5.89316 -3.88229
    endloop
  endfacet
  facet normal 0.871565 -0.444141 0.207638
    outer loop
      vertex 27.4523 7.24444 -3.88229
      vertex 27.1696 7.40766 -2.34652
      vertex 26.7637 5.89316 -3.88229
    endloop
  endfacet
  facet normal 0.772906 -0.625873 0.104402
    outer loop
      vertex 28.9901 9.91339 -2.34652
      vertex 28.8681 10.0232 -0.785039
      vertex 27.8814 8.8047 -0.785039
    endloop
  endfacet
  facet normal 0.83408 -0.541684 -0.104349
    outer loop
      vertex 27.8814 8.8047 0.785039
      vertex 28.0141 8.70823 2.34652
      vertex 27.0274 7.48972 0.785039
    endloop
  endfacet
  facet normal 0.739173 -0.598621 0.308669
    outer loop
      vertex 28.6708 8.23117 -5.37552
      vertex 29.2327 9.69496 -3.88229
      vertex 28.2782 8.51635 -3.88229
    endloop
  endfacet
  facet normal 0.760182 -0.615635 0.207643
    outer loop
      vertex 28.2782 8.51635 -3.88229
      vertex 29.2327 9.69496 -3.88229
      vertex 28.0141 8.70823 -2.34652
    endloop
  endfacet
  facet normal 0.913243 -0.350537 0.207631
    outer loop
      vertex 26.7637 5.89316 -3.88229
      vertex 26.4655 6.02594 -2.34652
      vertex 25.9098 4.57819 -2.34652
    endloop
  endfacet
  facet normal 0.913239 -0.350563 0.207605
    outer loop
      vertex 26.2202 4.47731 -3.88229
      vertex 26.7637 5.89316 -3.88229
      vertex 25.9098 4.57819 -2.34652
    endloop
  endfacet
  facet normal 0.928481 -0.356413 -0.104369
    outer loop
      vertex 26.3156 6.09269 0.785039
      vertex 26.4655 6.02594 2.34652
      vertex 25.7537 4.6289 0.785039
    endloop
  endfacet
  facet normal 0.928488 -0.356388 -0.104394
    outer loop
      vertex 26.4655 6.02594 2.34652
      vertex 25.9098 4.57819 2.34652
      vertex 25.7537 4.6289 0.785039
    endloop
  endfacet
  facet normal 0.853047 -0.327495 -0.406273
    outer loop
      vertex 27.7904 5.43607 6.80986
      vertex 27.289 4.13004 6.80986
      vertex 27.207 5.69582 5.37552
    endloop
  endfacet
  facet normal 0.814154 -0.414824 -0.406293
    outer loop
      vertex 27.8724 7.00185 5.37552
      vertex 28.4255 6.68255 6.80986
      vertex 27.7904 5.43607 6.80986
    endloop
  endfacet
  facet normal 0.913239 -0.350563 -0.207605
    outer loop
      vertex 26.7637 5.89316 3.88229
      vertex 26.2202 4.47731 3.88229
      vertex 25.9098 4.57819 2.34652
    endloop
  endfacet
  facet normal 0.944884 -0.253169 -0.207604
    outer loop
      vertex 25.9098 4.57819 2.34652
      vertex 26.2202 4.47731 3.88229
      vertex 25.8277 3.01241 3.88229
    endloop
  endfacet
  facet normal 0.882604 -0.236508 -0.406294
    outer loop
      vertex 26.6817 4.32738 5.37552
      vertex 26.927 2.77876 6.80986
      vertex 26.3023 2.91153 5.37552
    endloop
  endfacet
  facet normal 0.939466 -0.148797 -0.308647
    outer loop
      vertex 26.3023 2.91153 5.37552
      vertex 26.073 1.46379 5.37552
      vertex 25.8277 3.01241 3.88229
    endloop
  endfacet
  facet normal 0.847497 -0.431877 -0.308595
    outer loop
      vertex 27.4523 7.24444 3.88229
      vertex 27.8724 7.00185 5.37552
      vertex 26.7637 5.89316 3.88229
    endloop
  endfacet
  facet normal 0.814173 -0.414807 -0.406274
    outer loop
      vertex 27.8724 7.00185 5.37552
      vertex 27.7904 5.43607 6.80986
      vertex 27.207 5.69582 5.37552
    endloop
  endfacet
  facet normal 0.834115 0.541616 -0.104424
    outer loop
      vertex 27.1696 -7.40766 2.34652
      vertex 28.0141 -8.70823 2.34652
      vertex 27.0274 -7.48972 0.785039
    endloop
  endfacet
  facet normal 0.83408 0.541684 -0.104349
    outer loop
      vertex 28.0141 -8.70823 2.34652
      vertex 27.8814 -8.8047 0.785039
      vertex 27.0274 -7.48972 0.785039
    endloop
  endfacet
  facet normal 0.887992 0.340872 -0.308669
    outer loop
      vertex 27.207 -5.69582 5.37552
      vertex 26.7637 -5.89316 3.88229
      vertex 26.2202 -4.47731 3.88229
    endloop
  endfacet
  facet normal 0.913239 0.350563 -0.207605
    outer loop
      vertex 26.2202 -4.47731 3.88229
      vertex 26.7637 -5.89316 3.88229
      vertex 25.9098 -4.57819 2.34652
    endloop
  endfacet
  facet normal 0.771894 0.393292 -0.499501
    outer loop
      vertex 29.1054 -6.29003 8.16959
      vertex 28.4255 -6.68255 6.80986
      vertex 27.7904 -5.43607 6.80986
    endloop
  endfacet
  facet normal 0.77189 0.39336 -0.499454
    outer loop
      vertex 28.5075 -5.11677 8.16959
      vertex 29.1054 -6.29003 8.16959
      vertex 27.7904 -5.43607 6.80986
    endloop
  endfacet
  facet normal 0.799447 0.126565 0.587253
    outer loop
      vertex 27.6948 -2.61554 -8.16959
      vertex 28.4067 -1.21851 -9.43981
      vertex 27.4889 -1.31497 -8.16959
    endloop
  endfacet
  facet normal 0.771894 0.393292 0.499501
    outer loop
      vertex 28.4255 -6.68255 -6.80986
      vertex 29.1054 -6.29003 -8.16959
      vertex 27.7904 -5.43607 -6.80986
    endloop
  endfacet
  facet normal 0.808293 0.0423878 0.587253
    outer loop
      vertex 28.4067 -1.21851 -9.43981
      vertex 28.3428 0 -9.43981
      vertex 27.4889 -1.31497 -8.16959
    endloop
  endfacet
  facet normal 0.73446 0.116279 0.668616
    outer loop
      vertex 28.5975 -2.42367 -9.43981
      vertex 29.4515 -1.10869 -10.6066
      vertex 28.4067 -1.21851 -9.43981
    endloop
  endfacet
  facet normal 0.760182 0.615635 0.207643
    outer loop
      vertex 29.2327 -9.69496 -3.88229
      vertex 28.2782 -8.51635 -3.88229
      vertex 28.0141 -8.70823 -2.34652
    endloop
  endfacet
  facet normal 0.797696 0.518075 0.308673
    outer loop
      vertex 28.2782 -8.51635 -3.88229
      vertex 28.6708 -8.23117 -5.37552
      vertex 27.8724 -7.00185 -5.37552
    endloop
  endfacet
  facet normal 0.853047 0.327495 0.406273
    outer loop
      vertex 27.7904 -5.43607 -6.80986
      vertex 27.289 -4.13004 -6.80986
      vertex 27.207 -5.69582 -5.37552
    endloop
  endfacet
  facet normal 0.814173 0.414807 0.406274
    outer loop
      vertex 27.8724 -7.00185 -5.37552
      vertex 27.7904 -5.43607 -6.80986
      vertex 27.207 -5.69582 -5.37552
    endloop
  endfacet
  facet normal 0.928481 0.356413 0.104369
    outer loop
      vertex 26.3156 -6.09269 -0.785039
      vertex 26.4655 -6.02594 -2.34652
      vertex 25.7537 -4.6289 -0.785039
    endloop
  endfacet
  facet normal 0.928488 0.356388 0.104394
    outer loop
      vertex 26.4655 -6.02594 -2.34652
      vertex 25.9098 -4.57819 -2.34652
      vertex 25.7537 -4.6289 -0.785039
    endloop
  endfacet
  facet normal 0.445943 0.227209 -0.865743
    outer loop
      vertex 33.7789 -2.76982 13.3651
      vertex 32.9249 -4.08479 12.5801
      vertex 32.5367 -3.32287 12.5801
    endloop
  endfacet
  facet normal 0.316451 0.256261 -0.913339
    outer loop
      vertex 35.6511 -3.15965 14.0037
      vertex 36.0052 -3.59692 14.0037
      vertex 34.4907 -4.00273 13.3651
    endloop
  endfacet
  facet normal 0.272723 0.41972 -0.865712
    outer loop
      vertex 35.8253 -6.25 12.9518
      vertex 35.9973 -5.50929 13.3651
      vertex 36.1516 -5.60955 13.3651
    endloop
  endfacet
  facet normal 0.272556 0.419742 -0.865754
    outer loop
      vertex 35.198 -6.60933 12.5801
      vertex 35.8253 -6.25 12.9518
      vertex 35.7868 -6.30936 12.9109
    endloop
  endfacet
  facet normal 0.272527 0.419782 -0.865743
    outer loop
      vertex 35.8253 -6.25 12.9518
      vertex 35.198 -6.60933 12.5801
      vertex 35.9973 -5.50929 13.3651
    endloop
  endfacet
  facet normal 0.174769 0.11295 -0.978109
    outer loop
      vertex 37.4008 -1.50065 14.6761
      vertex 37.3759 -1.65783 14.6535
      vertex 36.6378 -1.94114 14.4889
    endloop
  endfacet
  facet normal 0.20558 0.0325761 -0.978098
    outer loop
      vertex 36.139 -0.405808 14.4889
      vertex 37.4835 -0.315475 14.7745
      vertex 36.2026 -0.807172 14.4889
    endloop
  endfacet
  facet normal 0.205545 0.0330595 -0.978089
    outer loop
      vertex 37.4835 -0.315475 14.7745
      vertex 36.139 -0.405808 14.4889
      vertex 37.4862 -0.264215 14.7768
    endloop
  endfacet
  facet normal 0.353919 0.353898 -0.865735
    outer loop
      vertex 34.5335 -6.07119 12.5801
      vertex 34.9393 -4.55668 13.3651
      vertex 35.4433 -5.06071 13.3651
    endloop
  endfacet
  facet normal 0.353891 0.353909 -0.865742
    outer loop
      vertex 34.9393 -4.55668 13.3651
      vertex 34.5335 -6.07119 12.5801
      vertex 33.9288 -5.46652 12.5801
    endloop
  endfacet
  facet normal 0.587505 0.0308216 -0.808633
    outer loop
      vertex 31.8304 0 12.5801
      vertex 31.8752 -0.853953 12.5801
      vertex 30.6119 -0.986728 11.6572
    endloop
  endfacet
  facet normal 0.581069 0.0920496 -0.808632
    outer loop
      vertex 31.8752 -0.853953 12.5801
      vertex 30.7665 -1.96265 11.6572
      vertex 30.6119 -0.986728 11.6572
    endloop
  endfacet
  facet normal 0.58111 0.0919899 -0.808609
    outer loop
      vertex 31.8752 -0.853953 12.5801
      vertex 32.0089 -1.69855 12.5801
      vertex 30.7665 -1.96265 11.6572
    endloop
  endfacet
  facet normal 0.499832 0.0261915 -0.865726
    outer loop
      vertex 33.1901 0 13.3651
      vertex 33.2274 -0.711823 13.3651
      vertex 31.8752 -0.853953 12.5801
    endloop
  endfacet
  facet normal 0.62516 0.23998 -0.742687
    outer loop
      vertex 31.0222 -2.91706 11.6572
      vertex 31.3763 -3.83951 11.6572
      vertex 29.9125 -3.27762 10.6066
    endloop
  endfacet
  facet normal 0.549236 0.210835 -0.808634
    outer loop
      vertex 32.2303 -2.52454 12.5801
      vertex 31.3763 -3.83951 11.6572
      vertex 31.0222 -2.91706 11.6572
    endloop
  endfacet
  facet normal 0.623611 0.405002 -0.668643
    outer loop
      vertex 30.8144 -5.3033 10.6066
      vertex 31.4191 -6.2344 10.6066
      vertex 30.5691 -6.85192 9.43981
    endloop
  endfacet
  facet normal 0.577868 0.467961 -0.668641
    outer loop
      vertex 31.4191 -6.2344 10.6066
      vertex 32.1178 -7.0972 10.6066
      vertex 30.5691 -6.85192 9.43981
    endloop
  endfacet
  facet normal 0.596643 0.304018 -0.742691
    outer loop
      vertex 31.3763 -3.83951 11.6572
      vertex 31.8249 -4.7199 11.6572
      vertex 30.8144 -5.3033 10.6066
    endloop
  endfacet
  facet normal 0.419727 0.272612 -0.865744
    outer loop
      vertex 34.1025 -3.40493 13.3651
      vertex 33.3907 -4.80196 12.5801
      vertex 32.9249 -4.08479 12.5801
    endloop
  endfacet
  facet normal 0.755656 0.290013 -0.587262
    outer loop
      vertex 29.3506 -4.74141 9.43981
      vertex 28.5075 -5.11677 8.16959
      vertex 28.0357 -3.88745 8.16959
    endloop
  endfacet
  facet normal 0.781807 0.209548 -0.587255
    outer loop
      vertex 28.5975 -2.42367 9.43981
      vertex 28.9134 -3.60227 9.43981
      vertex 27.6948 -2.61554 8.16959
    endloop
  endfacet
  facet normal 0.808293 0.0423878 -0.587253
    outer loop
      vertex 28.3428 0 9.43981
      vertex 28.4067 -1.21851 9.43981
      vertex 27.4889 -1.31497 8.16959
    endloop
  endfacet
  facet normal 0.865146 0.045331 -0.499467
    outer loop
      vertex 27.4199 0 8.16959
      vertex 26.7081 -1.39703 6.80986
      vertex 26.6349 0 6.80986
    endloop
  endfacet
  facet normal 0.799445 -0.126567 -0.587255
    outer loop
      vertex 28.5975 2.42367 9.43981
      vertex 28.4067 1.21851 9.43981
      vertex 27.6948 2.61554 8.16959
    endloop
  endfacet
  facet normal 0.742589 -0.0389422 -0.668615
    outer loop
      vertex 28.4067 1.21851 9.43981
      vertex 29.4515 1.10869 10.6066
      vertex 28.3428 0 9.43981
    endloop
  endfacet
  facet normal 0.545164 0.673239 -0.499545
    outer loop
      vertex 32.3473 -10.1127 7.97494
      vertex 31.5823 -9.3488 8.16959
      vertex 32.4365 -10.0405 8.16959
    endloop
  endfacet
  facet normal 0.545233 0.673276 -0.49942
    outer loop
      vertex 32.3178 -10.1319 7.91685
      vertex 31.5823 -9.3488 8.16959
      vertex 32.3473 -10.1127 7.97494
    endloop
  endfacet
  facet normal 0.545192 0.673259 -0.499488
    outer loop
      vertex 31.5823 -9.3488 8.16959
      vertex 32.3178 -10.1319 7.91685
      vertex 31.057 -9.9322 6.80986
    endloop
  endfacet
  facet normal 0.57502 0.710127 -0.40629
    outer loop
      vertex 30.6297 -10.4068 5.37552
      vertex 31.4469 -10.6974 6.02418
      vertex 31.25 -10.8253 5.52196
    endloop
  endfacet
  facet normal 0.575006 0.710054 -0.406437
    outer loop
      vertex 30.6297 -10.4068 5.37552
      vertex 31.25 -10.8253 5.52196
      vertex 31.1865 -10.8577 5.37552
    endloop
  endfacet
  facet normal 0.575014 0.710141 -0.406275
    outer loop
      vertex 31.4469 -10.6974 6.02418
      vertex 30.6297 -10.4068 5.37552
      vertex 31.057 -9.9322 6.80986
    endloop
  endfacet
  facet normal 0.598619 0.739213 -0.308576
    outer loop
      vertex 30.9089 -10.9991 4.49826
      vertex 30.6297 -10.4068 5.37552
      vertex 31.1865 -10.8577 5.37552
    endloop
  endfacet
  facet normal 0.598547 0.739251 -0.308625
    outer loop
      vertex 30.6297 -10.4068 5.37552
      vertex 30.9089 -10.9991 4.49826
      vertex 30.305 -10.7673 3.88229
    endloop
  endfacet
  facet normal 0.473542 0.473488 -0.742676
    outer loop
      vertex 32.9028 -7.88224 10.6066
      vertex 32.9849 -6.31646 11.6572
      vertex 33.6835 -7.01514 11.6572
    endloop
  endfacet
  facet normal 0.473519 0.473495 -0.742685
    outer loop
      vertex 32.9849 -6.31646 11.6572
      vertex 32.9028 -7.88224 10.6066
      vertex 32.1178 -7.0972 10.6066
    endloop
  endfacet
  facet normal 0.493375 0.320446 -0.808638
    outer loop
      vertex 32.9249 -4.08479 12.5801
      vertex 33.3907 -4.80196 12.5801
      vertex 32.363 -5.54858 11.6572
    endloop
  endfacet
  facet normal 0.694214 0.266438 -0.668639
    outer loop
      vertex 30.3104 -4.31409 10.6066
      vertex 29.3506 -4.74141 9.43981
      vertex 28.9134 -3.60227 9.43981
    endloop
  endfacet
  facet normal 0.707107 0.707107 0
    outer loop
      vertex 29.9768 -11.1319 0.785039
      vertex 28.8681 -10.0232 -0.785039
      vertex 28.8681 -10.0232 0.785039
    endloop
  endfacet
  facet normal 0.707107 0.707107 0
    outer loop
      vertex 28.8681 -10.0232 -0.785039
      vertex 29.9768 -11.1319 0.785039
      vertex 29.9768 -11.1319 -0.785039
    endloop
  endfacet
  facet normal 0.710123 0.575053 0.406251
    outer loop
      vertex 30.0678 -8.943 -6.80986
      vertex 29.1874 -7.85581 -6.80986
      vertex 28.6708 -8.23117 -5.37552
    endloop
  endfacet
  facet normal 0.710134 0.57502 0.406278
    outer loop
      vertex 29.5932 -9.37031 -5.37552
      vertex 30.0678 -8.943 -6.80986
      vertex 28.6708 -8.23117 -5.37552
    endloop
  endfacet
  facet normal 0.625968 0.772844 0.104288
    outer loop
      vertex 30.357 -11.2803 -1.9657
      vertex 30.396 -11.2605 -2.34652
      vertex 30.0866 -11.0099 -2.34652
    endloop
  endfacet
  facet normal 0.625922 0.772864 0.104418
    outer loop
      vertex 30.357 -11.2803 -1.9657
      vertex 29.9768 -11.1319 -0.785039
      vertex 30.2361 -11.3419 -0.785039
    endloop
  endfacet
  facet normal 0.625875 0.772905 0.104398
    outer loop
      vertex 29.9768 -11.1319 -0.785039
      vertex 30.357 -11.2803 -1.9657
      vertex 30.0866 -11.0099 -2.34652
    endloop
  endfacet
  facet normal 0.710123 0.575053 -0.406251
    outer loop
      vertex 29.1874 -7.85581 6.80986
      vertex 30.0678 -8.943 6.80986
      vertex 28.6708 -8.23117 5.37552
    endloop
  endfacet
  facet normal 0.673257 0.545199 -0.499483
    outer loop
      vertex 29.8225 -7.39437 8.16959
      vertex 30.0678 -8.943 6.80986
      vertex 29.1874 -7.85581 6.80986
    endloop
  endfacet
  facet normal 0.814154 0.414824 -0.406293
    outer loop
      vertex 28.4255 -6.68255 6.80986
      vertex 27.8724 -7.00185 5.37552
      vertex 27.7904 -5.43607 6.80986
    endloop
  endfacet
  facet normal 0.814173 0.414807 -0.406274
    outer loop
      vertex 27.7904 -5.43607 6.80986
      vertex 27.8724 -7.00185 5.37552
      vertex 27.207 -5.69582 5.37552
    endloop
  endfacet
  facet normal 0.575006 0.710054 0.406437
    outer loop
      vertex 31.25 -10.8253 -5.52196
      vertex 30.6297 -10.4068 -5.37552
      vertex 31.1865 -10.8577 -5.37552
    endloop
  endfacet
  facet normal 0.57502 0.710127 0.40629
    outer loop
      vertex 31.4469 -10.6974 -6.02418
      vertex 30.6297 -10.4068 -5.37552
      vertex 31.25 -10.8253 -5.52196
    endloop
  endfacet
  facet normal 0.575014 0.710141 0.406275
    outer loop
      vertex 30.6297 -10.4068 -5.37552
      vertex 31.4469 -10.6974 -6.02418
      vertex 31.057 -9.9322 -6.80986
    endloop
  endfacet
  facet normal 0.598619 0.739213 0.308576
    outer loop
      vertex 30.6297 -10.4068 -5.37552
      vertex 30.9089 -10.9991 -4.49826
      vertex 31.1865 -10.8577 -5.37552
    endloop
  endfacet
  facet normal 0.598547 0.739251 0.308625
    outer loop
      vertex 30.9089 -10.9991 -4.49826
      vertex 30.6297 -10.4068 -5.37552
      vertex 30.305 -10.7673 -3.88229
    endloop
  endfacet
  facet normal 0.575027 0.710136 0.406264
    outer loop
      vertex 31.4469 -10.6974 -6.02418
      vertex 31.755 -10.4974 -6.80986
      vertex 31.057 -9.9322 -6.80986
    endloop
  endfacet
  facet normal 0.50937 0.629036 0.587244
    outer loop
      vertex 33.0891 -9.51201 -9.30175
      vertex 31.5823 -9.3488 -8.16959
      vertex 32.4365 -10.0405 -8.16959
    endloop
  endfacet
  facet normal 0.509437 0.628878 0.587355
    outer loop
      vertex 31.5823 -9.3488 -8.16959
      vertex 33.0891 -9.51201 -9.30175
      vertex 33.1481 -9.43086 -9.43981
    endloop
  endfacet
  facet normal 0.50936 0.629039 0.58725
    outer loop
      vertex 33.1481 -9.43086 -9.43981
      vertex 32.1998 -8.66298 -9.43981
      vertex 31.5823 -9.3488 -8.16959
    endloop
  endfacet
  facet normal 0.404955 0.623651 0.668633
    outer loop
      vertex 33.7656 -8.58092 -10.6066
      vertex 33.3641 -9.28931 -9.7027
      vertex 33.9517 -8.70176 -10.6066
    endloop
  endfacet
  facet normal 0.405164 0.623524 0.668626
    outer loop
      vertex 33.1481 -9.43086 -9.43981
      vertex 33.3641 -9.28931 -9.7027
      vertex 33.7656 -8.58092 -10.6066
    endloop
  endfacet
  facet normal 0.404571 0.624098 0.668449
    outer loop
      vertex 33.3641 -9.28931 -9.7027
      vertex 33.1481 -9.43086 -9.43981
      vertex 33.1994 -9.42274 -9.47844
    endloop
  endfacet
  facet normal 0.457201 0.370283 0.808615
    outer loop
      vertex 32.9849 -6.31646 -11.6572
      vertex 33.9288 -5.46652 -12.5801
      vertex 32.363 -5.54858 -11.6572
    endloop
  endfacet
  facet normal 0.661396 -0.104775 0.742683
    outer loop
      vertex 30.6119 0.986728 -11.6572
      vertex 30.7665 1.96265 -11.6572
      vertex 29.4515 1.10869 -10.6066
    endloop
  endfacet
  facet normal 0.661394 -0.104769 0.742685
    outer loop
      vertex 30.7665 1.96265 -11.6572
      vertex 29.6252 2.20524 -10.6066
      vertex 29.4515 1.10869 -10.6066
    endloop
  endfacet
  facet normal 0.499817 0.0262214 0.865734
    outer loop
      vertex 31.8752 -0.853953 -12.5801
      vertex 33.1901 0 -13.3651
      vertex 31.8304 0 -12.5801
    endloop
  endfacet
  facet normal 0.499832 0.0261915 0.865726
    outer loop
      vertex 33.2274 -0.711823 -13.3651
      vertex 33.1901 0 -13.3651
      vertex 31.8752 -0.853953 -12.5801
    endloop
  endfacet
  facet normal 0.467257 -0.179334 0.865742
    outer loop
      vertex 33.7789 2.76982 -13.3651
      vertex 32.5367 3.32287 -12.5801
      vertex 32.2303 2.52454 -12.5801
    endloop
  endfacet
  facet normal 0.308976 -0.0162175 0.950931
    outer loop
      vertex 36.1177 0 -14.4889
      vertex 36.139 0.405808 -14.4889
      vertex 34.6539 0.561894 -14.0037
    endloop
  endfacet
  facet normal 0.194285 -0.0747149 0.978096
    outer loop
      vertex 37.4512 0.931056 -14.7366
      vertex 37.4403 1.13966 -14.7185
      vertex 36.4534 1.57907 -14.4889
    endloop
  endfacet
  facet normal 0.483449 -0.129585 0.865728
    outer loop
      vertex 33.5234 2.10436 -13.3651
      vertex 32.2303 2.52454 -12.5801
      vertex 32.0089 1.69855 -12.5801
    endloop
  endfacet
  facet normal 0.445943 -0.227209 0.865743
    outer loop
      vertex 33.7789 2.76982 -13.3651
      vertex 32.9249 4.08479 -12.5801
      vertex 32.5367 3.32287 -12.5801
    endloop
  endfacet
  facet normal 0.457218 -0.370213 0.808637
    outer loop
      vertex 33.3907 4.80196 -12.5801
      vertex 33.9288 5.46652 -12.5801
      vertex 32.363 5.54858 -11.6572
    endloop
  endfacet
  facet normal 0.726581 0.471803 0.499482
    outer loop
      vertex 29.1874 -7.85581 -6.80986
      vertex 29.8225 -7.39437 -8.16959
      vertex 29.1054 -6.29003 -8.16959
    endloop
  endfacet
  facet normal 0.298844 0.0801132 0.950933
    outer loop
      vertex 34.8876 -1.66113 -14.0037
      vertex 36.2026 -0.807172 -14.4889
      vertex 34.7419 -1.11763 -14.0037
    endloop
  endfacet
  facet normal 0.402209 0.0636892 0.91333
    outer loop
      vertex 34.7419 -1.11763 -14.0037
      vertex 34.6539 -0.561894 -14.0037
      vertex 33.339 -1.41585 -13.3651
    endloop
  endfacet
  facet normal 0.275686 0.140499 0.950925
    outer loop
      vertex 35.3447 -2.68776 -14.0037
      vertex 36.6378 -1.94114 -14.4889
      vertex 35.0892 -2.18642 -14.0037
    endloop
  endfacet
  facet normal 0.524208 0.267085 0.808623
    outer loop
      vertex 32.9249 -4.08479 -12.5801
      vertex 32.5367 -3.32287 -12.5801
      vertex 31.3763 -3.83951 -11.6572
    endloop
  endfacet
  facet normal 0.46726 0.179402 0.865727
    outer loop
      vertex 33.7789 -2.76982 -13.3651
      vertex 33.5234 -2.10436 -13.3651
      vertex 32.2303 -2.52454 -12.5801
    endloop
  endfacet
  facet normal 0.341515 0.221747 0.913343
    outer loop
      vertex 35.6511 -3.15965 -14.0037
      vertex 35.3447 -2.68776 -14.0037
      vertex 34.1025 -3.40493 -13.3651
    endloop
  endfacet
  facet normal 0.362793 0.184892 0.913343
    outer loop
      vertex 35.3447 -2.68776 -14.0037
      vertex 35.0892 -2.18642 -14.0037
      vertex 34.1025 -3.40493 -13.3651
    endloop
  endfacet
  facet normal 0.406635 0.021308 0.913342
    outer loop
      vertex 33.2274 -0.711823 -13.3651
      vertex 34.6539 -0.561894 -14.0037
      vertex 33.1901 0 -13.3651
    endloop
  endfacet
  facet normal 0.393354 0.10535 0.913331
    outer loop
      vertex 33.5234 -2.10436 -13.3651
      vertex 34.7419 -1.11763 -14.0037
      vertex 33.339 -1.41585 -13.3651
    endloop
  endfacet
  facet normal 0.853072 -0.327467 0.406244
    outer loop
      vertex 27.289 4.13004 -6.80986
      vertex 27.207 5.69582 -5.37552
      vertex 26.6817 4.32738 -5.37552
    endloop
  endfacet
  facet normal 0.887992 -0.340871 0.30867
    outer loop
      vertex 26.6817 4.32738 -5.37552
      vertex 27.207 5.69582 -5.37552
      vertex 26.2202 4.47731 -3.88229
    endloop
  endfacet
  facet normal 0.944869 -0.2532 0.207636
    outer loop
      vertex 25.8277 3.01241 -3.88229
      vertex 25.9098 4.57819 -2.34652
      vertex 25.5084 3.08028 -2.34652
    endloop
  endfacet
  facet normal 0.939479 -0.14877 0.308621
    outer loop
      vertex 26.073 1.46379 -5.37552
      vertex 25.8277 3.01241 -3.88229
      vertex 25.5905 1.5145 -3.88229
    endloop
  endfacet
  facet normal 0.944869 0.2532 0.207636
    outer loop
      vertex 25.9098 -4.57819 -2.34652
      vertex 25.8277 -3.01241 -3.88229
      vertex 25.5084 -3.08028 -2.34652
    endloop
  endfacet
  facet normal 0.902492 0.142941 0.406295
    outer loop
      vertex 26.3023 -2.91153 -5.37552
      vertex 26.927 -2.77876 -6.80986
      vertex 26.073 -1.46379 -5.37552
    endloop
  endfacet
  facet normal 0.982292 -0.155594 0.104367
    outer loop
      vertex 25.5084 3.08028 -2.34652
      vertex 25.3479 3.1144 -0.785039
      vertex 25.1026 1.56578 -0.785039
    endloop
  endfacet
  facet normal 0.960652 -0.2574 0.104367
    outer loop
      vertex 25.5084 3.08028 -2.34652
      vertex 25.7537 4.6289 -0.785039
      vertex 25.3479 3.1144 -0.785039
    endloop
  endfacet
  facet normal 0.949874 -0.0497717 0.308646
    outer loop
      vertex 25.9963 0 -5.37552
      vertex 26.073 1.46379 -5.37552
      vertex 25.5111 0 -3.88229
    endloop
  endfacet
  facet normal 0.939466 0.148797 0.308647
    outer loop
      vertex 26.3023 -2.91153 -5.37552
      vertex 26.073 -1.46379 -5.37552
      vertex 25.8277 -3.01241 -3.88229
    endloop
  endfacet
  facet normal 0.814154 0.414824 0.406293
    outer loop
      vertex 27.8724 -7.00185 -5.37552
      vertex 28.4255 -6.68255 -6.80986
      vertex 27.7904 -5.43607 -6.80986
    endloop
  endfacet
  facet normal 0.561612 0.364737 0.74267
    outer loop
      vertex 31.4191 -6.2344 -10.6066
      vertex 32.363 -5.54858 -11.6572
      vertex 30.8144 -5.3033 -10.6066
    endloop
  endfacet
  facet normal 0.678842 0.440807 0.58725
    outer loop
      vertex 30.5691 -6.85192 -9.43981
      vertex 29.9046 -5.82859 -9.43981
      vertex 29.1054 -6.29003 -8.16959
    endloop
  endfacet
  facet normal 0.673257 0.545199 0.499483
    outer loop
      vertex 30.0678 -8.943 -6.80986
      vertex 29.8225 -7.39437 -8.16959
      vertex 29.1874 -7.85581 -6.80986
    endloop
  endfacet
  facet normal 0.524208 0.267108 0.808616
    outer loop
      vertex 31.8249 -4.7199 -11.6572
      vertex 32.9249 -4.08479 -12.5801
      vertex 31.3763 -3.83951 -11.6572
    endloop
  endfacet
  facet normal 0.493434 0.320409 0.808617
    outer loop
      vertex 32.363 -5.54858 -11.6572
      vertex 32.9249 -4.08479 -12.5801
      vertex 31.8249 -4.7199 -11.6572
    endloop
  endfacet
  facet normal 0.912503 0.0478123 0.406265
    outer loop
      vertex 26.7081 -1.39703 -6.80986
      vertex 26.6349 0 -6.80986
      vertex 26.073 -1.46379 -5.37552
    endloop
  endfacet
  facet normal 0.912503 0.0478135 0.406267
    outer loop
      vertex 26.073 -1.46379 -5.37552
      vertex 26.6349 0 -6.80986
      vertex 25.9963 0 -5.37552
    endloop
  endfacet
  facet normal 0.865115 -0.0453949 0.499516
    outer loop
      vertex 27.4199 0 -8.16959
      vertex 27.4889 1.31497 -8.16959
      vertex 26.7081 1.39703 -6.80986
    endloop
  endfacet
  facet normal 0.836836 -0.224183 0.499447
    outer loop
      vertex 27.6948 2.61554 -8.16959
      vertex 27.289 4.13004 -6.80986
      vertex 26.927 2.77876 -6.80986
    endloop
  endfacet
  facet normal 0.766325 -0.497701 0.40625
    outer loop
      vertex 29.1874 7.85581 -6.80986
      vertex 28.6708 8.23117 -5.37552
      vertex 27.8724 7.00185 -5.37552
    endloop
  endfacet
  facet normal 0.710123 -0.575053 0.406251
    outer loop
      vertex 29.1874 7.85581 -6.80986
      vertex 30.0678 8.943 -6.80986
      vertex 28.6708 8.23117 -5.37552
    endloop
  endfacet
  facet normal 0.577868 -0.467961 0.668641
    outer loop
      vertex 31.4191 6.2344 -10.6066
      vertex 32.1178 7.0972 -10.6066
      vertex 30.5691 6.85192 -9.43981
    endloop
  endfacet
  facet normal 0.577869 -0.467958 0.668642
    outer loop
      vertex 32.1178 7.0972 -10.6066
      vertex 31.337 7.80018 -9.43981
      vertex 30.5691 6.85192 -9.43981
    endloop
  endfacet
  facet normal 0.596643 -0.304018 0.742691
    outer loop
      vertex 31.3763 3.83951 -11.6572
      vertex 31.8249 4.7199 -11.6572
      vertex 30.8144 5.3033 -10.6066
    endloop
  endfacet
  facet normal 0.561618 -0.364684 0.742692
    outer loop
      vertex 31.8249 4.7199 -11.6572
      vertex 32.363 5.54858 -11.6572
      vertex 30.8144 5.3033 -10.6066
    endloop
  endfacet
  facet normal 0.694221 -0.266511 0.668603
    outer loop
      vertex 29.9125 3.27762 -10.6066
      vertex 30.3104 4.31409 -10.6066
      vertex 28.9134 3.60227 -9.43981
    endloop
  endfacet
  facet normal 0.694214 -0.266438 0.668639
    outer loop
      vertex 30.3104 4.31409 -10.6066
      vertex 29.3506 4.74141 -9.43981
      vertex 28.9134 3.60227 -9.43981
    endloop
  endfacet
  facet normal 0.353919 -0.353898 0.865735
    outer loop
      vertex 34.5335 6.07119 -12.5801
      vertex 34.9393 4.55668 -13.3651
      vertex 35.4433 5.06071 -13.3651
    endloop
  endfacet
  facet normal 0.353891 -0.353909 0.865742
    outer loop
      vertex 34.9393 4.55668 -13.3651
      vertex 34.5335 6.07119 -12.5801
      vertex 33.9288 5.46652 -12.5801
    endloop
  endfacet
  facet normal 0.370264 -0.457205 0.808621
    outer loop
      vertex 34.5335 6.07119 -12.5801
      vertex 35.198 6.60933 -12.5801
      vertex 34.4514 7.63696 -11.6572
    endloop
  endfacet
  facet normal 0.320406 -0.493412 0.808632
    outer loop
      vertex 35.1127 7.34731 -12.096
      vertex 35.198 6.60933 -12.5801
      vertex 35.4751 6.78927 -12.5801
    endloop
  endfacet
  facet normal 0.320288 -0.493635 0.808542
    outer loop
      vertex 34.4514 7.63696 -11.6572
      vertex 35.1127 7.34731 -12.096
      vertex 35.0706 7.39927 -12.0476
    endloop
  endfacet
  facet normal 0.320444 -0.493401 0.808623
    outer loop
      vertex 35.1127 7.34731 -12.096
      vertex 34.4514 7.63696 -11.6572
      vertex 35.198 6.60933 -12.5801
    endloop
  endfacet
  facet normal 0.549236 -0.210835 0.808634
    outer loop
      vertex 32.2303 2.52454 -12.5801
      vertex 31.3763 3.83951 -11.6572
      vertex 31.0222 2.91706 -11.6572
    endloop
  endfacet
  facet normal 0.568285 -0.152324 0.80861
    outer loop
      vertex 32.0089 1.69855 -12.5801
      vertex 32.2303 2.52454 -12.5801
      vertex 30.7665 1.96265 -11.6572
    endloop
  endfacet
  facet normal 0.421416 -0.520417 0.742681
    outer loop
      vertex 34.4514 7.63696 -11.6572
      vertex 33.7656 8.58092 -10.6066
      vertex 33.6835 7.01514 -11.6572
    endloop
  endfacet
  facet normal 0.36487 -0.56156 0.742644
    outer loop
      vertex 34.2893 8.36413 -11.0277
      vertex 34.4514 7.63696 -11.6572
      vertex 34.5212 8.07773 -11.3582
    endloop
  endfacet
  facet normal 0.364685 -0.561634 0.742679
    outer loop
      vertex 33.7656 8.58092 -10.6066
      vertex 34.2893 8.36413 -11.0277
      vertex 33.9517 8.70176 -10.6066
    endloop
  endfacet
  facet normal 0.364687 -0.561631 0.74268
    outer loop
      vertex 34.2893 8.36413 -11.0277
      vertex 33.7656 8.58092 -10.6066
      vertex 34.4514 7.63696 -11.6572
    endloop
  endfacet
  facet normal 0.380148 -0.145896 0.913347
    outer loop
      vertex 34.8876 1.66113 -14.0037
      vertex 35.0892 2.18642 -14.0037
      vertex 33.5234 2.10436 -13.3651
    endloop
  endfacet
  facet normal 0.205664 0.0323521 0.978088
    outer loop
      vertex 37.4718 -0.537377 -14.7647
      vertex 37.4835 -0.315475 -14.7745
      vertex 36.2026 -0.807172 -14.4889
    endloop
  endfacet
  facet normal 0.256241 -0.316459 0.913342
    outer loop
      vertex 36.4031 3.99479 -14.0037
      vertex 35.9973 5.50929 -13.3651
      vertex 35.4433 5.06071 -13.3651
    endloop
  endfacet
  facet normal 0.388979 -0.314959 0.865734
    outer loop
      vertex 34.4907 4.00273 -13.3651
      vertex 33.9288 5.46652 -12.5801
      vertex 33.3907 4.80196 -12.5801
    endloop
  endfacet
  facet normal 0.240451 0.194717 -0.950931
    outer loop
      vertex 36.8592 -2.28195 14.4889
      vertex 36.0052 -3.59692 14.0037
      vertex 35.6511 -3.15965 14.0037
    endloop
  endfacet
  facet normal 0.259501 0.168495 -0.95093
    outer loop
      vertex 36.8592 -2.28195 14.4889
      vertex 35.6511 -3.15965 14.0037
      vertex 35.3447 -2.68776 14.0037
    endloop
  endfacet
  facet normal 0.308976 0.0162175 -0.950931
    outer loop
      vertex 36.1177 0 14.4889
      vertex 36.139 -0.405808 14.4889
      vertex 34.6539 -0.561894 14.0037
    endloop
  endfacet
  facet normal 0.362823 0.184865 -0.913337
    outer loop
      vertex 35.0892 -2.18642 14.0037
      vertex 34.1025 -3.40493 13.3651
      vertex 33.7789 -2.76982 13.3651
    endloop
  endfacet
  facet normal 0.362793 0.184892 -0.913343
    outer loop
      vertex 35.0892 -2.18642 14.0037
      vertex 35.3447 -2.68776 14.0037
      vertex 34.1025 -3.40493 13.3651
    endloop
  endfacet
  facet normal 0.305587 0.0483892 -0.950934
    outer loop
      vertex 36.2026 -0.807172 14.4889
      vertex 34.7419 -1.11763 14.0037
      vertex 34.6539 -0.561894 14.0037
    endloop
  endfacet
  facet normal 0.402209 0.0636892 -0.91333
    outer loop
      vertex 34.6539 -0.561894 14.0037
      vertex 34.7419 -1.11763 14.0037
      vertex 33.339 -1.41585 13.3651
    endloop
  endfacet
  facet normal 0.483433 0.129475 -0.865753
    outer loop
      vertex 33.339 -1.41585 13.3651
      vertex 33.5234 -2.10436 13.3651
      vertex 32.0089 -1.69855 12.5801
    endloop
  endfacet
  facet normal 0.483449 0.129585 -0.865728
    outer loop
      vertex 33.5234 -2.10436 13.3651
      vertex 32.2303 -2.52454 12.5801
      vertex 32.0089 -1.69855 12.5801
    endloop
  endfacet
  facet normal 0.288853 -0.110933 -0.950925
    outer loop
      vertex 36.4534 1.57907 14.4889
      vertex 36.3077 1.19969 14.4889
      vertex 34.8876 1.66113 14.0037
    endloop
  endfacet
  facet normal 0.298894 -0.0800313 -0.950925
    outer loop
      vertex 36.3077 1.19969 14.4889
      vertex 36.2026 0.807172 14.4889
      vertex 34.8876 1.66113 14.0037
    endloop
  endfacet
  facet normal 0.362793 -0.184892 -0.913343
    outer loop
      vertex 35.3447 2.68776 14.0037
      vertex 35.0892 2.18642 14.0037
      vertex 34.1025 3.40493 13.3651
    endloop
  endfacet
  facet normal 0.67325 -0.545203 -0.499488
    outer loop
      vertex 30.0678 8.943 6.80986
      vertex 30.6512 8.4177 8.16959
      vertex 29.8225 7.39437 8.16959
    endloop
  endfacet
  facet normal 0.694214 -0.266438 -0.668639
    outer loop
      vertex 29.3506 4.74141 9.43981
      vertex 30.3104 4.31409 10.6066
      vertex 28.9134 3.60227 9.43981
    endloop
  endfacet
  facet normal 0.256241 -0.316459 -0.913342
    outer loop
      vertex 35.9973 5.50929 13.3651
      vertex 36.4031 3.99479 14.0037
      vertex 35.4433 5.06071 13.3651
    endloop
  endfacet
  facet normal 0.755656 -0.290013 -0.587262
    outer loop
      vertex 28.5075 5.11677 8.16959
      vertex 29.3506 4.74141 9.43981
      vertex 28.0357 3.88745 8.16959
    endloop
  endfacet
  facet normal 0.808781 -0.310402 -0.499524
    outer loop
      vertex 28.5075 5.11677 8.16959
      vertex 28.0357 3.88745 8.16959
      vertex 27.289 4.13004 6.80986
    endloop
  endfacet
  facet normal 0.882642 -0.236455 -0.406243
    outer loop
      vertex 27.289 4.13004 6.80986
      vertex 26.927 2.77876 6.80986
      vertex 26.6817 4.32738 5.37552
    endloop
  endfacet
  facet normal 0.902492 -0.142941 -0.406295
    outer loop
      vertex 26.3023 2.91153 5.37552
      vertex 26.927 2.77876 6.80986
      vertex 26.073 1.46379 5.37552
    endloop
  endfacet
  facet normal 0.185416 -0.094633 -0.978093
    outer loop
      vertex 36.4534 1.57907 14.4889
      vertex 37.432 1.29807 14.7016
      vertex 37.4403 1.13966 14.7185
    endloop
  endfacet
  facet normal 0.185468 -0.0944578 -0.9781
    outer loop
      vertex 37.432 1.29807 14.7016
      vertex 36.4534 1.57907 14.4889
      vertex 36.6378 1.94114 14.4889
    endloop
  endfacet
  facet normal 0.240472 -0.194702 -0.950928
    outer loop
      vertex 37.1149 2.59776 14.4889
      vertex 36.8592 2.28195 14.4889
      vertex 36.0052 3.59692 14.0037
    endloop
  endfacet
  facet normal 0.623659 -0.404973 -0.668615
    outer loop
      vertex 30.5691 6.85192 9.43981
      vertex 30.8144 5.3033 10.6066
      vertex 29.9046 5.82859 9.43981
    endloop
  endfacet
  facet normal 0.259501 -0.168495 -0.95093
    outer loop
      vertex 35.6511 3.15965 14.0037
      vertex 36.8592 2.28195 14.4889
      vertex 35.3447 2.68776 14.0037
    endloop
  endfacet
  facet normal 0.218888 -0.218814 -0.950899
    outer loop
      vertex 37.1149 2.59776 14.4889
      vertex 37.0434 3.28369 14.3146
      vertex 37.2034 2.68629 14.4889
    endloop
  endfacet
  facet normal 0.218741 -0.218837 -0.950927
    outer loop
      vertex 36.0052 3.59692 14.0037
      vertex 37.0434 3.28369 14.3146
      vertex 37.1149 2.59776 14.4889
    endloop
  endfacet
  facet normal 0.218762 -0.218778 -0.950936
    outer loop
      vertex 37.0434 3.28369 14.3146
      vertex 36.0052 3.59692 14.0037
      vertex 36.4031 3.99479 14.0037
    endloop
  endfacet
  facet normal 0.625922 -0.772864 0.104418
    outer loop
      vertex 29.9768 11.1319 -0.785039
      vertex 30.357 11.2803 -1.9657
      vertex 30.2361 11.3419 -0.785039
    endloop
  endfacet
  facet normal 0.625875 -0.772905 0.104398
    outer loop
      vertex 30.357 11.2803 -1.9657
      vertex 29.9768 11.1319 -0.785039
      vertex 30.0866 11.0099 -2.34652
    endloop
  endfacet
  facet normal 0.625875 -0.772905 -0.104398
    outer loop
      vertex 29.9768 11.1319 0.785039
      vertex 30.357 11.2803 1.9657
      vertex 30.0866 11.0099 2.34652
    endloop
  endfacet
  facet normal 0.625922 -0.772864 -0.104418
    outer loop
      vertex 30.357 11.2803 1.9657
      vertex 29.9768 11.1319 0.785039
      vertex 30.2361 11.3419 0.785039
    endloop
  endfacet
  facet normal 0.703243 -0.703243 -0.104396
    outer loop
      vertex 30.0866 11.0099 2.34652
      vertex 28.8681 10.0232 0.785039
      vertex 29.9768 11.1319 0.785039
    endloop
  endfacet
  facet normal 0.703246 -0.70324 -0.1044
    outer loop
      vertex 28.8681 10.0232 0.785039
      vertex 30.0866 11.0099 2.34652
      vertex 28.9901 9.91339 2.34652
    endloop
  endfacet
  facet normal 0.777153 -0.629312 0
    outer loop
      vertex 27.8814 8.8047 0.785039
      vertex 28.8681 10.0232 -0.785039
      vertex 28.8681 10.0232 0.785039
    endloop
  endfacet
  facet normal 0.777153 -0.629312 0
    outer loop
      vertex 28.8681 10.0232 -0.785039
      vertex 27.8814 8.8047 0.785039
      vertex 27.8814 8.8047 -0.785039
    endloop
  endfacet
  facet normal 0.834115 -0.541616 -0.104424
    outer loop
      vertex 28.0141 8.70823 2.34652
      vertex 27.1696 7.40766 2.34652
      vertex 27.0274 7.48972 0.785039
    endloop
  endfacet
  facet normal 0.82042 -0.532724 -0.207643
    outer loop
      vertex 28.0141 8.70823 2.34652
      vertex 28.2782 8.51635 3.88229
      vertex 27.1696 7.40766 2.34652
    endloop
  endfacet
  facet normal 0.629362 -0.777112 0
    outer loop
      vertex 29.9768 11.1319 -0.785039
      vertex 30.2361 11.3419 0.785039
      vertex 29.9768 11.1319 0.785039
    endloop
  endfacet
  facet normal 0.629362 -0.777112 0
    outer loop
      vertex 30.2361 11.3419 0.785039
      vertex 29.9768 11.1319 -0.785039
      vertex 30.2361 11.3419 -0.785039
    endloop
  endfacet
  facet normal 0.772878 -0.625916 0.104352
    outer loop
      vertex 28.0141 8.70823 -2.34652
      vertex 28.9901 9.91339 -2.34652
      vertex 27.8814 8.8047 -0.785039
    endloop
  endfacet
  facet normal 0.83408 -0.541684 0.104349
    outer loop
      vertex 28.0141 8.70823 -2.34652
      vertex 27.8814 8.8047 -0.785039
      vertex 27.0274 7.48972 -0.785039
    endloop
  endfacet
  facet normal 0.575027 -0.710136 -0.406264
    outer loop
      vertex 31.4469 10.6974 6.02418
      vertex 31.755 10.4974 6.80986
      vertex 31.057 9.9322 6.80986
    endloop
  endfacet
  facet normal 0.575014 -0.710141 -0.406275
    outer loop
      vertex 30.6297 10.4068 5.37552
      vertex 31.4469 10.6974 6.02418
      vertex 31.057 9.9322 6.80986
    endloop
  endfacet
  facet normal 0.57502 -0.710127 -0.40629
    outer loop
      vertex 31.4469 10.6974 6.02418
      vertex 30.6297 10.4068 5.37552
      vertex 31.25 10.8253 5.52196
    endloop
  endfacet
  facet normal 0.575006 -0.710054 -0.406437
    outer loop
      vertex 31.25 10.8253 5.52196
      vertex 30.6297 10.4068 5.37552
      vertex 31.1865 10.8577 5.37552
    endloop
  endfacet
  facet normal 0.625968 -0.772844 -0.104288
    outer loop
      vertex 30.357 11.2803 1.9657
      vertex 30.396 11.2605 2.34652
      vertex 30.0866 11.0099 2.34652
    endloop
  endfacet
  facet normal 0.646115 -0.646122 0.406278
    outer loop
      vertex 30.0678 8.943 -6.80986
      vertex 30.6297 10.4068 -5.37552
      vertex 29.5932 9.37031 -5.37552
    endloop
  endfacet
  facet normal 0.64612 -0.64612 0.406274
    outer loop
      vertex 30.6297 10.4068 -5.37552
      vertex 30.0678 8.943 -6.80986
      vertex 31.057 9.9322 -6.80986
    endloop
  endfacet
  facet normal 0.847513 -0.431793 -0.308668
    outer loop
      vertex 27.8724 7.00185 5.37552
      vertex 27.207 5.69582 5.37552
      vertex 26.7637 5.89316 3.88229
    endloop
  endfacet
  facet normal 0.918762 -0.24617 -0.308671
    outer loop
      vertex 26.2202 4.47731 3.88229
      vertex 26.6817 4.32738 5.37552
      vertex 25.8277 3.01241 3.88229
    endloop
  endfacet
  facet normal 0.766337 -0.497649 -0.406292
    outer loop
      vertex 29.1874 7.85581 6.80986
      vertex 28.4255 6.68255 6.80986
      vertex 27.8724 7.00185 5.37552
    endloop
  endfacet
  facet normal 0.797696 -0.518075 -0.308673
    outer loop
      vertex 28.2782 8.51635 3.88229
      vertex 28.6708 8.23117 5.37552
      vertex 27.8724 7.00185 5.37552
    endloop
  endfacet
  facet normal 0.625968 0.772844 -0.104288
    outer loop
      vertex 30.396 -11.2605 2.34652
      vertex 30.357 -11.2803 1.9657
      vertex 30.0866 -11.0099 2.34652
    endloop
  endfacet
  facet normal 0.615715 0.760162 -0.207482
    outer loop
      vertex 30.7139 -11.0985 3.88229
      vertex 30.6143 -11.1492 3.40097
      vertex 30.305 -10.7673 3.88229
    endloop
  endfacet
  facet normal 0.808781 0.310402 0.499524
    outer loop
      vertex 28.5075 -5.11677 -8.16959
      vertex 28.0357 -3.88745 -8.16959
      vertex 27.289 -4.13004 -6.80986
    endloop
  endfacet
  facet normal 0.836836 0.224183 0.499447
    outer loop
      vertex 27.289 -4.13004 -6.80986
      vertex 27.6948 -2.61554 -8.16959
      vertex 26.927 -2.77876 -6.80986
    endloop
  endfacet
  facet normal 0.661394 0.104769 0.742685
    outer loop
      vertex 29.6252 -2.20524 -10.6066
      vertex 30.7665 -1.96265 -11.6572
      vertex 29.4515 -1.10869 -10.6066
    endloop
  endfacet
  facet normal 0.596667 0.304 0.74268
    outer loop
      vertex 30.8144 -5.3033 -10.6066
      vertex 31.3763 -3.83951 -11.6572
      vertex 30.3104 -4.31409 -10.6066
    endloop
  endfacet
  facet normal 0.887992 0.340872 0.308669
    outer loop
      vertex 26.7637 -5.89316 -3.88229
      vertex 27.207 -5.69582 -5.37552
      vertex 26.2202 -4.47731 -3.88229
    endloop
  endfacet
  facet normal 0.847513 0.431793 0.308668
    outer loop
      vertex 27.8724 -7.00185 -5.37552
      vertex 27.207 -5.69582 -5.37552
      vertex 26.7637 -5.89316 -3.88229
    endloop
  endfacet
  facet normal 0.820418 0.532729 0.207638
    outer loop
      vertex 28.2782 -8.51635 -3.88229
      vertex 27.4523 -7.24444 -3.88229
      vertex 27.1696 -7.40766 -2.34652
    endloop
  endfacet
  facet normal 0.82042 0.532724 0.207643
    outer loop
      vertex 28.0141 -8.70823 -2.34652
      vertex 28.2782 -8.51635 -3.88229
      vertex 27.1696 -7.40766 -2.34652
    endloop
  endfacet
  facet normal 0.370264 0.457205 -0.808621
    outer loop
      vertex 34.5335 -6.07119 12.5801
      vertex 35.198 -6.60933 12.5801
      vertex 34.4514 -7.63696 11.6572
    endloop
  endfacet
  facet normal 0.370235 0.457212 -0.80863
    outer loop
      vertex 34.5335 -6.07119 12.5801
      vertex 34.4514 -7.63696 11.6572
      vertex 33.6835 -7.01514 11.6572
    endloop
  endfacet
  facet normal 0.275686 0.140499 -0.950925
    outer loop
      vertex 36.6378 -1.94114 14.4889
      vertex 35.3447 -2.68776 14.0037
      vertex 35.0892 -2.18642 14.0037
    endloop
  endfacet
  facet normal 0.147462 0.147412 -0.978021
    outer loop
      vertex 37.1149 -2.59776 14.4889
      vertex 37.2268 -2.5989 14.5056
      vertex 37.2034 -2.68629 14.4889
    endloop
  endfacet
  facet normal 0.147469 0.146843 -0.978105
    outer loop
      vertex 37.2268 -2.5989 14.5056
      vertex 37.1149 -2.59776 14.4889
      vertex 37.2457 -2.48 14.5263
    endloop
  endfacet
  facet normal 0.288859 0.11086 -0.950931
    outer loop
      vertex 36.4534 -1.57907 14.4889
      vertex 35.0892 -2.18642 14.0037
      vertex 34.8876 -1.66113 14.0037
    endloop
  endfacet
  facet normal 0.275702 0.140413 -0.950932
    outer loop
      vertex 36.4534 -1.57907 14.4889
      vertex 36.6378 -1.94114 14.4889
      vertex 35.0892 -2.18642 14.0037
    endloop
  endfacet
  facet normal 0.316449 0.256267 -0.913338
    outer loop
      vertex 36.0052 -3.59692 14.0037
      vertex 34.9393 -4.55668 13.3651
      vertex 34.4907 -4.00273 13.3651
    endloop
  endfacet
  facet normal 0.388946 0.314976 -0.865743
    outer loop
      vertex 34.4907 -4.00273 13.3651
      vertex 34.9393 -4.55668 13.3651
      vertex 33.9288 -5.46652 12.5801
    endloop
  endfacet
  facet normal 0.49436 0.0782573 -0.865728
    outer loop
      vertex 33.2274 -0.711823 13.3651
      vertex 32.0089 -1.69855 12.5801
      vertex 31.8752 -0.853953 12.5801
    endloop
  endfacet
  facet normal 0.494298 0.0783545 -0.865754
    outer loop
      vertex 33.2274 -0.711823 13.3651
      vertex 33.339 -1.41585 13.3651
      vertex 32.0089 -1.69855 12.5801
    endloop
  endfacet
  facet normal 0.308976 -0.0162175 -0.950931
    outer loop
      vertex 36.139 0.405808 14.4889
      vertex 36.1177 0 14.4889
      vertex 34.6539 0.561894 14.0037
    endloop
  endfacet
  facet normal 0.305591 -0.0484239 -0.950931
    outer loop
      vertex 36.2026 0.807172 14.4889
      vertex 36.139 0.405808 14.4889
      vertex 34.6539 0.561894 14.0037
    endloop
  endfacet
  facet normal 0.483433 -0.129475 -0.865753
    outer loop
      vertex 33.5234 2.10436 13.3651
      vertex 33.339 1.41585 13.3651
      vertex 32.0089 1.69855 12.5801
    endloop
  endfacet
  facet normal 0.393354 -0.10535 -0.913331
    outer loop
      vertex 33.5234 2.10436 13.3651
      vertex 34.7419 1.11763 14.0037
      vertex 33.339 1.41585 13.3651
    endloop
  endfacet
  facet normal 0.499817 -0.0262214 -0.865734
    outer loop
      vertex 31.8752 0.853953 12.5801
      vertex 33.1901 0 13.3651
      vertex 31.8304 0 12.5801
    endloop
  endfacet
  facet normal 0.781807 -0.209548 -0.587255
    outer loop
      vertex 28.9134 3.60227 9.43981
      vertex 28.5975 2.42367 9.43981
      vertex 27.6948 2.61554 8.16959
    endloop
  endfacet
  facet normal 0.561618 0.364684 -0.742692
    outer loop
      vertex 31.8249 -4.7199 11.6572
      vertex 32.363 -5.54858 11.6572
      vertex 30.8144 -5.3033 10.6066
    endloop
  endfacet
  facet normal 0.561612 0.364737 -0.74267
    outer loop
      vertex 32.363 -5.54858 11.6572
      vertex 31.4191 -6.2344 10.6066
      vertex 30.8144 -5.3033 10.6066
    endloop
  endfacet
  facet normal 0.755656 0.29002 -0.587258
    outer loop
      vertex 28.9134 -3.60227 9.43981
      vertex 29.3506 -4.74141 9.43981
      vertex 28.0357 -3.88745 8.16959
    endloop
  endfacet
  facet normal 0.662548 0.337566 -0.66864
    outer loop
      vertex 30.3104 -4.31409 10.6066
      vertex 30.8144 -5.3033 10.6066
      vertex 29.3506 -4.74141 9.43981
    endloop
  endfacet
  facet normal 0.80828 0.0424126 -0.587269
    outer loop
      vertex 28.3428 0 9.43981
      vertex 27.4889 -1.31497 8.16959
      vertex 27.4199 0 8.16959
    endloop
  endfacet
  facet normal 0.80828 -0.0424126 -0.587269
    outer loop
      vertex 27.4889 1.31497 8.16959
      vertex 28.3428 0 9.43981
      vertex 27.4199 0 8.16959
    endloop
  endfacet
  facet normal 0.73446 -0.116279 -0.668616
    outer loop
      vertex 28.5975 2.42367 9.43981
      vertex 29.4515 1.10869 10.6066
      vertex 28.4067 1.21851 9.43981
    endloop
  endfacet
  facet normal 0.799447 -0.126565 -0.587253
    outer loop
      vertex 27.6948 2.61554 8.16959
      vertex 28.4067 1.21851 9.43981
      vertex 27.4889 1.31497 8.16959
    endloop
  endfacet
  facet normal 0.742576 0.0389141 -0.66863
    outer loop
      vertex 29.3934 0 10.6066
      vertex 29.4515 -1.10869 10.6066
      vertex 28.3428 0 9.43981
    endloop
  endfacet
  facet normal 0.668725 0.035044 -0.742683
    outer loop
      vertex 30.6119 -0.986728 11.6572
      vertex 29.4515 -1.10869 10.6066
      vertex 29.3934 0 10.6066
    endloop
  endfacet
  facet normal 0.668725 -0.035044 -0.742683
    outer loop
      vertex 29.4515 1.10869 10.6066
      vertex 30.6119 0.986728 11.6572
      vertex 29.3934 0 10.6066
    endloop
  endfacet
  facet normal 0.587526 -0.0307836 -0.80862
    outer loop
      vertex 30.6119 0.986728 11.6572
      vertex 31.8304 0 12.5801
      vertex 30.5602 0 11.6572
    endloop
  endfacet
  facet normal 0.661396 -0.104775 -0.742683
    outer loop
      vertex 30.7665 1.96265 11.6572
      vertex 30.6119 0.986728 11.6572
      vertex 29.4515 1.10869 10.6066
    endloop
  endfacet
  facet normal 0.64683 -0.173291 -0.742685
    outer loop
      vertex 29.9125 3.27762 10.6066
      vertex 30.7665 1.96265 11.6572
      vertex 29.6252 2.20524 10.6066
    endloop
  endfacet
  facet normal 0.629018 0.509383 -0.587252
    outer loop
      vertex 30.5691 -6.85192 9.43981
      vertex 30.6512 -8.4177 8.16959
      vertex 29.8225 -7.39437 8.16959
    endloop
  endfacet
  facet normal 0.612581 0.612581 -0.499488
    outer loop
      vertex 31.057 -9.9322 6.80986
      vertex 30.6512 -8.4177 8.16959
      vertex 31.5823 -9.3488 8.16959
    endloop
  endfacet
  facet normal 0.612581 0.612581 -0.499488
    outer loop
      vertex 30.6512 -8.4177 8.16959
      vertex 31.057 -9.9322 6.80986
      vertex 30.0678 -8.943 6.80986
    endloop
  endfacet
  facet normal 0.545182 0.673278 -0.499473
    outer loop
      vertex 32.3178 -10.1319 7.91685
      vertex 31.755 -10.4974 6.80986
      vertex 31.057 -9.9322 6.80986
    endloop
  endfacet
  facet normal 0.596667 0.304 -0.74268
    outer loop
      vertex 31.3763 -3.83951 11.6572
      vertex 30.8144 -5.3033 10.6066
      vertex 30.3104 -4.31409 10.6066
    endloop
  endfacet
  facet normal 0.625162 0.239999 -0.742679
    outer loop
      vertex 31.3763 -3.83951 11.6572
      vertex 30.3104 -4.31409 10.6066
      vertex 29.9125 -3.27762 10.6066
    endloop
  endfacet
  facet normal 0.520395 0.421464 -0.742669
    outer loop
      vertex 32.363 -5.54858 11.6572
      vertex 32.9849 -6.31646 11.6572
      vertex 31.4191 -6.2344 10.6066
    endloop
  endfacet
  facet normal 0.457201 0.370283 -0.808615
    outer loop
      vertex 33.9288 -5.46652 12.5801
      vertex 32.9849 -6.31646 11.6572
      vertex 32.363 -5.54858 11.6572
    endloop
  endfacet
  facet normal 0.615675 0.760136 -0.207696
    outer loop
      vertex 30.0866 -11.0099 2.34652
      vertex 30.6143 -11.1492 3.40097
      vertex 30.396 -11.2605 2.34652
    endloop
  endfacet
  facet normal 0.615573 0.760236 -0.207632
    outer loop
      vertex 30.6143 -11.1492 3.40097
      vertex 30.0866 -11.0099 2.34652
      vertex 30.305 -10.7673 3.88229
    endloop
  endfacet
  facet normal 0.871565 0.444141 -0.207638
    outer loop
      vertex 27.4523 -7.24444 3.88229
      vertex 27.1696 -7.40766 2.34652
      vertex 26.7637 -5.89316 3.88229
    endloop
  endfacet
  facet normal 0.820418 0.532729 -0.207638
    outer loop
      vertex 27.4523 -7.24444 3.88229
      vertex 28.2782 -8.51635 3.88229
      vertex 27.1696 -7.40766 2.34652
    endloop
  endfacet
  facet normal 0.615715 0.760162 0.207482
    outer loop
      vertex 30.6143 -11.1492 -3.40097
      vertex 30.7139 -11.0985 -3.88229
      vertex 30.305 -10.7673 -3.88229
    endloop
  endfacet
  facet normal 0.404897 0.623547 0.668766
    outer loop
      vertex 33.171 -9.44573 -9.43981
      vertex 33.1994 -9.42274 -9.47844
      vertex 33.1481 -9.43086 -9.43981
    endloop
  endfacet
  facet normal 0.388979 0.314959 0.865734
    outer loop
      vertex 33.9288 -5.46652 -12.5801
      vertex 34.4907 -4.00273 -13.3651
      vertex 33.3907 -4.80196 -12.5801
    endloop
  endfacet
  facet normal 0.457218 0.370213 0.808637
    outer loop
      vertex 33.9288 -5.46652 -12.5801
      vertex 33.3907 -4.80196 -12.5801
      vertex 32.363 -5.54858 -11.6572
    endloop
  endfacet
  facet normal 0.316451 0.256261 0.913339
    outer loop
      vertex 36.0052 -3.59692 -14.0037
      vertex 35.6511 -3.15965 -14.0037
      vertex 34.4907 -4.00273 -13.3651
    endloop
  endfacet
  facet normal 0.415991 0.416012 0.808632
    outer loop
      vertex 33.9288 -5.46652 -12.5801
      vertex 33.6835 -7.01514 -11.6572
      vertex 34.5335 -6.07119 -12.5801
    endloop
  endfacet
  facet normal 0.416041 0.415994 0.808615
    outer loop
      vertex 33.6835 -7.01514 -11.6572
      vertex 33.9288 -5.46652 -12.5801
      vertex 32.9849 -6.31646 -11.6572
    endloop
  endfacet
  facet normal 0.256296 0.31649 0.913316
    outer loop
      vertex 36.4031 -3.99479 -14.0037
      vertex 36.5461 -4.75383 -13.7808
      vertex 36.7345 -4.26316 -14.0037
    endloop
  endfacet
  facet normal 0.256183 0.316479 0.913352
    outer loop
      vertex 36.5461 -4.75383 -13.7808
      vertex 36.4031 -3.99479 -14.0037
      vertex 35.9973 -5.50929 -13.3651
    endloop
  endfacet
  facet normal 0.308994 -0.0161675 0.950927
    outer loop
      vertex 36.1177 0 -14.4889
      vertex 34.6539 0.561894 -14.0037
      vertex 34.6245 0 -14.0037
    endloop
  endfacet
  facet normal 0.406625 -0.0212759 0.913347
    outer loop
      vertex 34.6245 0 -14.0037
      vertex 34.6539 0.561894 -14.0037
      vertex 33.1901 0 -13.3651
    endloop
  endfacet
  facet normal 0.402174 -0.0637513 0.913341
    outer loop
      vertex 34.6539 0.561894 -14.0037
      vertex 33.339 1.41585 -13.3651
      vertex 33.2274 0.711823 -13.3651
    endloop
  endfacet
  facet normal 0.406635 -0.021308 0.913342
    outer loop
      vertex 34.6539 0.561894 -14.0037
      vertex 33.2274 0.711823 -13.3651
      vertex 33.1901 0 -13.3651
    endloop
  endfacet
  facet normal 0.207735 -0.012262 0.978108
    outer loop
      vertex 36.139 0.405808 -14.4889
      vertex 37.4886 0.21713 -14.7779
      vertex 37.4862 0.264215 -14.7768
    endloop
  endfacet
  facet normal 0.207919 -0.0109132 0.978085
    outer loop
      vertex 37.4886 0.21713 -14.7779
      vertex 36.139 0.405808 -14.4889
      vertex 36.1177 0 -14.4889
    endloop
  endfacet
  facet normal 0.305587 -0.0483892 0.950934
    outer loop
      vertex 36.2026 0.807172 -14.4889
      vertex 34.7419 1.11763 -14.0037
      vertex 34.6539 0.561894 -14.0037
    endloop
  endfacet
  facet normal 0.393295 -0.105433 0.913347
    outer loop
      vertex 34.7419 1.11763 -14.0037
      vertex 34.8876 1.66113 -14.0037
      vertex 33.5234 2.10436 -13.3651
    endloop
  endfacet
  facet normal 0.362823 -0.184865 0.913337
    outer loop
      vertex 35.0892 2.18642 -14.0037
      vertex 34.1025 3.40493 -13.3651
      vertex 33.7789 2.76982 -13.3651
    endloop
  endfacet
  facet normal 0.64612 0.64612 0.406274
    outer loop
      vertex 30.0678 -8.943 -6.80986
      vertex 30.6297 -10.4068 -5.37552
      vertex 31.057 -9.9322 -6.80986
    endloop
  endfacet
  facet normal 0.646115 0.646122 0.406278
    outer loop
      vertex 30.6297 -10.4068 -5.37552
      vertex 30.0678 -8.943 -6.80986
      vertex 29.5932 -9.37031 -5.37552
    endloop
  endfacet
  facet normal 0.298894 0.0800313 0.950925
    outer loop
      vertex 36.3077 -1.19969 -14.4889
      vertex 36.2026 -0.807172 -14.4889
      vertex 34.8876 -1.66113 -14.0037
    endloop
  endfacet
  facet normal 0.207888 0.0107075 0.978094
    outer loop
      vertex 37.4886 -0.21713 -14.7779
      vertex 37.5 0 -14.7827
      vertex 36.1177 0 -14.4889
    endloop
  endfacet
  facet normal 0.240451 0.194717 0.950931
    outer loop
      vertex 36.0052 -3.59692 -14.0037
      vertex 36.8592 -2.28195 -14.4889
      vertex 35.6511 -3.15965 -14.0037
    endloop
  endfacet
  facet normal 0.161831 0.130889 0.9781
    outer loop
      vertex 37.2457 -2.48 -14.5263
      vertex 37.2543 -2.42562 -14.535
      vertex 37.1149 -2.59776 -14.4889
    endloop
  endfacet
  facet normal 0.467257 0.179334 0.865742
    outer loop
      vertex 32.5367 -3.32287 -12.5801
      vertex 33.7789 -2.76982 -13.3651
      vertex 32.2303 -2.52454 -12.5801
    endloop
  endfacet
  facet normal 0.445943 0.227209 0.865743
    outer loop
      vertex 32.9249 -4.08479 -12.5801
      vertex 33.7789 -2.76982 -13.3651
      vertex 32.5367 -3.32287 -12.5801
    endloop
  endfacet
  facet normal 0.275702 0.140413 0.950932
    outer loop
      vertex 36.6378 -1.94114 -14.4889
      vertex 36.4534 -1.57907 -14.4889
      vertex 35.0892 -2.18642 -14.0037
    endloop
  endfacet
  facet normal 0.185416 0.094633 0.978093
    outer loop
      vertex 36.4534 -1.57907 -14.4889
      vertex 37.432 -1.29807 -14.7016
      vertex 37.4403 -1.13966 -14.7185
    endloop
  endfacet
  facet normal 0.185468 0.0944578 0.9781
    outer loop
      vertex 37.432 -1.29807 -14.7016
      vertex 36.4534 -1.57907 -14.4889
      vertex 36.6378 -1.94114 -14.4889
    endloop
  endfacet
  facet normal 0.402174 0.0637513 0.913341
    outer loop
      vertex 33.339 -1.41585 -13.3651
      vertex 34.6539 -0.561894 -14.0037
      vertex 33.2274 -0.711823 -13.3651
    endloop
  endfacet
  facet normal 0.494298 0.0783545 0.865754
    outer loop
      vertex 33.339 -1.41585 -13.3651
      vertex 33.2274 -0.711823 -13.3651
      vertex 32.0089 -1.69855 -12.5801
    endloop
  endfacet
  facet normal 0.966162 0.153031 0.207636
    outer loop
      vertex 25.5084 -3.08028 -2.34652
      vertex 25.8277 -3.01241 -3.88229
      vertex 25.2658 -1.54862 -2.34652
    endloop
  endfacet
  facet normal 0.94988 -0.049799 0.308621
    outer loop
      vertex 26.073 1.46379 -5.37552
      vertex 25.5905 1.5145 -3.88229
      vertex 25.5111 0 -3.88229
    endloop
  endfacet
  facet normal 0.976872 0.051158 0.207616
    outer loop
      vertex 25.2658 -1.54862 -2.34652
      vertex 25.5111 0 -3.88229
      vertex 25.1847 0 -2.34652
    endloop
  endfacet
  facet normal 0.949874 0.0497717 0.308646
    outer loop
      vertex 26.073 -1.46379 -5.37552
      vertex 25.9963 0 -5.37552
      vertex 25.5111 0 -3.88229
    endloop
  endfacet
  facet normal 0.918762 0.24617 0.308671
    outer loop
      vertex 26.2202 -4.47731 -3.88229
      vertex 26.6817 -4.32738 -5.37552
      vertex 25.8277 -3.01241 -3.88229
    endloop
  endfacet
  facet normal 0.944884 0.253169 0.207604
    outer loop
      vertex 25.9098 -4.57819 -2.34652
      vertex 26.2202 -4.47731 -3.88229
      vertex 25.8277 -3.01241 -3.88229
    endloop
  endfacet
  facet normal 0.629018 0.509383 0.587252
    outer loop
      vertex 30.6512 -8.4177 -8.16959
      vertex 30.5691 -6.85192 -9.43981
      vertex 29.8225 -7.39437 -8.16959
    endloop
  endfacet
  facet normal 0.629022 0.509381 0.58725
    outer loop
      vertex 30.6512 -8.4177 -8.16959
      vertex 31.337 -7.80018 -9.43981
      vertex 30.5691 -6.85192 -9.43981
    endloop
  endfacet
  facet normal 0.726559 0.471818 0.4995
    outer loop
      vertex 29.1874 -7.85581 -6.80986
      vertex 29.1054 -6.29003 -8.16959
      vertex 28.4255 -6.68255 -6.80986
    endloop
  endfacet
  facet normal 0.766337 0.497649 0.406292
    outer loop
      vertex 29.1874 -7.85581 -6.80986
      vertex 28.4255 -6.68255 -6.80986
      vertex 27.8724 -7.00185 -5.37552
    endloop
  endfacet
  facet normal 0.77189 0.39336 0.499454
    outer loop
      vertex 29.1054 -6.29003 -8.16959
      vertex 28.5075 -5.11677 -8.16959
      vertex 27.7904 -5.43607 -6.80986
    endloop
  endfacet
  facet normal 0.808785 0.310502 0.499454
    outer loop
      vertex 27.7904 -5.43607 -6.80986
      vertex 28.5075 -5.11677 -8.16959
      vertex 27.289 -4.13004 -6.80986
    endloop
  endfacet
  facet normal 0.865146 -0.045331 0.499467
    outer loop
      vertex 27.4199 0 -8.16959
      vertex 26.7081 1.39703 -6.80986
      vertex 26.6349 0 -6.80986
    endloop
  endfacet
  facet normal 0.912503 -0.0478123 0.406265
    outer loop
      vertex 26.6349 0 -6.80986
      vertex 26.7081 1.39703 -6.80986
      vertex 26.073 1.46379 -5.37552
    endloop
  endfacet
  facet normal 0.808781 -0.310402 0.499524
    outer loop
      vertex 28.0357 3.88745 -8.16959
      vertex 28.5075 5.11677 -8.16959
      vertex 27.289 4.13004 -6.80986
    endloop
  endfacet
  facet normal 0.755656 -0.290013 0.587262
    outer loop
      vertex 29.3506 4.74141 -9.43981
      vertex 28.5075 5.11677 -8.16959
      vertex 28.0357 3.88745 -8.16959
    endloop
  endfacet
  facet normal 0.726581 -0.471803 0.499482
    outer loop
      vertex 29.8225 7.39437 -8.16959
      vertex 29.1874 7.85581 -6.80986
      vertex 29.1054 6.29003 -8.16959
    endloop
  endfacet
  facet normal 0.673257 -0.545199 0.499483
    outer loop
      vertex 29.8225 7.39437 -8.16959
      vertex 30.0678 8.943 -6.80986
      vertex 29.1874 7.85581 -6.80986
    endloop
  endfacet
  facet normal 0.316451 -0.256261 0.913339
    outer loop
      vertex 35.6511 3.15965 -14.0037
      vertex 36.0052 3.59692 -14.0037
      vertex 34.4907 4.00273 -13.3651
    endloop
  endfacet
  facet normal 0.34151 -0.22177 0.913339
    outer loop
      vertex 35.6511 3.15965 -14.0037
      vertex 34.4907 4.00273 -13.3651
      vertex 34.1025 3.40493 -13.3651
    endloop
  endfacet
  facet normal 0.272562 -0.419734 0.865756
    outer loop
      vertex 35.7868 6.30936 -12.9109
      vertex 35.4751 6.78927 -12.5801
      vertex 35.198 6.60933 -12.5801
    endloop
  endfacet
  facet normal 0.587505 -0.0308216 0.808633
    outer loop
      vertex 31.8304 0 -12.5801
      vertex 31.8752 0.853953 -12.5801
      vertex 30.6119 0.986728 -11.6572
    endloop
  endfacet
  facet normal 0.587526 -0.0307836 0.80862
    outer loop
      vertex 31.8304 0 -12.5801
      vertex 30.6119 0.986728 -11.6572
      vertex 30.5602 0 -11.6572
    endloop
  endfacet
  facet normal 0.568271 -0.152248 0.808634
    outer loop
      vertex 32.2303 2.52454 -12.5801
      vertex 31.0222 2.91706 -11.6572
      vertex 30.7665 1.96265 -11.6572
    endloop
  endfacet
  facet normal 0.646827 -0.173294 0.742687
    outer loop
      vertex 30.7665 1.96265 -11.6572
      vertex 31.0222 2.91706 -11.6572
      vertex 29.9125 3.27762 -10.6066
    endloop
  endfacet
  facet normal 0.404897 -0.623547 0.668766
    outer loop
      vertex 33.1994 9.42274 -9.47844
      vertex 33.171 9.44573 -9.43981
      vertex 33.1481 9.43086 -9.43981
    endloop
  endfacet
  facet normal 0.440876 -0.678954 0.587069
    outer loop
      vertex 33.171 9.44573 -9.43981
      vertex 33.1579 9.45635 -9.41769
      vertex 33.1481 9.43086 -9.43981
    endloop
  endfacet
  facet normal 0.440431 -0.679013 0.587334
    outer loop
      vertex 33.1481 9.43086 -9.43981
      vertex 33.1579 9.45635 -9.41769
      vertex 33.0891 9.51201 -9.30175
    endloop
  endfacet
  facet normal 0.320409 -0.493439 0.808614
    outer loop
      vertex 35.0706 7.39927 -12.0476
      vertex 34.7311 7.81858 -11.6572
      vertex 34.4514 7.63696 -11.6572
    endloop
  endfacet
  facet normal 0.364658 -0.561584 0.74273
    outer loop
      vertex 34.7311 7.81858 -11.6572
      vertex 34.5212 8.07773 -11.3582
      vertex 34.4514 7.63696 -11.6572
    endloop
  endfacet
  facet normal 0.147469 0.146843 0.978105
    outer loop
      vertex 37.1149 -2.59776 -14.4889
      vertex 37.2268 -2.5989 -14.5056
      vertex 37.2457 -2.48 -14.5263
    endloop
  endfacet
  facet normal 0.147462 0.147412 0.978021
    outer loop
      vertex 37.2268 -2.5989 -14.5056
      vertex 37.1149 -2.59776 -14.4889
      vertex 37.2034 -2.68629 -14.4889
    endloop
  endfacet
  facet normal 0.161745 -0.130959 0.978104
    outer loop
      vertex 36.8592 2.28195 -14.4889
      vertex 37.2543 2.42562 -14.535
      vertex 37.1149 2.59776 -14.4889
    endloop
  endfacet
  facet normal 0.161794 -0.131103 0.978077
    outer loop
      vertex 37.2543 2.42562 -14.535
      vertex 36.8592 2.28195 -14.4889
      vertex 37.3314 1.93886 -14.613
    endloop
  endfacet
  facet normal 0.259501 -0.168495 0.95093
    outer loop
      vertex 36.8592 2.28195 -14.4889
      vertex 35.6511 3.15965 -14.0037
      vertex 35.3447 2.68776 -14.0037
    endloop
  endfacet
  facet normal 0.194337 -0.0746345 0.978091
    outer loop
      vertex 36.3077 1.19969 -14.4889
      vertex 37.4512 0.931056 -14.7366
      vertex 36.4534 1.57907 -14.4889
    endloop
  endfacet
  facet normal 0.194293 -0.0748139 0.978086
    outer loop
      vertex 37.4512 0.931056 -14.7366
      vertex 36.3077 1.19969 -14.4889
      vertex 37.4567 0.82637 -14.7457
    endloop
  endfacet
  facet normal 0.201076 -0.0538399 0.978095
    outer loop
      vertex 36.2026 0.807172 -14.4889
      vertex 37.4681 0.608446 -14.76
      vertex 36.3077 1.19969 -14.4889
    endloop
  endfacet
  facet normal 0.201015 -0.0542184 0.978087
    outer loop
      vertex 37.4681 0.608446 -14.76
      vertex 36.2026 0.807172 -14.4889
      vertex 37.4718 0.537377 -14.7647
    endloop
  endfacet
  facet normal 0.305591 0.0484239 0.950931
    outer loop
      vertex 36.2026 -0.807172 -14.4889
      vertex 36.139 -0.405808 -14.4889
      vertex 34.6539 -0.561894 -14.0037
    endloop
  endfacet
  facet normal 0.305587 0.0483892 0.950934
    outer loop
      vertex 34.7419 -1.11763 -14.0037
      vertex 36.2026 -0.807172 -14.4889
      vertex 34.6539 -0.561894 -14.0037
    endloop
  endfacet
  facet normal 0.467965 0.577889 0.66862
    outer loop
      vertex 33.1481 -9.43086 -9.43981
      vertex 33.7656 -8.58092 -10.6066
      vertex 32.9028 -7.88224 -10.6066
    endloop
  endfacet
  facet normal 0.421423 0.520415 0.742678
    outer loop
      vertex 33.7656 -8.58092 -10.6066
      vertex 33.6835 -7.01514 -11.6572
      vertex 32.9028 -7.88224 -10.6066
    endloop
  endfacet
  facet normal 0.440876 -0.678954 -0.587069
    outer loop
      vertex 33.1579 9.45635 9.41769
      vertex 33.171 9.44573 9.43981
      vertex 33.1481 9.43086 9.43981
    endloop
  endfacet
  facet normal 0.314979 -0.388938 -0.865746
    outer loop
      vertex 35.198 6.60933 12.5801
      vertex 35.9973 5.50929 13.3651
      vertex 34.5335 6.07119 12.5801
    endloop
  endfacet
  facet normal 0.509437 -0.628878 -0.587355
    outer loop
      vertex 31.5823 9.3488 8.16959
      vertex 33.0891 9.51201 9.30175
      vertex 33.1481 9.43086 9.43981
    endloop
  endfacet
  facet normal 0.50937 -0.629036 -0.587244
    outer loop
      vertex 33.0891 9.51201 9.30175
      vertex 31.5823 9.3488 8.16959
      vertex 32.4365 10.0405 8.16959
    endloop
  endfacet
  facet normal 0.185314 0.094683 -0.978107
    outer loop
      vertex 36.6378 -1.94114 14.4889
      vertex 37.4315 -1.30661 14.7007
      vertex 37.4008 -1.50065 14.6761
    endloop
  endfacet
  facet normal 0.187345 0.0920958 -0.977967
    outer loop
      vertex 37.4315 -1.30661 14.7007
      vertex 36.6378 -1.94114 14.4889
      vertex 37.432 -1.29807 14.7016
    endloop
  endfacet
  facet normal 0.194337 0.0746345 -0.978091
    outer loop
      vertex 36.3077 -1.19969 14.4889
      vertex 37.4512 -0.931056 14.7366
      vertex 36.4534 -1.57907 14.4889
    endloop
  endfacet
  facet normal 0.194293 0.0748139 -0.978086
    outer loop
      vertex 37.4512 -0.931056 14.7366
      vertex 36.3077 -1.19969 14.4889
      vertex 37.4567 -0.82637 14.7457
    endloop
  endfacet
  facet normal 0.623611 -0.405002 -0.668643
    outer loop
      vertex 31.4191 6.2344 10.6066
      vertex 30.8144 5.3033 10.6066
      vertex 30.5691 6.85192 9.43981
    endloop
  endfacet
  facet normal 0.646115 -0.646122 -0.406278
    outer loop
      vertex 30.6297 10.4068 5.37552
      vertex 30.0678 8.943 6.80986
      vertex 29.5932 9.37031 5.37552
    endloop
  endfacet
  facet normal 0.64612 -0.64612 -0.406274
    outer loop
      vertex 30.0678 8.943 6.80986
      vertex 30.6297 10.4068 5.37552
      vertex 31.057 9.9322 6.80986
    endloop
  endfacet
  facet normal 0.561612 -0.364737 -0.74267
    outer loop
      vertex 31.4191 6.2344 10.6066
      vertex 32.363 5.54858 11.6572
      vertex 30.8144 5.3033 10.6066
    endloop
  endfacet
  facet normal 0.25948 -0.168566 -0.950924
    outer loop
      vertex 36.8592 2.28195 14.4889
      vertex 36.6378 1.94114 14.4889
      vertex 35.3447 2.68776 14.0037
    endloop
  endfacet
  facet normal 0.275702 -0.140413 -0.950932
    outer loop
      vertex 36.6378 1.94114 14.4889
      vertex 36.4534 1.57907 14.4889
      vertex 35.0892 2.18642 14.0037
    endloop
  endfacet
  facet normal 0.419727 -0.272612 -0.865744
    outer loop
      vertex 33.3907 4.80196 12.5801
      vertex 34.1025 3.40493 13.3651
      vertex 32.9249 4.08479 12.5801
    endloop
  endfacet
  facet normal 0.568271 -0.152248 -0.808634
    outer loop
      vertex 31.0222 2.91706 11.6572
      vertex 32.2303 2.52454 12.5801
      vertex 30.7665 1.96265 11.6572
    endloop
  endfacet
  facet normal 0.316449 -0.256267 -0.913338
    outer loop
      vertex 34.9393 4.55668 13.3651
      vertex 36.0052 3.59692 14.0037
      vertex 34.4907 4.00273 13.3651
    endloop
  endfacet
  facet normal 0.772878 -0.625916 -0.104352
    outer loop
      vertex 28.9901 9.91339 2.34652
      vertex 28.0141 8.70823 2.34652
      vertex 27.8814 8.8047 0.785039
    endloop
  endfacet
  facet normal 0.739173 -0.598621 -0.308669
    outer loop
      vertex 29.2327 9.69496 3.88229
      vertex 28.6708 8.23117 5.37552
      vertex 28.2782 8.51635 3.88229
    endloop
  endfacet
  facet normal 0.707107 -0.707107 0
    outer loop
      vertex 28.8681 10.0232 0.785039
      vertex 29.9768 11.1319 -0.785039
      vertex 29.9768 11.1319 0.785039
    endloop
  endfacet
  facet normal 0.707107 -0.707107 0
    outer loop
      vertex 29.9768 11.1319 -0.785039
      vertex 28.8681 10.0232 0.785039
      vertex 28.8681 10.0232 -0.785039
    endloop
  endfacet
  facet normal 0.887992 -0.340871 -0.30867
    outer loop
      vertex 27.207 5.69582 5.37552
      vertex 26.6817 4.32738 5.37552
      vertex 26.2202 4.47731 3.88229
    endloop
  endfacet
  facet normal 0.853072 -0.327467 -0.406244
    outer loop
      vertex 27.207 5.69582 5.37552
      vertex 27.289 4.13004 6.80986
      vertex 26.6817 4.32738 5.37552
    endloop
  endfacet
  facet normal 0.69171 0.691684 -0.20763
    outer loop
      vertex 30.0866 -11.0099 2.34652
      vertex 29.2327 -9.69496 3.88229
      vertex 30.305 -10.7673 3.88229
    endloop
  endfacet
  facet normal 0.691698 0.691692 -0.207643
    outer loop
      vertex 29.2327 -9.69496 3.88229
      vertex 30.0866 -11.0099 2.34652
      vertex 28.9901 -9.91339 2.34652
    endloop
  endfacet
  facet normal 0.598653 0.739098 -0.308787
    outer loop
      vertex 30.9089 -10.9991 4.49826
      vertex 30.7139 -11.0985 3.88229
      vertex 30.305 -10.7673 3.88229
    endloop
  endfacet
  facet normal 0.865115 0.0453949 0.499516
    outer loop
      vertex 27.4889 -1.31497 -8.16959
      vertex 27.4199 0 -8.16959
      vertex 26.7081 -1.39703 -6.80986
    endloop
  endfacet
  facet normal 0.80828 0.0424126 0.587269
    outer loop
      vertex 27.4889 -1.31497 -8.16959
      vertex 28.3428 0 -9.43981
      vertex 27.4199 0 -8.16959
    endloop
  endfacet
  facet normal 0.64683 0.173291 0.742685
    outer loop
      vertex 29.9125 -3.27762 -10.6066
      vertex 30.7665 -1.96265 -11.6572
      vertex 29.6252 -2.20524 -10.6066
    endloop
  endfacet
  facet normal 0.646827 0.173294 0.742687
    outer loop
      vertex 31.0222 -2.91706 -11.6572
      vertex 30.7665 -1.96265 -11.6572
      vertex 29.9125 -3.27762 -10.6066
    endloop
  endfacet
  facet normal 0.364658 0.561584 -0.74273
    outer loop
      vertex 34.7311 -7.81858 11.6572
      vertex 34.5212 -8.07773 11.3582
      vertex 34.4514 -7.63696 11.6572
    endloop
  endfacet
  facet normal 0.320409 0.493439 -0.808614
    outer loop
      vertex 35.0706 -7.39927 12.0476
      vertex 34.7311 -7.81858 11.6572
      vertex 34.4514 -7.63696 11.6572
    endloop
  endfacet
  facet normal 0.194746 0.240403 -0.950937
    outer loop
      vertex 37.0434 -3.28369 14.3146
      vertex 36.9476 -3.6412 14.2046
      vertex 36.4031 -3.99479 14.0037
    endloop
  endfacet
  facet normal 0.221847 0.341422 -0.913354
    outer loop
      vertex 35.9973 -5.50929 13.3651
      vertex 36.4193 -5.08421 13.6265
      vertex 36.1516 -5.60955 13.3651
    endloop
  endfacet
  facet normal 0.221839 0.341429 -0.913353
    outer loop
      vertex 36.4193 -5.08421 13.6265
      vertex 35.9973 -5.50929 13.3651
      vertex 36.5461 -4.75383 13.7808
    endloop
  endfacet
  facet normal 0.161831 0.130889 -0.9781
    outer loop
      vertex 37.2543 -2.42562 14.535
      vertex 37.2457 -2.48 14.5263
      vertex 37.1149 -2.59776 14.4889
    endloop
  endfacet
  facet normal 0.161745 0.130959 -0.978104
    outer loop
      vertex 36.8592 -2.28195 14.4889
      vertex 37.2543 -2.42562 14.535
      vertex 37.1149 -2.59776 14.4889
    endloop
  endfacet
  facet normal 0.161794 0.131103 -0.978077
    outer loop
      vertex 37.2543 -2.42562 14.535
      vertex 36.8592 -2.28195 14.4889
      vertex 37.3314 -1.93886 14.613
    endloop
  endfacet
  facet normal 0.25948 0.168566 -0.950924
    outer loop
      vertex 36.6378 -1.94114 14.4889
      vertex 36.8592 -2.28195 14.4889
      vertex 35.3447 -2.68776 14.0037
    endloop
  endfacet
  facet normal 0.174626 0.113442 -0.978078
    outer loop
      vertex 36.6378 -1.94114 14.4889
      vertex 37.3314 -1.93886 14.613
      vertex 36.8592 -2.28195 14.4889
    endloop
  endfacet
  facet normal 0.17463 0.113304 -0.978093
    outer loop
      vertex 37.3314 -1.93886 14.613
      vertex 36.6378 -1.94114 14.4889
      vertex 37.3759 -1.65783 14.6535
    endloop
  endfacet
  facet normal 0.406625 -0.0212759 -0.913347
    outer loop
      vertex 34.6539 0.561894 14.0037
      vertex 34.6245 0 14.0037
      vertex 33.1901 0 13.3651
    endloop
  endfacet
  facet normal 0.406625 0.0212759 -0.913347
    outer loop
      vertex 34.6245 0 14.0037
      vertex 34.6539 -0.561894 14.0037
      vertex 33.1901 0 13.3651
    endloop
  endfacet
  facet normal 0.406635 -0.021308 -0.913342
    outer loop
      vertex 33.2274 0.711823 13.3651
      vertex 34.6539 0.561894 14.0037
      vertex 33.1901 0 13.3651
    endloop
  endfacet
  facet normal 0.549236 -0.210835 -0.808634
    outer loop
      vertex 31.3763 3.83951 11.6572
      vertex 32.2303 2.52454 12.5801
      vertex 31.0222 2.91706 11.6572
    endloop
  endfacet
  facet normal 0.402174 -0.0637513 -0.913341
    outer loop
      vertex 33.339 1.41585 13.3651
      vertex 34.6539 0.561894 14.0037
      vertex 33.2274 0.711823 13.3651
    endloop
  endfacet
  facet normal 0.494298 -0.0783545 -0.865754
    outer loop
      vertex 33.339 1.41585 13.3651
      vertex 33.2274 0.711823 13.3651
      vertex 32.0089 1.69855 12.5801
    endloop
  endfacet
  facet normal 0.275686 -0.140499 -0.950925
    outer loop
      vertex 35.3447 2.68776 14.0037
      vertex 36.6378 1.94114 14.4889
      vertex 35.0892 2.18642 14.0037
    endloop
  endfacet
  facet normal 0.493375 -0.320446 -0.808638
    outer loop
      vertex 33.3907 4.80196 12.5801
      vertex 32.9249 4.08479 12.5801
      vertex 32.363 5.54858 11.6572
    endloop
  endfacet
  facet normal 0.73442 0.116336 -0.66865
    outer loop
      vertex 29.4515 -1.10869 10.6066
      vertex 29.6252 -2.20524 10.6066
      vertex 28.5975 -2.42367 9.43981
    endloop
  endfacet
  facet normal 0.73446 0.116279 -0.668616
    outer loop
      vertex 29.4515 -1.10869 10.6066
      vertex 28.5975 -2.42367 9.43981
      vertex 28.4067 -1.21851 9.43981
    endloop
  endfacet
  facet normal 0.668723 -0.035038 -0.742686
    outer loop
      vertex 30.6119 0.986728 11.6572
      vertex 30.5602 0 11.6572
      vertex 29.3934 0 10.6066
    endloop
  endfacet
  facet normal 0.668723 0.035038 -0.742686
    outer loop
      vertex 30.5602 0 11.6572
      vertex 30.6119 -0.986728 11.6572
      vertex 29.3934 0 10.6066
    endloop
  endfacet
  facet normal 0.661394 -0.104769 -0.742685
    outer loop
      vertex 29.6252 2.20524 10.6066
      vertex 30.7665 1.96265 11.6572
      vertex 29.4515 1.10869 10.6066
    endloop
  endfacet
  facet normal 0.62516 -0.23998 -0.742687
    outer loop
      vertex 31.3763 3.83951 11.6572
      vertex 31.0222 2.91706 11.6572
      vertex 29.9125 3.27762 10.6066
    endloop
  endfacet
  facet normal 0.73442 -0.116336 -0.66865
    outer loop
      vertex 29.6252 2.20524 10.6066
      vertex 29.4515 1.10869 10.6066
      vertex 28.5975 2.42367 9.43981
    endloop
  endfacet
  facet normal 0.718228 -0.192506 -0.668648
    outer loop
      vertex 28.9134 3.60227 9.43981
      vertex 29.6252 2.20524 10.6066
      vertex 28.5975 2.42367 9.43981
    endloop
  endfacet
  facet normal 0.50936 0.629039 -0.58725
    outer loop
      vertex 32.1998 -8.66298 9.43981
      vertex 33.1481 -9.43086 9.43981
      vertex 31.5823 -9.3488 8.16959
    endloop
  endfacet
  facet normal 0.467946 0.577894 -0.66863
    outer loop
      vertex 32.9028 -7.88224 10.6066
      vertex 33.1481 -9.43086 9.43981
      vertex 32.1998 -8.66298 9.43981
    endloop
  endfacet
  facet normal 0.440876 0.678954 -0.587069
    outer loop
      vertex 33.171 -9.44573 9.43981
      vertex 33.1579 -9.45635 9.41769
      vertex 33.1481 -9.43086 9.43981
    endloop
  endfacet
  facet normal 0.50937 0.629036 -0.587244
    outer loop
      vertex 31.5823 -9.3488 8.16959
      vertex 33.0891 -9.51201 9.30175
      vertex 32.4365 -10.0405 8.16959
    endloop
  endfacet
  facet normal 0.509437 0.628878 -0.587355
    outer loop
      vertex 33.0891 -9.51201 9.30175
      vertex 31.5823 -9.3488 8.16959
      vertex 33.1481 -9.43086 9.43981
    endloop
  endfacet
  facet normal 0.572336 0.572336 -0.58725
    outer loop
      vertex 31.5823 -9.3488 8.16959
      vertex 31.337 -7.80018 9.43981
      vertex 32.1998 -8.66298 9.43981
    endloop
  endfacet
  facet normal 0.572336 0.572336 -0.58725
    outer loop
      vertex 31.337 -7.80018 9.43981
      vertex 31.5823 -9.3488 8.16959
      vertex 30.6512 -8.4177 8.16959
    endloop
  endfacet
  facet normal 0.440431 0.679013 -0.587334
    outer loop
      vertex 33.1481 -9.43086 9.43981
      vertex 33.1579 -9.45635 9.41769
      vertex 33.0891 -9.51201 9.30175
    endloop
  endfacet
  facet normal 0.493434 0.320409 -0.808617
    outer loop
      vertex 32.9249 -4.08479 12.5801
      vertex 32.363 -5.54858 11.6572
      vertex 31.8249 -4.7199 11.6572
    endloop
  endfacet
  facet normal 0.524208 0.267108 -0.808616
    outer loop
      vertex 32.9249 -4.08479 12.5801
      vertex 31.8249 -4.7199 11.6572
      vertex 31.3763 -3.83951 11.6572
    endloop
  endfacet
  facet normal 0.440876 0.678954 0.587069
    outer loop
      vertex 33.1579 -9.45635 -9.41769
      vertex 33.171 -9.44573 -9.43981
      vertex 33.1481 -9.43086 -9.43981
    endloop
  endfacet
  facet normal 0.473542 0.473488 0.742676
    outer loop
      vertex 32.9849 -6.31646 -11.6572
      vertex 32.9028 -7.88224 -10.6066
      vertex 33.6835 -7.01514 -11.6572
    endloop
  endfacet
  facet normal 0.473519 0.473495 0.742685
    outer loop
      vertex 32.9028 -7.88224 -10.6066
      vertex 32.9849 -6.31646 -11.6572
      vertex 32.1178 -7.0972 -10.6066
    endloop
  endfacet
  facet normal 0.467946 0.577894 0.66863
    outer loop
      vertex 33.1481 -9.43086 -9.43981
      vertex 32.9028 -7.88224 -10.6066
      vertex 32.1998 -8.66298 -9.43981
    endloop
  endfacet
  facet normal 0.572336 0.572336 0.58725
    outer loop
      vertex 31.337 -7.80018 -9.43981
      vertex 31.5823 -9.3488 -8.16959
      vertex 32.1998 -8.66298 -9.43981
    endloop
  endfacet
  facet normal 0.572336 0.572336 0.58725
    outer loop
      vertex 31.5823 -9.3488 -8.16959
      vertex 31.337 -7.80018 -9.43981
      vertex 30.6512 -8.4177 -8.16959
    endloop
  endfacet
  facet normal 0.525814 0.525788 0.66863
    outer loop
      vertex 32.1178 -7.0972 -10.6066
      vertex 32.1998 -8.66298 -9.43981
      vertex 32.9028 -7.88224 -10.6066
    endloop
  endfacet
  facet normal 0.525794 0.525794 0.668641
    outer loop
      vertex 32.1998 -8.66298 -9.43981
      vertex 32.1178 -7.0972 -10.6066
      vertex 31.337 -7.80018 -9.43981
    endloop
  endfacet
  facet normal 0.316449 0.256267 0.913338
    outer loop
      vertex 34.9393 -4.55668 -13.3651
      vertex 36.0052 -3.59692 -14.0037
      vertex 34.4907 -4.00273 -13.3651
    endloop
  endfacet
  facet normal 0.19462 0.240585 0.950916
    outer loop
      vertex 36.4031 -3.99479 -14.0037
      vertex 36.8882 -3.86271 -14.1364
      vertex 36.9476 -3.6412 -14.2046
    endloop
  endfacet
  facet normal 0.194679 0.240402 0.950951
    outer loop
      vertex 36.8882 -3.86271 -14.1364
      vertex 36.4031 -3.99479 -14.0037
      vertex 36.7345 -4.26316 -14.0037
    endloop
  endfacet
  facet normal 0.194746 0.240403 0.950937
    outer loop
      vertex 36.9476 -3.6412 -14.2046
      vertex 37.0434 -3.28369 -14.3146
      vertex 36.4031 -3.99479 -14.0037
    endloop
  endfacet
  facet normal 0.402209 -0.0636892 0.91333
    outer loop
      vertex 34.6539 0.561894 -14.0037
      vertex 34.7419 1.11763 -14.0037
      vertex 33.339 1.41585 -13.3651
    endloop
  endfacet
  facet normal 0.288859 -0.11086 0.950931
    outer loop
      vertex 36.4534 1.57907 -14.4889
      vertex 35.0892 2.18642 -14.0037
      vertex 34.8876 1.66113 -14.0037
    endloop
  endfacet
  facet normal 0.20558 -0.0325761 0.978098
    outer loop
      vertex 36.139 0.405808 -14.4889
      vertex 37.4835 0.315475 -14.7745
      vertex 36.2026 0.807172 -14.4889
    endloop
  endfacet
  facet normal 0.205545 -0.0330595 0.978089
    outer loop
      vertex 37.4835 0.315475 -14.7745
      vertex 36.139 0.405808 -14.4889
      vertex 37.4862 0.264215 -14.7768
    endloop
  endfacet
  facet normal 0.305591 -0.0484239 0.950931
    outer loop
      vertex 36.139 0.405808 -14.4889
      vertex 36.2026 0.807172 -14.4889
      vertex 34.6539 0.561894 -14.0037
    endloop
  endfacet
  facet normal 0.445938 -0.227213 0.865745
    outer loop
      vertex 33.7789 2.76982 -13.3651
      vertex 34.1025 3.40493 -13.3651
      vertex 32.9249 4.08479 -12.5801
    endloop
  endfacet
  facet normal 0.341515 -0.221747 0.913343
    outer loop
      vertex 35.3447 2.68776 -14.0037
      vertex 35.6511 3.15965 -14.0037
      vertex 34.1025 3.40493 -13.3651
    endloop
  endfacet
  facet normal 0.419764 -0.272587 0.865733
    outer loop
      vertex 34.1025 3.40493 -13.3651
      vertex 34.4907 4.00273 -13.3651
      vertex 33.3907 4.80196 -12.5801
    endloop
  endfacet
  facet normal 0.362793 -0.184892 0.913343
    outer loop
      vertex 35.0892 2.18642 -14.0037
      vertex 35.3447 2.68776 -14.0037
      vertex 34.1025 3.40493 -13.3651
    endloop
  endfacet
  facet normal 0.174769 0.11295 0.978109
    outer loop
      vertex 37.3759 -1.65783 -14.6535
      vertex 37.4008 -1.50065 -14.6761
      vertex 36.6378 -1.94114 -14.4889
    endloop
  endfacet
  facet normal 0.288859 0.11086 0.950931
    outer loop
      vertex 35.0892 -2.18642 -14.0037
      vertex 36.4534 -1.57907 -14.4889
      vertex 34.8876 -1.66113 -14.0037
    endloop
  endfacet
  facet normal 0.380148 0.145896 0.913347
    outer loop
      vertex 35.0892 -2.18642 -14.0037
      vertex 34.8876 -1.66113 -14.0037
      vertex 33.5234 -2.10436 -13.3651
    endloop
  endfacet
  facet normal 0.240472 0.194702 0.950928
    outer loop
      vertex 37.1149 -2.59776 -14.4889
      vertex 36.8592 -2.28195 -14.4889
      vertex 36.0052 -3.59692 -14.0037
    endloop
  endfacet
  facet normal 0.161794 0.131103 0.978077
    outer loop
      vertex 36.8592 -2.28195 -14.4889
      vertex 37.2543 -2.42562 -14.535
      vertex 37.3314 -1.93886 -14.613
    endloop
  endfacet
  facet normal 0.161745 0.130959 0.978104
    outer loop
      vertex 37.2543 -2.42562 -14.535
      vertex 36.8592 -2.28195 -14.4889
      vertex 37.1149 -2.59776 -14.4889
    endloop
  endfacet
  facet normal 0.982293 0.155586 0.104375
    outer loop
      vertex 25.5084 -3.08028 -2.34652
      vertex 25.2658 -1.54862 -2.34652
      vertex 25.1026 -1.56578 -0.785039
    endloop
  endfacet
  facet normal 0.993177 0.0520127 0.104375
    outer loop
      vertex 25.1026 -1.56578 -0.785039
      vertex 25.2658 -1.54862 -2.34652
      vertex 25.0206 0 -0.785039
    endloop
  endfacet
  facet normal 0.623611 0.405002 0.668643
    outer loop
      vertex 31.4191 -6.2344 -10.6066
      vertex 30.8144 -5.3033 -10.6066
      vertex 30.5691 -6.85192 -9.43981
    endloop
  endfacet
  facet normal 0.577868 0.467961 0.668641
    outer loop
      vertex 32.1178 -7.0972 -10.6066
      vertex 31.4191 -6.2344 -10.6066
      vertex 30.5691 -6.85192 -9.43981
    endloop
  endfacet
  facet normal 0.836766 0.224272 0.499525
    outer loop
      vertex 28.0357 -3.88745 -8.16959
      vertex 27.6948 -2.61554 -8.16959
      vertex 27.289 -4.13004 -6.80986
    endloop
  endfacet
  facet normal 0.799445 0.126567 0.587255
    outer loop
      vertex 28.5975 -2.42367 -9.43981
      vertex 28.4067 -1.21851 -9.43981
      vertex 27.6948 -2.61554 -8.16959
    endloop
  endfacet
  facet normal 0.629018 -0.509383 0.587252
    outer loop
      vertex 30.5691 6.85192 -9.43981
      vertex 30.6512 8.4177 -8.16959
      vertex 29.8225 7.39437 -8.16959
    endloop
  endfacet
  facet normal 0.67325 -0.545203 0.499488
    outer loop
      vertex 30.6512 8.4177 -8.16959
      vertex 30.0678 8.943 -6.80986
      vertex 29.8225 7.39437 -8.16959
    endloop
  endfacet
  facet normal 0.678843 -0.440805 0.587251
    outer loop
      vertex 30.5691 6.85192 -9.43981
      vertex 29.8225 7.39437 -8.16959
      vertex 29.1054 6.29003 -8.16959
    endloop
  endfacet
  facet normal 0.678842 -0.440807 0.58725
    outer loop
      vertex 29.9046 5.82859 -9.43981
      vertex 30.5691 6.85192 -9.43981
      vertex 29.1054 6.29003 -8.16959
    endloop
  endfacet
  facet normal 0.314959 -0.388977 0.865736
    outer loop
      vertex 35.4433 5.06071 -13.3651
      vertex 35.9973 5.50929 -13.3651
      vertex 34.5335 6.07119 -12.5801
    endloop
  endfacet
  facet normal 0.240472 -0.194702 0.950928
    outer loop
      vertex 36.8592 2.28195 -14.4889
      vertex 37.1149 2.59776 -14.4889
      vertex 36.0052 3.59692 -14.0037
    endloop
  endfacet
  facet normal 0.187345 0.0920958 0.977967
    outer loop
      vertex 36.6378 -1.94114 -14.4889
      vertex 37.4315 -1.30661 -14.7007
      vertex 37.432 -1.29807 -14.7016
    endloop
  endfacet
  facet normal 0.185314 0.094683 0.978107
    outer loop
      vertex 37.4315 -1.30661 -14.7007
      vertex 36.6378 -1.94114 -14.4889
      vertex 37.4008 -1.50065 -14.6761
    endloop
  endfacet
  facet normal 0.406625 0.0212759 0.913347
    outer loop
      vertex 34.6539 -0.561894 -14.0037
      vertex 34.6245 0 -14.0037
      vertex 33.1901 0 -13.3651
    endloop
  endfacet
  facet normal 0.308994 0.0161675 0.950927
    outer loop
      vertex 34.6539 -0.561894 -14.0037
      vertex 36.1177 0 -14.4889
      vertex 34.6245 0 -14.0037
    endloop
  endfacet
  facet normal 0.320406 0.493412 0.808632
    outer loop
      vertex 35.198 -6.60933 -12.5801
      vertex 35.1127 -7.34731 -12.096
      vertex 35.4751 -6.78927 -12.5801
    endloop
  endfacet
  facet normal 0.320444 0.493401 0.808623
    outer loop
      vertex 34.4514 -7.63696 -11.6572
      vertex 35.1127 -7.34731 -12.096
      vertex 35.198 -6.60933 -12.5801
    endloop
  endfacet
  facet normal 0.320288 0.493635 0.808542
    outer loop
      vertex 35.1127 -7.34731 -12.096
      vertex 34.4514 -7.63696 -11.6572
      vertex 35.0706 -7.39927 -12.0476
    endloop
  endfacet
  facet normal 0.370235 0.457212 0.80863
    outer loop
      vertex 34.4514 -7.63696 -11.6572
      vertex 34.5335 -6.07119 -12.5801
      vertex 33.6835 -7.01514 -11.6572
    endloop
  endfacet
  facet normal 0.520395 -0.421464 -0.742669
    outer loop
      vertex 32.9849 6.31646 11.6572
      vertex 32.363 5.54858 11.6572
      vertex 31.4191 6.2344 10.6066
    endloop
  endfacet
  facet normal 0.726581 -0.471803 -0.499482
    outer loop
      vertex 29.1874 7.85581 6.80986
      vertex 29.8225 7.39437 8.16959
      vertex 29.1054 6.29003 8.16959
    endloop
  endfacet
  facet normal 0.77189 -0.39336 -0.499454
    outer loop
      vertex 29.1054 6.29003 8.16959
      vertex 28.5075 5.11677 8.16959
      vertex 27.7904 5.43607 6.80986
    endloop
  endfacet
  facet normal 0.726559 -0.471818 -0.4995
    outer loop
      vertex 29.1874 7.85581 6.80986
      vertex 29.1054 6.29003 8.16959
      vertex 28.4255 6.68255 6.80986
    endloop
  endfacet
  facet normal 0.673257 -0.545199 -0.499483
    outer loop
      vertex 30.0678 8.943 6.80986
      vertex 29.8225 7.39437 8.16959
      vertex 29.1874 7.85581 6.80986
    endloop
  endfacet
  facet normal 0.596643 -0.304018 -0.742691
    outer loop
      vertex 31.8249 4.7199 11.6572
      vertex 31.3763 3.83951 11.6572
      vertex 30.8144 5.3033 10.6066
    endloop
  endfacet
  facet normal 0.646827 -0.173294 -0.742687
    outer loop
      vertex 31.0222 2.91706 11.6572
      vertex 30.7665 1.96265 11.6572
      vertex 29.9125 3.27762 10.6066
    endloop
  endfacet
  facet normal 0.194746 -0.240403 -0.950937
    outer loop
      vertex 36.9476 3.6412 14.2046
      vertex 37.0434 3.28369 14.3146
      vertex 36.4031 3.99479 14.0037
    endloop
  endfacet
  facet normal 0.353919 -0.353898 -0.865735
    outer loop
      vertex 34.9393 4.55668 13.3651
      vertex 34.5335 6.07119 12.5801
      vertex 35.4433 5.06071 13.3651
    endloop
  endfacet
  facet normal 0.353891 -0.353909 -0.865742
    outer loop
      vertex 34.5335 6.07119 12.5801
      vertex 34.9393 4.55668 13.3651
      vertex 33.9288 5.46652 12.5801
    endloop
  endfacet
  facet normal 0.370235 -0.457212 -0.80863
    outer loop
      vertex 34.4514 7.63696 11.6572
      vertex 34.5335 6.07119 12.5801
      vertex 33.6835 7.01514 11.6572
    endloop
  endfacet
  facet normal 0.287916 -0.287938 -0.913343
    outer loop
      vertex 36.0052 3.59692 14.0037
      vertex 35.4433 5.06071 13.3651
      vertex 36.4031 3.99479 14.0037
    endloop
  endfacet
  facet normal 0.287943 -0.287926 -0.913339
    outer loop
      vertex 35.4433 5.06071 13.3651
      vertex 36.0052 3.59692 14.0037
      vertex 34.9393 4.55668 13.3651
    endloop
  endfacet
  facet normal 0.691698 -0.691692 -0.207643
    outer loop
      vertex 30.0866 11.0099 2.34652
      vertex 29.2327 9.69496 3.88229
      vertex 28.9901 9.91339 2.34652
    endloop
  endfacet
  facet normal 0.69171 -0.691684 -0.20763
    outer loop
      vertex 29.2327 9.69496 3.88229
      vertex 30.0866 11.0099 2.34652
      vertex 30.305 10.7673 3.88229
    endloop
  endfacet
  facet normal 0.772906 -0.625873 -0.104402
    outer loop
      vertex 28.8681 10.0232 0.785039
      vertex 28.9901 9.91339 2.34652
      vertex 27.8814 8.8047 0.785039
    endloop
  endfacet
  facet normal 0.615573 -0.760236 -0.207632
    outer loop
      vertex 30.0866 11.0099 2.34652
      vertex 30.6143 11.1492 3.40097
      vertex 30.305 10.7673 3.88229
    endloop
  endfacet
  facet normal 0.615675 -0.760136 -0.207696
    outer loop
      vertex 30.6143 11.1492 3.40097
      vertex 30.0866 11.0099 2.34652
      vertex 30.396 11.2605 2.34652
    endloop
  endfacet
  facet normal 0.615715 -0.760162 -0.207482
    outer loop
      vertex 30.6143 11.1492 3.40097
      vertex 30.7139 11.0985 3.88229
      vertex 30.305 10.7673 3.88229
    endloop
  endfacet
  facet normal 0.672589 0.672595 -0.30861
    outer loop
      vertex 30.6297 -10.4068 5.37552
      vertex 29.2327 -9.69496 3.88229
      vertex 29.5932 -9.37031 5.37552
    endloop
  endfacet
  facet normal 0.6726 0.672575 -0.308631
    outer loop
      vertex 29.2327 -9.69496 3.88229
      vertex 30.6297 -10.4068 5.37552
      vertex 30.305 -10.7673 3.88229
    endloop
  endfacet
  facet normal 0.694221 0.266511 0.668603
    outer loop
      vertex 30.3104 -4.31409 -10.6066
      vertex 29.9125 -3.27762 -10.6066
      vertex 28.9134 -3.60227 -9.43981
    endloop
  endfacet
  facet normal 0.755656 0.29002 0.587258
    outer loop
      vertex 29.3506 -4.74141 -9.43981
      vertex 28.9134 -3.60227 -9.43981
      vertex 28.0357 -3.88745 -8.16959
    endloop
  endfacet
  facet normal 0.404955 0.623651 -0.668633
    outer loop
      vertex 33.3641 -9.28931 9.7027
      vertex 33.7656 -8.58092 10.6066
      vertex 33.9517 -8.70176 10.6066
    endloop
  endfacet
  facet normal 0.404571 0.624098 -0.668449
    outer loop
      vertex 33.1481 -9.43086 9.43981
      vertex 33.3641 -9.28931 9.7027
      vertex 33.1994 -9.42274 9.47844
    endloop
  endfacet
  facet normal 0.405164 0.623524 -0.668626
    outer loop
      vertex 33.3641 -9.28931 9.7027
      vertex 33.1481 -9.43086 9.43981
      vertex 33.7656 -8.58092 10.6066
    endloop
  endfacet
  facet normal 0.36487 0.56156 -0.742644
    outer loop
      vertex 34.2893 -8.36413 11.0277
      vertex 34.4514 -7.63696 11.6572
      vertex 34.5212 -8.07773 11.3582
    endloop
  endfacet
  facet normal 0.364685 0.561634 -0.742679
    outer loop
      vertex 33.7656 -8.58092 10.6066
      vertex 34.2893 -8.36413 11.0277
      vertex 33.9517 -8.70176 10.6066
    endloop
  endfacet
  facet normal 0.364687 0.561631 -0.74268
    outer loop
      vertex 34.2893 -8.36413 11.0277
      vertex 33.7656 -8.58092 10.6066
      vertex 34.4514 -7.63696 11.6572
    endloop
  endfacet
  facet normal 0.218888 0.218814 -0.950899
    outer loop
      vertex 37.0434 -3.28369 14.3146
      vertex 37.1149 -2.59776 14.4889
      vertex 37.2034 -2.68629 14.4889
    endloop
  endfacet
  facet normal 0.218762 0.218778 -0.950936
    outer loop
      vertex 36.0052 -3.59692 14.0037
      vertex 37.0434 -3.28369 14.3146
      vertex 36.4031 -3.99479 14.0037
    endloop
  endfacet
  facet normal 0.218741 0.218837 -0.950927
    outer loop
      vertex 37.0434 -3.28369 14.3146
      vertex 36.0052 -3.59692 14.0037
      vertex 37.1149 -2.59776 14.4889
    endloop
  endfacet
  facet normal 0.194679 0.240402 -0.950951
    outer loop
      vertex 36.4031 -3.99479 14.0037
      vertex 36.8882 -3.86271 14.1364
      vertex 36.7345 -4.26316 14.0037
    endloop
  endfacet
  facet normal 0.19462 0.240585 -0.950916
    outer loop
      vertex 36.8882 -3.86271 14.1364
      vertex 36.4031 -3.99479 14.0037
      vertex 36.9476 -3.6412 14.2046
    endloop
  endfacet
  facet normal 0.194285 0.0747149 -0.978096
    outer loop
      vertex 37.4512 -0.931056 14.7366
      vertex 37.4403 -1.13966 14.7185
      vertex 36.4534 -1.57907 14.4889
    endloop
  endfacet
  facet normal 0.445943 -0.227209 -0.865743
    outer loop
      vertex 32.9249 4.08479 12.5801
      vertex 33.7789 2.76982 13.3651
      vertex 32.5367 3.32287 12.5801
    endloop
  endfacet
  facet normal 0.549264 -0.210808 -0.808622
    outer loop
      vertex 32.5367 3.32287 12.5801
      vertex 32.2303 2.52454 12.5801
      vertex 31.3763 3.83951 11.6572
    endloop
  endfacet
  facet normal 0.581069 -0.0920496 -0.808632
    outer loop
      vertex 30.7665 1.96265 11.6572
      vertex 31.8752 0.853953 12.5801
      vertex 30.6119 0.986728 11.6572
    endloop
  endfacet
  facet normal 0.58111 -0.0919899 -0.808609
    outer loop
      vertex 32.0089 1.69855 12.5801
      vertex 31.8752 0.853953 12.5801
      vertex 30.7665 1.96265 11.6572
    endloop
  endfacet
  facet normal 0.525814 0.525788 -0.66863
    outer loop
      vertex 32.1998 -8.66298 9.43981
      vertex 32.1178 -7.0972 10.6066
      vertex 32.9028 -7.88224 10.6066
    endloop
  endfacet
  facet normal 0.525794 0.525794 -0.668641
    outer loop
      vertex 32.1178 -7.0972 10.6066
      vertex 32.1998 -8.66298 9.43981
      vertex 31.337 -7.80018 9.43981
    endloop
  endfacet
  facet normal 0.320409 0.493439 0.808614
    outer loop
      vertex 34.7311 -7.81858 -11.6572
      vertex 35.0706 -7.39927 -12.0476
      vertex 34.4514 -7.63696 -11.6572
    endloop
  endfacet
  facet normal 0.364658 0.561584 0.74273
    outer loop
      vertex 34.5212 -8.07773 -11.3582
      vertex 34.7311 -7.81858 -11.6572
      vertex 34.4514 -7.63696 -11.6572
    endloop
  endfacet
  facet normal 0.221839 0.341429 0.913353
    outer loop
      vertex 35.9973 -5.50929 -13.3651
      vertex 36.4193 -5.08421 -13.6265
      vertex 36.5461 -4.75383 -13.7808
    endloop
  endfacet
  facet normal 0.221847 0.341422 0.913354
    outer loop
      vertex 36.4193 -5.08421 -13.6265
      vertex 35.9973 -5.50929 -13.3651
      vertex 36.1516 -5.60955 -13.3651
    endloop
  endfacet
  facet normal 0.314979 0.388938 0.865746
    outer loop
      vertex 35.198 -6.60933 -12.5801
      vertex 35.9973 -5.50929 -13.3651
      vertex 34.5335 -6.07119 -12.5801
    endloop
  endfacet
  facet normal 0.499832 -0.0261915 0.865726
    outer loop
      vertex 33.1901 0 -13.3651
      vertex 33.2274 0.711823 -13.3651
      vertex 31.8752 0.853953 -12.5801
    endloop
  endfacet
  facet normal 0.49436 -0.0782573 0.865728
    outer loop
      vertex 33.2274 0.711823 -13.3651
      vertex 32.0089 1.69855 -12.5801
      vertex 31.8752 0.853953 -12.5801
    endloop
  endfacet
  facet normal 0.205664 -0.0323521 0.978088
    outer loop
      vertex 37.4835 0.315475 -14.7745
      vertex 37.4718 0.537377 -14.7647
      vertex 36.2026 0.807172 -14.4889
    endloop
  endfacet
  facet normal 0.201167 -0.0536578 0.978086
    outer loop
      vertex 37.4681 0.608446 -14.76
      vertex 37.4567 0.82637 -14.7457
      vertex 36.3077 1.19969 -14.4889
    endloop
  endfacet
  facet normal 0.218888 -0.218814 0.950899
    outer loop
      vertex 37.0434 3.28369 -14.3146
      vertex 37.1149 2.59776 -14.4889
      vertex 37.2034 2.68629 -14.4889
    endloop
  endfacet
  facet normal 0.218762 -0.218778 0.950936
    outer loop
      vertex 36.0052 3.59692 -14.0037
      vertex 37.0434 3.28369 -14.3146
      vertex 36.4031 3.99479 -14.0037
    endloop
  endfacet
  facet normal 0.218741 -0.218837 0.950927
    outer loop
      vertex 37.0434 3.28369 -14.3146
      vertex 36.0052 3.59692 -14.0037
      vertex 37.1149 2.59776 -14.4889
    endloop
  endfacet
  facet normal 0.275686 -0.140499 0.950925
    outer loop
      vertex 36.6378 1.94114 -14.4889
      vertex 35.3447 2.68776 -14.0037
      vertex 35.0892 2.18642 -14.0037
    endloop
  endfacet
  facet normal 0.25948 -0.168566 0.950924
    outer loop
      vertex 36.6378 1.94114 -14.4889
      vertex 36.8592 2.28195 -14.4889
      vertex 35.3447 2.68776 -14.0037
    endloop
  endfacet
  facet normal 0.288853 -0.110933 0.950925
    outer loop
      vertex 36.3077 1.19969 -14.4889
      vertex 36.4534 1.57907 -14.4889
      vertex 34.8876 1.66113 -14.0037
    endloop
  endfacet
  facet normal 0.298894 -0.0800313 0.950925
    outer loop
      vertex 36.2026 0.807172 -14.4889
      vertex 36.3077 1.19969 -14.4889
      vertex 34.8876 1.66113 -14.0037
    endloop
  endfacet
  facet normal 0.419727 -0.272612 0.865744
    outer loop
      vertex 34.1025 3.40493 -13.3651
      vertex 33.3907 4.80196 -12.5801
      vertex 32.9249 4.08479 -12.5801
    endloop
  endfacet
  facet normal 0.493375 -0.320446 0.808638
    outer loop
      vertex 32.9249 4.08479 -12.5801
      vertex 33.3907 4.80196 -12.5801
      vertex 32.363 5.54858 -11.6572
    endloop
  endfacet
  facet normal 0.185468 -0.0944578 0.9781
    outer loop
      vertex 36.4534 1.57907 -14.4889
      vertex 37.432 1.29807 -14.7016
      vertex 36.6378 1.94114 -14.4889
    endloop
  endfacet
  facet normal 0.185416 -0.094633 0.978093
    outer loop
      vertex 37.432 1.29807 -14.7016
      vertex 36.4534 1.57907 -14.4889
      vertex 37.4403 1.13966 -14.7185
    endloop
  endfacet
  facet normal 0.275702 -0.140413 0.950932
    outer loop
      vertex 36.4534 1.57907 -14.4889
      vertex 36.6378 1.94114 -14.4889
      vertex 35.0892 2.18642 -14.0037
    endloop
  endfacet
  facet normal 0.976872 -0.051158 0.207616
    outer loop
      vertex 25.5111 0 -3.88229
      vertex 25.2658 1.54862 -2.34652
      vertex 25.1847 0 -2.34652
    endloop
  endfacet
  facet normal 0.976857 -0.0512133 0.20767
    outer loop
      vertex 25.5111 0 -3.88229
      vertex 25.5905 1.5145 -3.88229
      vertex 25.2658 1.54862 -2.34652
    endloop
  endfacet
  facet normal 0.662548 0.337566 0.66864
    outer loop
      vertex 30.8144 -5.3033 -10.6066
      vertex 30.3104 -4.31409 -10.6066
      vertex 29.3506 -4.74141 -9.43981
    endloop
  endfacet
  facet normal 0.623659 0.404973 0.668615
    outer loop
      vertex 30.5691 -6.85192 -9.43981
      vertex 30.8144 -5.3033 -10.6066
      vertex 29.9046 -5.82859 -9.43981
    endloop
  endfacet
  facet normal 0.855673 0.13556 0.499446
    outer loop
      vertex 26.927 -2.77876 -6.80986
      vertex 27.6948 -2.61554 -8.16959
      vertex 26.7081 -1.39703 -6.80986
    endloop
  endfacet
  facet normal 0.855648 0.135462 0.499516
    outer loop
      vertex 27.6948 -2.61554 -8.16959
      vertex 27.4889 -1.31497 -8.16959
      vertex 26.7081 -1.39703 -6.80986
    endloop
  endfacet
  facet normal 0.766337 -0.497649 0.406292
    outer loop
      vertex 28.4255 6.68255 -6.80986
      vertex 29.1874 7.85581 -6.80986
      vertex 27.8724 7.00185 -5.37552
    endloop
  endfacet
  facet normal 0.726559 -0.471818 0.4995
    outer loop
      vertex 29.1054 6.29003 -8.16959
      vertex 29.1874 7.85581 -6.80986
      vertex 28.4255 6.68255 -6.80986
    endloop
  endfacet
  facet normal 0.161831 -0.130889 0.9781
    outer loop
      vertex 37.2543 2.42562 -14.535
      vertex 37.2457 2.48 -14.5263
      vertex 37.1149 2.59776 -14.4889
    endloop
  endfacet
  facet normal 0.147462 -0.147412 0.978021
    outer loop
      vertex 37.1149 2.59776 -14.4889
      vertex 37.2268 2.5989 -14.5056
      vertex 37.2034 2.68629 -14.4889
    endloop
  endfacet
  facet normal 0.147469 -0.146843 0.978105
    outer loop
      vertex 37.2268 2.5989 -14.5056
      vertex 37.1149 2.59776 -14.4889
      vertex 37.2457 2.48 -14.5263
    endloop
  endfacet
  facet normal 0.205545 0.0330595 0.978089
    outer loop
      vertex 36.139 -0.405808 -14.4889
      vertex 37.4835 -0.315475 -14.7745
      vertex 37.4862 -0.264215 -14.7768
    endloop
  endfacet
  facet normal 0.20558 0.0325761 0.978098
    outer loop
      vertex 37.4835 -0.315475 -14.7745
      vertex 36.139 -0.405808 -14.4889
      vertex 36.2026 -0.807172 -14.4889
    endloop
  endfacet
  facet normal 0.207735 0.012262 0.978108
    outer loop
      vertex 37.4886 -0.21713 -14.7779
      vertex 36.139 -0.405808 -14.4889
      vertex 37.4862 -0.264215 -14.7768
    endloop
  endfacet
  facet normal 0.207919 0.0109132 0.978085
    outer loop
      vertex 36.139 -0.405808 -14.4889
      vertex 37.4886 -0.21713 -14.7779
      vertex 36.1177 0 -14.4889
    endloop
  endfacet
  facet normal 0.404897 -0.623547 -0.668766
    outer loop
      vertex 33.171 9.44573 9.43981
      vertex 33.1994 9.42274 9.47844
      vertex 33.1481 9.43086 9.43981
    endloop
  endfacet
  facet normal 0.320409 -0.493439 -0.808614
    outer loop
      vertex 34.7311 7.81858 11.6572
      vertex 35.0706 7.39927 12.0476
      vertex 34.4514 7.63696 11.6572
    endloop
  endfacet
  facet normal 0.572336 -0.572336 -0.58725
    outer loop
      vertex 31.337 7.80018 9.43981
      vertex 31.5823 9.3488 8.16959
      vertex 32.1998 8.66298 9.43981
    endloop
  endfacet
  facet normal 0.572336 -0.572336 -0.58725
    outer loop
      vertex 31.5823 9.3488 8.16959
      vertex 31.337 7.80018 9.43981
      vertex 30.6512 8.4177 8.16959
    endloop
  endfacet
  facet normal 0.50936 -0.629039 -0.58725
    outer loop
      vertex 33.1481 9.43086 9.43981
      vertex 32.1998 8.66298 9.43981
      vertex 31.5823 9.3488 8.16959
    endloop
  endfacet
  facet normal 0.721163 -0.367509 -0.58725
    outer loop
      vertex 29.1054 6.29003 8.16959
      vertex 29.9046 5.82859 9.43981
      vertex 28.5075 5.11677 8.16959
    endloop
  endfacet
  facet normal 0.678842 -0.440807 -0.58725
    outer loop
      vertex 30.5691 6.85192 9.43981
      vertex 29.9046 5.82859 9.43981
      vertex 29.1054 6.29003 8.16959
    endloop
  endfacet
  facet normal 0.240451 -0.194717 -0.950931
    outer loop
      vertex 36.0052 3.59692 14.0037
      vertex 36.8592 2.28195 14.4889
      vertex 35.6511 3.15965 14.0037
    endloop
  endfacet
  facet normal 0.316451 -0.256261 -0.913339
    outer loop
      vertex 36.0052 3.59692 14.0037
      vertex 35.6511 3.15965 14.0037
      vertex 34.4907 4.00273 13.3651
    endloop
  endfacet
  facet normal 0.415991 -0.416012 -0.808632
    outer loop
      vertex 33.9288 5.46652 12.5801
      vertex 33.6835 7.01514 11.6572
      vertex 34.5335 6.07119 12.5801
    endloop
  endfacet
  facet normal 0.416041 -0.415994 -0.808615
    outer loop
      vertex 33.6835 7.01514 11.6572
      vertex 33.9288 5.46652 12.5801
      vertex 32.9849 6.31646 11.6572
    endloop
  endfacet
  facet normal 0.314959 -0.388977 -0.865736
    outer loop
      vertex 35.9973 5.50929 13.3651
      vertex 35.4433 5.06071 13.3651
      vertex 34.5335 6.07119 12.5801
    endloop
  endfacet
  facet normal 0.19462 -0.240585 -0.950916
    outer loop
      vertex 36.4031 3.99479 14.0037
      vertex 36.8882 3.86271 14.1364
      vertex 36.9476 3.6412 14.2046
    endloop
  endfacet
  facet normal 0.194679 -0.240402 -0.950951
    outer loop
      vertex 36.8882 3.86271 14.1364
      vertex 36.4031 3.99479 14.0037
      vertex 36.7345 4.26316 14.0037
    endloop
  endfacet
  facet normal 0.272562 -0.419734 -0.865756
    outer loop
      vertex 35.4751 6.78927 12.5801
      vertex 35.7868 6.30936 12.9109
      vertex 35.198 6.60933 12.5801
    endloop
  endfacet
  facet normal 0.718228 0.192506 0.668648
    outer loop
      vertex 28.9134 -3.60227 -9.43981
      vertex 29.6252 -2.20524 -10.6066
      vertex 28.5975 -2.42367 -9.43981
    endloop
  endfacet
  facet normal 0.71829 0.192436 0.668602
    outer loop
      vertex 29.9125 -3.27762 -10.6066
      vertex 29.6252 -2.20524 -10.6066
      vertex 28.9134 -3.60227 -9.43981
    endloop
  endfacet
  facet normal 0.467257 -0.179334 -0.865742
    outer loop
      vertex 32.5367 3.32287 12.5801
      vertex 33.7789 2.76982 13.3651
      vertex 32.2303 2.52454 12.5801
    endloop
  endfacet
  facet normal 0.483449 -0.129585 -0.865728
    outer loop
      vertex 32.2303 2.52454 12.5801
      vertex 33.5234 2.10436 13.3651
      vertex 32.0089 1.69855 12.5801
    endloop
  endfacet
  facet normal 0.380148 -0.145896 -0.913347
    outer loop
      vertex 35.0892 2.18642 14.0037
      vertex 34.8876 1.66113 14.0037
      vertex 33.5234 2.10436 13.3651
    endloop
  endfacet
  facet normal 0.362823 -0.184865 -0.913337
    outer loop
      vertex 34.1025 3.40493 13.3651
      vertex 35.0892 2.18642 14.0037
      vertex 33.7789 2.76982 13.3651
    endloop
  endfacet
  facet normal 0.314959 0.388977 0.865736
    outer loop
      vertex 35.9973 -5.50929 -13.3651
      vertex 35.4433 -5.06071 -13.3651
      vertex 34.5335 -6.07119 -12.5801
    endloop
  endfacet
  facet normal 0.370264 0.457205 0.808621
    outer loop
      vertex 35.198 -6.60933 -12.5801
      vertex 34.5335 -6.07119 -12.5801
      vertex 34.4514 -7.63696 -11.6572
    endloop
  endfacet
  facet normal 0.207888 -0.0107075 0.978094
    outer loop
      vertex 37.5 0 -14.7827
      vertex 37.4886 0.21713 -14.7779
      vertex 36.1177 0 -14.4889
    endloop
  endfacet
  facet normal 0.388946 -0.314976 0.865743
    outer loop
      vertex 34.4907 4.00273 -13.3651
      vertex 34.9393 4.55668 -13.3651
      vertex 33.9288 5.46652 -12.5801
    endloop
  endfacet
  facet normal 0.316449 -0.256267 0.913338
    outer loop
      vertex 36.0052 3.59692 -14.0037
      vertex 34.9393 4.55668 -13.3651
      vertex 34.4907 4.00273 -13.3651
    endloop
  endfacet
  facet normal 0.174769 -0.11295 0.978109
    outer loop
      vertex 37.4008 1.50065 -14.6761
      vertex 37.3759 1.65783 -14.6535
      vertex 36.6378 1.94114 -14.4889
    endloop
  endfacet
  facet normal 0.185314 -0.094683 0.978107
    outer loop
      vertex 36.6378 1.94114 -14.4889
      vertex 37.4315 1.30661 -14.7007
      vertex 37.4008 1.50065 -14.6761
    endloop
  endfacet
  facet normal 0.187345 -0.0920958 0.977967
    outer loop
      vertex 37.4315 1.30661 -14.7007
      vertex 36.6378 1.94114 -14.4889
      vertex 37.432 1.29807 -14.7016
    endloop
  endfacet
  facet normal 0.976857 0.0512133 0.20767
    outer loop
      vertex 25.5905 -1.5145 -3.88229
      vertex 25.5111 0 -3.88229
      vertex 25.2658 -1.54862 -2.34652
    endloop
  endfacet
  facet normal 0.94988 0.049799 0.308621
    outer loop
      vertex 25.5905 -1.5145 -3.88229
      vertex 26.073 -1.46379 -5.37552
      vertex 25.5111 0 -3.88229
    endloop
  endfacet
  facet normal 0.194293 0.0748139 0.978086
    outer loop
      vertex 36.3077 -1.19969 -14.4889
      vertex 37.4512 -0.931056 -14.7366
      vertex 37.4567 -0.82637 -14.7457
    endloop
  endfacet
  facet normal 0.194337 0.0746345 0.978091
    outer loop
      vertex 37.4512 -0.931056 -14.7366
      vertex 36.3077 -1.19969 -14.4889
      vertex 36.4534 -1.57907 -14.4889
    endloop
  endfacet
  facet normal 0.201167 0.0536578 0.978086
    outer loop
      vertex 37.4567 -0.82637 -14.7457
      vertex 37.4681 -0.608446 -14.76
      vertex 36.3077 -1.19969 -14.4889
    endloop
  endfacet
  facet normal 0.629022 -0.509381 -0.58725
    outer loop
      vertex 30.6512 8.4177 8.16959
      vertex 31.337 7.80018 9.43981
      vertex 30.5691 6.85192 9.43981
    endloop
  endfacet
  facet normal 0.404955 -0.623651 -0.668633
    outer loop
      vertex 33.7656 8.58092 10.6066
      vertex 33.3641 9.28931 9.7027
      vertex 33.9517 8.70176 10.6066
    endloop
  endfacet
  facet normal 0.405164 -0.623524 -0.668626
    outer loop
      vertex 33.1481 9.43086 9.43981
      vertex 33.3641 9.28931 9.7027
      vertex 33.7656 8.58092 10.6066
    endloop
  endfacet
  facet normal 0.404571 -0.624098 -0.668449
    outer loop
      vertex 33.3641 9.28931 9.7027
      vertex 33.1481 9.43086 9.43981
      vertex 33.1994 9.42274 9.47844
    endloop
  endfacet
  facet normal 0.467965 -0.577889 -0.66862
    outer loop
      vertex 33.1481 9.43086 9.43981
      vertex 33.7656 8.58092 10.6066
      vertex 32.9028 7.88224 10.6066
    endloop
  endfacet
  facet normal 0.272723 -0.41972 -0.865712
    outer loop
      vertex 35.9973 5.50929 13.3651
      vertex 35.8253 6.25 12.9518
      vertex 36.1516 5.60955 13.3651
    endloop
  endfacet
  facet normal 0.272527 -0.419782 -0.865743
    outer loop
      vertex 35.198 6.60933 12.5801
      vertex 35.8253 6.25 12.9518
      vertex 35.9973 5.50929 13.3651
    endloop
  endfacet
  facet normal 0.272556 -0.419742 -0.865754
    outer loop
      vertex 35.8253 6.25 12.9518
      vertex 35.198 6.60933 12.5801
      vertex 35.7868 6.30936 12.9109
    endloop
  endfacet
  facet normal 0.388946 -0.314976 -0.865743
    outer loop
      vertex 34.9393 4.55668 13.3651
      vertex 34.4907 4.00273 13.3651
      vertex 33.9288 5.46652 12.5801
    endloop
  endfacet
  facet normal 0.221839 -0.341429 -0.913353
    outer loop
      vertex 35.9973 5.50929 13.3651
      vertex 36.4193 5.08421 13.6265
      vertex 36.5461 4.75383 13.7808
    endloop
  endfacet
  facet normal 0.221847 -0.341422 -0.913354
    outer loop
      vertex 36.4193 5.08421 13.6265
      vertex 35.9973 5.50929 13.3651
      vertex 36.1516 5.60955 13.3651
    endloop
  endfacet
  facet normal 0.256296 -0.31649 -0.913316
    outer loop
      vertex 36.4031 3.99479 14.0037
      vertex 36.5461 4.75383 13.7808
      vertex 36.7345 4.26316 14.0037
    endloop
  endfacet
  facet normal 0.256183 -0.316479 -0.913352
    outer loop
      vertex 36.5461 4.75383 13.7808
      vertex 36.4031 3.99479 14.0037
      vertex 35.9973 5.50929 13.3651
    endloop
  endfacet
  facet normal 0.721163 0.367487 0.587262
    outer loop
      vertex 29.9046 -5.82859 -9.43981
      vertex 29.3506 -4.74141 -9.43981
      vertex 28.5075 -5.11677 -8.16959
    endloop
  endfacet
  facet normal 0.755656 0.290013 0.587262
    outer loop
      vertex 28.5075 -5.11677 -8.16959
      vertex 29.3506 -4.74141 -9.43981
      vertex 28.0357 -3.88745 -8.16959
    endloop
  endfacet
  facet normal 0.341515 -0.221747 -0.913343
    outer loop
      vertex 35.6511 3.15965 14.0037
      vertex 35.3447 2.68776 14.0037
      vertex 34.1025 3.40493 13.3651
    endloop
  endfacet
  facet normal 0.34151 -0.22177 -0.913339
    outer loop
      vertex 34.4907 4.00273 13.3651
      vertex 35.6511 3.15965 14.0037
      vertex 34.1025 3.40493 13.3651
    endloop
  endfacet
  facet normal 0.272723 0.41972 0.865712
    outer loop
      vertex 35.9973 -5.50929 -13.3651
      vertex 35.8253 -6.25 -12.9518
      vertex 36.1516 -5.60955 -13.3651
    endloop
  endfacet
  facet normal 0.272527 0.419782 0.865743
    outer loop
      vertex 35.198 -6.60933 -12.5801
      vertex 35.8253 -6.25 -12.9518
      vertex 35.9973 -5.50929 -13.3651
    endloop
  endfacet
  facet normal 0.272556 0.419742 0.865754
    outer loop
      vertex 35.8253 -6.25 -12.9518
      vertex 35.198 -6.60933 -12.5801
      vertex 35.7868 -6.30936 -12.9109
    endloop
  endfacet
  facet normal 0.272562 0.419734 0.865756
    outer loop
      vertex 35.4751 -6.78927 -12.5801
      vertex 35.7868 -6.30936 -12.9109
      vertex 35.198 -6.60933 -12.5801
    endloop
  endfacet
  facet normal 0.939479 0.14877 0.308621
    outer loop
      vertex 25.8277 -3.01241 -3.88229
      vertex 26.073 -1.46379 -5.37552
      vertex 25.5905 -1.5145 -3.88229
    endloop
  endfacet
  facet normal 0.96616 0.152995 0.207669
    outer loop
      vertex 25.8277 -3.01241 -3.88229
      vertex 25.5905 -1.5145 -3.88229
      vertex 25.2658 -1.54862 -2.34652
    endloop
  endfacet
  facet normal 0.577869 -0.467958 -0.668642
    outer loop
      vertex 31.337 7.80018 9.43981
      vertex 32.1178 7.0972 10.6066
      vertex 30.5691 6.85192 9.43981
    endloop
  endfacet
  facet normal 0.525814 -0.525788 -0.66863
    outer loop
      vertex 32.1178 7.0972 10.6066
      vertex 32.1998 8.66298 9.43981
      vertex 32.9028 7.88224 10.6066
    endloop
  endfacet
  facet normal 0.525794 -0.525794 -0.668641
    outer loop
      vertex 32.1998 8.66298 9.43981
      vertex 32.1178 7.0972 10.6066
      vertex 31.337 7.80018 9.43981
    endloop
  endfacet
  facet normal 0.473542 -0.473488 -0.742676
    outer loop
      vertex 32.9849 6.31646 11.6572
      vertex 32.9028 7.88224 10.6066
      vertex 33.6835 7.01514 11.6572
    endloop
  endfacet
  facet normal 0.473519 -0.473495 -0.742685
    outer loop
      vertex 32.9028 7.88224 10.6066
      vertex 32.9849 6.31646 11.6572
      vertex 32.1178 7.0972 10.6066
    endloop
  endfacet
  facet normal 0.320406 -0.493412 -0.808632
    outer loop
      vertex 35.198 6.60933 12.5801
      vertex 35.1127 7.34731 12.096
      vertex 35.4751 6.78927 12.5801
    endloop
  endfacet
  facet normal 0.320444 -0.493401 -0.808623
    outer loop
      vertex 34.4514 7.63696 11.6572
      vertex 35.1127 7.34731 12.096
      vertex 35.198 6.60933 12.5801
    endloop
  endfacet
  facet normal 0.320288 -0.493635 -0.808542
    outer loop
      vertex 35.1127 7.34731 12.096
      vertex 34.4514 7.63696 11.6572
      vertex 35.0706 7.39927 12.0476
    endloop
  endfacet
  facet normal 0.364658 -0.561584 -0.74273
    outer loop
      vertex 34.5212 8.07773 11.3582
      vertex 34.7311 7.81858 11.6572
      vertex 34.4514 7.63696 11.6572
    endloop
  endfacet
  facet normal 0.370264 -0.457205 -0.808621
    outer loop
      vertex 35.198 6.60933 12.5801
      vertex 34.5335 6.07119 12.5801
      vertex 34.4514 7.63696 11.6572
    endloop
  endfacet
  facet normal 0.46726 -0.179402 -0.865727
    outer loop
      vertex 33.7789 2.76982 13.3651
      vertex 33.5234 2.10436 13.3651
      vertex 32.2303 2.52454 12.5801
    endloop
  endfacet
  facet normal 0.380147 -0.145956 -0.913337
    outer loop
      vertex 33.7789 2.76982 13.3651
      vertex 35.0892 2.18642 14.0037
      vertex 33.5234 2.10436 13.3651
    endloop
  endfacet
  facet normal 0.524208 -0.267085 -0.808623
    outer loop
      vertex 32.9249 4.08479 12.5801
      vertex 32.5367 3.32287 12.5801
      vertex 31.3763 3.83951 11.6572
    endloop
  endfacet
  facet normal 0.36487 -0.56156 -0.742644
    outer loop
      vertex 34.4514 7.63696 11.6572
      vertex 34.2893 8.36413 11.0277
      vertex 34.5212 8.07773 11.3582
    endloop
  endfacet
  facet normal 0.364687 -0.561631 -0.74268
    outer loop
      vertex 33.7656 8.58092 10.6066
      vertex 34.2893 8.36413 11.0277
      vertex 34.4514 7.63696 11.6572
    endloop
  endfacet
  facet normal 0.364685 -0.561634 -0.742679
    outer loop
      vertex 34.2893 8.36413 11.0277
      vertex 33.7656 8.58092 10.6066
      vertex 33.9517 8.70176 10.6066
    endloop
  endfacet
  facet normal 0.457201 -0.370283 -0.808615
    outer loop
      vertex 32.9849 6.31646 11.6572
      vertex 33.9288 5.46652 12.5801
      vertex 32.363 5.54858 11.6572
    endloop
  endfacet
  facet normal 0.445938 -0.227213 -0.865745
    outer loop
      vertex 34.1025 3.40493 13.3651
      vertex 33.7789 2.76982 13.3651
      vertex 32.9249 4.08479 12.5801
    endloop
  endfacet
  facet normal 0.419764 -0.272587 -0.865733
    outer loop
      vertex 34.4907 4.00273 13.3651
      vertex 34.1025 3.40493 13.3651
      vertex 33.3907 4.80196 12.5801
    endloop
  endfacet
  facet normal 0.421416 -0.520417 -0.742681
    outer loop
      vertex 33.7656 8.58092 10.6066
      vertex 34.4514 7.63696 11.6572
      vertex 33.6835 7.01514 11.6572
    endloop
  endfacet
  facet normal 0.421423 -0.520415 -0.742678
    outer loop
      vertex 33.7656 8.58092 10.6066
      vertex 33.6835 7.01514 11.6572
      vertex 32.9028 7.88224 10.6066
    endloop
  endfacet
  facet normal 0.457218 -0.370213 -0.808637
    outer loop
      vertex 33.9288 5.46652 12.5801
      vertex 33.3907 4.80196 12.5801
      vertex 32.363 5.54858 11.6572
    endloop
  endfacet
  facet normal 0.388979 -0.314959 -0.865734
    outer loop
      vertex 33.9288 5.46652 12.5801
      vertex 34.4907 4.00273 13.3651
      vertex 33.3907 4.80196 12.5801
    endloop
  endfacet
  facet normal 0.493434 -0.320409 -0.808617
    outer loop
      vertex 32.363 5.54858 11.6572
      vertex 32.9249 4.08479 12.5801
      vertex 31.8249 4.7199 11.6572
    endloop
  endfacet
  facet normal 0.524208 -0.267108 -0.808616
    outer loop
      vertex 31.8249 4.7199 11.6572
      vertex 32.9249 4.08479 12.5801
      vertex 31.3763 3.83951 11.6572
    endloop
  endfacet
  facet normal 1 -0 0
    outer loop
      vertex 73 -5 45.95
      vertex 73 5 43.95
      vertex 73 5 45.95
    endloop
  endfacet
  facet normal 1 0 0
    outer loop
      vertex 73 5 43.95
      vertex 73 -5 45.95
      vertex 73 -5 43.95
    endloop
  endfacet
  facet normal -0 0 1
    outer loop
      vertex 3 5 45.95
      vertex 73 -5 45.95
      vertex 73 5 45.95
    endloop
  endfacet
  facet normal 0 0 1
    outer loop
      vertex 73 -5 45.95
      vertex 3 5 45.95
      vertex 3 -5 45.95
    endloop
  endfacet
  facet normal 0 0 -1
    outer loop
      vertex 3 0 43.95
      vertex 73 -5 43.95
      vertex 3 -5 43.95
    endloop
  endfacet
  facet normal 0 0 -1
    outer loop
      vertex 73 -5 43.95
      vertex 3 0 43.95
      vertex 73 5 43.95
    endloop
  endfacet
  facet normal -0 0 -1
    outer loop
      vertex 73 5 43.95
      vertex 3 0 43.95
      vertex 3 5 43.95
    endloop
  endfacet
  facet normal -1 0 0
    outer loop
      vertex 3 0 43.95
      vertex 3 5 45.95
      vertex 3 5 43.95
    endloop
  endfacet
  facet normal -1 0 0
    outer loop
      vertex 3 -5 45.95
      vertex 3 0 43.95
      vertex 3 -5 43.95
    endloop
  endfacet
  facet normal -1 0 0
    outer loop
      vertex 3 0 43.95
      vertex 3 -5 45.95
      vertex 3 5 45.95
    endloop
  endfacet
  facet normal 0 1 -0
    outer loop
      vertex 73 5 43.95
      vertex 3 5 45.95
      vertex 73 5 45.95
    endloop
  endfacet
  facet normal 0 1 0
    outer loop
      vertex 3 5 45.95
      vertex 73 5 43.95
      vertex 3 5 43.95
    endloop
  endfacet
  facet normal 0 -1 0
    outer loop
      vertex 3 -5 43.95
      vertex 73 -5 45.95
      vertex 3 -5 45.95
    endloop
  endfacet
  facet normal 0 -1 -0
    outer loop
      vertex 73 -5 45.95
      vertex 3 -5 43.95
      vertex 73 -5 43.95
    endloop
  endfacet
  facet normal -0 0 1
    outer loop
      vertex -73 5 45.95
      vertex -3 -5 45.95
      vertex -3 5 45.95
    endloop
  endfacet
  facet normal 0 0 1
    outer loop
      vertex -3 -5 45.95
      vertex -73 5 45.95
      vertex -73 -5 45.95
    endloop
  endfacet
  facet normal 1 0 0
    outer loop
      vertex -3 5 45.95
      vertex -3 0 43.95
      vertex -3 5 43.95
    endloop
  endfacet
  facet normal 1 -0 0
    outer loop
      vertex -3 -5 45.95
      vertex -3 0 43.95
      vertex -3 5 45.95
    endloop
  endfacet
  facet normal 1 0 0
    outer loop
      vertex -3 0 43.95
      vertex -3 -5 45.95
      vertex -3 -5 43.95
    endloop
  endfacet
  facet normal 0 -1 0
    outer loop
      vertex -73 -5 43.95
      vertex -3 -5 45.95
      vertex -73 -5 45.95
    endloop
  endfacet
  facet normal 0 -1 -0
    outer loop
      vertex -3 -5 45.95
      vertex -73 -5 43.95
      vertex -3 -5 43.95
    endloop
  endfacet
  facet normal 0 0 -1
    outer loop
      vertex -73 -5 43.95
      vertex -3 0 43.95
      vertex -3 -5 43.95
    endloop
  endfacet
  facet normal 0 0 -1
    outer loop
      vertex -73 5 43.95
      vertex -3 0 43.95
      vertex -73 -5 43.95
    endloop
  endfacet
  facet normal 0 0 -1
    outer loop
      vertex -3 0 43.95
      vertex -73 5 43.95
      vertex -3 5 43.95
    endloop
  endfacet
  facet normal 0 1 -0
    outer loop
      vertex -3 5 43.95
      vertex -73 5 45.95
      vertex -3 5 45.95
    endloop
  endfacet
  facet normal 0 1 0
    outer loop
      vertex -73 5 45.95
      vertex -3 5 43.95
      vertex -73 5 43.95
    endloop
  endfacet
  facet normal -1 0 0
    outer loop
      vertex -73 -5 43.95
      vertex -73 5 45.95
      vertex -73 5 43.95
    endloop
  endfacet
  facet normal -1 -0 0
    outer loop
      vertex -73 5 45.95
      vertex -73 -5 43.95
      vertex -73 -5 45.95
    endloop
  endfacet
  facet normal 0.987685 0.156457 0
    outer loop
      vertex 2.98357 0.313585 45
      vertex 2.93444 0.623734 25
      vertex 2.93444 0.623734 45
    endloop
  endfacet
  facet normal 0.987685 0.156457 0
    outer loop
      vertex 2.93444 0.623734 25
      vertex 2.98357 0.313585 45
      vertex 2.98357 0.313585 25
    endloop
  endfacet
  facet normal 0.99863 -0.0523223 0
    outer loop
      vertex 2.98357 -0.313585 45
      vertex 3 0 43.95
      vertex 3 0 45
    endloop
  endfacet
  facet normal 0.99863 -0.0523223 0
    outer loop
      vertex 2.98357 -0.313585 25
      vertex 3 0 43.95
      vertex 2.98357 -0.313585 45
    endloop
  endfacet
  facet normal 0.99863 -0.0523223 0
    outer loop
      vertex 3 0 43.95
      vertex 2.98357 -0.313585 25
      vertex 3 0 25
    endloop
  endfacet
  facet normal -0.0523223 -0.99863 0
    outer loop
      vertex -0.313585 -2.98357 25
      vertex 0 -3 45
      vertex -0.313585 -2.98357 45
    endloop
  endfacet
  facet normal -0.0523223 -0.99863 -0
    outer loop
      vertex 0 -3 45
      vertex -0.313585 -2.98357 25
      vertex 0 -3 25
    endloop
  endfacet
  facet normal 0.777133 -0.629337 0
    outer loop
      vertex 2.22943 -2.00739 45
      vertex 2.42705 -1.76336 25
      vertex 2.42705 -1.76336 45
    endloop
  endfacet
  facet normal 0.777133 -0.629337 0
    outer loop
      vertex 2.42705 -1.76336 25
      vertex 2.22943 -2.00739 45
      vertex 2.22943 -2.00739 25
    endloop
  endfacet
  facet normal 0.544644 -0.838668 0
    outer loop
      vertex 1.5 -2.59808 25
      vertex 1.76336 -2.42705 45
      vertex 1.5 -2.59808 45
    endloop
  endfacet
  facet normal 0.544644 -0.838668 0
    outer loop
      vertex 1.76336 -2.42705 45
      vertex 1.5 -2.59808 25
      vertex 1.76336 -2.42705 25
    endloop
  endfacet
  facet normal -0.544644 0.838668 0
    outer loop
      vertex -1.5 2.59808 25
      vertex -1.76336 2.42705 45
      vertex -1.5 2.59808 45
    endloop
  endfacet
  facet normal -0.544644 0.838668 0
    outer loop
      vertex -1.76336 2.42705 45
      vertex -1.5 2.59808 25
      vertex -1.76336 2.42705 25
    endloop
  endfacet
  facet normal -0.156457 0.987685 0
    outer loop
      vertex -0.313585 2.98357 25
      vertex -0.623734 2.93444 45
      vertex -0.313585 2.98357 45
    endloop
  endfacet
  facet normal -0.156457 0.987685 0
    outer loop
      vertex -0.623734 2.93444 45
      vertex -0.313585 2.98357 25
      vertex -0.623734 2.93444 25
    endloop
  endfacet
  facet normal -0.965929 -0.258809 0
    outer loop
      vertex -2.85317 -0.927051 25
      vertex -2.93444 -0.623734 45
      vertex -2.93444 -0.623734 25
    endloop
  endfacet
  facet normal -0.965929 -0.258809 0
    outer loop
      vertex -2.93444 -0.623734 45
      vertex -2.85317 -0.927051 25
      vertex -2.85317 -0.927051 45
    endloop
  endfacet
  facet normal 0.891007 -0.45399 0
    outer loop
      vertex 2.59808 -1.5 45
      vertex 2.74064 -1.22021 25
      vertex 2.74064 -1.22021 45
    endloop
  endfacet
  facet normal 0.891007 -0.45399 0
    outer loop
      vertex 2.74064 -1.22021 25
      vertex 2.59808 -1.5 45
      vertex 2.59808 -1.5 25
    endloop
  endfacet
  facet normal 0.0523223 0.99863 -0
    outer loop
      vertex 0.313585 2.98357 25
      vertex 0 3 45
      vertex 0.313585 2.98357 45
    endloop
  endfacet
  facet normal 0.0523223 0.99863 0
    outer loop
      vertex 0 3 45
      vertex 0.313585 2.98357 25
      vertex 0 3 25
    endloop
  endfacet
  facet normal 0.99863 0.0523223 -0
    outer loop
      vertex 3 0 43.95
      vertex 2.98357 0.313585 45
      vertex 3 0 45
    endloop
  endfacet
  facet normal 0.99863 0.0523223 0
    outer loop
      vertex 2.98357 0.313585 45
      vertex 3 0 43.95
      vertex 2.98357 0.313585 25
    endloop
  endfacet
  facet normal 0.99863 0.0523223 0
    outer loop
      vertex 2.98357 0.313585 25
      vertex 3 0 43.95
      vertex 3 0 25
    endloop
  endfacet
  facet normal -0.777133 -0.629337 0
    outer loop
      vertex -2.22943 -2.00739 25
      vertex -2.42705 -1.76336 45
      vertex -2.42705 -1.76336 25
    endloop
  endfacet
  facet normal -0.777133 -0.629337 0
    outer loop
      vertex -2.42705 -1.76336 45
      vertex -2.22943 -2.00739 25
      vertex -2.22943 -2.00739 45
    endloop
  endfacet
  facet normal -0.258809 -0.965929 0
    outer loop
      vertex -0.927051 -2.85317 25
      vertex -0.623734 -2.93444 45
      vertex -0.927051 -2.85317 45
    endloop
  endfacet
  facet normal -0.258809 -0.965929 -0
    outer loop
      vertex -0.623734 -2.93444 45
      vertex -0.927051 -2.85317 25
      vertex -0.623734 -2.93444 25
    endloop
  endfacet
  facet normal 0.838668 0.544644 0
    outer loop
      vertex 2.59808 1.5 45
      vertex 2.42705 1.76336 25
      vertex 2.42705 1.76336 45
    endloop
  endfacet
  facet normal 0.838668 0.544644 0
    outer loop
      vertex 2.42705 1.76336 25
      vertex 2.59808 1.5 45
      vertex 2.59808 1.5 25
    endloop
  endfacet
  facet normal 0.965929 0.258809 0
    outer loop
      vertex 2.93444 0.623734 45
      vertex 2.85317 0.927051 25
      vertex 2.85317 0.927051 45
    endloop
  endfacet
  facet normal 0.965929 0.258809 0
    outer loop
      vertex 2.85317 0.927051 25
      vertex 2.93444 0.623734 45
      vertex 2.93444 0.623734 25
    endloop
  endfacet
  facet normal 0.891007 0.45399 0
    outer loop
      vertex 2.74064 1.22021 45
      vertex 2.59808 1.5 25
      vertex 2.59808 1.5 45
    endloop
  endfacet
  facet normal 0.891007 0.45399 0
    outer loop
      vertex 2.59808 1.5 25
      vertex 2.74064 1.22021 45
      vertex 2.74064 1.22021 25
    endloop
  endfacet
  facet normal 0.629337 -0.777133 0
    outer loop
      vertex 1.76336 -2.42705 25
      vertex 2.00739 -2.22943 45
      vertex 1.76336 -2.42705 45
    endloop
  endfacet
  facet normal 0.629337 -0.777133 0
    outer loop
      vertex 2.00739 -2.22943 45
      vertex 1.76336 -2.42705 25
      vertex 2.00739 -2.22943 25
    endloop
  endfacet
  facet normal -0.358359 -0.933584 0
    outer loop
      vertex -1.22021 -2.74064 25
      vertex -0.927051 -2.85317 45
      vertex -1.22021 -2.74064 45
    endloop
  endfacet
  facet normal -0.358359 -0.933584 -0
    outer loop
      vertex -0.927051 -2.85317 45
      vertex -1.22021 -2.74064 25
      vertex -0.927051 -2.85317 25
    endloop
  endfacet
  facet normal 0.777133 0.629337 0
    outer loop
      vertex 2.42705 1.76336 45
      vertex 2.22943 2.00739 25
      vertex 2.22943 2.00739 45
    endloop
  endfacet
  facet normal 0.777133 0.629337 0
    outer loop
      vertex 2.22943 2.00739 25
      vertex 2.42705 1.76336 45
      vertex 2.42705 1.76336 25
    endloop
  endfacet
  facet normal 0.0523223 -0.99863 0
    outer loop
      vertex 0 -3 25
      vertex 0.313585 -2.98357 45
      vertex 0 -3 45
    endloop
  endfacet
  facet normal 0.0523223 -0.99863 0
    outer loop
      vertex 0.313585 -2.98357 45
      vertex 0 -3 25
      vertex 0.313585 -2.98357 25
    endloop
  endfacet
  facet normal 0.933584 0.358359 0
    outer loop
      vertex 2.85317 0.927051 45
      vertex 2.74064 1.22021 25
      vertex 2.74064 1.22021 45
    endloop
  endfacet
  facet normal 0.933584 0.358359 0
    outer loop
      vertex 2.74064 1.22021 25
      vertex 2.85317 0.927051 45
      vertex 2.85317 0.927051 25
    endloop
  endfacet
  facet normal 0.156457 -0.987685 0
    outer loop
      vertex 0.313585 -2.98357 25
      vertex 0.623734 -2.93444 45
      vertex 0.313585 -2.98357 45
    endloop
  endfacet
  facet normal 0.156457 -0.987685 0
    outer loop
      vertex 0.623734 -2.93444 45
      vertex 0.313585 -2.98357 25
      vertex 0.623734 -2.93444 25
    endloop
  endfacet
  facet normal 0.707107 0.707107 0
    outer loop
      vertex 2.22943 2.00739 45
      vertex 2.00739 2.22943 25
      vertex 2.00739 2.22943 45
    endloop
  endfacet
  facet normal 0.707107 0.707107 0
    outer loop
      vertex 2.00739 2.22943 25
      vertex 2.22943 2.00739 45
      vertex 2.22943 2.00739 25
    endloop
  endfacet
  facet normal -0.629337 0.777133 0
    outer loop
      vertex -1.76336 2.42705 25
      vertex -2.00739 2.22943 45
      vertex -1.76336 2.42705 45
    endloop
  endfacet
  facet normal -0.629337 0.777133 0
    outer loop
      vertex -2.00739 2.22943 45
      vertex -1.76336 2.42705 25
      vertex -2.00739 2.22943 25
    endloop
  endfacet
  facet normal 0.987685 -0.156457 0
    outer loop
      vertex 2.93444 -0.623734 45
      vertex 2.98357 -0.313585 25
      vertex 2.98357 -0.313585 45
    endloop
  endfacet
  facet normal 0.987685 -0.156457 0
    outer loop
      vertex 2.98357 -0.313585 25
      vertex 2.93444 -0.623734 45
      vertex 2.93444 -0.623734 25
    endloop
  endfacet
  facet normal -0.838668 0.544644 0
    outer loop
      vertex -2.59808 1.5 25
      vertex -2.42705 1.76336 45
      vertex -2.42705 1.76336 25
    endloop
  endfacet
  facet normal -0.838668 0.544644 0
    outer loop
      vertex -2.42705 1.76336 45
      vertex -2.59808 1.5 25
      vertex -2.59808 1.5 45
    endloop
  endfacet
  facet normal -0.987685 0.156457 0
    outer loop
      vertex -2.98357 0.313585 25
      vertex -2.93444 0.623734 45
      vertex -2.93444 0.623734 25
    endloop
  endfacet
  facet normal -0.987685 0.156457 0
    outer loop
      vertex -2.93444 0.623734 45
      vertex -2.98357 0.313585 25
      vertex -2.98357 0.313585 45
    endloop
  endfacet
  facet normal -0.258809 0.965929 0
    outer loop
      vertex -0.623734 2.93444 25
      vertex -0.927051 2.85317 45
      vertex -0.623734 2.93444 45
    endloop
  endfacet
  facet normal -0.258809 0.965929 0
    outer loop
      vertex -0.927051 2.85317 45
      vertex -0.623734 2.93444 25
      vertex -0.927051 2.85317 25
    endloop
  endfacet
  facet normal 0.838668 -0.544644 0
    outer loop
      vertex 2.42705 -1.76336 45
      vertex 2.59808 -1.5 25
      vertex 2.59808 -1.5 45
    endloop
  endfacet
  facet normal 0.838668 -0.544644 0
    outer loop
      vertex 2.59808 -1.5 25
      vertex 2.42705 -1.76336 45
      vertex 2.42705 -1.76336 25
    endloop
  endfacet
  facet normal 0.45399 0.891007 -0
    outer loop
      vertex 1.5 2.59808 25
      vertex 1.22021 2.74064 45
      vertex 1.5 2.59808 45
    endloop
  endfacet
  facet normal 0.45399 0.891007 0
    outer loop
      vertex 1.22021 2.74064 45
      vertex 1.5 2.59808 25
      vertex 1.22021 2.74064 25
    endloop
  endfacet
  facet normal 0.544644 0.838668 -0
    outer loop
      vertex 1.76336 2.42705 25
      vertex 1.5 2.59808 45
      vertex 1.76336 2.42705 45
    endloop
  endfacet
  facet normal 0.544644 0.838668 0
    outer loop
      vertex 1.5 2.59808 45
      vertex 1.76336 2.42705 25
      vertex 1.5 2.59808 25
    endloop
  endfacet
  facet normal 0.965929 -0.258809 0
    outer loop
      vertex 2.85317 -0.927051 45
      vertex 2.93444 -0.623734 25
      vertex 2.93444 -0.623734 45
    endloop
  endfacet
  facet normal 0.965929 -0.258809 0
    outer loop
      vertex 2.93444 -0.623734 25
      vertex 2.85317 -0.927051 45
      vertex 2.85317 -0.927051 25
    endloop
  endfacet
  facet normal 0.156457 0.987685 -0
    outer loop
      vertex 0.623734 2.93444 25
      vertex 0.313585 2.98357 45
      vertex 0.623734 2.93444 45
    endloop
  endfacet
  facet normal 0.156457 0.987685 0
    outer loop
      vertex 0.313585 2.98357 45
      vertex 0.623734 2.93444 25
      vertex 0.313585 2.98357 25
    endloop
  endfacet
  facet normal 0.933584 -0.358359 0
    outer loop
      vertex 2.74064 -1.22021 45
      vertex 2.85317 -0.927051 25
      vertex 2.85317 -0.927051 45
    endloop
  endfacet
  facet normal 0.933584 -0.358359 0
    outer loop
      vertex 2.85317 -0.927051 25
      vertex 2.74064 -1.22021 45
      vertex 2.74064 -1.22021 25
    endloop
  endfacet
  facet normal 0.358359 0.933584 -0
    outer loop
      vertex 1.22021 2.74064 25
      vertex 0.927051 2.85317 45
      vertex 1.22021 2.74064 45
    endloop
  endfacet
  facet normal 0.358359 0.933584 0
    outer loop
      vertex 0.927051 2.85317 45
      vertex 1.22021 2.74064 25
      vertex 0.927051 2.85317 25
    endloop
  endfacet
  facet normal -0.891007 -0.45399 0
    outer loop
      vertex -2.59808 -1.5 25
      vertex -2.74064 -1.22021 45
      vertex -2.74064 -1.22021 25
    endloop
  endfacet
  facet normal -0.891007 -0.45399 0
    outer loop
      vertex -2.74064 -1.22021 45
      vertex -2.59808 -1.5 25
      vertex -2.59808 -1.5 45
    endloop
  endfacet
  facet normal -0.99863 0.0523223 0
    outer loop
      vertex -3 0 43.95
      vertex -2.98357 0.313585 25
      vertex -3 0 25
    endloop
  endfacet
  facet normal -0.99863 0.0523223 0
    outer loop
      vertex -2.98357 0.313585 25
      vertex -3 0 43.95
      vertex -2.98357 0.313585 45
    endloop
  endfacet
  facet normal -0.99863 0.0523223 0
    outer loop
      vertex -2.98357 0.313585 45
      vertex -3 0 43.95
      vertex -3 0 45
    endloop
  endfacet
  facet normal -0.933584 0.358359 0
    outer loop
      vertex -2.85317 0.927051 25
      vertex -2.74064 1.22021 45
      vertex -2.74064 1.22021 25
    endloop
  endfacet
  facet normal -0.933584 0.358359 0
    outer loop
      vertex -2.74064 1.22021 45
      vertex -2.85317 0.927051 25
      vertex -2.85317 0.927051 45
    endloop
  endfacet
  facet normal 0.258809 0.965929 -0
    outer loop
      vertex 0.927051 2.85317 25
      vertex 0.623734 2.93444 45
      vertex 0.927051 2.85317 45
    endloop
  endfacet
  facet normal 0.258809 0.965929 0
    outer loop
      vertex 0.623734 2.93444 45
      vertex 0.927051 2.85317 25
      vertex 0.623734 2.93444 25
    endloop
  endfacet
  facet normal -0.838668 -0.544644 0
    outer loop
      vertex -2.42705 -1.76336 25
      vertex -2.59808 -1.5 45
      vertex -2.59808 -1.5 25
    endloop
  endfacet
  facet normal -0.838668 -0.544644 0
    outer loop
      vertex -2.59808 -1.5 45
      vertex -2.42705 -1.76336 25
      vertex -2.42705 -1.76336 45
    endloop
  endfacet
  facet normal 0.629337 0.777133 -0
    outer loop
      vertex 2.00739 2.22943 25
      vertex 1.76336 2.42705 45
      vertex 2.00739 2.22943 45
    endloop
  endfacet
  facet normal 0.629337 0.777133 0
    outer loop
      vertex 1.76336 2.42705 45
      vertex 2.00739 2.22943 25
      vertex 1.76336 2.42705 25
    endloop
  endfacet
  facet normal 0.258809 -0.965929 0
    outer loop
      vertex 0.623734 -2.93444 25
      vertex 0.927051 -2.85317 45
      vertex 0.623734 -2.93444 45
    endloop
  endfacet
  facet normal 0.258809 -0.965929 0
    outer loop
      vertex 0.927051 -2.85317 45
      vertex 0.623734 -2.93444 25
      vertex 0.927051 -2.85317 25
    endloop
  endfacet
  facet normal -0.45399 -0.891007 0
    outer loop
      vertex -1.5 -2.59808 25
      vertex -1.22021 -2.74064 45
      vertex -1.5 -2.59808 45
    endloop
  endfacet
  facet normal -0.45399 -0.891007 -0
    outer loop
      vertex -1.22021 -2.74064 45
      vertex -1.5 -2.59808 25
      vertex -1.22021 -2.74064 25
    endloop
  endfacet
  facet normal -0.987685 -0.156457 0
    outer loop
      vertex -2.93444 -0.623734 25
      vertex -2.98357 -0.313585 45
      vertex -2.98357 -0.313585 25
    endloop
  endfacet
  facet normal -0.987685 -0.156457 0
    outer loop
      vertex -2.98357 -0.313585 45
      vertex -2.93444 -0.623734 25
      vertex -2.93444 -0.623734 45
    endloop
  endfacet
  facet normal -0.0523223 0.99863 0
    outer loop
      vertex 0 3 25
      vertex -0.313585 2.98357 45
      vertex 0 3 45
    endloop
  endfacet
  facet normal -0.0523223 0.99863 0
    outer loop
      vertex -0.313585 2.98357 45
      vertex 0 3 25
      vertex -0.313585 2.98357 25
    endloop
  endfacet
  facet normal 0.707107 -0.707107 0
    outer loop
      vertex 2.00739 -2.22943 45
      vertex 2.22943 -2.00739 25
      vertex 2.22943 -2.00739 45
    endloop
  endfacet
  facet normal 0.707107 -0.707107 0
    outer loop
      vertex 2.22943 -2.00739 25
      vertex 2.00739 -2.22943 45
      vertex 2.00739 -2.22943 25
    endloop
  endfacet
  facet normal -0.891007 0.45399 0
    outer loop
      vertex -2.74064 1.22021 25
      vertex -2.59808 1.5 45
      vertex -2.59808 1.5 25
    endloop
  endfacet
  facet normal -0.891007 0.45399 0
    outer loop
      vertex -2.59808 1.5 45
      vertex -2.74064 1.22021 25
      vertex -2.74064 1.22021 45
    endloop
  endfacet
  facet normal -0.965929 0.258809 0
    outer loop
      vertex -2.93444 0.623734 25
      vertex -2.85317 0.927051 45
      vertex -2.85317 0.927051 25
    endloop
  endfacet
  facet normal -0.965929 0.258809 0
    outer loop
      vertex -2.85317 0.927051 45
      vertex -2.93444 0.623734 25
      vertex -2.93444 0.623734 45
    endloop
  endfacet
  facet normal -0.99863 -0.0523223 0
    outer loop
      vertex -2.98357 -0.313585 25
      vertex -3 0 43.95
      vertex -3 0 25
    endloop
  endfacet
  facet normal -0.99863 -0.0523223 -0
    outer loop
      vertex -2.98357 -0.313585 45
      vertex -3 0 43.95
      vertex -2.98357 -0.313585 25
    endloop
  endfacet
  facet normal -0.99863 -0.0523223 0
    outer loop
      vertex -3 0 43.95
      vertex -2.98357 -0.313585 45
      vertex -3 0 45
    endloop
  endfacet
  facet normal 0.358359 -0.933584 0
    outer loop
      vertex 0.927051 -2.85317 25
      vertex 1.22021 -2.74064 45
      vertex 0.927051 -2.85317 45
    endloop
  endfacet
  facet normal 0.358359 -0.933584 0
    outer loop
      vertex 1.22021 -2.74064 45
      vertex 0.927051 -2.85317 25
      vertex 1.22021 -2.74064 25
    endloop
  endfacet
  facet normal -0.629337 -0.777133 0
    outer loop
      vertex -2.00739 -2.22943 25
      vertex -1.76336 -2.42705 45
      vertex -2.00739 -2.22943 45
    endloop
  endfacet
  facet normal -0.629337 -0.777133 -0
    outer loop
      vertex -1.76336 -2.42705 45
      vertex -2.00739 -2.22943 25
      vertex -1.76336 -2.42705 25
    endloop
  endfacet
  facet normal -0.707107 -0.707107 0
    outer loop
      vertex -2.00739 -2.22943 25
      vertex -2.22943 -2.00739 45
      vertex -2.22943 -2.00739 25
    endloop
  endfacet
  facet normal -0.707107 -0.707107 0
    outer loop
      vertex -2.22943 -2.00739 45
      vertex -2.00739 -2.22943 25
      vertex -2.00739 -2.22943 45
    endloop
  endfacet
  facet normal 0.45399 -0.891007 0
    outer loop
      vertex 1.22021 -2.74064 25
      vertex 1.5 -2.59808 45
      vertex 1.22021 -2.74064 45
    endloop
  endfacet
  facet normal 0.45399 -0.891007 0
    outer loop
      vertex 1.5 -2.59808 45
      vertex 1.22021 -2.74064 25
      vertex 1.5 -2.59808 25
    endloop
  endfacet
  facet normal -0.707107 0.707107 0
    outer loop
      vertex -2.22943 2.00739 25
      vertex -2.00739 2.22943 45
      vertex -2.00739 2.22943 25
    endloop
  endfacet
  facet normal -0.707107 0.707107 0
    outer loop
      vertex -2.00739 2.22943 45
      vertex -2.22943 2.00739 25
      vertex -2.22943 2.00739 45
    endloop
  endfacet
  facet normal 0 0 -1
    outer loop
      vertex 2.98357 -0.313585 25
      vertex 2.98357 0.313585 25
      vertex 3 0 25
    endloop
  endfacet
  facet normal 0 0 -1
    outer loop
      vertex 2.93444 -0.623734 25
      vertex 2.98357 0.313585 25
      vertex 2.98357 -0.313585 25
    endloop
  endfacet
  facet normal 0 0 -1
    outer loop
      vertex 2.93444 -0.623734 25
      vertex 2.93444 0.623734 25
      vertex 2.98357 0.313585 25
    endloop
  endfacet
  facet normal 0 0 -1
    outer loop
      vertex 2.85317 -0.927051 25
      vertex 2.93444 0.623734 25
      vertex 2.93444 -0.623734 25
    endloop
  endfacet
  facet normal 0 0 -1
    outer loop
      vertex 2.85317 -0.927051 25
      vertex 2.85317 0.927051 25
      vertex 2.93444 0.623734 25
    endloop
  endfacet
  facet normal 0 0 -1
    outer loop
      vertex 2.74064 -1.22021 25
      vertex 2.85317 0.927051 25
      vertex 2.85317 -0.927051 25
    endloop
  endfacet
  facet normal 0 0 -1
    outer loop
      vertex 2.74064 -1.22021 25
      vertex 2.74064 1.22021 25
      vertex 2.85317 0.927051 25
    endloop
  endfacet
  facet normal 0 0 -1
    outer loop
      vertex 2.59808 -1.5 25
      vertex 2.74064 1.22021 25
      vertex 2.74064 -1.22021 25
    endloop
  endfacet
  facet normal 0 0 -1
    outer loop
      vertex 2.59808 -1.5 25
      vertex 2.59808 1.5 25
      vertex 2.74064 1.22021 25
    endloop
  endfacet
  facet normal 0 0 -1
    outer loop
      vertex 2.42705 -1.76336 25
      vertex 2.59808 1.5 25
      vertex 2.59808 -1.5 25
    endloop
  endfacet
  facet normal 0 0 -1
    outer loop
      vertex 2.42705 -1.76336 25
      vertex 2.42705 1.76336 25
      vertex 2.59808 1.5 25
    endloop
  endfacet
  facet normal 0 0 -1
    outer loop
      vertex 2.22943 -2.00739 25
      vertex 2.42705 1.76336 25
      vertex 2.42705 -1.76336 25
    endloop
  endfacet
  facet normal 0 0 -1
    outer loop
      vertex 2.22943 -2.00739 25
      vertex 2.22943 2.00739 25
      vertex 2.42705 1.76336 25
    endloop
  endfacet
  facet normal 0 0 -1
    outer loop
      vertex 2.00739 -2.22943 25
      vertex 2.22943 2.00739 25
      vertex 2.22943 -2.00739 25
    endloop
  endfacet
  facet normal 0 0 -1
    outer loop
      vertex 2.00739 -2.22943 25
      vertex 2.00739 2.22943 25
      vertex 2.22943 2.00739 25
    endloop
  endfacet
  facet normal 0 0 -1
    outer loop
      vertex 1.76336 -2.42705 25
      vertex 2.00739 2.22943 25
      vertex 2.00739 -2.22943 25
    endloop
  endfacet
  facet normal 0 0 -1
    outer loop
      vertex 1.76336 -2.42705 25
      vertex 1.76336 2.42705 25
      vertex 2.00739 2.22943 25
    endloop
  endfacet
  facet normal 0 0 -1
    outer loop
      vertex 1.5 -2.59808 25
      vertex 1.76336 2.42705 25
      vertex 1.76336 -2.42705 25
    endloop
  endfacet
  facet normal 0 0 -1
    outer loop
      vertex 1.5 -2.59808 25
      vertex 1.5 2.59808 25
      vertex 1.76336 2.42705 25
    endloop
  endfacet
  facet normal 0 0 -1
    outer loop
      vertex 1.22021 -2.74064 25
      vertex 1.5 2.59808 25
      vertex 1.5 -2.59808 25
    endloop
  endfacet
  facet normal 0 0 -1
    outer loop
      vertex 1.22021 -2.74064 25
      vertex 1.22021 2.74064 25
      vertex 1.5 2.59808 25
    endloop
  endfacet
  facet normal 0 0 -1
    outer loop
      vertex 0.927051 -2.85317 25
      vertex 1.22021 2.74064 25
      vertex 1.22021 -2.74064 25
    endloop
  endfacet
  facet normal 0 0 -1
    outer loop
      vertex 0.927051 -2.85317 25
      vertex 0.927051 2.85317 25
      vertex 1.22021 2.74064 25
    endloop
  endfacet
  facet normal 0 0 -1
    outer loop
      vertex 0.623734 -2.93444 25
      vertex 0.927051 2.85317 25
      vertex 0.927051 -2.85317 25
    endloop
  endfacet
  facet normal 0 0 -1
    outer loop
      vertex 0.623734 -2.93444 25
      vertex 0.623734 2.93444 25
      vertex 0.927051 2.85317 25
    endloop
  endfacet
  facet normal 0 0 -1
    outer loop
      vertex 0.313585 -2.98357 25
      vertex 0.623734 2.93444 25
      vertex 0.623734 -2.93444 25
    endloop
  endfacet
  facet normal 0 0 -1
    outer loop
      vertex 0.313585 -2.98357 25
      vertex 0.313585 2.98357 25
      vertex 0.623734 2.93444 25
    endloop
  endfacet
  facet normal 0 0 -1
    outer loop
      vertex 0 -3 25
      vertex 0.313585 2.98357 25
      vertex 0.313585 -2.98357 25
    endloop
  endfacet
  facet normal 0 0 -1
    outer loop
      vertex 0 -3 25
      vertex 0 3 25
      vertex 0.313585 2.98357 25
    endloop
  endfacet
  facet normal 0 0 -1
    outer loop
      vertex -0.313585 -2.98357 25
      vertex 0 3 25
      vertex 0 -3 25
    endloop
  endfacet
  facet normal 0 0 -1
    outer loop
      vertex -0.313585 -2.98357 25
      vertex -0.313585 2.98357 25
      vertex 0 3 25
    endloop
  endfacet
  facet normal 0 0 -1
    outer loop
      vertex -0.623734 -2.93444 25
      vertex -0.313585 2.98357 25
      vertex -0.313585 -2.98357 25
    endloop
  endfacet
  facet normal 0 0 -1
    outer loop
      vertex -0.623734 -2.93444 25
      vertex -0.623734 2.93444 25
      vertex -0.313585 2.98357 25
    endloop
  endfacet
  facet normal 0 0 -1
    outer loop
      vertex -0.927051 -2.85317 25
      vertex -0.623734 2.93444 25
      vertex -0.623734 -2.93444 25
    endloop
  endfacet
  facet normal 0 0 -1
    outer loop
      vertex -0.927051 -2.85317 25
      vertex -0.927051 2.85317 25
      vertex -0.623734 2.93444 25
    endloop
  endfacet
  facet normal 0 0 -1
    outer loop
      vertex -1.22021 -2.74064 25
      vertex -0.927051 2.85317 25
      vertex -0.927051 -2.85317 25
    endloop
  endfacet
  facet normal 0 0 -1
    outer loop
      vertex -1.22021 -2.74064 25
      vertex -1.22021 2.74064 25
      vertex -0.927051 2.85317 25
    endloop
  endfacet
  facet normal 0 0 -1
    outer loop
      vertex -1.5 -2.59808 25
      vertex -1.22021 2.74064 25
      vertex -1.22021 -2.74064 25
    endloop
  endfacet
  facet normal 0 0 -1
    outer loop
      vertex -1.5 -2.59808 25
      vertex -1.5 2.59808 25
      vertex -1.22021 2.74064 25
    endloop
  endfacet
  facet normal 0 0 -1
    outer loop
      vertex -1.76336 -2.42705 25
      vertex -1.5 2.59808 25
      vertex -1.5 -2.59808 25
    endloop
  endfacet
  facet normal 0 0 -1
    outer loop
      vertex -1.76336 -2.42705 25
      vertex -1.76336 2.42705 25
      vertex -1.5 2.59808 25
    endloop
  endfacet
  facet normal 0 0 -1
    outer loop
      vertex -2.00739 -2.22943 25
      vertex -1.76336 2.42705 25
      vertex -1.76336 -2.42705 25
    endloop
  endfacet
  facet normal 0 0 -1
    outer loop
      vertex -2.00739 -2.22943 25
      vertex -2.00739 2.22943 25
      vertex -1.76336 2.42705 25
    endloop
  endfacet
  facet normal 0 0 -1
    outer loop
      vertex -2.22943 -2.00739 25
      vertex -2.00739 2.22943 25
      vertex -2.00739 -2.22943 25
    endloop
  endfacet
  facet normal 0 0 -1
    outer loop
      vertex -2.22943 -2.00739 25
      vertex -2.22943 2.00739 25
      vertex -2.00739 2.22943 25
    endloop
  endfacet
  facet normal 0 0 -1
    outer loop
      vertex -2.42705 -1.76336 25
      vertex -2.22943 2.00739 25
      vertex -2.22943 -2.00739 25
    endloop
  endfacet
  facet normal 0 0 -1
    outer loop
      vertex -2.42705 -1.76336 25
      vertex -2.42705 1.76336 25
      vertex -2.22943 2.00739 25
    endloop
  endfacet
  facet normal 0 0 -1
    outer loop
      vertex -2.59808 -1.5 25
      vertex -2.42705 1.76336 25
      vertex -2.42705 -1.76336 25
    endloop
  endfacet
  facet normal 0 0 -1
    outer loop
      vertex -2.59808 -1.5 25
      vertex -2.59808 1.5 25
      vertex -2.42705 1.76336 25
    endloop
  endfacet
  facet normal 0 0 -1
    outer loop
      vertex -2.74064 -1.22021 25
      vertex -2.59808 1.5 25
      vertex -2.59808 -1.5 25
    endloop
  endfacet
  facet normal 0 0 -1
    outer loop
      vertex -2.74064 -1.22021 25
      vertex -2.74064 1.22021 25
      vertex -2.59808 1.5 25
    endloop
  endfacet
  facet normal 0 0 -1
    outer loop
      vertex -2.85317 -0.927051 25
      vertex -2.74064 1.22021 25
      vertex -2.74064 -1.22021 25
    endloop
  endfacet
  facet normal 0 0 -1
    outer loop
      vertex -2.85317 -0.927051 25
      vertex -2.85317 0.927051 25
      vertex -2.74064 1.22021 25
    endloop
  endfacet
  facet normal 0 0 -1
    outer loop
      vertex -2.93444 -0.623734 25
      vertex -2.85317 0.927051 25
      vertex -2.85317 -0.927051 25
    endloop
  endfacet
  facet normal 0 0 -1
    outer loop
      vertex -2.93444 -0.623734 25
      vertex -2.93444 0.623734 25
      vertex -2.85317 0.927051 25
    endloop
  endfacet
  facet normal 0 0 -1
    outer loop
      vertex -2.98357 -0.313585 25
      vertex -2.93444 0.623734 25
      vertex -2.93444 -0.623734 25
    endloop
  endfacet
  facet normal 0 0 -1
    outer loop
      vertex -2.98357 -0.313585 25
      vertex -2.98357 0.313585 25
      vertex -2.93444 0.623734 25
    endloop
  endfacet
  facet normal 0 -0 -1
    outer loop
      vertex -2.98357 0.313585 25
      vertex -2.98357 -0.313585 25
      vertex -3 0 25
    endloop
  endfacet
  facet normal -0.156457 -0.987685 0
    outer loop
      vertex -0.623734 -2.93444 25
      vertex -0.313585 -2.98357 45
      vertex -0.623734 -2.93444 45
    endloop
  endfacet
  facet normal -0.156457 -0.987685 -0
    outer loop
      vertex -0.313585 -2.98357 45
      vertex -0.623734 -2.93444 25
      vertex -0.313585 -2.98357 25
    endloop
  endfacet
  facet normal -0.777133 0.629337 0
    outer loop
      vertex -2.42705 1.76336 25
      vertex -2.22943 2.00739 45
      vertex -2.22943 2.00739 25
    endloop
  endfacet
  facet normal -0.777133 0.629337 0
    outer loop
      vertex -2.22943 2.00739 45
      vertex -2.42705 1.76336 25
      vertex -2.42705 1.76336 45
    endloop
  endfacet
  facet normal -0.45399 0.891007 0
    outer loop
      vertex -1.22021 2.74064 25
      vertex -1.5 2.59808 45
      vertex -1.22021 2.74064 45
    endloop
  endfacet
  facet normal -0.45399 0.891007 0
    outer loop
      vertex -1.5 2.59808 45
      vertex -1.22021 2.74064 25
      vertex -1.5 2.59808 25
    endloop
  endfacet
  facet normal -0.358359 0.933584 0
    outer loop
      vertex -0.927051 2.85317 25
      vertex -1.22021 2.74064 45
      vertex -0.927051 2.85317 45
    endloop
  endfacet
  facet normal -0.358359 0.933584 0
    outer loop
      vertex -1.22021 2.74064 45
      vertex -0.927051 2.85317 25
      vertex -1.22021 2.74064 25
    endloop
  endfacet
  facet normal -0.933584 -0.358359 0
    outer loop
      vertex -2.74064 -1.22021 25
      vertex -2.85317 -0.927051 45
      vertex -2.85317 -0.927051 25
    endloop
  endfacet
  facet normal -0.933584 -0.358359 0
    outer loop
      vertex -2.85317 -0.927051 45
      vertex -2.74064 -1.22021 25
      vertex -2.74064 -1.22021 45
    endloop
  endfacet
  facet normal -0.544644 -0.838668 0
    outer loop
      vertex -1.76336 -2.42705 25
      vertex -1.5 -2.59808 45
      vertex -1.76336 -2.42705 45
    endloop
  endfacet
  facet normal -0.544644 -0.838668 -0
    outer loop
      vertex -1.5 -2.59808 45
      vertex -1.76336 -2.42705 25
      vertex -1.5 -2.59808 25
    endloop
  endfacet
  facet normal 0 0 1
    outer loop
      vertex 2.98357 0.313585 45
      vertex 2.98357 -0.313585 45
      vertex 3 0 45
    endloop
  endfacet
  facet normal 0 0 1
    outer loop
      vertex 2.93444 0.623734 45
      vertex 2.98357 -0.313585 45
      vertex 2.98357 0.313585 45
    endloop
  endfacet
  facet normal 0 0 1
    outer loop
      vertex 2.93444 0.623734 45
      vertex 2.93444 -0.623734 45
      vertex 2.98357 -0.313585 45
    endloop
  endfacet
  facet normal 0 0 1
    outer loop
      vertex 2.85317 0.927051 45
      vertex 2.93444 -0.623734 45
      vertex 2.93444 0.623734 45
    endloop
  endfacet
  facet normal 0 0 1
    outer loop
      vertex 2.85317 0.927051 45
      vertex 2.85317 -0.927051 45
      vertex 2.93444 -0.623734 45
    endloop
  endfacet
  facet normal 0 0 1
    outer loop
      vertex 2.74064 1.22021 45
      vertex 2.85317 -0.927051 45
      vertex 2.85317 0.927051 45
    endloop
  endfacet
  facet normal 0 0 1
    outer loop
      vertex 2.74064 1.22021 45
      vertex 2.74064 -1.22021 45
      vertex 2.85317 -0.927051 45
    endloop
  endfacet
  facet normal 0 0 1
    outer loop
      vertex 2.59808 1.5 45
      vertex 2.74064 -1.22021 45
      vertex 2.74064 1.22021 45
    endloop
  endfacet
  facet normal 0 0 1
    outer loop
      vertex 2.59808 1.5 45
      vertex 2.59808 -1.5 45
      vertex 2.74064 -1.22021 45
    endloop
  endfacet
  facet normal 0 0 1
    outer loop
      vertex 2.42705 1.76336 45
      vertex 2.59808 -1.5 45
      vertex 2.59808 1.5 45
    endloop
  endfacet
  facet normal 0 0 1
    outer loop
      vertex 2.42705 1.76336 45
      vertex 2.42705 -1.76336 45
      vertex 2.59808 -1.5 45
    endloop
  endfacet
  facet normal 0 0 1
    outer loop
      vertex 2.22943 2.00739 45
      vertex 2.42705 -1.76336 45
      vertex 2.42705 1.76336 45
    endloop
  endfacet
  facet normal 0 0 1
    outer loop
      vertex 2.22943 2.00739 45
      vertex 2.22943 -2.00739 45
      vertex 2.42705 -1.76336 45
    endloop
  endfacet
  facet normal 0 0 1
    outer loop
      vertex 2.00739 2.22943 45
      vertex 2.22943 -2.00739 45
      vertex 2.22943 2.00739 45
    endloop
  endfacet
  facet normal 0 0 1
    outer loop
      vertex 2.00739 2.22943 45
      vertex 2.00739 -2.22943 45
      vertex 2.22943 -2.00739 45
    endloop
  endfacet
  facet normal 0 0 1
    outer loop
      vertex 1.76336 2.42705 45
      vertex 2.00739 -2.22943 45
      vertex 2.00739 2.22943 45
    endloop
  endfacet
  facet normal 0 0 1
    outer loop
      vertex 1.76336 2.42705 45
      vertex 1.76336 -2.42705 45
      vertex 2.00739 -2.22943 45
    endloop
  endfacet
  facet normal 0 0 1
    outer loop
      vertex 1.5 2.59808 45
      vertex 1.76336 -2.42705 45
      vertex 1.76336 2.42705 45
    endloop
  endfacet
  facet normal 0 0 1
    outer loop
      vertex 1.5 2.59808 45
      vertex 1.5 -2.59808 45
      vertex 1.76336 -2.42705 45
    endloop
  endfacet
  facet normal 0 0 1
    outer loop
      vertex 1.22021 2.74064 45
      vertex 1.5 -2.59808 45
      vertex 1.5 2.59808 45
    endloop
  endfacet
  facet normal 0 0 1
    outer loop
      vertex 1.22021 2.74064 45
      vertex 1.22021 -2.74064 45
      vertex 1.5 -2.59808 45
    endloop
  endfacet
  facet normal 0 0 1
    outer loop
      vertex 0.927051 2.85317 45
      vertex 1.22021 -2.74064 45
      vertex 1.22021 2.74064 45
    endloop
  endfacet
  facet normal 0 0 1
    outer loop
      vertex 0.927051 2.85317 45
      vertex 0.927051 -2.85317 45
      vertex 1.22021 -2.74064 45
    endloop
  endfacet
  facet normal 0 0 1
    outer loop
      vertex 0.623734 2.93444 45
      vertex 0.927051 -2.85317 45
      vertex 0.927051 2.85317 45
    endloop
  endfacet
  facet normal 0 0 1
    outer loop
      vertex 0.623734 2.93444 45
      vertex 0.623734 -2.93444 45
      vertex 0.927051 -2.85317 45
    endloop
  endfacet
  facet normal 0 0 1
    outer loop
      vertex 0.313585 2.98357 45
      vertex 0.623734 -2.93444 45
      vertex 0.623734 2.93444 45
    endloop
  endfacet
  facet normal 0 0 1
    outer loop
      vertex 0.313585 2.98357 45
      vertex 0.313585 -2.98357 45
      vertex 0.623734 -2.93444 45
    endloop
  endfacet
  facet normal 0 0 1
    outer loop
      vertex 0 3 45
      vertex 0.313585 -2.98357 45
      vertex 0.313585 2.98357 45
    endloop
  endfacet
  facet normal 0 0 1
    outer loop
      vertex 0 3 45
      vertex 0 -3 45
      vertex 0.313585 -2.98357 45
    endloop
  endfacet
  facet normal -0 0 1
    outer loop
      vertex -0.313585 2.98357 45
      vertex 0 -3 45
      vertex 0 3 45
    endloop
  endfacet
  facet normal 0 0 1
    outer loop
      vertex -0.313585 2.98357 45
      vertex -0.313585 -2.98357 45
      vertex 0 -3 45
    endloop
  endfacet
  facet normal -0 0 1
    outer loop
      vertex -0.623734 2.93444 45
      vertex -0.313585 -2.98357 45
      vertex -0.313585 2.98357 45
    endloop
  endfacet
  facet normal 0 0 1
    outer loop
      vertex -0.623734 2.93444 45
      vertex -0.623734 -2.93444 45
      vertex -0.313585 -2.98357 45
    endloop
  endfacet
  facet normal -0 0 1
    outer loop
      vertex -0.927051 2.85317 45
      vertex -0.623734 -2.93444 45
      vertex -0.623734 2.93444 45
    endloop
  endfacet
  facet normal 0 0 1
    outer loop
      vertex -0.927051 2.85317 45
      vertex -0.927051 -2.85317 45
      vertex -0.623734 -2.93444 45
    endloop
  endfacet
  facet normal -0 0 1
    outer loop
      vertex -1.22021 2.74064 45
      vertex -0.927051 -2.85317 45
      vertex -0.927051 2.85317 45
    endloop
  endfacet
  facet normal 0 0 1
    outer loop
      vertex -1.22021 2.74064 45
      vertex -1.22021 -2.74064 45
      vertex -0.927051 -2.85317 45
    endloop
  endfacet
  facet normal -0 0 1
    outer loop
      vertex -1.5 2.59808 45
      vertex -1.22021 -2.74064 45
      vertex -1.22021 2.74064 45
    endloop
  endfacet
  facet normal 0 0 1
    outer loop
      vertex -1.5 2.59808 45
      vertex -1.5 -2.59808 45
      vertex -1.22021 -2.74064 45
    endloop
  endfacet
  facet normal -0 0 1
    outer loop
      vertex -1.76336 2.42705 45
      vertex -1.5 -2.59808 45
      vertex -1.5 2.59808 45
    endloop
  endfacet
  facet normal 0 0 1
    outer loop
      vertex -1.76336 2.42705 45
      vertex -1.76336 -2.42705 45
      vertex -1.5 -2.59808 45
    endloop
  endfacet
  facet normal -0 0 1
    outer loop
      vertex -2.00739 2.22943 45
      vertex -1.76336 -2.42705 45
      vertex -1.76336 2.42705 45
    endloop
  endfacet
  facet normal 0 0 1
    outer loop
      vertex -2.00739 2.22943 45
      vertex -2.00739 -2.22943 45
      vertex -1.76336 -2.42705 45
    endloop
  endfacet
  facet normal -0 0 1
    outer loop
      vertex -2.22943 2.00739 45
      vertex -2.00739 -2.22943 45
      vertex -2.00739 2.22943 45
    endloop
  endfacet
  facet normal 0 0 1
    outer loop
      vertex -2.22943 2.00739 45
      vertex -2.22943 -2.00739 45
      vertex -2.00739 -2.22943 45
    endloop
  endfacet
  facet normal -0 0 1
    outer loop
      vertex -2.42705 1.76336 45
      vertex -2.22943 -2.00739 45
      vertex -2.22943 2.00739 45
    endloop
  endfacet
  facet normal 0 0 1
    outer loop
      vertex -2.42705 1.76336 45
      vertex -2.42705 -1.76336 45
      vertex -2.22943 -2.00739 45
    endloop
  endfacet
  facet normal -0 0 1
    outer loop
      vertex -2.59808 1.5 45
      vertex -2.42705 -1.76336 45
      vertex -2.42705 1.76336 45
    endloop
  endfacet
  facet normal 0 0 1
    outer loop
      vertex -2.59808 1.5 45
      vertex -2.59808 -1.5 45
      vertex -2.42705 -1.76336 45
    endloop
  endfacet
  facet normal -0 0 1
    outer loop
      vertex -2.74064 1.22021 45
      vertex -2.59808 -1.5 45
      vertex -2.59808 1.5 45
    endloop
  endfacet
  facet normal 0 0 1
    outer loop
      vertex -2.74064 1.22021 45
      vertex -2.74064 -1.22021 45
      vertex -2.59808 -1.5 45
    endloop
  endfacet
  facet normal -0 0 1
    outer loop
      vertex -2.85317 0.927051 45
      vertex -2.74064 -1.22021 45
      vertex -2.74064 1.22021 45
    endloop
  endfacet
  facet normal 0 0 1
    outer loop
      vertex -2.85317 0.927051 45
      vertex -2.85317 -0.927051 45
      vertex -2.74064 -1.22021 45
    endloop
  endfacet
  facet normal -0 0 1
    outer loop
      vertex -2.93444 0.623734 45
      vertex -2.85317 -0.927051 45
      vertex -2.85317 0.927051 45
    endloop
  endfacet
  facet normal 0 0 1
    outer loop
      vertex -2.93444 0.623734 45
      vertex -2.93444 -0.623734 45
      vertex -2.85317 -0.927051 45
    endloop
  endfacet
  facet normal -0 0 1
    outer loop
      vertex -2.98357 0.313585 45
      vertex -2.93444 -0.623734 45
      vertex -2.93444 0.623734 45
    endloop
  endfacet
  facet normal 0 0 1
    outer loop
      vertex -2.98357 0.313585 45
      vertex -2.98357 -0.313585 45
      vertex -2.93444 -0.623734 45
    endloop
  endfacet
  facet normal 0 -0 1
    outer loop
      vertex -2.98357 -0.313585 45
      vertex -2.98357 0.313585 45
      vertex -3 0 45
    endloop
  endfacet
  facet normal 0 0 -1
    outer loop
      vertex -95.75 -0.5 -6
      vertex -94.25 3.5 -6
      vertex -94.25 -0.5 -6
    endloop
  endfacet
  facet normal -0 0 -1
    outer loop
      vertex -94.25 3.5 -6
      vertex -95.75 -0.5 -6
      vertex -95.75 3.5 -6
    endloop
  endfacet
  facet normal 1 0 0
    outer loop
      vertex -94.25 1.49178 10.3432
      vertex -94.25 3.5 14
      vertex -94.25 1.5 10.5
    endloop
  endfacet
  facet normal 1 0 0
    outer loop
      vertex -94.25 3.5 14
      vertex -94.25 1.49178 10.6568
      vertex -94.25 1.5 10.5
    endloop
  endfacet
  facet normal 1 0 0
    outer loop
      vertex -94.25 3.5 14
      vertex -94.25 1.46722 10.8119
      vertex -94.25 1.49178 10.6568
    endloop
  endfacet
  facet normal 1 0 0
    outer loop
      vertex -94.25 3.5 14
      vertex -94.25 1.42658 10.9635
      vertex -94.25 1.46722 10.8119
    endloop
  endfacet
  facet normal 1 0 0
    outer loop
      vertex -94.25 3.5 14
      vertex -94.25 1.37032 11.1101
      vertex -94.25 1.42658 10.9635
    endloop
  endfacet
  facet normal 1 0 0
    outer loop
      vertex -94.25 3.5 14
      vertex -94.25 1.29904 11.25
      vertex -94.25 1.37032 11.1101
    endloop
  endfacet
  facet normal 1 0 0
    outer loop
      vertex -94.25 3.5 14
      vertex -94.25 1.21352 11.3817
      vertex -94.25 1.29904 11.25
    endloop
  endfacet
  facet normal 1 0 0
    outer loop
      vertex -94.25 3.5 14
      vertex -94.25 1.11472 11.5037
      vertex -94.25 1.21352 11.3817
    endloop
  endfacet
  facet normal 1 0 0
    outer loop
      vertex -94.25 3.5 14
      vertex -94.25 1.0037 11.6147
      vertex -94.25 1.11472 11.5037
    endloop
  endfacet
  facet normal 1 0 0
    outer loop
      vertex -94.25 3.5 14
      vertex -94.25 0.881678 11.7135
      vertex -94.25 1.0037 11.6147
    endloop
  endfacet
  facet normal 1 0 0
    outer loop
      vertex -94.25 3.5 14
      vertex -94.25 0.75 11.799
      vertex -94.25 0.881678 11.7135
    endloop
  endfacet
  facet normal 1 0 0
    outer loop
      vertex -94.25 3.5 14
      vertex -94.25 0.610105 11.8703
      vertex -94.25 0.75 11.799
    endloop
  endfacet
  facet normal 1 -0 0
    outer loop
      vertex -94.25 -0.5 14
      vertex -94.25 0.610105 11.8703
      vertex -94.25 3.5 14
    endloop
  endfacet
  facet normal 1 0 0
    outer loop
      vertex -94.25 0.610105 11.8703
      vertex -94.25 -0.5 14
      vertex -94.25 0.463525 11.9266
    endloop
  endfacet
  facet normal 1 0 0
    outer loop
      vertex -94.25 0.463525 11.9266
      vertex -94.25 -0.5 14
      vertex -94.25 0.311867 11.9672
    endloop
  endfacet
  facet normal 1 0 0
    outer loop
      vertex -94.25 0.311867 11.9672
      vertex -94.25 -0.5 14
      vertex -94.25 0.156793 11.9918
    endloop
  endfacet
  facet normal 1 0 0
    outer loop
      vertex -94.25 0.156793 11.9918
      vertex -94.25 -0.5 14
      vertex -94.25 0 12
    endloop
  endfacet
  facet normal 1 0 0
    outer loop
      vertex -94.25 0 12
      vertex -94.25 -0.5 14
      vertex -94.25 -0.156793 11.9918
    endloop
  endfacet
  facet normal 1 0 0
    outer loop
      vertex -94.25 -0.156793 11.9918
      vertex -94.25 -0.5 14
      vertex -94.25 -0.311867 11.9672
    endloop
  endfacet
  facet normal 1 0 0
    outer loop
      vertex -94.25 -0.311867 11.9672
      vertex -94.25 -0.5 14
      vertex -94.25 -0.463525 11.9266
    endloop
  endfacet
  facet normal 1 0 0
    outer loop
      vertex -94.25 -0.463525 11.9266
      vertex -94.25 -0.5 14
      vertex -94.25 -0.5 11.9126
    endloop
  endfacet
  facet normal 1 0 0
    outer loop
      vertex -94.25 1.46722 10.1881
      vertex -94.25 3.5 14
      vertex -94.25 1.49178 10.3432
    endloop
  endfacet
  facet normal 1 0 0
    outer loop
      vertex -94.25 1.42658 10.0365
      vertex -94.25 3.5 14
      vertex -94.25 1.46722 10.1881
    endloop
  endfacet
  facet normal 1 0 0
    outer loop
      vertex -94.25 3.5 14
      vertex -94.25 1.42658 10.0365
      vertex -94.25 3.5 -6
    endloop
  endfacet
  facet normal 1 -0 0
    outer loop
      vertex -94.25 1.37032 9.8899
      vertex -94.25 3.5 -6
      vertex -94.25 1.42658 10.0365
    endloop
  endfacet
  facet normal 1 -0 0
    outer loop
      vertex -94.25 1.29904 9.75
      vertex -94.25 3.5 -6
      vertex -94.25 1.37032 9.8899
    endloop
  endfacet
  facet normal 1 -0 0
    outer loop
      vertex -94.25 1.21352 9.61832
      vertex -94.25 3.5 -6
      vertex -94.25 1.29904 9.75
    endloop
  endfacet
  facet normal 1 -0 0
    outer loop
      vertex -94.25 1.11472 9.4963
      vertex -94.25 3.5 -6
      vertex -94.25 1.21352 9.61832
    endloop
  endfacet
  facet normal 1 -0 0
    outer loop
      vertex -94.25 1.0037 9.38528
      vertex -94.25 3.5 -6
      vertex -94.25 1.11472 9.4963
    endloop
  endfacet
  facet normal 1 -0 0
    outer loop
      vertex -94.25 0.881678 9.28648
      vertex -94.25 3.5 -6
      vertex -94.25 1.0037 9.38528
    endloop
  endfacet
  facet normal 1 -0 0
    outer loop
      vertex -94.25 0.75 9.20096
      vertex -94.25 3.5 -6
      vertex -94.25 0.881678 9.28648
    endloop
  endfacet
  facet normal 1 -0 0
    outer loop
      vertex -94.25 0.610105 9.12968
      vertex -94.25 3.5 -6
      vertex -94.25 0.75 9.20096
    endloop
  endfacet
  facet normal 1 -0 0
    outer loop
      vertex -94.25 0.463525 9.07342
      vertex -94.25 3.5 -6
      vertex -94.25 0.610105 9.12968
    endloop
  endfacet
  facet normal 1 -0 0
    outer loop
      vertex -94.25 0.311867 9.03278
      vertex -94.25 3.5 -6
      vertex -94.25 0.463525 9.07342
    endloop
  endfacet
  facet normal 1 -0 0
    outer loop
      vertex -94.25 0.156793 9.00822
      vertex -94.25 3.5 -6
      vertex -94.25 0.311867 9.03278
    endloop
  endfacet
  facet normal 1 0 0
    outer loop
      vertex -94.25 -0.5 -6
      vertex -94.25 0.156793 9.00822
      vertex -94.25 0 9
    endloop
  endfacet
  facet normal 1 0 0
    outer loop
      vertex -94.25 -0.5 -6
      vertex -94.25 0 9
      vertex -94.25 -0.156793 9.00822
    endloop
  endfacet
  facet normal 1 0 0
    outer loop
      vertex -94.25 -0.5 -6
      vertex -94.25 -0.156793 9.00822
      vertex -94.25 -0.311867 9.03278
    endloop
  endfacet
  facet normal 1 0 0
    outer loop
      vertex -94.25 -0.5 -6
      vertex -94.25 -0.311867 9.03278
      vertex -94.25 -0.463525 9.07342
    endloop
  endfacet
  facet normal 1 0 0
    outer loop
      vertex -94.25 -0.5 -6
      vertex -94.25 -0.463525 9.07342
      vertex -94.25 -0.5 9.08742
    endloop
  endfacet
  facet normal 1 0 0
    outer loop
      vertex -94.25 0.156793 9.00822
      vertex -94.25 -0.5 -6
      vertex -94.25 3.5 -6
    endloop
  endfacet
  facet normal -1 0 0
    outer loop
      vertex -95.75 -0.5 -6
      vertex -95.75 3.5 14
      vertex -95.75 3.5 -6
    endloop
  endfacet
  facet normal -1 -0 0
    outer loop
      vertex -95.75 3.5 14
      vertex -95.75 -0.5 -6
      vertex -95.75 -0.5 14
    endloop
  endfacet
  facet normal -0 0 1
    outer loop
      vertex -95.75 3.5 14
      vertex -94.25 -0.5 14
      vertex -94.25 3.5 14
    endloop
  endfacet
  facet normal 0 0 1
    outer loop
      vertex -94.25 -0.5 14
      vertex -95.75 3.5 14
      vertex -95.75 -0.5 14
    endloop
  endfacet
  facet normal 0 1 -0
    outer loop
      vertex -94.25 3.5 -6
      vertex -95.75 3.5 14
      vertex -94.25 3.5 14
    endloop
  endfacet
  facet normal 0 1 0
    outer loop
      vertex -95.75 3.5 14
      vertex -94.25 3.5 -6
      vertex -95.75 3.5 -6
    endloop
  endfacet
  facet normal 0 -1 0
    outer loop
      vertex -95.75 -0.5 14
      vertex -95 -0.5 11.9126
      vertex -94.25 -0.5 14
    endloop
  endfacet
  facet normal 0 -1 0
    outer loop
      vertex -95.75 -0.5 14
      vertex -95 -0.5 9.08742
      vertex -95 -0.5 11.9126
    endloop
  endfacet
  facet normal 0 -1 0
    outer loop
      vertex -95.75 -0.5 -6
      vertex -95 -0.5 9.08742
      vertex -95.75 -0.5 14
    endloop
  endfacet
  facet normal 0 -1 0
    outer loop
      vertex -94.25 -0.5 -6
      vertex -95 -0.5 9.08742
      vertex -95.75 -0.5 -6
    endloop
  endfacet
  facet normal 0 -1 0
    outer loop
      vertex -95 -0.5 9.08742
      vertex -94.25 -0.5 -6
      vertex -94.25 -0.5 9.08742
    endloop
  endfacet
  facet normal 0 -1 -0
    outer loop
      vertex -94.25 -0.5 14
      vertex -95 -0.5 11.9126
      vertex -94.25 -0.5 11.9126
    endloop
  endfacet
  facet normal 1 -0 0
    outer loop
      vertex -94.25 -0.5 37
      vertex -94.25 3.5 17
      vertex -94.25 3.5 37
    endloop
  endfacet
  facet normal 1 0 0
    outer loop
      vertex -94.25 3.5 17
      vertex -94.25 -0.5 37
      vertex -94.25 -0.5 17
    endloop
  endfacet
  facet normal 0 0 -1
    outer loop
      vertex -95.75 -0.5 17
      vertex -94.25 3.5 17
      vertex -94.25 -0.5 17
    endloop
  endfacet
  facet normal -0 0 -1
    outer loop
      vertex -94.25 3.5 17
      vertex -95.75 -0.5 17
      vertex -95.75 3.5 17
    endloop
  endfacet
  facet normal -1 0 0
    outer loop
      vertex -95.75 -0.5 17
      vertex -95.75 3.5 37
      vertex -95.75 3.5 17
    endloop
  endfacet
  facet normal -1 -0 0
    outer loop
      vertex -95.75 3.5 37
      vertex -95.75 -0.5 17
      vertex -95.75 -0.5 37
    endloop
  endfacet
  facet normal 0 1 -0
    outer loop
      vertex -94.25 3.5 17
      vertex -95.75 3.5 37
      vertex -94.25 3.5 37
    endloop
  endfacet
  facet normal 0 1 0
    outer loop
      vertex -95.75 3.5 37
      vertex -94.25 3.5 17
      vertex -95.75 3.5 17
    endloop
  endfacet
  facet normal 0 -1 0
    outer loop
      vertex -95.75 -0.5 17
      vertex -94.25 -0.5 37
      vertex -95.75 -0.5 37
    endloop
  endfacet
  facet normal 0 -1 -0
    outer loop
      vertex -94.25 -0.5 37
      vertex -95.75 -0.5 17
      vertex -94.25 -0.5 17
    endloop
  endfacet
  facet normal -0 0 1
    outer loop
      vertex -95.75 3.5 37
      vertex -94.25 -0.5 37
      vertex -94.25 3.5 37
    endloop
  endfacet
  facet normal 0 0 1
    outer loop
      vertex -94.25 -0.5 37
      vertex -95.75 3.5 37
      vertex -95.75 -0.5 37
    endloop
  endfacet
  facet normal 0 0.156426 -0.98769
    outer loop
      vertex -94.25 0.156793 9.00822
      vertex -94 0.311867 9.03278
      vertex -94 0.156793 9.00822
    endloop
  endfacet
  facet normal 0 0.156426 -0.98769
    outer loop
      vertex -94 0.311867 9.03278
      vertex -94.25 0.156793 9.00822
      vertex -94.25 0.311867 9.03278
    endloop
  endfacet
  facet normal 0 -0.45399 -0.891007
    outer loop
      vertex -95 -0.75 9.20096
      vertex -94 -0.610105 9.12968
      vertex -94 -0.75 9.20096
    endloop
  endfacet
  facet normal -0 -0.45399 -0.891007
    outer loop
      vertex -94 -0.610105 9.12968
      vertex -95 -0.75 9.20096
      vertex -95 -0.610105 9.12968
    endloop
  endfacet
  facet normal -0 0.454091 0.890955
    outer loop
      vertex -94.25 0.75 11.799
      vertex -94 0.610105 11.8703
      vertex -94 0.75 11.799
    endloop
  endfacet
  facet normal 0 0.454091 0.890955
    outer loop
      vertex -94 0.610105 11.8703
      vertex -94.25 0.75 11.799
      vertex -94.25 0.610105 11.8703
    endloop
  endfacet
  facet normal 0 0.707107 -0.707107
    outer loop
      vertex -94 1.0037 9.38528
      vertex -94.25 1.11472 9.4963
      vertex -94 1.11472 9.4963
    endloop
  endfacet
  facet normal 0 0.707107 -0.707107
    outer loop
      vertex -94.25 1.11472 9.4963
      vertex -94 1.0037 9.38528
      vertex -94.25 1.0037 9.38528
    endloop
  endfacet
  facet normal 0 0.629276 -0.777182
    outer loop
      vertex -94.25 0.881678 9.28648
      vertex -94 1.0037 9.38528
      vertex -94 0.881678 9.28648
    endloop
  endfacet
  facet normal 0 0.629276 -0.777182
    outer loop
      vertex -94 1.0037 9.38528
      vertex -94.25 0.881678 9.28648
      vertex -94.25 1.0037 9.38528
    endloop
  endfacet
  facet normal 0 0.544672 -0.838649
    outer loop
      vertex -94.25 0.75 9.20096
      vertex -94 0.881678 9.28648
      vertex -94 0.75 9.20096
    endloop
  endfacet
  facet normal 0 0.544672 -0.838649
    outer loop
      vertex -94 0.881678 9.28648
      vertex -94.25 0.75 9.20096
      vertex -94.25 0.881678 9.28648
    endloop
  endfacet
  facet normal 0 -0.965896 -0.258931
    outer loop
      vertex -95 -1.42658 10.0365
      vertex -94 -1.46722 10.1881
      vertex -95 -1.46722 10.1881
    endloop
  endfacet
  facet normal 0 -0.965896 -0.258931
    outer loop
      vertex -94 -1.46722 10.1881
      vertex -95 -1.42658 10.0365
      vertex -94 -1.42658 10.0365
    endloop
  endfacet
  facet normal 0 0.933611 -0.358288
    outer loop
      vertex -94 1.37032 9.8899
      vertex -94.25 1.42658 10.0365
      vertex -94 1.42658 10.0365
    endloop
  endfacet
  facet normal 0 0.933611 -0.358288
    outer loop
      vertex -94.25 1.42658 10.0365
      vertex -94 1.37032 9.8899
      vertex -94.25 1.37032 9.8899
    endloop
  endfacet
  facet normal -0 0.156675 0.98765
    outer loop
      vertex -94.25 0.311867 11.9672
      vertex -94 0.156793 11.9918
      vertex -94 0.311867 11.9672
    endloop
  endfacet
  facet normal 0 0.156675 0.98765
    outer loop
      vertex -94 0.156793 11.9918
      vertex -94.25 0.311867 11.9672
      vertex -94.25 0.156793 11.9918
    endloop
  endfacet
  facet normal -1 0 0
    outer loop
      vertex -95 -0.75 9.20096
      vertex -95 -0.5 9.08742
      vertex -95 -0.610105 9.12968
    endloop
  endfacet
  facet normal -1 0 0
    outer loop
      vertex -95 -0.5 9.08742
      vertex -95 -0.75 9.20096
      vertex -95 -0.5 11.9126
    endloop
  endfacet
  facet normal -1 0 0
    outer loop
      vertex -95 -0.75 11.799
      vertex -95 -0.5 11.9126
      vertex -95 -0.75 9.20096
    endloop
  endfacet
  facet normal -1 0 0
    outer loop
      vertex -95 -0.5 11.9126
      vertex -95 -0.75 11.799
      vertex -95 -0.610105 11.8703
    endloop
  endfacet
  facet normal -1 0 0
    outer loop
      vertex -95 -0.881678 9.28648
      vertex -95 -0.75 11.799
      vertex -95 -0.75 9.20096
    endloop
  endfacet
  facet normal -1 0 0
    outer loop
      vertex -95 -0.881678 9.28648
      vertex -95 -0.881678 11.7135
      vertex -95 -0.75 11.799
    endloop
  endfacet
  facet normal -1 0 0
    outer loop
      vertex -95 -1.0037 9.38528
      vertex -95 -0.881678 11.7135
      vertex -95 -0.881678 9.28648
    endloop
  endfacet
  facet normal -1 0 0
    outer loop
      vertex -95 -1.0037 9.38528
      vertex -95 -1.0037 11.6147
      vertex -95 -0.881678 11.7135
    endloop
  endfacet
  facet normal -1 0 0
    outer loop
      vertex -95 -1.11472 9.4963
      vertex -95 -1.0037 11.6147
      vertex -95 -1.0037 9.38528
    endloop
  endfacet
  facet normal -1 0 0
    outer loop
      vertex -95 -1.11472 9.4963
      vertex -95 -1.11472 11.5037
      vertex -95 -1.0037 11.6147
    endloop
  endfacet
  facet normal -1 0 0
    outer loop
      vertex -95 -1.21352 9.61832
      vertex -95 -1.11472 11.5037
      vertex -95 -1.11472 9.4963
    endloop
  endfacet
  facet normal -1 0 0
    outer loop
      vertex -95 -1.21352 9.61832
      vertex -95 -1.21352 11.3817
      vertex -95 -1.11472 11.5037
    endloop
  endfacet
  facet normal -1 0 0
    outer loop
      vertex -95 -1.29904 9.75
      vertex -95 -1.21352 11.3817
      vertex -95 -1.21352 9.61832
    endloop
  endfacet
  facet normal -1 0 0
    outer loop
      vertex -95 -1.29904 9.75
      vertex -95 -1.29904 11.25
      vertex -95 -1.21352 11.3817
    endloop
  endfacet
  facet normal -1 0 0
    outer loop
      vertex -95 -1.37032 9.8899
      vertex -95 -1.29904 11.25
      vertex -95 -1.29904 9.75
    endloop
  endfacet
  facet normal -1 0 0
    outer loop
      vertex -95 -1.37032 9.8899
      vertex -95 -1.37032 11.1101
      vertex -95 -1.29904 11.25
    endloop
  endfacet
  facet normal -1 0 0
    outer loop
      vertex -95 -1.42658 10.0365
      vertex -95 -1.37032 11.1101
      vertex -95 -1.37032 9.8899
    endloop
  endfacet
  facet normal -1 0 0
    outer loop
      vertex -95 -1.42658 10.0365
      vertex -95 -1.42658 10.9635
      vertex -95 -1.37032 11.1101
    endloop
  endfacet
  facet normal -1 0 0
    outer loop
      vertex -95 -1.46722 10.1881
      vertex -95 -1.42658 10.9635
      vertex -95 -1.42658 10.0365
    endloop
  endfacet
  facet normal -1 0 0
    outer loop
      vertex -95 -1.46722 10.1881
      vertex -95 -1.46722 10.8119
      vertex -95 -1.42658 10.9635
    endloop
  endfacet
  facet normal -1 0 0
    outer loop
      vertex -95 -1.49178 10.3432
      vertex -95 -1.46722 10.8119
      vertex -95 -1.46722 10.1881
    endloop
  endfacet
  facet normal -1 0 0
    outer loop
      vertex -95 -1.49178 10.3432
      vertex -95 -1.49178 10.6568
      vertex -95 -1.46722 10.8119
    endloop
  endfacet
  facet normal -1 0 -0
    outer loop
      vertex -95 -1.49178 10.6568
      vertex -95 -1.49178 10.3432
      vertex -95 -1.5 10.5
    endloop
  endfacet
  facet normal 0 0.891013 0.453977
    outer loop
      vertex -94 1.37032 11.1101
      vertex -94.25 1.29904 11.25
      vertex -94 1.29904 11.25
    endloop
  endfacet
  facet normal 0 0.891013 0.453977
    outer loop
      vertex -94.25 1.29904 11.25
      vertex -94 1.37032 11.1101
      vertex -94.25 1.37032 11.1101
    endloop
  endfacet
  facet normal 0 0.987694 0.156401
    outer loop
      vertex -94 1.49178 10.6568
      vertex -94.25 1.46722 10.8119
      vertex -94 1.46722 10.8119
    endloop
  endfacet
  facet normal 0 0.987694 0.156401
    outer loop
      vertex -94.25 1.46722 10.8119
      vertex -94 1.49178 10.6568
      vertex -94.25 1.49178 10.6568
    endloop
  endfacet
  facet normal 0 -0.987694 0.156401
    outer loop
      vertex -95 -1.49178 10.6568
      vertex -94 -1.46722 10.8119
      vertex -95 -1.46722 10.8119
    endloop
  endfacet
  facet normal 0 -0.987694 0.156401
    outer loop
      vertex -94 -1.46722 10.8119
      vertex -95 -1.49178 10.6568
      vertex -94 -1.49178 10.6568
    endloop
  endfacet
  facet normal 0 -0.454091 0.890955
    outer loop
      vertex -95 -0.610105 11.8703
      vertex -94 -0.75 11.799
      vertex -94 -0.610105 11.8703
    endloop
  endfacet
  facet normal 0 -0.454091 0.890955
    outer loop
      vertex -94 -0.75 11.799
      vertex -95 -0.610105 11.8703
      vertex -95 -0.75 11.799
    endloop
  endfacet
  facet normal 0 -0.933611 0.358288
    outer loop
      vertex -95 -1.42658 10.9635
      vertex -94 -1.37032 11.1101
      vertex -95 -1.37032 11.1101
    endloop
  endfacet
  facet normal 0 -0.933611 0.358288
    outer loop
      vertex -94 -1.37032 11.1101
      vertex -95 -1.42658 10.9635
      vertex -94 -1.42658 10.9635
    endloop
  endfacet
  facet normal 0 0.0523539 -0.998629
    outer loop
      vertex -94.25 0 9
      vertex -94 0.156793 9.00822
      vertex -94 0 9
    endloop
  endfacet
  facet normal 0 0.0523539 -0.998629
    outer loop
      vertex -94 0.156793 9.00822
      vertex -94.25 0 9
      vertex -94.25 0.156793 9.00822
    endloop
  endfacet
  facet normal 0 -0.998629 0.0523516
    outer loop
      vertex -95 -1.5 10.5
      vertex -94 -1.49178 10.6568
      vertex -95 -1.49178 10.6568
    endloop
  endfacet
  facet normal 0 -0.998629 0.0523516
    outer loop
      vertex -94 -1.49178 10.6568
      vertex -95 -1.5 10.5
      vertex -94 -1.5 10.5
    endloop
  endfacet
  facet normal 0 -0.358336 0.933593
    outer loop
      vertex -94.25 -0.5 11.9126
      vertex -94 -0.463525 11.9266
      vertex -94.25 -0.463525 11.9266
    endloop
  endfacet
  facet normal 3.62373e-05 -0.358552 0.93351
    outer loop
      vertex -94 -0.463525 11.9266
      vertex -94.25 -0.5 11.9126
      vertex -94 -0.610105 11.8703
    endloop
  endfacet
  facet normal 0 -0.358624 0.933482
    outer loop
      vertex -95 -0.610105 11.8703
      vertex -94.25 -0.5 11.9126
      vertex -95 -0.5 11.9126
    endloop
  endfacet
  facet normal 0 -0.358624 0.933482
    outer loop
      vertex -94.25 -0.5 11.9126
      vertex -95 -0.610105 11.8703
      vertex -94 -0.610105 11.8703
    endloop
  endfacet
  facet normal -0 0.358552 0.93351
    outer loop
      vertex -94.25 0.610105 11.8703
      vertex -94 0.463525 11.9266
      vertex -94 0.610105 11.8703
    endloop
  endfacet
  facet normal 0 0.358552 0.93351
    outer loop
      vertex -94 0.463525 11.9266
      vertex -94.25 0.610105 11.8703
      vertex -94.25 0.463525 11.9266
    endloop
  endfacet
  facet normal 0 -0.0523539 -0.998629
    outer loop
      vertex -94.25 -0.156793 9.00822
      vertex -94 0 9
      vertex -94 -0.156793 9.00822
    endloop
  endfacet
  facet normal -0 -0.0523539 -0.998629
    outer loop
      vertex -94 0 9
      vertex -94.25 -0.156793 9.00822
      vertex -94.25 0 9
    endloop
  endfacet
  facet normal 0 0.258839 -0.96592
    outer loop
      vertex -94.25 0.311867 9.03278
      vertex -94 0.463525 9.07342
      vertex -94 0.311867 9.03278
    endloop
  endfacet
  facet normal 0 0.258839 -0.96592
    outer loop
      vertex -94 0.463525 9.07342
      vertex -94.25 0.311867 9.03278
      vertex -94.25 0.463525 9.07342
    endloop
  endfacet
  facet normal 0 0.891013 -0.453977
    outer loop
      vertex -94 1.29904 9.75
      vertex -94.25 1.37032 9.8899
      vertex -94 1.37032 9.8899
    endloop
  endfacet
  facet normal 0 0.891013 -0.453977
    outer loop
      vertex -94.25 1.37032 9.8899
      vertex -94 1.29904 9.75
      vertex -94.25 1.29904 9.75
    endloop
  endfacet
  facet normal 0 -0.777177 -0.629283
    outer loop
      vertex -95 -1.11472 9.4963
      vertex -94 -1.21352 9.61832
      vertex -95 -1.21352 9.61832
    endloop
  endfacet
  facet normal 0 -0.777177 -0.629283
    outer loop
      vertex -94 -1.21352 9.61832
      vertex -95 -1.11472 9.4963
      vertex -94 -1.11472 9.4963
    endloop
  endfacet
  facet normal 0 0.35833 -0.933595
    outer loop
      vertex -94.25 0.463525 9.07342
      vertex -94 0.610105 9.12968
      vertex -94 0.463525 9.07342
    endloop
  endfacet
  facet normal 0 0.35833 -0.933595
    outer loop
      vertex -94 0.610105 9.12968
      vertex -94.25 0.463525 9.07342
      vertex -94.25 0.610105 9.12968
    endloop
  endfacet
  facet normal 0 -0.0522269 0.998635
    outer loop
      vertex -94.25 0 12
      vertex -94 -0.156793 11.9918
      vertex -94 0 12
    endloop
  endfacet
  facet normal 0 -0.0522269 0.998635
    outer loop
      vertex -94 -0.156793 11.9918
      vertex -94.25 0 12
      vertex -94.25 -0.156793 11.9918
    endloop
  endfacet
  facet normal 0 0.987694 -0.156401
    outer loop
      vertex -94 1.46722 10.1881
      vertex -94.25 1.49178 10.3432
      vertex -94 1.49178 10.3432
    endloop
  endfacet
  facet normal 0 0.987694 -0.156401
    outer loop
      vertex -94.25 1.49178 10.3432
      vertex -94 1.46722 10.1881
      vertex -94.25 1.46722 10.1881
    endloop
  endfacet
  facet normal 0 0.777126 0.629345
    outer loop
      vertex -94 1.21352 11.3817
      vertex -94.25 1.11472 11.5037
      vertex -94 1.11472 11.5037
    endloop
  endfacet
  facet normal 0 0.777126 0.629345
    outer loop
      vertex -94.25 1.11472 11.5037
      vertex -94 1.21352 11.3817
      vertex -94.25 1.21352 11.3817
    endloop
  endfacet
  facet normal 0 -0.998629 -0.0523516
    outer loop
      vertex -95 -1.49178 10.3432
      vertex -94 -1.5 10.5
      vertex -95 -1.5 10.5
    endloop
  endfacet
  facet normal 0 -0.998629 -0.0523516
    outer loop
      vertex -94 -1.5 10.5
      vertex -95 -1.49178 10.3432
      vertex -94 -1.49178 10.3432
    endloop
  endfacet
  facet normal 0 -0.987694 -0.156401
    outer loop
      vertex -95 -1.46722 10.1881
      vertex -94 -1.49178 10.3432
      vertex -95 -1.49178 10.3432
    endloop
  endfacet
  facet normal 0 -0.987694 -0.156401
    outer loop
      vertex -94 -1.49178 10.3432
      vertex -95 -1.46722 10.1881
      vertex -94 -1.46722 10.1881
    endloop
  endfacet
  facet normal 0 -0.629276 0.777182
    outer loop
      vertex -95 -0.881678 11.7135
      vertex -94 -1.0037 11.6147
      vertex -94 -0.881678 11.7135
    endloop
  endfacet
  facet normal 0 -0.629276 0.777182
    outer loop
      vertex -94 -1.0037 11.6147
      vertex -95 -0.881678 11.7135
      vertex -95 -1.0037 11.6147
    endloop
  endfacet
  facet normal 0 0.45399 -0.891007
    outer loop
      vertex -94.25 0.610105 9.12968
      vertex -94 0.75 9.20096
      vertex -94 0.610105 9.12968
    endloop
  endfacet
  facet normal 0 0.45399 -0.891007
    outer loop
      vertex -94 0.75 9.20096
      vertex -94.25 0.610105 9.12968
      vertex -94.25 0.75 9.20096
    endloop
  endfacet
  facet normal 0 -0.156426 -0.98769
    outer loop
      vertex -94.25 -0.311867 9.03278
      vertex -94 -0.156793 9.00822
      vertex -94 -0.311867 9.03278
    endloop
  endfacet
  facet normal -0 -0.156426 -0.98769
    outer loop
      vertex -94 -0.156793 9.00822
      vertex -94.25 -0.311867 9.03278
      vertex -94.25 -0.156793 9.00822
    endloop
  endfacet
  facet normal 0 0.965896 -0.258931
    outer loop
      vertex -94 1.42658 10.0365
      vertex -94.25 1.46722 10.1881
      vertex -94 1.46722 10.1881
    endloop
  endfacet
  facet normal 0 0.965896 -0.258931
    outer loop
      vertex -94.25 1.46722 10.1881
      vertex -94 1.42658 10.0365
      vertex -94.25 1.42658 10.0365
    endloop
  endfacet
  facet normal -0 0.0522269 0.998635
    outer loop
      vertex -94.25 0.156793 11.9918
      vertex -94 0 12
      vertex -94 0.156793 11.9918
    endloop
  endfacet
  facet normal 0 0.0522269 0.998635
    outer loop
      vertex -94 0 12
      vertex -94.25 0.156793 11.9918
      vertex -94.25 0 12
    endloop
  endfacet
  facet normal 0 -0.258601 0.965984
    outer loop
      vertex -94.25 -0.311867 11.9672
      vertex -94 -0.463525 11.9266
      vertex -94 -0.311867 11.9672
    endloop
  endfacet
  facet normal 0 -0.258601 0.965984
    outer loop
      vertex -94 -0.463525 11.9266
      vertex -94.25 -0.311867 11.9672
      vertex -94.25 -0.463525 11.9266
    endloop
  endfacet
  facet normal 0 0.965896 0.258931
    outer loop
      vertex -94 1.46722 10.8119
      vertex -94.25 1.42658 10.9635
      vertex -94 1.42658 10.9635
    endloop
  endfacet
  facet normal 0 0.965896 0.258931
    outer loop
      vertex -94.25 1.42658 10.9635
      vertex -94 1.46722 10.8119
      vertex -94.25 1.46722 10.8119
    endloop
  endfacet
  facet normal 0 -0.891013 -0.453977
    outer loop
      vertex -95 -1.29904 9.75
      vertex -94 -1.37032 9.8899
      vertex -95 -1.37032 9.8899
    endloop
  endfacet
  facet normal 0 -0.891013 -0.453977
    outer loop
      vertex -94 -1.37032 9.8899
      vertex -95 -1.29904 9.75
      vertex -94 -1.29904 9.75
    endloop
  endfacet
  facet normal 0 0.998629 0.0523516
    outer loop
      vertex -94 1.5 10.5
      vertex -94.25 1.49178 10.6568
      vertex -94 1.49178 10.6568
    endloop
  endfacet
  facet normal 0 0.998629 0.0523516
    outer loop
      vertex -94.25 1.49178 10.6568
      vertex -94 1.5 10.5
      vertex -94.25 1.5 10.5
    endloop
  endfacet
  facet normal 0 -0.629276 -0.777182
    outer loop
      vertex -95 -1.0037 9.38528
      vertex -94 -0.881678 9.28648
      vertex -94 -1.0037 9.38528
    endloop
  endfacet
  facet normal -0 -0.629276 -0.777182
    outer loop
      vertex -94 -0.881678 9.28648
      vertex -95 -1.0037 9.38528
      vertex -95 -0.881678 9.28648
    endloop
  endfacet
  facet normal -0 0.544582 0.838707
    outer loop
      vertex -94.25 0.881678 11.7135
      vertex -94 0.75 11.799
      vertex -94 0.881678 11.7135
    endloop
  endfacet
  facet normal 0 0.544582 0.838707
    outer loop
      vertex -94 0.75 11.799
      vertex -94.25 0.881678 11.7135
      vertex -94.25 0.75 11.799
    endloop
  endfacet
  facet normal 0 0.998629 -0.0523516
    outer loop
      vertex -94 1.49178 10.3432
      vertex -94.25 1.5 10.5
      vertex -94 1.5 10.5
    endloop
  endfacet
  facet normal 0 0.998629 -0.0523516
    outer loop
      vertex -94.25 1.5 10.5
      vertex -94 1.49178 10.3432
      vertex -94.25 1.49178 10.3432
    endloop
  endfacet
  facet normal 0 0.838653 -0.544666
    outer loop
      vertex -94 1.21352 9.61832
      vertex -94.25 1.29904 9.75
      vertex -94 1.29904 9.75
    endloop
  endfacet
  facet normal 0 0.838653 -0.544666
    outer loop
      vertex -94.25 1.29904 9.75
      vertex -94 1.21352 9.61832
      vertex -94.25 1.21352 9.61832
    endloop
  endfacet
  facet normal 0 0.777177 -0.629283
    outer loop
      vertex -94 1.11472 9.4963
      vertex -94.25 1.21352 9.61832
      vertex -94 1.21352 9.61832
    endloop
  endfacet
  facet normal 0 0.777177 -0.629283
    outer loop
      vertex -94.25 1.21352 9.61832
      vertex -94 1.11472 9.4963
      vertex -94.25 1.11472 9.4963
    endloop
  endfacet
  facet normal 0 0.838691 0.544608
    outer loop
      vertex -94 1.29904 11.25
      vertex -94.25 1.21352 11.3817
      vertex -94 1.21352 11.3817
    endloop
  endfacet
  facet normal 0 0.838691 0.544608
    outer loop
      vertex -94.25 1.21352 11.3817
      vertex -94 1.29904 11.25
      vertex -94.25 1.29904 11.25
    endloop
  endfacet
  facet normal 0 -0.544582 0.838707
    outer loop
      vertex -95 -0.75 11.799
      vertex -94 -0.881678 11.7135
      vertex -94 -0.75 11.799
    endloop
  endfacet
  facet normal 0 -0.544582 0.838707
    outer loop
      vertex -94 -0.881678 11.7135
      vertex -95 -0.75 11.799
      vertex -95 -0.881678 11.7135
    endloop
  endfacet
  facet normal 0 -0.544672 -0.838649
    outer loop
      vertex -95 -0.881678 9.28648
      vertex -94 -0.75 9.20096
      vertex -94 -0.881678 9.28648
    endloop
  endfacet
  facet normal -0 -0.544672 -0.838649
    outer loop
      vertex -94 -0.75 9.20096
      vertex -95 -0.881678 9.28648
      vertex -95 -0.75 9.20096
    endloop
  endfacet
  facet normal 0 -0.838691 0.544608
    outer loop
      vertex -95 -1.29904 11.25
      vertex -94 -1.21352 11.3817
      vertex -95 -1.21352 11.3817
    endloop
  endfacet
  facet normal 0 -0.838691 0.544608
    outer loop
      vertex -94 -1.21352 11.3817
      vertex -95 -1.29904 11.25
      vertex -94 -1.29904 11.25
    endloop
  endfacet
  facet normal -0 0.258601 0.965984
    outer loop
      vertex -94.25 0.463525 11.9266
      vertex -94 0.311867 11.9672
      vertex -94 0.463525 11.9266
    endloop
  endfacet
  facet normal 0 0.258601 0.965984
    outer loop
      vertex -94 0.311867 11.9672
      vertex -94.25 0.463525 11.9266
      vertex -94.25 0.311867 11.9672
    endloop
  endfacet
  facet normal 0 0.933611 0.358288
    outer loop
      vertex -94 1.42658 10.9635
      vertex -94.25 1.37032 11.1101
      vertex -94 1.37032 11.1101
    endloop
  endfacet
  facet normal 0 0.933611 0.358288
    outer loop
      vertex -94.25 1.37032 11.1101
      vertex -94 1.42658 10.9635
      vertex -94.25 1.42658 10.9635
    endloop
  endfacet
  facet normal 0 0.707043 0.70717
    outer loop
      vertex -94 1.11472 11.5037
      vertex -94.25 1.0037 11.6147
      vertex -94 1.0037 11.6147
    endloop
  endfacet
  facet normal 0 0.707043 0.70717
    outer loop
      vertex -94.25 1.0037 11.6147
      vertex -94 1.11472 11.5037
      vertex -94.25 1.11472 11.5037
    endloop
  endfacet
  facet normal 0 -0.891013 0.453977
    outer loop
      vertex -95 -1.37032 11.1101
      vertex -94 -1.29904 11.25
      vertex -95 -1.29904 11.25
    endloop
  endfacet
  facet normal 0 -0.891013 0.453977
    outer loop
      vertex -94 -1.29904 11.25
      vertex -95 -1.37032 11.1101
      vertex -94 -1.37032 11.1101
    endloop
  endfacet
  facet normal 0 -0.258839 -0.96592
    outer loop
      vertex -94.25 -0.463525 9.07342
      vertex -94 -0.311867 9.03278
      vertex -94 -0.463525 9.07342
    endloop
  endfacet
  facet normal -0 -0.258839 -0.96592
    outer loop
      vertex -94 -0.311867 9.03278
      vertex -94.25 -0.463525 9.07342
      vertex -94.25 -0.311867 9.03278
    endloop
  endfacet
  facet normal 0 -0.933611 -0.358288
    outer loop
      vertex -95 -1.37032 9.8899
      vertex -94 -1.42658 10.0365
      vertex -95 -1.42658 10.0365
    endloop
  endfacet
  facet normal 0 -0.933611 -0.358288
    outer loop
      vertex -94 -1.42658 10.0365
      vertex -95 -1.37032 9.8899
      vertex -94 -1.37032 9.8899
    endloop
  endfacet
  facet normal 0 -0.707107 -0.707107
    outer loop
      vertex -95 -1.0037 9.38528
      vertex -94 -1.11472 9.4963
      vertex -95 -1.11472 9.4963
    endloop
  endfacet
  facet normal 0 -0.707107 -0.707107
    outer loop
      vertex -94 -1.11472 9.4963
      vertex -95 -1.0037 9.38528
      vertex -94 -1.0037 9.38528
    endloop
  endfacet
  facet normal 0 -0.156675 0.98765
    outer loop
      vertex -94.25 -0.156793 11.9918
      vertex -94 -0.311867 11.9672
      vertex -94 -0.156793 11.9918
    endloop
  endfacet
  facet normal 0 -0.156675 0.98765
    outer loop
      vertex -94 -0.311867 11.9672
      vertex -94.25 -0.156793 11.9918
      vertex -94.25 -0.311867 11.9672
    endloop
  endfacet
  facet normal 0 -0.838653 -0.544666
    outer loop
      vertex -95 -1.21352 9.61832
      vertex -94 -1.29904 9.75
      vertex -95 -1.29904 9.75
    endloop
  endfacet
  facet normal 0 -0.838653 -0.544666
    outer loop
      vertex -94 -1.29904 9.75
      vertex -95 -1.21352 9.61832
      vertex -94 -1.21352 9.61832
    endloop
  endfacet
  facet normal 0 -0.965896 0.258931
    outer loop
      vertex -95 -1.46722 10.8119
      vertex -94 -1.42658 10.9635
      vertex -95 -1.42658 10.9635
    endloop
  endfacet
  facet normal 0 -0.965896 0.258931
    outer loop
      vertex -94 -1.42658 10.9635
      vertex -95 -1.46722 10.8119
      vertex -94 -1.46722 10.8119
    endloop
  endfacet
  facet normal -0 0.629276 0.777182
    outer loop
      vertex -94.25 1.0037 11.6147
      vertex -94 0.881678 11.7135
      vertex -94 1.0037 11.6147
    endloop
  endfacet
  facet normal 0 0.629276 0.777182
    outer loop
      vertex -94 0.881678 11.7135
      vertex -94.25 1.0037 11.6147
      vertex -94.25 0.881678 11.7135
    endloop
  endfacet
  facet normal 0 -0.707043 0.70717
    outer loop
      vertex -95 -1.11472 11.5037
      vertex -94 -1.0037 11.6147
      vertex -95 -1.0037 11.6147
    endloop
  endfacet
  facet normal 0 -0.707043 0.70717
    outer loop
      vertex -94 -1.0037 11.6147
      vertex -95 -1.11472 11.5037
      vertex -94 -1.11472 11.5037
    endloop
  endfacet
  facet normal -9.29901e-07 -0.35833 -0.933595
    outer loop
      vertex -94 -0.610105 9.12968
      vertex -94.25 -0.5 9.08742
      vertex -94 -0.463525 9.07342
    endloop
  endfacet
  facet normal 0 -0.358328 -0.933596
    outer loop
      vertex -95 -0.610105 9.12968
      vertex -94.25 -0.5 9.08742
      vertex -94 -0.610105 9.12968
    endloop
  endfacet
  facet normal -0 -0.358328 -0.933596
    outer loop
      vertex -94.25 -0.5 9.08742
      vertex -95 -0.610105 9.12968
      vertex -95 -0.5 9.08742
    endloop
  endfacet
  facet normal -0 -0.358336 -0.933593
    outer loop
      vertex -94 -0.463525 9.07342
      vertex -94.25 -0.5 9.08742
      vertex -94.25 -0.463525 9.07342
    endloop
  endfacet
  facet normal 0 -0.777126 0.629345
    outer loop
      vertex -95 -1.21352 11.3817
      vertex -94 -1.11472 11.5037
      vertex -95 -1.11472 11.5037
    endloop
  endfacet
  facet normal 0 -0.777126 0.629345
    outer loop
      vertex -94 -1.11472 11.5037
      vertex -95 -1.21352 11.3817
      vertex -94 -1.21352 11.3817
    endloop
  endfacet
  facet normal 0 -0.933653 0.358179
    outer loop
      vertex -15 -24.4021 -26.882
      vertex 15 -24.3271 -26.6865
      vertex -15 -24.3271 -26.6865
    endloop
  endfacet
  facet normal 0 -0.933653 0.358179
    outer loop
      vertex 15 -24.3271 -26.6865
      vertex -15 -24.4021 -26.882
      vertex 15 -24.4021 -26.882
    endloop
  endfacet
  facet normal 0 0.258911 -0.965901
    outer loop
      vertex -15 -22.0842 -29.4563
      vertex 15 -21.882 -29.4021
      vertex 15 -22.0842 -29.4563
    endloop
  endfacet
  facet normal 0 0.258911 -0.965901
    outer loop
      vertex 15 -21.882 -29.4021
      vertex -15 -22.0842 -29.4563
      vertex -15 -21.882 -29.4021
    endloop
  endfacet
  facet normal 0 -0.890864 0.454269
    outer loop
      vertex -15 -24.3271 -26.6865
      vertex 15 -24.232 -26.5
      vertex -15 -24.232 -26.5
    endloop
  endfacet
  facet normal 0 -0.890864 0.454269
    outer loop
      vertex 15 -24.232 -26.5
      vertex -15 -24.3271 -26.6865
      vertex 15 -24.3271 -26.6865
    endloop
  endfacet
  facet normal 0 0.891058 0.45389
    outer loop
      vertex 15 -20.6729 -26.6865
      vertex -15 -20.7679 -26.5
      vertex 15 -20.7679 -26.5
    endloop
  endfacet
  facet normal 0 0.891058 0.45389
    outer loop
      vertex -15 -20.7679 -26.5
      vertex 15 -20.6729 -26.6865
      vertex -15 -20.6729 -26.6865
    endloop
  endfacet
  facet normal 0 0.933653 -0.358179
    outer loop
      vertex 15 -20.6729 -28.3135
      vertex -15 -20.5979 -28.118
      vertex 15 -20.5979 -28.118
    endloop
  endfacet
  facet normal 0 0.933653 -0.358179
    outer loop
      vertex -15 -20.5979 -28.118
      vertex 15 -20.6729 -28.3135
      vertex -15 -20.6729 -28.3135
    endloop
  endfacet
  facet normal -0 0.156257 0.987716
    outer loop
      vertex -15 -22.0842 -25.5437
      vertex 15 -22.2909 -25.511
      vertex 15 -22.0842 -25.5437
    endloop
  endfacet
  facet normal 0 0.156257 0.987716
    outer loop
      vertex 15 -22.2909 -25.511
      vertex -15 -22.0842 -25.5437
      vertex -15 -22.2909 -25.511
    endloop
  endfacet
  facet normal 0 -0.45389 0.891058
    outer loop
      vertex -15 -23.3135 -25.6729
      vertex 15 -23.5 -25.7679
      vertex 15 -23.3135 -25.6729
    endloop
  endfacet
  facet normal 0 -0.45389 0.891058
    outer loop
      vertex 15 -23.5 -25.7679
      vertex -15 -23.3135 -25.6729
      vertex -15 -23.5 -25.7679
    endloop
  endfacet
  facet normal 0 -0.0525338 -0.998619
    outer loop
      vertex -15 -22.7091 -29.489
      vertex 15 -22.5 -29.5
      vertex 15 -22.7091 -29.489
    endloop
  endfacet
  facet normal -0 -0.0525338 -0.998619
    outer loop
      vertex 15 -22.5 -29.5
      vertex -15 -22.7091 -29.489
      vertex -15 -22.5 -29.5
    endloop
  endfacet
  facet normal 0 0.777267 0.629171
    outer loop
      vertex 15 -20.882 -26.3244
      vertex -15 -21.0137 -26.1617
      vertex 15 -21.0137 -26.1617
    endloop
  endfacet
  facet normal 0 0.777267 0.629171
    outer loop
      vertex -15 -21.0137 -26.1617
      vertex 15 -20.882 -26.3244
      vertex -15 -20.882 -26.3244
    endloop
  endfacet
  facet normal 0 0.0525338 -0.998619
    outer loop
      vertex -15 -22.5 -29.5
      vertex 15 -22.2909 -29.489
      vertex 15 -22.5 -29.5
    endloop
  endfacet
  facet normal 0 0.0525338 -0.998619
    outer loop
      vertex 15 -22.2909 -29.489
      vertex -15 -22.5 -29.5
      vertex -15 -22.2909 -29.489
    endloop
  endfacet
  facet normal 0 0.358179 -0.933653
    outer loop
      vertex -15 -21.882 -29.4021
      vertex 15 -21.6865 -29.3271
      vertex 15 -21.882 -29.4021
    endloop
  endfacet
  facet normal 0 0.358179 -0.933653
    outer loop
      vertex 15 -21.6865 -29.3271
      vertex -15 -21.882 -29.4021
      vertex -15 -21.6865 -29.3271
    endloop
  endfacet
  facet normal 0 -0.933653 -0.358179
    outer loop
      vertex -15 -24.3271 -28.3135
      vertex 15 -24.4021 -28.118
      vertex -15 -24.4021 -28.118
    endloop
  endfacet
  facet normal 0 -0.933653 -0.358179
    outer loop
      vertex 15 -24.4021 -28.118
      vertex -15 -24.3271 -28.3135
      vertex 15 -24.3271 -28.3135
    endloop
  endfacet
  facet normal 0 0.629171 -0.777267
    outer loop
      vertex -15 -21.3244 -29.118
      vertex 15 -21.1617 -28.9863
      vertex 15 -21.3244 -29.118
    endloop
  endfacet
  facet normal 0 0.629171 -0.777267
    outer loop
      vertex 15 -21.1617 -28.9863
      vertex -15 -21.3244 -29.118
      vertex -15 -21.1617 -28.9863
    endloop
  endfacet
  facet normal 0 0.707107 0.707107
    outer loop
      vertex 15 -21.0137 -26.1617
      vertex -15 -21.1617 -26.0137
      vertex 15 -21.1617 -26.0137
    endloop
  endfacet
  facet normal 0 0.707107 0.707107
    outer loop
      vertex -15 -21.1617 -26.0137
      vertex 15 -21.0137 -26.1617
      vertex -15 -21.0137 -26.1617
    endloop
  endfacet
  facet normal 0 -0.998619 -0.0525338
    outer loop
      vertex -15 -24.489 -27.7091
      vertex 15 -24.5 -27.5
      vertex -15 -24.5 -27.5
    endloop
  endfacet
  facet normal 0 -0.998619 -0.0525338
    outer loop
      vertex 15 -24.5 -27.5
      vertex -15 -24.489 -27.7091
      vertex 15 -24.489 -27.7091
    endloop
  endfacet
  facet normal 0 0.891058 -0.45389
    outer loop
      vertex 15 -20.7679 -28.5
      vertex -15 -20.6729 -28.3135
      vertex 15 -20.6729 -28.3135
    endloop
  endfacet
  facet normal 0 0.891058 -0.45389
    outer loop
      vertex -15 -20.6729 -28.3135
      vertex 15 -20.7679 -28.5
      vertex -15 -20.7679 -28.5
    endloop
  endfacet
  facet normal 0 -0.890864 -0.454269
    outer loop
      vertex -15 -24.232 -28.5
      vertex 15 -24.3271 -28.3135
      vertex -15 -24.3271 -28.3135
    endloop
  endfacet
  facet normal 0 -0.890864 -0.454269
    outer loop
      vertex 15 -24.3271 -28.3135
      vertex -15 -24.232 -28.5
      vertex 15 -24.232 -28.5
    endloop
  endfacet
  facet normal -0 0.358179 0.933653
    outer loop
      vertex -15 -21.6865 -25.6729
      vertex 15 -21.882 -25.5979
      vertex 15 -21.6865 -25.6729
    endloop
  endfacet
  facet normal 0 0.358179 0.933653
    outer loop
      vertex 15 -21.882 -25.5979
      vertex -15 -21.6865 -25.6729
      vertex -15 -21.882 -25.5979
    endloop
  endfacet
  facet normal 0 -0.358179 -0.933653
    outer loop
      vertex -15 -23.3135 -29.3271
      vertex 15 -23.118 -29.4021
      vertex 15 -23.3135 -29.3271
    endloop
  endfacet
  facet normal -0 -0.358179 -0.933653
    outer loop
      vertex 15 -23.118 -29.4021
      vertex -15 -23.3135 -29.3271
      vertex -15 -23.118 -29.4021
    endloop
  endfacet
  facet normal 0 0.838531 -0.544854
    outer loop
      vertex 15 -20.882 -28.6756
      vertex -15 -20.7679 -28.5
      vertex 15 -20.7679 -28.5
    endloop
  endfacet
  facet normal 0 0.838531 -0.544854
    outer loop
      vertex -15 -20.7679 -28.5
      vertex 15 -20.882 -28.6756
      vertex -15 -20.882 -28.6756
    endloop
  endfacet
  facet normal 0 0.965901 0.258911
    outer loop
      vertex 15 -20.5437 -27.0842
      vertex -15 -20.5979 -26.882
      vertex 15 -20.5979 -26.882
    endloop
  endfacet
  facet normal 0 0.965901 0.258911
    outer loop
      vertex -15 -20.5979 -26.882
      vertex 15 -20.5437 -27.0842
      vertex -15 -20.5437 -27.0842
    endloop
  endfacet
  facet normal 0 -0.838749 -0.544518
    outer loop
      vertex -15 -24.118 -28.6756
      vertex 15 -24.232 -28.5
      vertex -15 -24.232 -28.5
    endloop
  endfacet
  facet normal 0 -0.838749 -0.544518
    outer loop
      vertex 15 -24.232 -28.5
      vertex -15 -24.118 -28.6756
      vertex 15 -24.118 -28.6756
    endloop
  endfacet
  facet normal 0 0.156257 -0.987716
    outer loop
      vertex -15 -22.2909 -29.489
      vertex 15 -22.0842 -29.4563
      vertex 15 -22.2909 -29.489
    endloop
  endfacet
  facet normal 0 0.156257 -0.987716
    outer loop
      vertex 15 -22.0842 -29.4563
      vertex -15 -22.2909 -29.489
      vertex -15 -22.0842 -29.4563
    endloop
  endfacet
  facet normal 0 -0.965901 0.258911
    outer loop
      vertex -15 -24.4563 -27.0842
      vertex 15 -24.4021 -26.882
      vertex -15 -24.4021 -26.882
    endloop
  endfacet
  facet normal 0 -0.965901 0.258911
    outer loop
      vertex 15 -24.4021 -26.882
      vertex -15 -24.4563 -27.0842
      vertex 15 -24.4563 -27.0842
    endloop
  endfacet
  facet normal 0 -0.987716 -0.156257
    outer loop
      vertex -15 -24.4563 -27.9158
      vertex 15 -24.489 -27.7091
      vertex -15 -24.489 -27.7091
    endloop
  endfacet
  facet normal 0 -0.987716 -0.156257
    outer loop
      vertex 15 -24.489 -27.7091
      vertex -15 -24.4563 -27.9158
      vertex 15 -24.4563 -27.9158
    endloop
  endfacet
  facet normal 0 0.998619 -0.0525338
    outer loop
      vertex 15 -20.511 -27.7091
      vertex -15 -20.5 -27.5
      vertex 15 -20.5 -27.5
    endloop
  endfacet
  facet normal 0 0.998619 -0.0525338
    outer loop
      vertex -15 -20.5 -27.5
      vertex 15 -20.511 -27.7091
      vertex -15 -20.511 -27.7091
    endloop
  endfacet
  facet normal 0 -0.156257 0.987716
    outer loop
      vertex -15 -22.7091 -25.511
      vertex 15 -22.9158 -25.5437
      vertex 15 -22.7091 -25.511
    endloop
  endfacet
  facet normal 0 -0.156257 0.987716
    outer loop
      vertex 15 -22.9158 -25.5437
      vertex -15 -22.7091 -25.511
      vertex -15 -22.9158 -25.5437
    endloop
  endfacet
  facet normal 0 -0.258911 0.965901
    outer loop
      vertex -15 -22.9158 -25.5437
      vertex 15 -23.118 -25.5979
      vertex 15 -22.9158 -25.5437
    endloop
  endfacet
  facet normal 0 -0.258911 0.965901
    outer loop
      vertex 15 -23.118 -25.5979
      vertex -15 -22.9158 -25.5437
      vertex -15 -23.118 -25.5979
    endloop
  endfacet
  facet normal -0 0.629171 0.777267
    outer loop
      vertex -15 -21.1617 -26.0137
      vertex 15 -21.3244 -25.882
      vertex 15 -21.1617 -26.0137
    endloop
  endfacet
  facet normal 0 0.629171 0.777267
    outer loop
      vertex 15 -21.3244 -25.882
      vertex -15 -21.1617 -26.0137
      vertex -15 -21.3244 -25.882
    endloop
  endfacet
  facet normal 0 -0.777267 -0.629171
    outer loop
      vertex -15 -23.9863 -28.8383
      vertex 15 -24.118 -28.6756
      vertex -15 -24.118 -28.6756
    endloop
  endfacet
  facet normal 0 -0.777267 -0.629171
    outer loop
      vertex 15 -24.118 -28.6756
      vertex -15 -23.9863 -28.8383
      vertex 15 -23.9863 -28.8383
    endloop
  endfacet
  facet normal 0 -0.544518 -0.838749
    outer loop
      vertex -15 -23.6756 -29.118
      vertex 15 -23.5 -29.232
      vertex 15 -23.6756 -29.118
    endloop
  endfacet
  facet normal -0 -0.544518 -0.838749
    outer loop
      vertex 15 -23.5 -29.232
      vertex -15 -23.6756 -29.118
      vertex -15 -23.5 -29.232
    endloop
  endfacet
  facet normal 0 -0.965901 -0.258911
    outer loop
      vertex -15 -24.4021 -28.118
      vertex 15 -24.4563 -27.9158
      vertex -15 -24.4563 -27.9158
    endloop
  endfacet
  facet normal 0 -0.965901 -0.258911
    outer loop
      vertex 15 -24.4563 -27.9158
      vertex -15 -24.4021 -28.118
      vertex 15 -24.4021 -28.118
    endloop
  endfacet
  facet normal 0 0.987716 -0.156257
    outer loop
      vertex 15 -20.5437 -27.9158
      vertex -15 -20.511 -27.7091
      vertex 15 -20.511 -27.7091
    endloop
  endfacet
  facet normal 0 0.987716 -0.156257
    outer loop
      vertex -15 -20.511 -27.7091
      vertex 15 -20.5437 -27.9158
      vertex -15 -20.5437 -27.9158
    endloop
  endfacet
  facet normal 0 0.454269 -0.890864
    outer loop
      vertex -15 -21.6865 -29.3271
      vertex 15 -21.5 -29.232
      vertex 15 -21.6865 -29.3271
    endloop
  endfacet
  facet normal 0 0.454269 -0.890864
    outer loop
      vertex 15 -21.5 -29.232
      vertex -15 -21.6865 -29.3271
      vertex -15 -21.5 -29.232
    endloop
  endfacet
  facet normal 0 -0.258911 -0.965901
    outer loop
      vertex -15 -23.118 -29.4021
      vertex 15 -22.9158 -29.4563
      vertex 15 -23.118 -29.4021
    endloop
  endfacet
  facet normal -0 -0.258911 -0.965901
    outer loop
      vertex 15 -22.9158 -29.4563
      vertex -15 -23.118 -29.4021
      vertex -15 -22.9158 -29.4563
    endloop
  endfacet
  facet normal -0 0.258911 0.965901
    outer loop
      vertex -15 -21.882 -25.5979
      vertex 15 -22.0842 -25.5437
      vertex 15 -21.882 -25.5979
    endloop
  endfacet
  facet normal 0 0.258911 0.965901
    outer loop
      vertex 15 -22.0842 -25.5437
      vertex -15 -21.882 -25.5979
      vertex -15 -22.0842 -25.5437
    endloop
  endfacet
  facet normal 0 -0.629171 0.777267
    outer loop
      vertex -15 -23.6756 -25.882
      vertex 15 -23.8383 -26.0137
      vertex 15 -23.6756 -25.882
    endloop
  endfacet
  facet normal 0 -0.629171 0.777267
    outer loop
      vertex 15 -23.8383 -26.0137
      vertex -15 -23.6756 -25.882
      vertex -15 -23.8383 -26.0137
    endloop
  endfacet
  facet normal 0 -0.454269 -0.890864
    outer loop
      vertex -15 -23.5 -29.232
      vertex 15 -23.3135 -29.3271
      vertex 15 -23.5 -29.232
    endloop
  endfacet
  facet normal -0 -0.454269 -0.890864
    outer loop
      vertex 15 -23.3135 -29.3271
      vertex -15 -23.5 -29.232
      vertex -15 -23.3135 -29.3271
    endloop
  endfacet
  facet normal 0 0.987716 0.156257
    outer loop
      vertex 15 -20.511 -27.2909
      vertex -15 -20.5437 -27.0842
      vertex 15 -20.5437 -27.0842
    endloop
  endfacet
  facet normal 0 0.987716 0.156257
    outer loop
      vertex -15 -20.5437 -27.0842
      vertex 15 -20.511 -27.2909
      vertex -15 -20.511 -27.2909
    endloop
  endfacet
  facet normal 0 0.544518 -0.838749
    outer loop
      vertex -15 -21.5 -29.232
      vertex 15 -21.3244 -29.118
      vertex 15 -21.5 -29.232
    endloop
  endfacet
  facet normal 0 0.544518 -0.838749
    outer loop
      vertex 15 -21.3244 -29.118
      vertex -15 -21.5 -29.232
      vertex -15 -21.3244 -29.118
    endloop
  endfacet
  facet normal -0 0.45389 0.891058
    outer loop
      vertex -15 -21.5 -25.7679
      vertex 15 -21.6865 -25.6729
      vertex 15 -21.5 -25.7679
    endloop
  endfacet
  facet normal 0 0.45389 0.891058
    outer loop
      vertex 15 -21.6865 -25.6729
      vertex -15 -21.5 -25.7679
      vertex -15 -21.6865 -25.6729
    endloop
  endfacet
  facet normal 0 -0.987716 0.156257
    outer loop
      vertex -15 -24.489 -27.2909
      vertex 15 -24.4563 -27.0842
      vertex -15 -24.4563 -27.0842
    endloop
  endfacet
  facet normal 0 -0.987716 0.156257
    outer loop
      vertex 15 -24.4563 -27.0842
      vertex -15 -24.489 -27.2909
      vertex 15 -24.489 -27.2909
    endloop
  endfacet
  facet normal 0 0.933653 0.358179
    outer loop
      vertex 15 -20.5979 -26.882
      vertex -15 -20.6729 -26.6865
      vertex 15 -20.6729 -26.6865
    endloop
  endfacet
  facet normal 0 0.933653 0.358179
    outer loop
      vertex -15 -20.6729 -26.6865
      vertex 15 -20.5979 -26.882
      vertex -15 -20.5979 -26.882
    endloop
  endfacet
  facet normal 0 -0.707107 -0.707107
    outer loop
      vertex -15 -23.8383 -28.9863
      vertex 15 -23.9863 -28.8383
      vertex -15 -23.9863 -28.8383
    endloop
  endfacet
  facet normal 0 -0.707107 -0.707107
    outer loop
      vertex 15 -23.9863 -28.8383
      vertex -15 -23.8383 -28.9863
      vertex 15 -23.8383 -28.9863
    endloop
  endfacet
  facet normal 0 -0.544854 0.838531
    outer loop
      vertex -15 -23.5 -25.7679
      vertex 15 -23.6756 -25.882
      vertex 15 -23.5 -25.7679
    endloop
  endfacet
  facet normal 0 -0.544854 0.838531
    outer loop
      vertex 15 -23.6756 -25.882
      vertex -15 -23.5 -25.7679
      vertex -15 -23.6756 -25.882
    endloop
  endfacet
  facet normal 0 0.998619 0.0525338
    outer loop
      vertex 15 -20.5 -27.5
      vertex -15 -20.511 -27.2909
      vertex 15 -20.511 -27.2909
    endloop
  endfacet
  facet normal 0 0.998619 0.0525338
    outer loop
      vertex -15 -20.511 -27.2909
      vertex 15 -20.5 -27.5
      vertex -15 -20.5 -27.5
    endloop
  endfacet
  facet normal 0 0.838531 0.544854
    outer loop
      vertex 15 -20.7679 -26.5
      vertex -15 -20.882 -26.3244
      vertex 15 -20.882 -26.3244
    endloop
  endfacet
  facet normal 0 0.838531 0.544854
    outer loop
      vertex -15 -20.882 -26.3244
      vertex 15 -20.7679 -26.5
      vertex -15 -20.7679 -26.5
    endloop
  endfacet
  facet normal -0 0.544854 0.838531
    outer loop
      vertex -15 -21.3244 -25.882
      vertex 15 -21.5 -25.7679
      vertex 15 -21.3244 -25.882
    endloop
  endfacet
  facet normal 0 0.544854 0.838531
    outer loop
      vertex 15 -21.5 -25.7679
      vertex -15 -21.3244 -25.882
      vertex -15 -21.5 -25.7679
    endloop
  endfacet
  facet normal 0 -0.629171 -0.777267
    outer loop
      vertex -15 -23.8383 -28.9863
      vertex 15 -23.6756 -29.118
      vertex 15 -23.8383 -28.9863
    endloop
  endfacet
  facet normal -0 -0.629171 -0.777267
    outer loop
      vertex 15 -23.6756 -29.118
      vertex -15 -23.8383 -28.9863
      vertex -15 -23.6756 -29.118
    endloop
  endfacet
  facet normal 0 0.777267 -0.629171
    outer loop
      vertex 15 -21.0137 -28.8383
      vertex -15 -20.882 -28.6756
      vertex 15 -20.882 -28.6756
    endloop
  endfacet
  facet normal 0 0.777267 -0.629171
    outer loop
      vertex -15 -20.882 -28.6756
      vertex 15 -21.0137 -28.8383
      vertex -15 -21.0137 -28.8383
    endloop
  endfacet
  facet normal 0 0.707107 -0.707107
    outer loop
      vertex 15 -21.1617 -28.9863
      vertex -15 -21.0137 -28.8383
      vertex 15 -21.0137 -28.8383
    endloop
  endfacet
  facet normal 0 0.707107 -0.707107
    outer loop
      vertex -15 -21.0137 -28.8383
      vertex 15 -21.1617 -28.9863
      vertex -15 -21.1617 -28.9863
    endloop
  endfacet
  facet normal 0 -0.358179 0.933653
    outer loop
      vertex -15 -23.118 -25.5979
      vertex 15 -23.3135 -25.6729
      vertex 15 -23.118 -25.5979
    endloop
  endfacet
  facet normal 0 -0.358179 0.933653
    outer loop
      vertex 15 -23.3135 -25.6729
      vertex -15 -23.118 -25.5979
      vertex -15 -23.3135 -25.6729
    endloop
  endfacet
  facet normal 0 -0.777267 0.629171
    outer loop
      vertex -15 -24.118 -26.3244
      vertex 15 -23.9863 -26.1617
      vertex -15 -23.9863 -26.1617
    endloop
  endfacet
  facet normal 0 -0.777267 0.629171
    outer loop
      vertex 15 -23.9863 -26.1617
      vertex -15 -24.118 -26.3244
      vertex 15 -24.118 -26.3244
    endloop
  endfacet
  facet normal 0 -0.998619 0.0525338
    outer loop
      vertex -15 -24.5 -27.5
      vertex 15 -24.489 -27.2909
      vertex -15 -24.489 -27.2909
    endloop
  endfacet
  facet normal 0 -0.998619 0.0525338
    outer loop
      vertex 15 -24.489 -27.2909
      vertex -15 -24.5 -27.5
      vertex 15 -24.5 -27.5
    endloop
  endfacet
  facet normal 0 -0.156257 -0.987716
    outer loop
      vertex -15 -22.9158 -29.4563
      vertex 15 -22.7091 -29.489
      vertex 15 -22.9158 -29.4563
    endloop
  endfacet
  facet normal -0 -0.156257 -0.987716
    outer loop
      vertex 15 -22.7091 -29.489
      vertex -15 -22.9158 -29.4563
      vertex -15 -22.7091 -29.489
    endloop
  endfacet
  facet normal -0 0.0525338 0.998619
    outer loop
      vertex -15 -22.2909 -25.511
      vertex 15 -22.5 -25.5
      vertex 15 -22.2909 -25.511
    endloop
  endfacet
  facet normal 0 0.0525338 0.998619
    outer loop
      vertex 15 -22.5 -25.5
      vertex -15 -22.2909 -25.511
      vertex -15 -22.5 -25.5
    endloop
  endfacet
  facet normal 0 -0.0525338 0.998619
    outer loop
      vertex -15 -22.5 -25.5
      vertex 15 -22.7091 -25.511
      vertex 15 -22.5 -25.5
    endloop
  endfacet
  facet normal 0 -0.0525338 0.998619
    outer loop
      vertex 15 -22.7091 -25.511
      vertex -15 -22.5 -25.5
      vertex -15 -22.7091 -25.511
    endloop
  endfacet
  facet normal 0 -0.838749 0.544518
    outer loop
      vertex -15 -24.232 -26.5
      vertex 15 -24.118 -26.3244
      vertex -15 -24.118 -26.3244
    endloop
  endfacet
  facet normal 0 -0.838749 0.544518
    outer loop
      vertex 15 -24.118 -26.3244
      vertex -15 -24.232 -26.5
      vertex 15 -24.232 -26.5
    endloop
  endfacet
  facet normal 0 0.965901 -0.258911
    outer loop
      vertex 15 -20.5979 -28.118
      vertex -15 -20.5437 -27.9158
      vertex 15 -20.5437 -27.9158
    endloop
  endfacet
  facet normal 0 0.965901 -0.258911
    outer loop
      vertex -15 -20.5437 -27.9158
      vertex 15 -20.5979 -28.118
      vertex -15 -20.5979 -28.118
    endloop
  endfacet
  facet normal 0 -0.707107 0.707107
    outer loop
      vertex -15 -23.9863 -26.1617
      vertex 15 -23.8383 -26.0137
      vertex -15 -23.8383 -26.0137
    endloop
  endfacet
  facet normal 0 -0.707107 0.707107
    outer loop
      vertex 15 -23.8383 -26.0137
      vertex -15 -23.9863 -26.1617
      vertex 15 -23.9863 -26.1617
    endloop
  endfacet
  facet normal -1 0 0
    outer loop
      vertex -15 -20.511 -27.7091
      vertex -15 -20.511 -27.2909
      vertex -15 -20.5 -27.5
    endloop
  endfacet
  facet normal -1 0 0
    outer loop
      vertex -15 -20.5437 -27.9158
      vertex -15 -20.511 -27.2909
      vertex -15 -20.511 -27.7091
    endloop
  endfacet
  facet normal -1 0 0
    outer loop
      vertex -15 -20.5437 -27.9158
      vertex -15 -20.5437 -27.0842
      vertex -15 -20.511 -27.2909
    endloop
  endfacet
  facet normal -1 0 0
    outer loop
      vertex -15 -20.5979 -28.118
      vertex -15 -20.5437 -27.0842
      vertex -15 -20.5437 -27.9158
    endloop
  endfacet
  facet normal -1 0 0
    outer loop
      vertex -15 -20.5979 -28.118
      vertex -15 -20.5979 -26.882
      vertex -15 -20.5437 -27.0842
    endloop
  endfacet
  facet normal -1 0 0
    outer loop
      vertex -15 -20.6729 -28.3135
      vertex -15 -20.5979 -26.882
      vertex -15 -20.5979 -28.118
    endloop
  endfacet
  facet normal -1 0 0
    outer loop
      vertex -15 -20.6729 -28.3135
      vertex -15 -20.6729 -26.6865
      vertex -15 -20.5979 -26.882
    endloop
  endfacet
  facet normal -1 0 0
    outer loop
      vertex -15 -20.7679 -28.5
      vertex -15 -20.6729 -26.6865
      vertex -15 -20.6729 -28.3135
    endloop
  endfacet
  facet normal -1 0 0
    outer loop
      vertex -15 -20.7679 -28.5
      vertex -15 -20.7679 -26.5
      vertex -15 -20.6729 -26.6865
    endloop
  endfacet
  facet normal -1 0 0
    outer loop
      vertex -15 -20.882 -28.6756
      vertex -15 -20.7679 -26.5
      vertex -15 -20.7679 -28.5
    endloop
  endfacet
  facet normal -1 0 0
    outer loop
      vertex -15 -20.882 -28.6756
      vertex -15 -20.882 -26.3244
      vertex -15 -20.7679 -26.5
    endloop
  endfacet
  facet normal -1 0 0
    outer loop
      vertex -15 -21.0137 -28.8383
      vertex -15 -20.882 -26.3244
      vertex -15 -20.882 -28.6756
    endloop
  endfacet
  facet normal -1 0 0
    outer loop
      vertex -15 -21.0137 -28.8383
      vertex -15 -21.0137 -26.1617
      vertex -15 -20.882 -26.3244
    endloop
  endfacet
  facet normal -1 0 0
    outer loop
      vertex -15 -21.1617 -28.9863
      vertex -15 -21.0137 -26.1617
      vertex -15 -21.0137 -28.8383
    endloop
  endfacet
  facet normal -1 0 0
    outer loop
      vertex -15 -21.1617 -28.9863
      vertex -15 -21.1617 -26.0137
      vertex -15 -21.0137 -26.1617
    endloop
  endfacet
  facet normal -1 0 0
    outer loop
      vertex -15 -21.3244 -29.118
      vertex -15 -21.1617 -26.0137
      vertex -15 -21.1617 -28.9863
    endloop
  endfacet
  facet normal -1 0 0
    outer loop
      vertex -15 -21.3244 -29.118
      vertex -15 -21.3244 -25.882
      vertex -15 -21.1617 -26.0137
    endloop
  endfacet
  facet normal -1 0 0
    outer loop
      vertex -15 -21.5 -29.232
      vertex -15 -21.3244 -25.882
      vertex -15 -21.3244 -29.118
    endloop
  endfacet
  facet normal -1 0 0
    outer loop
      vertex -15 -21.5 -29.232
      vertex -15 -21.5 -25.7679
      vertex -15 -21.3244 -25.882
    endloop
  endfacet
  facet normal -1 0 0
    outer loop
      vertex -15 -21.6865 -29.3271
      vertex -15 -21.5 -25.7679
      vertex -15 -21.5 -29.232
    endloop
  endfacet
  facet normal -1 0 0
    outer loop
      vertex -15 -21.6865 -29.3271
      vertex -15 -21.6865 -25.6729
      vertex -15 -21.5 -25.7679
    endloop
  endfacet
  facet normal -1 0 0
    outer loop
      vertex -15 -21.882 -29.4021
      vertex -15 -21.6865 -25.6729
      vertex -15 -21.6865 -29.3271
    endloop
  endfacet
  facet normal -1 0 0
    outer loop
      vertex -15 -21.882 -29.4021
      vertex -15 -21.882 -25.5979
      vertex -15 -21.6865 -25.6729
    endloop
  endfacet
  facet normal -1 0 0
    outer loop
      vertex -15 -22.0842 -29.4563
      vertex -15 -21.882 -25.5979
      vertex -15 -21.882 -29.4021
    endloop
  endfacet
  facet normal -1 0 0
    outer loop
      vertex -15 -22.0842 -29.4563
      vertex -15 -22.0842 -25.5437
      vertex -15 -21.882 -25.5979
    endloop
  endfacet
  facet normal -1 0 0
    outer loop
      vertex -15 -22.2909 -29.489
      vertex -15 -22.0842 -25.5437
      vertex -15 -22.0842 -29.4563
    endloop
  endfacet
  facet normal -1 0 0
    outer loop
      vertex -15 -22.2909 -29.489
      vertex -15 -22.2909 -25.511
      vertex -15 -22.0842 -25.5437
    endloop
  endfacet
  facet normal -1 0 0
    outer loop
      vertex -15 -22.5 -29.5
      vertex -15 -22.2909 -25.511
      vertex -15 -22.2909 -29.489
    endloop
  endfacet
  facet normal -1 0 0
    outer loop
      vertex -15 -22.5 -29.5
      vertex -15 -22.5 -25.5
      vertex -15 -22.2909 -25.511
    endloop
  endfacet
  facet normal -1 0 0
    outer loop
      vertex -15 -22.7091 -29.489
      vertex -15 -22.5 -25.5
      vertex -15 -22.5 -29.5
    endloop
  endfacet
  facet normal -1 0 0
    outer loop
      vertex -15 -22.7091 -29.489
      vertex -15 -22.7091 -25.511
      vertex -15 -22.5 -25.5
    endloop
  endfacet
  facet normal -1 0 0
    outer loop
      vertex -15 -22.9158 -29.4563
      vertex -15 -22.7091 -25.511
      vertex -15 -22.7091 -29.489
    endloop
  endfacet
  facet normal -1 0 0
    outer loop
      vertex -15 -22.9158 -29.4563
      vertex -15 -22.9158 -25.5437
      vertex -15 -22.7091 -25.511
    endloop
  endfacet
  facet normal -1 0 0
    outer loop
      vertex -15 -23.118 -29.4021
      vertex -15 -22.9158 -25.5437
      vertex -15 -22.9158 -29.4563
    endloop
  endfacet
  facet normal -1 0 0
    outer loop
      vertex -15 -23.118 -29.4021
      vertex -15 -23.118 -25.5979
      vertex -15 -22.9158 -25.5437
    endloop
  endfacet
  facet normal -1 0 0
    outer loop
      vertex -15 -23.3135 -29.3271
      vertex -15 -23.118 -25.5979
      vertex -15 -23.118 -29.4021
    endloop
  endfacet
  facet normal -1 0 0
    outer loop
      vertex -15 -23.3135 -29.3271
      vertex -15 -23.3135 -25.6729
      vertex -15 -23.118 -25.5979
    endloop
  endfacet
  facet normal -1 0 0
    outer loop
      vertex -15 -23.5 -29.232
      vertex -15 -23.3135 -25.6729
      vertex -15 -23.3135 -29.3271
    endloop
  endfacet
  facet normal -1 0 0
    outer loop
      vertex -15 -23.5 -29.232
      vertex -15 -23.5 -25.7679
      vertex -15 -23.3135 -25.6729
    endloop
  endfacet
  facet normal -1 0 0
    outer loop
      vertex -15 -23.6756 -29.118
      vertex -15 -23.5 -25.7679
      vertex -15 -23.5 -29.232
    endloop
  endfacet
  facet normal -1 0 0
    outer loop
      vertex -15 -23.6756 -29.118
      vertex -15 -23.6756 -25.882
      vertex -15 -23.5 -25.7679
    endloop
  endfacet
  facet normal -1 0 0
    outer loop
      vertex -15 -23.8383 -28.9863
      vertex -15 -23.6756 -25.882
      vertex -15 -23.6756 -29.118
    endloop
  endfacet
  facet normal -1 0 0
    outer loop
      vertex -15 -23.8383 -28.9863
      vertex -15 -23.8383 -26.0137
      vertex -15 -23.6756 -25.882
    endloop
  endfacet
  facet normal -1 0 0
    outer loop
      vertex -15 -23.9863 -28.8383
      vertex -15 -23.8383 -26.0137
      vertex -15 -23.8383 -28.9863
    endloop
  endfacet
  facet normal -1 0 0
    outer loop
      vertex -15 -23.9863 -28.8383
      vertex -15 -23.9863 -26.1617
      vertex -15 -23.8383 -26.0137
    endloop
  endfacet
  facet normal -1 0 0
    outer loop
      vertex -15 -24.118 -28.6756
      vertex -15 -23.9863 -26.1617
      vertex -15 -23.9863 -28.8383
    endloop
  endfacet
  facet normal -1 0 0
    outer loop
      vertex -15 -24.118 -28.6756
      vertex -15 -24.118 -26.3244
      vertex -15 -23.9863 -26.1617
    endloop
  endfacet
  facet normal -1 0 0
    outer loop
      vertex -15 -24.232 -28.5
      vertex -15 -24.118 -26.3244
      vertex -15 -24.118 -28.6756
    endloop
  endfacet
  facet normal -1 0 0
    outer loop
      vertex -15 -24.232 -28.5
      vertex -15 -24.232 -26.5
      vertex -15 -24.118 -26.3244
    endloop
  endfacet
  facet normal -1 0 0
    outer loop
      vertex -15 -24.3271 -28.3135
      vertex -15 -24.232 -26.5
      vertex -15 -24.232 -28.5
    endloop
  endfacet
  facet normal -1 0 0
    outer loop
      vertex -15 -24.3271 -28.3135
      vertex -15 -24.3271 -26.6865
      vertex -15 -24.232 -26.5
    endloop
  endfacet
  facet normal -1 0 0
    outer loop
      vertex -15 -24.4021 -28.118
      vertex -15 -24.3271 -26.6865
      vertex -15 -24.3271 -28.3135
    endloop
  endfacet
  facet normal -1 0 0
    outer loop
      vertex -15 -24.4021 -28.118
      vertex -15 -24.4021 -26.882
      vertex -15 -24.3271 -26.6865
    endloop
  endfacet
  facet normal -1 0 0
    outer loop
      vertex -15 -24.4563 -27.9158
      vertex -15 -24.4021 -26.882
      vertex -15 -24.4021 -28.118
    endloop
  endfacet
  facet normal -1 0 0
    outer loop
      vertex -15 -24.4563 -27.9158
      vertex -15 -24.4563 -27.0842
      vertex -15 -24.4021 -26.882
    endloop
  endfacet
  facet normal -1 0 0
    outer loop
      vertex -15 -24.489 -27.7091
      vertex -15 -24.4563 -27.0842
      vertex -15 -24.4563 -27.9158
    endloop
  endfacet
  facet normal -1 0 0
    outer loop
      vertex -15 -24.489 -27.7091
      vertex -15 -24.489 -27.2909
      vertex -15 -24.4563 -27.0842
    endloop
  endfacet
  facet normal -1 0 -0
    outer loop
      vertex -15 -24.489 -27.2909
      vertex -15 -24.489 -27.7091
      vertex -15 -24.5 -27.5
    endloop
  endfacet
  facet normal 1 0 0
    outer loop
      vertex 15 -20.511 -27.2909
      vertex 15 -20.511 -27.7091
      vertex 15 -20.5 -27.5
    endloop
  endfacet
  facet normal 1 0 0
    outer loop
      vertex 15 -20.5437 -27.0842
      vertex 15 -20.511 -27.7091
      vertex 15 -20.511 -27.2909
    endloop
  endfacet
  facet normal 1 0 0
    outer loop
      vertex 15 -20.5437 -27.0842
      vertex 15 -20.5437 -27.9158
      vertex 15 -20.511 -27.7091
    endloop
  endfacet
  facet normal 1 0 0
    outer loop
      vertex 15 -20.5979 -26.882
      vertex 15 -20.5437 -27.9158
      vertex 15 -20.5437 -27.0842
    endloop
  endfacet
  facet normal 1 0 0
    outer loop
      vertex 15 -20.5979 -26.882
      vertex 15 -20.5979 -28.118
      vertex 15 -20.5437 -27.9158
    endloop
  endfacet
  facet normal 1 0 0
    outer loop
      vertex 15 -20.6729 -26.6865
      vertex 15 -20.5979 -28.118
      vertex 15 -20.5979 -26.882
    endloop
  endfacet
  facet normal 1 0 0
    outer loop
      vertex 15 -20.6729 -26.6865
      vertex 15 -20.6729 -28.3135
      vertex 15 -20.5979 -28.118
    endloop
  endfacet
  facet normal 1 0 0
    outer loop
      vertex 15 -20.7679 -26.5
      vertex 15 -20.6729 -28.3135
      vertex 15 -20.6729 -26.6865
    endloop
  endfacet
  facet normal 1 0 0
    outer loop
      vertex 15 -20.7679 -26.5
      vertex 15 -20.7679 -28.5
      vertex 15 -20.6729 -28.3135
    endloop
  endfacet
  facet normal 1 0 0
    outer loop
      vertex 15 -20.882 -26.3244
      vertex 15 -20.7679 -28.5
      vertex 15 -20.7679 -26.5
    endloop
  endfacet
  facet normal 1 0 0
    outer loop
      vertex 15 -20.882 -26.3244
      vertex 15 -20.882 -28.6756
      vertex 15 -20.7679 -28.5
    endloop
  endfacet
  facet normal 1 0 0
    outer loop
      vertex 15 -21.0137 -26.1617
      vertex 15 -20.882 -28.6756
      vertex 15 -20.882 -26.3244
    endloop
  endfacet
  facet normal 1 0 0
    outer loop
      vertex 15 -21.0137 -26.1617
      vertex 15 -21.0137 -28.8383
      vertex 15 -20.882 -28.6756
    endloop
  endfacet
  facet normal 1 0 0
    outer loop
      vertex 15 -21.1617 -26.0137
      vertex 15 -21.0137 -28.8383
      vertex 15 -21.0137 -26.1617
    endloop
  endfacet
  facet normal 1 0 0
    outer loop
      vertex 15 -21.1617 -26.0137
      vertex 15 -21.1617 -28.9863
      vertex 15 -21.0137 -28.8383
    endloop
  endfacet
  facet normal 1 0 0
    outer loop
      vertex 15 -21.3244 -25.882
      vertex 15 -21.1617 -28.9863
      vertex 15 -21.1617 -26.0137
    endloop
  endfacet
  facet normal 1 0 0
    outer loop
      vertex 15 -21.3244 -25.882
      vertex 15 -21.3244 -29.118
      vertex 15 -21.1617 -28.9863
    endloop
  endfacet
  facet normal 1 0 0
    outer loop
      vertex 15 -21.5 -25.7679
      vertex 15 -21.3244 -29.118
      vertex 15 -21.3244 -25.882
    endloop
  endfacet
  facet normal 1 0 0
    outer loop
      vertex 15 -21.5 -25.7679
      vertex 15 -21.5 -29.232
      vertex 15 -21.3244 -29.118
    endloop
  endfacet
  facet normal 1 0 0
    outer loop
      vertex 15 -21.6865 -25.6729
      vertex 15 -21.5 -29.232
      vertex 15 -21.5 -25.7679
    endloop
  endfacet
  facet normal 1 0 0
    outer loop
      vertex 15 -21.6865 -25.6729
      vertex 15 -21.6865 -29.3271
      vertex 15 -21.5 -29.232
    endloop
  endfacet
  facet normal 1 0 0
    outer loop
      vertex 15 -21.882 -25.5979
      vertex 15 -21.6865 -29.3271
      vertex 15 -21.6865 -25.6729
    endloop
  endfacet
  facet normal 1 0 0
    outer loop
      vertex 15 -21.882 -25.5979
      vertex 15 -21.882 -29.4021
      vertex 15 -21.6865 -29.3271
    endloop
  endfacet
  facet normal 1 0 0
    outer loop
      vertex 15 -22.0842 -25.5437
      vertex 15 -21.882 -29.4021
      vertex 15 -21.882 -25.5979
    endloop
  endfacet
  facet normal 1 0 0
    outer loop
      vertex 15 -22.0842 -25.5437
      vertex 15 -22.0842 -29.4563
      vertex 15 -21.882 -29.4021
    endloop
  endfacet
  facet normal 1 0 0
    outer loop
      vertex 15 -22.2909 -25.511
      vertex 15 -22.0842 -29.4563
      vertex 15 -22.0842 -25.5437
    endloop
  endfacet
  facet normal 1 0 0
    outer loop
      vertex 15 -22.2909 -25.511
      vertex 15 -22.2909 -29.489
      vertex 15 -22.0842 -29.4563
    endloop
  endfacet
  facet normal 1 0 0
    outer loop
      vertex 15 -22.5 -25.5
      vertex 15 -22.2909 -29.489
      vertex 15 -22.2909 -25.511
    endloop
  endfacet
  facet normal 1 0 0
    outer loop
      vertex 15 -22.5 -25.5
      vertex 15 -22.5 -29.5
      vertex 15 -22.2909 -29.489
    endloop
  endfacet
  facet normal 1 -0 0
    outer loop
      vertex 15 -22.7091 -25.511
      vertex 15 -22.5 -29.5
      vertex 15 -22.5 -25.5
    endloop
  endfacet
  facet normal 1 0 0
    outer loop
      vertex 15 -22.7091 -25.511
      vertex 15 -22.7091 -29.489
      vertex 15 -22.5 -29.5
    endloop
  endfacet
  facet normal 1 -0 0
    outer loop
      vertex 15 -22.9158 -25.5437
      vertex 15 -22.7091 -29.489
      vertex 15 -22.7091 -25.511
    endloop
  endfacet
  facet normal 1 0 0
    outer loop
      vertex 15 -22.9158 -25.5437
      vertex 15 -22.9158 -29.4563
      vertex 15 -22.7091 -29.489
    endloop
  endfacet
  facet normal 1 -0 0
    outer loop
      vertex 15 -23.118 -25.5979
      vertex 15 -22.9158 -29.4563
      vertex 15 -22.9158 -25.5437
    endloop
  endfacet
  facet normal 1 0 0
    outer loop
      vertex 15 -23.118 -25.5979
      vertex 15 -23.118 -29.4021
      vertex 15 -22.9158 -29.4563
    endloop
  endfacet
  facet normal 1 -0 0
    outer loop
      vertex 15 -23.3135 -25.6729
      vertex 15 -23.118 -29.4021
      vertex 15 -23.118 -25.5979
    endloop
  endfacet
  facet normal 1 0 0
    outer loop
      vertex 15 -23.3135 -25.6729
      vertex 15 -23.3135 -29.3271
      vertex 15 -23.118 -29.4021
    endloop
  endfacet
  facet normal 1 -0 0
    outer loop
      vertex 15 -23.5 -25.7679
      vertex 15 -23.3135 -29.3271
      vertex 15 -23.3135 -25.6729
    endloop
  endfacet
  facet normal 1 0 0
    outer loop
      vertex 15 -23.5 -25.7679
      vertex 15 -23.5 -29.232
      vertex 15 -23.3135 -29.3271
    endloop
  endfacet
  facet normal 1 -0 0
    outer loop
      vertex 15 -23.6756 -25.882
      vertex 15 -23.5 -29.232
      vertex 15 -23.5 -25.7679
    endloop
  endfacet
  facet normal 1 0 0
    outer loop
      vertex 15 -23.6756 -25.882
      vertex 15 -23.6756 -29.118
      vertex 15 -23.5 -29.232
    endloop
  endfacet
  facet normal 1 -0 0
    outer loop
      vertex 15 -23.8383 -26.0137
      vertex 15 -23.6756 -29.118
      vertex 15 -23.6756 -25.882
    endloop
  endfacet
  facet normal 1 0 0
    outer loop
      vertex 15 -23.8383 -26.0137
      vertex 15 -23.8383 -28.9863
      vertex 15 -23.6756 -29.118
    endloop
  endfacet
  facet normal 1 -0 0
    outer loop
      vertex 15 -23.9863 -26.1617
      vertex 15 -23.8383 -28.9863
      vertex 15 -23.8383 -26.0137
    endloop
  endfacet
  facet normal 1 0 0
    outer loop
      vertex 15 -23.9863 -26.1617
      vertex 15 -23.9863 -28.8383
      vertex 15 -23.8383 -28.9863
    endloop
  endfacet
  facet normal 1 -0 0
    outer loop
      vertex 15 -24.118 -26.3244
      vertex 15 -23.9863 -28.8383
      vertex 15 -23.9863 -26.1617
    endloop
  endfacet
  facet normal 1 0 0
    outer loop
      vertex 15 -24.118 -26.3244
      vertex 15 -24.118 -28.6756
      vertex 15 -23.9863 -28.8383
    endloop
  endfacet
  facet normal 1 -0 0
    outer loop
      vertex 15 -24.232 -26.5
      vertex 15 -24.118 -28.6756
      vertex 15 -24.118 -26.3244
    endloop
  endfacet
  facet normal 1 0 0
    outer loop
      vertex 15 -24.232 -26.5
      vertex 15 -24.232 -28.5
      vertex 15 -24.118 -28.6756
    endloop
  endfacet
  facet normal 1 -0 0
    outer loop
      vertex 15 -24.3271 -26.6865
      vertex 15 -24.232 -28.5
      vertex 15 -24.232 -26.5
    endloop
  endfacet
  facet normal 1 0 0
    outer loop
      vertex 15 -24.3271 -26.6865
      vertex 15 -24.3271 -28.3135
      vertex 15 -24.232 -28.5
    endloop
  endfacet
  facet normal 1 -0 0
    outer loop
      vertex 15 -24.4021 -26.882
      vertex 15 -24.3271 -28.3135
      vertex 15 -24.3271 -26.6865
    endloop
  endfacet
  facet normal 1 0 0
    outer loop
      vertex 15 -24.4021 -26.882
      vertex 15 -24.4021 -28.118
      vertex 15 -24.3271 -28.3135
    endloop
  endfacet
  facet normal 1 -0 0
    outer loop
      vertex 15 -24.4563 -27.0842
      vertex 15 -24.4021 -28.118
      vertex 15 -24.4021 -26.882
    endloop
  endfacet
  facet normal 1 0 0
    outer loop
      vertex 15 -24.4563 -27.0842
      vertex 15 -24.4563 -27.9158
      vertex 15 -24.4021 -28.118
    endloop
  endfacet
  facet normal 1 -0 0
    outer loop
      vertex 15 -24.489 -27.2909
      vertex 15 -24.4563 -27.9158
      vertex 15 -24.4563 -27.0842
    endloop
  endfacet
  facet normal 1 0 0
    outer loop
      vertex 15 -24.489 -27.2909
      vertex 15 -24.489 -27.7091
      vertex 15 -24.4563 -27.9158
    endloop
  endfacet
  facet normal 1 0 -0
    outer loop
      vertex 15 -24.489 -27.7091
      vertex 15 -24.489 -27.2909
      vertex 15 -24.5 -27.5
    endloop
  endfacet
  facet normal 0 0.777174 0.629286
    outer loop
      vertex 15 1.61803 -26.3244
      vertex -15 1.48629 -26.1617
      vertex 15 1.48629 -26.1617
    endloop
  endfacet
  facet normal 0 0.777174 0.629286
    outer loop
      vertex -15 1.48629 -26.1617
      vertex 15 1.61803 -26.3244
      vertex -15 1.61803 -26.3244
    endloop
  endfacet
  facet normal 0 0.998629 -0.0523433
    outer loop
      vertex 15 1.98904 -27.7091
      vertex -15 2 -27.5
      vertex 15 2 -27.5
    endloop
  endfacet
  facet normal 0 0.998629 -0.0523433
    outer loop
      vertex -15 2 -27.5
      vertex 15 1.98904 -27.7091
      vertex -15 1.98904 -27.7091
    endloop
  endfacet
  facet normal 0 -0.0525445 0.998619
    outer loop
      vertex -15 0 -25.5
      vertex 15 -0.209057 -25.511
      vertex 15 0 -25.5
    endloop
  endfacet
  facet normal 0 -0.0525445 0.998619
    outer loop
      vertex 15 -0.209057 -25.511
      vertex -15 0 -25.5
      vertex -15 -0.209057 -25.511
    endloop
  endfacet
  facet normal 0 0.358275 -0.933616
    outer loop
      vertex -15 0.618033 -29.4021
      vertex 15 0.813473 -29.3271
      vertex 15 0.618033 -29.4021
    endloop
  endfacet
  facet normal 0 0.358275 -0.933616
    outer loop
      vertex 15 0.813473 -29.3271
      vertex -15 0.618033 -29.4021
      vertex -15 0.813473 -29.3271
    endloop
  endfacet
  facet normal 0 0.838705 -0.544585
    outer loop
      vertex 15 1.61803 -28.6756
      vertex -15 1.73205 -28.5
      vertex 15 1.73205 -28.5
    endloop
  endfacet
  facet normal 0 0.838705 -0.544585
    outer loop
      vertex -15 1.73205 -28.5
      vertex 15 1.61803 -28.6756
      vertex -15 1.61803 -28.6756
    endloop
  endfacet
  facet normal 0 -0.54492 0.838488
    outer loop
      vertex -15 -1 -25.7679
      vertex 15 -1.17557 -25.882
      vertex 15 -1 -25.7679
    endloop
  endfacet
  facet normal 0 -0.54492 0.838488
    outer loop
      vertex 15 -1.17557 -25.882
      vertex -15 -1 -25.7679
      vertex -15 -1.17557 -25.882
    endloop
  endfacet
  facet normal 0 0.933621 -0.358262
    outer loop
      vertex 15 1.82709 -28.3135
      vertex -15 1.90211 -28.118
      vertex 15 1.90211 -28.118
    endloop
  endfacet
  facet normal 0 0.933621 -0.358262
    outer loop
      vertex -15 1.90211 -28.118
      vertex 15 1.82709 -28.3135
      vertex -15 1.82709 -28.3135
    endloop
  endfacet
  facet normal 0 0.838705 0.544585
    outer loop
      vertex 15 1.73205 -26.5
      vertex -15 1.61803 -26.3244
      vertex 15 1.61803 -26.3244
    endloop
  endfacet
  facet normal 0 0.838705 0.544585
    outer loop
      vertex -15 1.61803 -26.3244
      vertex 15 1.73205 -26.5
      vertex -15 1.73205 -26.5
    endloop
  endfacet
  facet normal 0 0.965913 0.258867
    outer loop
      vertex 15 1.9563 -27.0842
      vertex -15 1.90211 -26.882
      vertex 15 1.90211 -26.882
    endloop
  endfacet
  facet normal 0 0.965913 0.258867
    outer loop
      vertex -15 1.90211 -26.882
      vertex 15 1.9563 -27.0842
      vertex -15 1.9563 -27.0842
    endloop
  endfacet
  facet normal 0 0.777174 -0.629286
    outer loop
      vertex 15 1.48629 -28.8383
      vertex -15 1.61803 -28.6756
      vertex 15 1.61803 -28.6756
    endloop
  endfacet
  facet normal 0 0.777174 -0.629286
    outer loop
      vertex -15 1.61803 -28.6756
      vertex 15 1.48629 -28.8383
      vertex -15 1.48629 -28.8383
    endloop
  endfacet
  facet normal 0 -0.629194 0.777248
    outer loop
      vertex -15 -1.17557 -25.882
      vertex 15 -1.33826 -26.0137
      vertex 15 -1.17557 -25.882
    endloop
  endfacet
  facet normal 0 -0.629194 0.777248
    outer loop
      vertex 15 -1.33826 -26.0137
      vertex -15 -1.17557 -25.882
      vertex -15 -1.33826 -26.0137
    endloop
  endfacet
  facet normal 0 -0.933621 -0.358262
    outer loop
      vertex -15 -1.82709 -28.3135
      vertex 15 -1.90211 -28.118
      vertex -15 -1.90211 -28.118
    endloop
  endfacet
  facet normal 0 -0.933621 -0.358262
    outer loop
      vertex 15 -1.90211 -28.118
      vertex -15 -1.82709 -28.3135
      vertex 15 -1.82709 -28.3135
    endloop
  endfacet
  facet normal 0 -0.156208 0.987724
    outer loop
      vertex -15 -0.209057 -25.511
      vertex 15 -0.415823 -25.5437
      vertex 15 -0.209057 -25.511
    endloop
  endfacet
  facet normal 0 -0.156208 0.987724
    outer loop
      vertex 15 -0.415823 -25.5437
      vertex -15 -0.209057 -25.511
      vertex -15 -0.415823 -25.5437
    endloop
  endfacet
  facet normal 0 -0.987687 -0.156443
    outer loop
      vertex -15 -1.9563 -27.9158
      vertex 15 -1.98904 -27.7091
      vertex -15 -1.98904 -27.7091
    endloop
  endfacet
  facet normal 0 -0.987687 -0.156443
    outer loop
      vertex 15 -1.98904 -27.7091
      vertex -15 -1.9563 -27.9158
      vertex 15 -1.9563 -27.9158
    endloop
  endfacet
  facet normal 0 0.89098 -0.454042
    outer loop
      vertex 15 1.73205 -28.5
      vertex -15 1.82709 -28.3135
      vertex 15 1.82709 -28.3135
    endloop
  endfacet
  facet normal 0 0.89098 -0.454042
    outer loop
      vertex -15 1.82709 -28.3135
      vertex 15 1.73205 -28.5
      vertex -15 1.73205 -28.5
    endloop
  endfacet
  facet normal -0 0.156208 0.987724
    outer loop
      vertex -15 0.415823 -25.5437
      vertex 15 0.209057 -25.511
      vertex 15 0.415823 -25.5437
    endloop
  endfacet
  facet normal 0 0.156208 0.987724
    outer loop
      vertex 15 0.209057 -25.511
      vertex -15 0.415823 -25.5437
      vertex -15 0.209057 -25.511
    endloop
  endfacet
  facet normal 0 -0.358275 -0.933616
    outer loop
      vertex -15 -0.813473 -29.3271
      vertex 15 -0.618033 -29.4021
      vertex 15 -0.813473 -29.3271
    endloop
  endfacet
  facet normal -0 -0.358275 -0.933616
    outer loop
      vertex 15 -0.618033 -29.4021
      vertex -15 -0.813473 -29.3271
      vertex -15 -0.618033 -29.4021
    endloop
  endfacet
  facet normal 0 0.156208 -0.987724
    outer loop
      vertex -15 0.209057 -29.489
      vertex 15 0.415823 -29.4563
      vertex 15 0.209057 -29.489
    endloop
  endfacet
  facet normal 0 0.156208 -0.987724
    outer loop
      vertex 15 0.415823 -29.4563
      vertex -15 0.209057 -29.489
      vertex -15 0.415823 -29.4563
    endloop
  endfacet
  facet normal 0 0.998629 0.0523433
    outer loop
      vertex 15 2 -27.5
      vertex -15 1.98904 -27.2909
      vertex 15 1.98904 -27.2909
    endloop
  endfacet
  facet normal 0 0.998629 0.0523433
    outer loop
      vertex -15 1.98904 -27.2909
      vertex 15 2 -27.5
      vertex -15 2 -27.5
    endloop
  endfacet
  facet normal 0 -0.89098 -0.454042
    outer loop
      vertex -15 -1.73205 -28.5
      vertex 15 -1.82709 -28.3135
      vertex -15 -1.82709 -28.3135
    endloop
  endfacet
  facet normal 0 -0.89098 -0.454042
    outer loop
      vertex 15 -1.82709 -28.3135
      vertex -15 -1.73205 -28.5
      vertex 15 -1.73205 -28.5
    endloop
  endfacet
  facet normal 0 0.0525445 -0.998619
    outer loop
      vertex -15 0 -29.5
      vertex 15 0.209057 -29.489
      vertex 15 0 -29.5
    endloop
  endfacet
  facet normal 0 0.0525445 -0.998619
    outer loop
      vertex 15 0.209057 -29.489
      vertex -15 0 -29.5
      vertex -15 0.209057 -29.489
    endloop
  endfacet
  facet normal 0 -0.777174 0.629286
    outer loop
      vertex -15 -1.61803 -26.3244
      vertex 15 -1.48629 -26.1617
      vertex -15 -1.48629 -26.1617
    endloop
  endfacet
  facet normal 0 -0.777174 0.629286
    outer loop
      vertex 15 -1.48629 -26.1617
      vertex -15 -1.61803 -26.3244
      vertex 15 -1.61803 -26.3244
    endloop
  endfacet
  facet normal 0 -0.998629 0.0523433
    outer loop
      vertex -15 -2 -27.5
      vertex 15 -1.98904 -27.2909
      vertex -15 -1.98904 -27.2909
    endloop
  endfacet
  facet normal 0 -0.998629 0.0523433
    outer loop
      vertex 15 -1.98904 -27.2909
      vertex -15 -2 -27.5
      vertex 15 -2 -27.5
    endloop
  endfacet
  facet normal -0 0.54492 0.838488
    outer loop
      vertex -15 1.17557 -25.882
      vertex 15 1 -25.7679
      vertex 15 1.17557 -25.882
    endloop
  endfacet
  facet normal 0 0.54492 0.838488
    outer loop
      vertex 15 1 -25.7679
      vertex -15 1.17557 -25.882
      vertex -15 1 -25.7679
    endloop
  endfacet
  facet normal 0 -0.358275 0.933616
    outer loop
      vertex -15 -0.618033 -25.5979
      vertex 15 -0.813473 -25.6729
      vertex 15 -0.618033 -25.5979
    endloop
  endfacet
  facet normal 0 -0.358275 0.933616
    outer loop
      vertex 15 -0.813473 -25.6729
      vertex -15 -0.618033 -25.5979
      vertex -15 -0.813473 -25.6729
    endloop
  endfacet
  facet normal 0 0.89098 0.454042
    outer loop
      vertex 15 1.82709 -26.6865
      vertex -15 1.73205 -26.5
      vertex 15 1.73205 -26.5
    endloop
  endfacet
  facet normal 0 0.89098 0.454042
    outer loop
      vertex -15 1.73205 -26.5
      vertex 15 1.82709 -26.6865
      vertex -15 1.82709 -26.6865
    endloop
  endfacet
  facet normal -0 0.629194 0.777248
    outer loop
      vertex -15 1.33826 -26.0137
      vertex 15 1.17557 -25.882
      vertex 15 1.33826 -26.0137
    endloop
  endfacet
  facet normal 0 0.629194 0.777248
    outer loop
      vertex 15 1.17557 -25.882
      vertex -15 1.33826 -26.0137
      vertex -15 1.17557 -25.882
    endloop
  endfacet
  facet normal 0 -0.777174 -0.629286
    outer loop
      vertex -15 -1.48629 -28.8383
      vertex 15 -1.61803 -28.6756
      vertex -15 -1.61803 -28.6756
    endloop
  endfacet
  facet normal 0 -0.777174 -0.629286
    outer loop
      vertex 15 -1.61803 -28.6756
      vertex -15 -1.48629 -28.8383
      vertex 15 -1.48629 -28.8383
    endloop
  endfacet
  facet normal 0 -0.965913 0.258867
    outer loop
      vertex -15 -1.9563 -27.0842
      vertex 15 -1.90211 -26.882
      vertex -15 -1.90211 -26.882
    endloop
  endfacet
  facet normal 0 -0.965913 0.258867
    outer loop
      vertex 15 -1.90211 -26.882
      vertex -15 -1.9563 -27.0842
      vertex 15 -1.9563 -27.0842
    endloop
  endfacet
  facet normal 0 -0.0525445 -0.998619
    outer loop
      vertex -15 -0.209057 -29.489
      vertex 15 0 -29.5
      vertex 15 -0.209057 -29.489
    endloop
  endfacet
  facet normal -0 -0.0525445 -0.998619
    outer loop
      vertex 15 0 -29.5
      vertex -15 -0.209057 -29.489
      vertex -15 0 -29.5
    endloop
  endfacet
  facet normal 0 -0.707035 0.707178
    outer loop
      vertex -15 -1.48629 -26.1617
      vertex 15 -1.33826 -26.0137
      vertex -15 -1.33826 -26.0137
    endloop
  endfacet
  facet normal 0 -0.707035 0.707178
    outer loop
      vertex 15 -1.33826 -26.0137
      vertex -15 -1.48629 -26.1617
      vertex 15 -1.48629 -26.1617
    endloop
  endfacet
  facet normal 0 -0.707035 -0.707178
    outer loop
      vertex -15 -1.33826 -28.9863
      vertex 15 -1.48629 -28.8383
      vertex -15 -1.48629 -28.8383
    endloop
  endfacet
  facet normal 0 -0.707035 -0.707178
    outer loop
      vertex 15 -1.48629 -28.8383
      vertex -15 -1.33826 -28.9863
      vertex 15 -1.33826 -28.9863
    endloop
  endfacet
  facet normal 0 -0.998629 -0.0523433
    outer loop
      vertex -15 -1.98904 -27.7091
      vertex 15 -2 -27.5
      vertex -15 -2 -27.5
    endloop
  endfacet
  facet normal 0 -0.998629 -0.0523433
    outer loop
      vertex 15 -2 -27.5
      vertex -15 -1.98904 -27.7091
      vertex 15 -1.98904 -27.7091
    endloop
  endfacet
  facet normal 0 0.258899 -0.965904
    outer loop
      vertex -15 0.415823 -29.4563
      vertex 15 0.618033 -29.4021
      vertex 15 0.415823 -29.4563
    endloop
  endfacet
  facet normal 0 0.258899 -0.965904
    outer loop
      vertex 15 0.618033 -29.4021
      vertex -15 0.415823 -29.4563
      vertex -15 0.618033 -29.4021
    endloop
  endfacet
  facet normal 0 0.987687 -0.156443
    outer loop
      vertex 15 1.9563 -27.9158
      vertex -15 1.98904 -27.7091
      vertex 15 1.98904 -27.7091
    endloop
  endfacet
  facet normal 0 0.987687 -0.156443
    outer loop
      vertex -15 1.98904 -27.7091
      vertex 15 1.9563 -27.9158
      vertex -15 1.9563 -27.9158
    endloop
  endfacet
  facet normal 0 0.987687 0.156443
    outer loop
      vertex 15 1.98904 -27.2909
      vertex -15 1.9563 -27.0842
      vertex 15 1.9563 -27.0842
    endloop
  endfacet
  facet normal 0 0.987687 0.156443
    outer loop
      vertex -15 1.9563 -27.0842
      vertex 15 1.98904 -27.2909
      vertex -15 1.98904 -27.2909
    endloop
  endfacet
  facet normal 0 -0.838705 0.544585
    outer loop
      vertex -15 -1.73205 -26.5
      vertex 15 -1.61803 -26.3244
      vertex -15 -1.61803 -26.3244
    endloop
  endfacet
  facet normal 0 -0.838705 0.544585
    outer loop
      vertex 15 -1.61803 -26.3244
      vertex -15 -1.73205 -26.5
      vertex 15 -1.73205 -26.5
    endloop
  endfacet
  facet normal 0 -0.156208 -0.987724
    outer loop
      vertex -15 -0.415823 -29.4563
      vertex 15 -0.209057 -29.489
      vertex 15 -0.415823 -29.4563
    endloop
  endfacet
  facet normal -0 -0.156208 -0.987724
    outer loop
      vertex 15 -0.209057 -29.489
      vertex -15 -0.415823 -29.4563
      vertex -15 -0.209057 -29.489
    endloop
  endfacet
  facet normal 0 0.707035 0.707178
    outer loop
      vertex 15 1.48629 -26.1617
      vertex -15 1.33826 -26.0137
      vertex 15 1.33826 -26.0137
    endloop
  endfacet
  facet normal 0 0.707035 0.707178
    outer loop
      vertex -15 1.33826 -26.0137
      vertex 15 1.48629 -26.1617
      vertex -15 1.48629 -26.1617
    endloop
  endfacet
  facet normal 0 -0.544584 -0.838707
    outer loop
      vertex -15 -1.17557 -29.118
      vertex 15 -1 -29.232
      vertex 15 -1.17557 -29.118
    endloop
  endfacet
  facet normal -0 -0.544584 -0.838707
    outer loop
      vertex 15 -1 -29.232
      vertex -15 -1.17557 -29.118
      vertex -15 -1 -29.232
    endloop
  endfacet
  facet normal 0 -0.258899 0.965904
    outer loop
      vertex -15 -0.415823 -25.5437
      vertex 15 -0.618033 -25.5979
      vertex 15 -0.415823 -25.5437
    endloop
  endfacet
  facet normal 0 -0.258899 0.965904
    outer loop
      vertex 15 -0.618033 -25.5979
      vertex -15 -0.415823 -25.5437
      vertex -15 -0.618033 -25.5979
    endloop
  endfacet
  facet normal -0 0.453838 0.891084
    outer loop
      vertex -15 1 -25.7679
      vertex 15 0.813473 -25.6729
      vertex 15 1 -25.7679
    endloop
  endfacet
  facet normal 0 0.453838 0.891084
    outer loop
      vertex 15 0.813473 -25.6729
      vertex -15 1 -25.7679
      vertex -15 0.813473 -25.6729
    endloop
  endfacet
  facet normal 0 0.707035 -0.707178
    outer loop
      vertex 15 1.33826 -28.9863
      vertex -15 1.48629 -28.8383
      vertex 15 1.48629 -28.8383
    endloop
  endfacet
  facet normal 0 0.707035 -0.707178
    outer loop
      vertex -15 1.48629 -28.8383
      vertex 15 1.33826 -28.9863
      vertex -15 1.33826 -28.9863
    endloop
  endfacet
  facet normal 0 -0.454217 -0.890891
    outer loop
      vertex -15 -1 -29.232
      vertex 15 -0.813473 -29.3271
      vertex 15 -1 -29.232
    endloop
  endfacet
  facet normal -0 -0.454217 -0.890891
    outer loop
      vertex 15 -0.813473 -29.3271
      vertex -15 -1 -29.232
      vertex -15 -0.813473 -29.3271
    endloop
  endfacet
  facet normal 0 -0.629194 -0.777248
    outer loop
      vertex -15 -1.33826 -28.9863
      vertex 15 -1.17557 -29.118
      vertex 15 -1.33826 -28.9863
    endloop
  endfacet
  facet normal -0 -0.629194 -0.777248
    outer loop
      vertex 15 -1.17557 -29.118
      vertex -15 -1.33826 -28.9863
      vertex -15 -1.17557 -29.118
    endloop
  endfacet
  facet normal 0 0.544584 -0.838707
    outer loop
      vertex -15 1 -29.232
      vertex 15 1.17557 -29.118
      vertex 15 1 -29.232
    endloop
  endfacet
  facet normal 0 0.544584 -0.838707
    outer loop
      vertex 15 1.17557 -29.118
      vertex -15 1 -29.232
      vertex -15 1.17557 -29.118
    endloop
  endfacet
  facet normal -0 0.258899 0.965904
    outer loop
      vertex -15 0.618033 -25.5979
      vertex 15 0.415823 -25.5437
      vertex 15 0.618033 -25.5979
    endloop
  endfacet
  facet normal 0 0.258899 0.965904
    outer loop
      vertex 15 0.415823 -25.5437
      vertex -15 0.618033 -25.5979
      vertex -15 0.415823 -25.5437
    endloop
  endfacet
  facet normal 0 0.454217 -0.890891
    outer loop
      vertex -15 0.813473 -29.3271
      vertex 15 1 -29.232
      vertex 15 0.813473 -29.3271
    endloop
  endfacet
  facet normal 0 0.454217 -0.890891
    outer loop
      vertex 15 1 -29.232
      vertex -15 0.813473 -29.3271
      vertex -15 1 -29.232
    endloop
  endfacet
  facet normal 0 0.629194 -0.777248
    outer loop
      vertex -15 1.17557 -29.118
      vertex 15 1.33826 -28.9863
      vertex 15 1.17557 -29.118
    endloop
  endfacet
  facet normal 0 0.629194 -0.777248
    outer loop
      vertex 15 1.33826 -28.9863
      vertex -15 1.17557 -29.118
      vertex -15 1.33826 -28.9863
    endloop
  endfacet
  facet normal 0 -0.89098 0.454042
    outer loop
      vertex -15 -1.82709 -26.6865
      vertex 15 -1.73205 -26.5
      vertex -15 -1.73205 -26.5
    endloop
  endfacet
  facet normal 0 -0.89098 0.454042
    outer loop
      vertex 15 -1.73205 -26.5
      vertex -15 -1.82709 -26.6865
      vertex 15 -1.82709 -26.6865
    endloop
  endfacet
  facet normal 1 0 0
    outer loop
      vertex 15 1.98904 -27.2909
      vertex 15 1.98904 -27.7091
      vertex 15 2 -27.5
    endloop
  endfacet
  facet normal 1 0 0
    outer loop
      vertex 15 1.9563 -27.0842
      vertex 15 1.98904 -27.7091
      vertex 15 1.98904 -27.2909
    endloop
  endfacet
  facet normal 1 0 0
    outer loop
      vertex 15 1.9563 -27.0842
      vertex 15 1.9563 -27.9158
      vertex 15 1.98904 -27.7091
    endloop
  endfacet
  facet normal 1 0 0
    outer loop
      vertex 15 1.90211 -26.882
      vertex 15 1.9563 -27.9158
      vertex 15 1.9563 -27.0842
    endloop
  endfacet
  facet normal 1 0 0
    outer loop
      vertex 15 1.90211 -26.882
      vertex 15 1.90211 -28.118
      vertex 15 1.9563 -27.9158
    endloop
  endfacet
  facet normal 1 0 0
    outer loop
      vertex 15 1.82709 -26.6865
      vertex 15 1.90211 -28.118
      vertex 15 1.90211 -26.882
    endloop
  endfacet
  facet normal 1 0 0
    outer loop
      vertex 15 1.82709 -26.6865
      vertex 15 1.82709 -28.3135
      vertex 15 1.90211 -28.118
    endloop
  endfacet
  facet normal 1 0 0
    outer loop
      vertex 15 1.73205 -26.5
      vertex 15 1.82709 -28.3135
      vertex 15 1.82709 -26.6865
    endloop
  endfacet
  facet normal 1 0 0
    outer loop
      vertex 15 1.73205 -26.5
      vertex 15 1.73205 -28.5
      vertex 15 1.82709 -28.3135
    endloop
  endfacet
  facet normal 1 0 0
    outer loop
      vertex 15 1.61803 -26.3244
      vertex 15 1.73205 -28.5
      vertex 15 1.73205 -26.5
    endloop
  endfacet
  facet normal 1 0 0
    outer loop
      vertex 15 1.61803 -26.3244
      vertex 15 1.61803 -28.6756
      vertex 15 1.73205 -28.5
    endloop
  endfacet
  facet normal 1 0 0
    outer loop
      vertex 15 1.48629 -26.1617
      vertex 15 1.61803 -28.6756
      vertex 15 1.61803 -26.3244
    endloop
  endfacet
  facet normal 1 0 0
    outer loop
      vertex 15 1.48629 -26.1617
      vertex 15 1.48629 -28.8383
      vertex 15 1.61803 -28.6756
    endloop
  endfacet
  facet normal 1 0 0
    outer loop
      vertex 15 1.33826 -26.0137
      vertex 15 1.48629 -28.8383
      vertex 15 1.48629 -26.1617
    endloop
  endfacet
  facet normal 1 0 0
    outer loop
      vertex 15 1.33826 -26.0137
      vertex 15 1.33826 -28.9863
      vertex 15 1.48629 -28.8383
    endloop
  endfacet
  facet normal 1 0 0
    outer loop
      vertex 15 1.17557 -25.882
      vertex 15 1.33826 -28.9863
      vertex 15 1.33826 -26.0137
    endloop
  endfacet
  facet normal 1 0 0
    outer loop
      vertex 15 1.17557 -25.882
      vertex 15 1.17557 -29.118
      vertex 15 1.33826 -28.9863
    endloop
  endfacet
  facet normal 1 0 0
    outer loop
      vertex 15 1 -25.7679
      vertex 15 1.17557 -29.118
      vertex 15 1.17557 -25.882
    endloop
  endfacet
  facet normal 1 0 0
    outer loop
      vertex 15 1 -25.7679
      vertex 15 1 -29.232
      vertex 15 1.17557 -29.118
    endloop
  endfacet
  facet normal 1 0 0
    outer loop
      vertex 15 0.813473 -25.6729
      vertex 15 1 -29.232
      vertex 15 1 -25.7679
    endloop
  endfacet
  facet normal 1 0 0
    outer loop
      vertex 15 0.813473 -25.6729
      vertex 15 0.813473 -29.3271
      vertex 15 1 -29.232
    endloop
  endfacet
  facet normal 1 0 0
    outer loop
      vertex 15 0.618033 -25.5979
      vertex 15 0.813473 -29.3271
      vertex 15 0.813473 -25.6729
    endloop
  endfacet
  facet normal 1 0 0
    outer loop
      vertex 15 0.618033 -25.5979
      vertex 15 0.618033 -29.4021
      vertex 15 0.813473 -29.3271
    endloop
  endfacet
  facet normal 1 0 0
    outer loop
      vertex 15 0.415823 -25.5437
      vertex 15 0.618033 -29.4021
      vertex 15 0.618033 -25.5979
    endloop
  endfacet
  facet normal 1 0 0
    outer loop
      vertex 15 0.415823 -25.5437
      vertex 15 0.415823 -29.4563
      vertex 15 0.618033 -29.4021
    endloop
  endfacet
  facet normal 1 0 0
    outer loop
      vertex 15 0.209057 -25.511
      vertex 15 0.415823 -29.4563
      vertex 15 0.415823 -25.5437
    endloop
  endfacet
  facet normal 1 0 0
    outer loop
      vertex 15 0.209057 -25.511
      vertex 15 0.209057 -29.489
      vertex 15 0.415823 -29.4563
    endloop
  endfacet
  facet normal 1 0 0
    outer loop
      vertex 15 0 -25.5
      vertex 15 0.209057 -29.489
      vertex 15 0.209057 -25.511
    endloop
  endfacet
  facet normal 1 0 0
    outer loop
      vertex 15 0 -25.5
      vertex 15 0 -29.5
      vertex 15 0.209057 -29.489
    endloop
  endfacet
  facet normal 1 -0 0
    outer loop
      vertex 15 -0.209057 -25.511
      vertex 15 0 -29.5
      vertex 15 0 -25.5
    endloop
  endfacet
  facet normal 1 0 0
    outer loop
      vertex 15 -0.209057 -25.511
      vertex 15 -0.209057 -29.489
      vertex 15 0 -29.5
    endloop
  endfacet
  facet normal 1 -0 0
    outer loop
      vertex 15 -0.415823 -25.5437
      vertex 15 -0.209057 -29.489
      vertex 15 -0.209057 -25.511
    endloop
  endfacet
  facet normal 1 0 0
    outer loop
      vertex 15 -0.415823 -25.5437
      vertex 15 -0.415823 -29.4563
      vertex 15 -0.209057 -29.489
    endloop
  endfacet
  facet normal 1 -0 0
    outer loop
      vertex 15 -0.618033 -25.5979
      vertex 15 -0.415823 -29.4563
      vertex 15 -0.415823 -25.5437
    endloop
  endfacet
  facet normal 1 0 0
    outer loop
      vertex 15 -0.618033 -25.5979
      vertex 15 -0.618033 -29.4021
      vertex 15 -0.415823 -29.4563
    endloop
  endfacet
  facet normal 1 -0 0
    outer loop
      vertex 15 -0.813473 -25.6729
      vertex 15 -0.618033 -29.4021
      vertex 15 -0.618033 -25.5979
    endloop
  endfacet
  facet normal 1 0 0
    outer loop
      vertex 15 -0.813473 -25.6729
      vertex 15 -0.813473 -29.3271
      vertex 15 -0.618033 -29.4021
    endloop
  endfacet
  facet normal 1 -0 0
    outer loop
      vertex 15 -1 -25.7679
      vertex 15 -0.813473 -29.3271
      vertex 15 -0.813473 -25.6729
    endloop
  endfacet
  facet normal 1 0 0
    outer loop
      vertex 15 -1 -25.7679
      vertex 15 -1 -29.232
      vertex 15 -0.813473 -29.3271
    endloop
  endfacet
  facet normal 1 -0 0
    outer loop
      vertex 15 -1.17557 -25.882
      vertex 15 -1 -29.232
      vertex 15 -1 -25.7679
    endloop
  endfacet
  facet normal 1 0 0
    outer loop
      vertex 15 -1.17557 -25.882
      vertex 15 -1.17557 -29.118
      vertex 15 -1 -29.232
    endloop
  endfacet
  facet normal 1 -0 0
    outer loop
      vertex 15 -1.33826 -26.0137
      vertex 15 -1.17557 -29.118
      vertex 15 -1.17557 -25.882
    endloop
  endfacet
  facet normal 1 0 0
    outer loop
      vertex 15 -1.33826 -26.0137
      vertex 15 -1.33826 -28.9863
      vertex 15 -1.17557 -29.118
    endloop
  endfacet
  facet normal 1 -0 0
    outer loop
      vertex 15 -1.48629 -26.1617
      vertex 15 -1.33826 -28.9863
      vertex 15 -1.33826 -26.0137
    endloop
  endfacet
  facet normal 1 0 0
    outer loop
      vertex 15 -1.48629 -26.1617
      vertex 15 -1.48629 -28.8383
      vertex 15 -1.33826 -28.9863
    endloop
  endfacet
  facet normal 1 -0 0
    outer loop
      vertex 15 -1.61803 -26.3244
      vertex 15 -1.48629 -28.8383
      vertex 15 -1.48629 -26.1617
    endloop
  endfacet
  facet normal 1 0 0
    outer loop
      vertex 15 -1.61803 -26.3244
      vertex 15 -1.61803 -28.6756
      vertex 15 -1.48629 -28.8383
    endloop
  endfacet
  facet normal 1 -0 0
    outer loop
      vertex 15 -1.73205 -26.5
      vertex 15 -1.61803 -28.6756
      vertex 15 -1.61803 -26.3244
    endloop
  endfacet
  facet normal 1 0 0
    outer loop
      vertex 15 -1.73205 -26.5
      vertex 15 -1.73205 -28.5
      vertex 15 -1.61803 -28.6756
    endloop
  endfacet
  facet normal 1 -0 0
    outer loop
      vertex 15 -1.82709 -26.6865
      vertex 15 -1.73205 -28.5
      vertex 15 -1.73205 -26.5
    endloop
  endfacet
  facet normal 1 0 0
    outer loop
      vertex 15 -1.82709 -26.6865
      vertex 15 -1.82709 -28.3135
      vertex 15 -1.73205 -28.5
    endloop
  endfacet
  facet normal 1 -0 0
    outer loop
      vertex 15 -1.90211 -26.882
      vertex 15 -1.82709 -28.3135
      vertex 15 -1.82709 -26.6865
    endloop
  endfacet
  facet normal 1 0 0
    outer loop
      vertex 15 -1.90211 -26.882
      vertex 15 -1.90211 -28.118
      vertex 15 -1.82709 -28.3135
    endloop
  endfacet
  facet normal 1 -0 0
    outer loop
      vertex 15 -1.9563 -27.0842
      vertex 15 -1.90211 -28.118
      vertex 15 -1.90211 -26.882
    endloop
  endfacet
  facet normal 1 0 0
    outer loop
      vertex 15 -1.9563 -27.0842
      vertex 15 -1.9563 -27.9158
      vertex 15 -1.90211 -28.118
    endloop
  endfacet
  facet normal 1 -0 0
    outer loop
      vertex 15 -1.98904 -27.2909
      vertex 15 -1.9563 -27.9158
      vertex 15 -1.9563 -27.0842
    endloop
  endfacet
  facet normal 1 0 0
    outer loop
      vertex 15 -1.98904 -27.2909
      vertex 15 -1.98904 -27.7091
      vertex 15 -1.9563 -27.9158
    endloop
  endfacet
  facet normal 1 0 -0
    outer loop
      vertex 15 -1.98904 -27.7091
      vertex 15 -1.98904 -27.2909
      vertex 15 -2 -27.5
    endloop
  endfacet
  facet normal 0 -0.933621 0.358262
    outer loop
      vertex -15 -1.90211 -26.882
      vertex 15 -1.82709 -26.6865
      vertex -15 -1.82709 -26.6865
    endloop
  endfacet
  facet normal 0 -0.933621 0.358262
    outer loop
      vertex 15 -1.82709 -26.6865
      vertex -15 -1.90211 -26.882
      vertex 15 -1.90211 -26.882
    endloop
  endfacet
  facet normal -0 0.0525445 0.998619
    outer loop
      vertex -15 0.209057 -25.511
      vertex 15 0 -25.5
      vertex 15 0.209057 -25.511
    endloop
  endfacet
  facet normal 0 0.0525445 0.998619
    outer loop
      vertex 15 0 -25.5
      vertex -15 0.209057 -25.511
      vertex -15 0 -25.5
    endloop
  endfacet
  facet normal 0 0.933621 0.358262
    outer loop
      vertex 15 1.90211 -26.882
      vertex -15 1.82709 -26.6865
      vertex 15 1.82709 -26.6865
    endloop
  endfacet
  facet normal 0 0.933621 0.358262
    outer loop
      vertex -15 1.82709 -26.6865
      vertex 15 1.90211 -26.882
      vertex -15 1.90211 -26.882
    endloop
  endfacet
  facet normal -0 0.358275 0.933616
    outer loop
      vertex -15 0.813473 -25.6729
      vertex 15 0.618033 -25.5979
      vertex 15 0.813473 -25.6729
    endloop
  endfacet
  facet normal 0 0.358275 0.933616
    outer loop
      vertex 15 0.618033 -25.5979
      vertex -15 0.813473 -25.6729
      vertex -15 0.618033 -25.5979
    endloop
  endfacet
  facet normal 0 -0.258899 -0.965904
    outer loop
      vertex -15 -0.618033 -29.4021
      vertex 15 -0.415823 -29.4563
      vertex 15 -0.618033 -29.4021
    endloop
  endfacet
  facet normal -0 -0.258899 -0.965904
    outer loop
      vertex 15 -0.415823 -29.4563
      vertex -15 -0.618033 -29.4021
      vertex -15 -0.415823 -29.4563
    endloop
  endfacet
  facet normal 0 0.965913 -0.258867
    outer loop
      vertex 15 1.90211 -28.118
      vertex -15 1.9563 -27.9158
      vertex 15 1.9563 -27.9158
    endloop
  endfacet
  facet normal 0 0.965913 -0.258867
    outer loop
      vertex -15 1.9563 -27.9158
      vertex 15 1.90211 -28.118
      vertex -15 1.90211 -28.118
    endloop
  endfacet
  facet normal 0 -0.965913 -0.258867
    outer loop
      vertex -15 -1.90211 -28.118
      vertex 15 -1.9563 -27.9158
      vertex -15 -1.9563 -27.9158
    endloop
  endfacet
  facet normal 0 -0.965913 -0.258867
    outer loop
      vertex 15 -1.9563 -27.9158
      vertex -15 -1.90211 -28.118
      vertex 15 -1.90211 -28.118
    endloop
  endfacet
  facet normal 0 -0.838705 -0.544585
    outer loop
      vertex -15 -1.61803 -28.6756
      vertex 15 -1.73205 -28.5
      vertex -15 -1.73205 -28.5
    endloop
  endfacet
  facet normal 0 -0.838705 -0.544585
    outer loop
      vertex 15 -1.73205 -28.5
      vertex -15 -1.61803 -28.6756
      vertex 15 -1.61803 -28.6756
    endloop
  endfacet
  facet normal 0 -0.453838 0.891084
    outer loop
      vertex -15 -0.813473 -25.6729
      vertex 15 -1 -25.7679
      vertex 15 -0.813473 -25.6729
    endloop
  endfacet
  facet normal 0 -0.453838 0.891084
    outer loop
      vertex 15 -1 -25.7679
      vertex -15 -0.813473 -25.6729
      vertex -15 -1 -25.7679
    endloop
  endfacet
  facet normal -1 0 0
    outer loop
      vertex -15 1.98904 -27.7091
      vertex -15 1.98904 -27.2909
      vertex -15 2 -27.5
    endloop
  endfacet
  facet normal -1 0 0
    outer loop
      vertex -15 1.9563 -27.9158
      vertex -15 1.98904 -27.2909
      vertex -15 1.98904 -27.7091
    endloop
  endfacet
  facet normal -1 0 0
    outer loop
      vertex -15 1.9563 -27.9158
      vertex -15 1.9563 -27.0842
      vertex -15 1.98904 -27.2909
    endloop
  endfacet
  facet normal -1 0 0
    outer loop
      vertex -15 1.90211 -28.118
      vertex -15 1.9563 -27.0842
      vertex -15 1.9563 -27.9158
    endloop
  endfacet
  facet normal -1 0 0
    outer loop
      vertex -15 1.90211 -28.118
      vertex -15 1.90211 -26.882
      vertex -15 1.9563 -27.0842
    endloop
  endfacet
  facet normal -1 0 0
    outer loop
      vertex -15 1.82709 -28.3135
      vertex -15 1.90211 -26.882
      vertex -15 1.90211 -28.118
    endloop
  endfacet
  facet normal -1 0 0
    outer loop
      vertex -15 1.82709 -28.3135
      vertex -15 1.82709 -26.6865
      vertex -15 1.90211 -26.882
    endloop
  endfacet
  facet normal -1 0 0
    outer loop
      vertex -15 1.73205 -28.5
      vertex -15 1.82709 -26.6865
      vertex -15 1.82709 -28.3135
    endloop
  endfacet
  facet normal -1 0 0
    outer loop
      vertex -15 1.73205 -28.5
      vertex -15 1.73205 -26.5
      vertex -15 1.82709 -26.6865
    endloop
  endfacet
  facet normal -1 0 0
    outer loop
      vertex -15 1.61803 -28.6756
      vertex -15 1.73205 -26.5
      vertex -15 1.73205 -28.5
    endloop
  endfacet
  facet normal -1 0 0
    outer loop
      vertex -15 1.61803 -28.6756
      vertex -15 1.61803 -26.3244
      vertex -15 1.73205 -26.5
    endloop
  endfacet
  facet normal -1 0 0
    outer loop
      vertex -15 1.48629 -28.8383
      vertex -15 1.61803 -26.3244
      vertex -15 1.61803 -28.6756
    endloop
  endfacet
  facet normal -1 0 0
    outer loop
      vertex -15 1.48629 -28.8383
      vertex -15 1.48629 -26.1617
      vertex -15 1.61803 -26.3244
    endloop
  endfacet
  facet normal -1 0 0
    outer loop
      vertex -15 1.33826 -28.9863
      vertex -15 1.48629 -26.1617
      vertex -15 1.48629 -28.8383
    endloop
  endfacet
  facet normal -1 0 0
    outer loop
      vertex -15 1.33826 -28.9863
      vertex -15 1.33826 -26.0137
      vertex -15 1.48629 -26.1617
    endloop
  endfacet
  facet normal -1 0 0
    outer loop
      vertex -15 1.17557 -29.118
      vertex -15 1.33826 -26.0137
      vertex -15 1.33826 -28.9863
    endloop
  endfacet
  facet normal -1 0 0
    outer loop
      vertex -15 1.17557 -29.118
      vertex -15 1.17557 -25.882
      vertex -15 1.33826 -26.0137
    endloop
  endfacet
  facet normal -1 0 0
    outer loop
      vertex -15 1 -29.232
      vertex -15 1.17557 -25.882
      vertex -15 1.17557 -29.118
    endloop
  endfacet
  facet normal -1 0 0
    outer loop
      vertex -15 1 -29.232
      vertex -15 1 -25.7679
      vertex -15 1.17557 -25.882
    endloop
  endfacet
  facet normal -1 0 0
    outer loop
      vertex -15 0.813473 -29.3271
      vertex -15 1 -25.7679
      vertex -15 1 -29.232
    endloop
  endfacet
  facet normal -1 0 0
    outer loop
      vertex -15 0.813473 -29.3271
      vertex -15 0.813473 -25.6729
      vertex -15 1 -25.7679
    endloop
  endfacet
  facet normal -1 0 0
    outer loop
      vertex -15 0.618033 -29.4021
      vertex -15 0.813473 -25.6729
      vertex -15 0.813473 -29.3271
    endloop
  endfacet
  facet normal -1 0 0
    outer loop
      vertex -15 0.618033 -29.4021
      vertex -15 0.618033 -25.5979
      vertex -15 0.813473 -25.6729
    endloop
  endfacet
  facet normal -1 0 0
    outer loop
      vertex -15 0.415823 -29.4563
      vertex -15 0.618033 -25.5979
      vertex -15 0.618033 -29.4021
    endloop
  endfacet
  facet normal -1 0 0
    outer loop
      vertex -15 0.415823 -29.4563
      vertex -15 0.415823 -25.5437
      vertex -15 0.618033 -25.5979
    endloop
  endfacet
  facet normal -1 0 0
    outer loop
      vertex -15 0.209057 -29.489
      vertex -15 0.415823 -25.5437
      vertex -15 0.415823 -29.4563
    endloop
  endfacet
  facet normal -1 0 0
    outer loop
      vertex -15 0.209057 -29.489
      vertex -15 0.209057 -25.511
      vertex -15 0.415823 -25.5437
    endloop
  endfacet
  facet normal -1 0 0
    outer loop
      vertex -15 0 -29.5
      vertex -15 0.209057 -25.511
      vertex -15 0.209057 -29.489
    endloop
  endfacet
  facet normal -1 0 0
    outer loop
      vertex -15 0 -29.5
      vertex -15 0 -25.5
      vertex -15 0.209057 -25.511
    endloop
  endfacet
  facet normal -1 0 0
    outer loop
      vertex -15 -0.209057 -29.489
      vertex -15 0 -25.5
      vertex -15 0 -29.5
    endloop
  endfacet
  facet normal -1 0 0
    outer loop
      vertex -15 -0.209057 -29.489
      vertex -15 -0.209057 -25.511
      vertex -15 0 -25.5
    endloop
  endfacet
  facet normal -1 0 0
    outer loop
      vertex -15 -0.415823 -29.4563
      vertex -15 -0.209057 -25.511
      vertex -15 -0.209057 -29.489
    endloop
  endfacet
  facet normal -1 0 0
    outer loop
      vertex -15 -0.415823 -29.4563
      vertex -15 -0.415823 -25.5437
      vertex -15 -0.209057 -25.511
    endloop
  endfacet
  facet normal -1 0 0
    outer loop
      vertex -15 -0.618033 -29.4021
      vertex -15 -0.415823 -25.5437
      vertex -15 -0.415823 -29.4563
    endloop
  endfacet
  facet normal -1 0 0
    outer loop
      vertex -15 -0.618033 -29.4021
      vertex -15 -0.618033 -25.5979
      vertex -15 -0.415823 -25.5437
    endloop
  endfacet
  facet normal -1 0 0
    outer loop
      vertex -15 -0.813473 -29.3271
      vertex -15 -0.618033 -25.5979
      vertex -15 -0.618033 -29.4021
    endloop
  endfacet
  facet normal -1 0 0
    outer loop
      vertex -15 -0.813473 -29.3271
      vertex -15 -0.813473 -25.6729
      vertex -15 -0.618033 -25.5979
    endloop
  endfacet
  facet normal -1 0 0
    outer loop
      vertex -15 -1 -29.232
      vertex -15 -0.813473 -25.6729
      vertex -15 -0.813473 -29.3271
    endloop
  endfacet
  facet normal -1 0 0
    outer loop
      vertex -15 -1 -29.232
      vertex -15 -1 -25.7679
      vertex -15 -0.813473 -25.6729
    endloop
  endfacet
  facet normal -1 0 0
    outer loop
      vertex -15 -1.17557 -29.118
      vertex -15 -1 -25.7679
      vertex -15 -1 -29.232
    endloop
  endfacet
  facet normal -1 0 0
    outer loop
      vertex -15 -1.17557 -29.118
      vertex -15 -1.17557 -25.882
      vertex -15 -1 -25.7679
    endloop
  endfacet
  facet normal -1 0 0
    outer loop
      vertex -15 -1.33826 -28.9863
      vertex -15 -1.17557 -25.882
      vertex -15 -1.17557 -29.118
    endloop
  endfacet
  facet normal -1 0 0
    outer loop
      vertex -15 -1.33826 -28.9863
      vertex -15 -1.33826 -26.0137
      vertex -15 -1.17557 -25.882
    endloop
  endfacet
  facet normal -1 0 0
    outer loop
      vertex -15 -1.48629 -28.8383
      vertex -15 -1.33826 -26.0137
      vertex -15 -1.33826 -28.9863
    endloop
  endfacet
  facet normal -1 0 0
    outer loop
      vertex -15 -1.48629 -28.8383
      vertex -15 -1.48629 -26.1617
      vertex -15 -1.33826 -26.0137
    endloop
  endfacet
  facet normal -1 0 0
    outer loop
      vertex -15 -1.61803 -28.6756
      vertex -15 -1.48629 -26.1617
      vertex -15 -1.48629 -28.8383
    endloop
  endfacet
  facet normal -1 0 0
    outer loop
      vertex -15 -1.61803 -28.6756
      vertex -15 -1.61803 -26.3244
      vertex -15 -1.48629 -26.1617
    endloop
  endfacet
  facet normal -1 0 0
    outer loop
      vertex -15 -1.73205 -28.5
      vertex -15 -1.61803 -26.3244
      vertex -15 -1.61803 -28.6756
    endloop
  endfacet
  facet normal -1 0 0
    outer loop
      vertex -15 -1.73205 -28.5
      vertex -15 -1.73205 -26.5
      vertex -15 -1.61803 -26.3244
    endloop
  endfacet
  facet normal -1 0 0
    outer loop
      vertex -15 -1.82709 -28.3135
      vertex -15 -1.73205 -26.5
      vertex -15 -1.73205 -28.5
    endloop
  endfacet
  facet normal -1 0 0
    outer loop
      vertex -15 -1.82709 -28.3135
      vertex -15 -1.82709 -26.6865
      vertex -15 -1.73205 -26.5
    endloop
  endfacet
  facet normal -1 0 0
    outer loop
      vertex -15 -1.90211 -28.118
      vertex -15 -1.82709 -26.6865
      vertex -15 -1.82709 -28.3135
    endloop
  endfacet
  facet normal -1 0 0
    outer loop
      vertex -15 -1.90211 -28.118
      vertex -15 -1.90211 -26.882
      vertex -15 -1.82709 -26.6865
    endloop
  endfacet
  facet normal -1 0 0
    outer loop
      vertex -15 -1.9563 -27.9158
      vertex -15 -1.90211 -26.882
      vertex -15 -1.90211 -28.118
    endloop
  endfacet
  facet normal -1 0 0
    outer loop
      vertex -15 -1.9563 -27.9158
      vertex -15 -1.9563 -27.0842
      vertex -15 -1.90211 -26.882
    endloop
  endfacet
  facet normal -1 0 0
    outer loop
      vertex -15 -1.98904 -27.7091
      vertex -15 -1.9563 -27.0842
      vertex -15 -1.9563 -27.9158
    endloop
  endfacet
  facet normal -1 0 0
    outer loop
      vertex -15 -1.98904 -27.7091
      vertex -15 -1.98904 -27.2909
      vertex -15 -1.9563 -27.0842
    endloop
  endfacet
  facet normal -1 0 -0
    outer loop
      vertex -15 -1.98904 -27.2909
      vertex -15 -1.98904 -27.7091
      vertex -15 -2 -27.5
    endloop
  endfacet
  facet normal 0 -0.987687 0.156443
    outer loop
      vertex -15 -1.98904 -27.2909
      vertex 15 -1.9563 -27.0842
      vertex -15 -1.9563 -27.0842
    endloop
  endfacet
  facet normal 0 -0.987687 0.156443
    outer loop
      vertex 15 -1.9563 -27.0842
      vertex -15 -1.98904 -27.2909
      vertex 15 -1.98904 -27.2909
    endloop
  endfacet
  facet normal 0 -0.156257 -0.987716
    outer loop
      vertex -15 22.0842 -29.4563
      vertex 15 22.2909 -29.489
      vertex 15 22.0842 -29.4563
    endloop
  endfacet
  facet normal -0 -0.156257 -0.987716
    outer loop
      vertex 15 22.2909 -29.489
      vertex -15 22.0842 -29.4563
      vertex -15 22.2909 -29.489
    endloop
  endfacet
  facet normal 0 0.707107 -0.707107
    outer loop
      vertex 15 23.8383 -28.9863
      vertex -15 23.9863 -28.8383
      vertex 15 23.9863 -28.8383
    endloop
  endfacet
  facet normal 0 0.707107 -0.707107
    outer loop
      vertex -15 23.9863 -28.8383
      vertex 15 23.8383 -28.9863
      vertex -15 23.8383 -28.9863
    endloop
  endfacet
  facet normal 0 -0.544854 0.838531
    outer loop
      vertex -15 21.5 -25.7679
      vertex 15 21.3244 -25.882
      vertex 15 21.5 -25.7679
    endloop
  endfacet
  facet normal 0 -0.544854 0.838531
    outer loop
      vertex 15 21.3244 -25.882
      vertex -15 21.5 -25.7679
      vertex -15 21.3244 -25.882
    endloop
  endfacet
  facet normal 0 0.987716 -0.156257
    outer loop
      vertex 15 24.4563 -27.9158
      vertex -15 24.489 -27.7091
      vertex 15 24.489 -27.7091
    endloop
  endfacet
  facet normal 0 0.987716 -0.156257
    outer loop
      vertex -15 24.489 -27.7091
      vertex 15 24.4563 -27.9158
      vertex -15 24.4563 -27.9158
    endloop
  endfacet
  facet normal 0 -0.838531 -0.544854
    outer loop
      vertex -15 20.882 -28.6756
      vertex 15 20.7679 -28.5
      vertex -15 20.7679 -28.5
    endloop
  endfacet
  facet normal 0 -0.838531 -0.544854
    outer loop
      vertex 15 20.7679 -28.5
      vertex -15 20.882 -28.6756
      vertex 15 20.882 -28.6756
    endloop
  endfacet
  facet normal 0 0.998619 0.0525338
    outer loop
      vertex 15 24.5 -27.5
      vertex -15 24.489 -27.2909
      vertex 15 24.489 -27.2909
    endloop
  endfacet
  facet normal 0 0.998619 0.0525338
    outer loop
      vertex -15 24.489 -27.2909
      vertex 15 24.5 -27.5
      vertex -15 24.5 -27.5
    endloop
  endfacet
  facet normal 0 0.987716 0.156257
    outer loop
      vertex 15 24.489 -27.2909
      vertex -15 24.4563 -27.0842
      vertex 15 24.4563 -27.0842
    endloop
  endfacet
  facet normal 0 0.987716 0.156257
    outer loop
      vertex -15 24.4563 -27.0842
      vertex 15 24.489 -27.2909
      vertex -15 24.489 -27.2909
    endloop
  endfacet
  facet normal 0 -0.838531 0.544854
    outer loop
      vertex -15 20.7679 -26.5
      vertex 15 20.882 -26.3244
      vertex -15 20.882 -26.3244
    endloop
  endfacet
  facet normal 0 -0.838531 0.544854
    outer loop
      vertex 15 20.882 -26.3244
      vertex -15 20.7679 -26.5
      vertex 15 20.7679 -26.5
    endloop
  endfacet
  facet normal 0 0.358179 -0.933653
    outer loop
      vertex -15 23.118 -29.4021
      vertex 15 23.3135 -29.3271
      vertex 15 23.118 -29.4021
    endloop
  endfacet
  facet normal 0 0.358179 -0.933653
    outer loop
      vertex 15 23.3135 -29.3271
      vertex -15 23.118 -29.4021
      vertex -15 23.3135 -29.3271
    endloop
  endfacet
  facet normal 0 -0.998619 0.0525338
    outer loop
      vertex -15 20.5 -27.5
      vertex 15 20.511 -27.2909
      vertex -15 20.511 -27.2909
    endloop
  endfacet
  facet normal 0 -0.998619 0.0525338
    outer loop
      vertex 15 20.511 -27.2909
      vertex -15 20.5 -27.5
      vertex 15 20.5 -27.5
    endloop
  endfacet
  facet normal 0 0.890864 0.454269
    outer loop
      vertex 15 24.3271 -26.6865
      vertex -15 24.232 -26.5
      vertex 15 24.232 -26.5
    endloop
  endfacet
  facet normal 0 0.890864 0.454269
    outer loop
      vertex -15 24.232 -26.5
      vertex 15 24.3271 -26.6865
      vertex -15 24.3271 -26.6865
    endloop
  endfacet
  facet normal 0 -0.629171 0.777267
    outer loop
      vertex -15 21.3244 -25.882
      vertex 15 21.1617 -26.0137
      vertex 15 21.3244 -25.882
    endloop
  endfacet
  facet normal 0 -0.629171 0.777267
    outer loop
      vertex 15 21.1617 -26.0137
      vertex -15 21.3244 -25.882
      vertex -15 21.1617 -26.0137
    endloop
  endfacet
  facet normal 0 0.777267 -0.629171
    outer loop
      vertex 15 23.9863 -28.8383
      vertex -15 24.118 -28.6756
      vertex 15 24.118 -28.6756
    endloop
  endfacet
  facet normal 0 0.777267 -0.629171
    outer loop
      vertex -15 24.118 -28.6756
      vertex 15 23.9863 -28.8383
      vertex -15 23.9863 -28.8383
    endloop
  endfacet
  facet normal 0 -0.933653 -0.358179
    outer loop
      vertex -15 20.6729 -28.3135
      vertex 15 20.5979 -28.118
      vertex -15 20.5979 -28.118
    endloop
  endfacet
  facet normal 0 -0.933653 -0.358179
    outer loop
      vertex 15 20.5979 -28.118
      vertex -15 20.6729 -28.3135
      vertex 15 20.6729 -28.3135
    endloop
  endfacet
  facet normal 0 0.998619 -0.0525338
    outer loop
      vertex 15 24.489 -27.7091
      vertex -15 24.5 -27.5
      vertex 15 24.5 -27.5
    endloop
  endfacet
  facet normal 0 0.998619 -0.0525338
    outer loop
      vertex -15 24.5 -27.5
      vertex 15 24.489 -27.7091
      vertex -15 24.489 -27.7091
    endloop
  endfacet
  facet normal 0 -0.156257 0.987716
    outer loop
      vertex -15 22.2909 -25.511
      vertex 15 22.0842 -25.5437
      vertex 15 22.2909 -25.511
    endloop
  endfacet
  facet normal 0 -0.156257 0.987716
    outer loop
      vertex 15 22.0842 -25.5437
      vertex -15 22.2909 -25.511
      vertex -15 22.0842 -25.5437
    endloop
  endfacet
  facet normal 0 0.156257 -0.987716
    outer loop
      vertex -15 22.7091 -29.489
      vertex 15 22.9158 -29.4563
      vertex 15 22.7091 -29.489
    endloop
  endfacet
  facet normal 0 0.156257 -0.987716
    outer loop
      vertex 15 22.9158 -29.4563
      vertex -15 22.7091 -29.489
      vertex -15 22.9158 -29.4563
    endloop
  endfacet
  facet normal 0 0.0525338 -0.998619
    outer loop
      vertex -15 22.5 -29.5
      vertex 15 22.7091 -29.489
      vertex 15 22.5 -29.5
    endloop
  endfacet
  facet normal 0 0.0525338 -0.998619
    outer loop
      vertex 15 22.7091 -29.489
      vertex -15 22.5 -29.5
      vertex -15 22.7091 -29.489
    endloop
  endfacet
  facet normal 0 -0.258911 0.965901
    outer loop
      vertex -15 22.0842 -25.5437
      vertex 15 21.882 -25.5979
      vertex 15 22.0842 -25.5437
    endloop
  endfacet
  facet normal 0 -0.258911 0.965901
    outer loop
      vertex 15 21.882 -25.5979
      vertex -15 22.0842 -25.5437
      vertex -15 21.882 -25.5979
    endloop
  endfacet
  facet normal 0 0.838749 0.544518
    outer loop
      vertex 15 24.232 -26.5
      vertex -15 24.118 -26.3244
      vertex 15 24.118 -26.3244
    endloop
  endfacet
  facet normal 0 0.838749 0.544518
    outer loop
      vertex -15 24.118 -26.3244
      vertex 15 24.232 -26.5
      vertex -15 24.232 -26.5
    endloop
  endfacet
  facet normal 0 0.890864 -0.454269
    outer loop
      vertex 15 24.232 -28.5
      vertex -15 24.3271 -28.3135
      vertex 15 24.3271 -28.3135
    endloop
  endfacet
  facet normal 0 0.890864 -0.454269
    outer loop
      vertex -15 24.3271 -28.3135
      vertex 15 24.232 -28.5
      vertex -15 24.232 -28.5
    endloop
  endfacet
  facet normal 0 0.933653 0.358179
    outer loop
      vertex 15 24.4021 -26.882
      vertex -15 24.3271 -26.6865
      vertex 15 24.3271 -26.6865
    endloop
  endfacet
  facet normal 0 0.933653 0.358179
    outer loop
      vertex -15 24.3271 -26.6865
      vertex 15 24.4021 -26.882
      vertex -15 24.4021 -26.882
    endloop
  endfacet
  facet normal 0 -0.544518 -0.838749
    outer loop
      vertex -15 21.3244 -29.118
      vertex 15 21.5 -29.232
      vertex 15 21.3244 -29.118
    endloop
  endfacet
  facet normal -0 -0.544518 -0.838749
    outer loop
      vertex 15 21.5 -29.232
      vertex -15 21.3244 -29.118
      vertex -15 21.5 -29.232
    endloop
  endfacet
  facet normal 0 0.933653 -0.358179
    outer loop
      vertex 15 24.3271 -28.3135
      vertex -15 24.4021 -28.118
      vertex 15 24.4021 -28.118
    endloop
  endfacet
  facet normal 0 0.933653 -0.358179
    outer loop
      vertex -15 24.4021 -28.118
      vertex 15 24.3271 -28.3135
      vertex -15 24.3271 -28.3135
    endloop
  endfacet
  facet normal 0 0.965901 0.258911
    outer loop
      vertex 15 24.4563 -27.0842
      vertex -15 24.4021 -26.882
      vertex 15 24.4021 -26.882
    endloop
  endfacet
  facet normal 0 0.965901 0.258911
    outer loop
      vertex -15 24.4021 -26.882
      vertex 15 24.4563 -27.0842
      vertex -15 24.4563 -27.0842
    endloop
  endfacet
  facet normal -0 0.358179 0.933653
    outer loop
      vertex -15 23.3135 -25.6729
      vertex 15 23.118 -25.5979
      vertex 15 23.3135 -25.6729
    endloop
  endfacet
  facet normal 0 0.358179 0.933653
    outer loop
      vertex 15 23.118 -25.5979
      vertex -15 23.3135 -25.6729
      vertex -15 23.118 -25.5979
    endloop
  endfacet
  facet normal -0 0.45389 0.891058
    outer loop
      vertex -15 23.5 -25.7679
      vertex 15 23.3135 -25.6729
      vertex 15 23.5 -25.7679
    endloop
  endfacet
  facet normal 0 0.45389 0.891058
    outer loop
      vertex 15 23.3135 -25.6729
      vertex -15 23.5 -25.7679
      vertex -15 23.3135 -25.6729
    endloop
  endfacet
  facet normal 0 -0.258911 -0.965901
    outer loop
      vertex -15 21.882 -29.4021
      vertex 15 22.0842 -29.4563
      vertex 15 21.882 -29.4021
    endloop
  endfacet
  facet normal -0 -0.258911 -0.965901
    outer loop
      vertex 15 22.0842 -29.4563
      vertex -15 21.882 -29.4021
      vertex -15 22.0842 -29.4563
    endloop
  endfacet
  facet normal 0 -0.454269 -0.890864
    outer loop
      vertex -15 21.5 -29.232
      vertex 15 21.6865 -29.3271
      vertex 15 21.5 -29.232
    endloop
  endfacet
  facet normal -0 -0.454269 -0.890864
    outer loop
      vertex 15 21.6865 -29.3271
      vertex -15 21.5 -29.232
      vertex -15 21.6865 -29.3271
    endloop
  endfacet
  facet normal 0 0.258911 -0.965901
    outer loop
      vertex -15 22.9158 -29.4563
      vertex 15 23.118 -29.4021
      vertex 15 22.9158 -29.4563
    endloop
  endfacet
  facet normal 0 0.258911 -0.965901
    outer loop
      vertex 15 23.118 -29.4021
      vertex -15 22.9158 -29.4563
      vertex -15 23.118 -29.4021
    endloop
  endfacet
  facet normal 0 -0.0525338 0.998619
    outer loop
      vertex -15 22.5 -25.5
      vertex 15 22.2909 -25.511
      vertex 15 22.5 -25.5
    endloop
  endfacet
  facet normal 0 -0.0525338 0.998619
    outer loop
      vertex 15 22.2909 -25.511
      vertex -15 22.5 -25.5
      vertex -15 22.2909 -25.511
    endloop
  endfacet
  facet normal 0 -0.987716 0.156257
    outer loop
      vertex -15 20.511 -27.2909
      vertex 15 20.5437 -27.0842
      vertex -15 20.5437 -27.0842
    endloop
  endfacet
  facet normal 0 -0.987716 0.156257
    outer loop
      vertex 15 20.5437 -27.0842
      vertex -15 20.511 -27.2909
      vertex 15 20.511 -27.2909
    endloop
  endfacet
  facet normal -1 0 0
    outer loop
      vertex -15 24.489 -27.7091
      vertex -15 24.489 -27.2909
      vertex -15 24.5 -27.5
    endloop
  endfacet
  facet normal -1 0 0
    outer loop
      vertex -15 24.4563 -27.9158
      vertex -15 24.489 -27.2909
      vertex -15 24.489 -27.7091
    endloop
  endfacet
  facet normal -1 0 0
    outer loop
      vertex -15 24.4563 -27.9158
      vertex -15 24.4563 -27.0842
      vertex -15 24.489 -27.2909
    endloop
  endfacet
  facet normal -1 0 0
    outer loop
      vertex -15 24.4021 -28.118
      vertex -15 24.4563 -27.0842
      vertex -15 24.4563 -27.9158
    endloop
  endfacet
  facet normal -1 0 0
    outer loop
      vertex -15 24.4021 -28.118
      vertex -15 24.4021 -26.882
      vertex -15 24.4563 -27.0842
    endloop
  endfacet
  facet normal -1 0 0
    outer loop
      vertex -15 24.3271 -28.3135
      vertex -15 24.4021 -26.882
      vertex -15 24.4021 -28.118
    endloop
  endfacet
  facet normal -1 0 0
    outer loop
      vertex -15 24.3271 -28.3135
      vertex -15 24.3271 -26.6865
      vertex -15 24.4021 -26.882
    endloop
  endfacet
  facet normal -1 0 0
    outer loop
      vertex -15 24.232 -28.5
      vertex -15 24.3271 -26.6865
      vertex -15 24.3271 -28.3135
    endloop
  endfacet
  facet normal -1 0 0
    outer loop
      vertex -15 24.232 -28.5
      vertex -15 24.232 -26.5
      vertex -15 24.3271 -26.6865
    endloop
  endfacet
  facet normal -1 0 0
    outer loop
      vertex -15 24.118 -28.6756
      vertex -15 24.232 -26.5
      vertex -15 24.232 -28.5
    endloop
  endfacet
  facet normal -1 0 0
    outer loop
      vertex -15 24.118 -28.6756
      vertex -15 24.118 -26.3244
      vertex -15 24.232 -26.5
    endloop
  endfacet
  facet normal -1 0 0
    outer loop
      vertex -15 23.9863 -28.8383
      vertex -15 24.118 -26.3244
      vertex -15 24.118 -28.6756
    endloop
  endfacet
  facet normal -1 0 0
    outer loop
      vertex -15 23.9863 -28.8383
      vertex -15 23.9863 -26.1617
      vertex -15 24.118 -26.3244
    endloop
  endfacet
  facet normal -1 0 0
    outer loop
      vertex -15 23.8383 -28.9863
      vertex -15 23.9863 -26.1617
      vertex -15 23.9863 -28.8383
    endloop
  endfacet
  facet normal -1 0 0
    outer loop
      vertex -15 23.8383 -28.9863
      vertex -15 23.8383 -26.0137
      vertex -15 23.9863 -26.1617
    endloop
  endfacet
  facet normal -1 0 0
    outer loop
      vertex -15 23.6756 -29.118
      vertex -15 23.8383 -26.0137
      vertex -15 23.8383 -28.9863
    endloop
  endfacet
  facet normal -1 0 0
    outer loop
      vertex -15 23.6756 -29.118
      vertex -15 23.6756 -25.882
      vertex -15 23.8383 -26.0137
    endloop
  endfacet
  facet normal -1 0 0
    outer loop
      vertex -15 23.5 -29.232
      vertex -15 23.6756 -25.882
      vertex -15 23.6756 -29.118
    endloop
  endfacet
  facet normal -1 0 0
    outer loop
      vertex -15 23.5 -29.232
      vertex -15 23.5 -25.7679
      vertex -15 23.6756 -25.882
    endloop
  endfacet
  facet normal -1 0 0
    outer loop
      vertex -15 23.3135 -29.3271
      vertex -15 23.5 -25.7679
      vertex -15 23.5 -29.232
    endloop
  endfacet
  facet normal -1 0 0
    outer loop
      vertex -15 23.3135 -29.3271
      vertex -15 23.3135 -25.6729
      vertex -15 23.5 -25.7679
    endloop
  endfacet
  facet normal -1 0 0
    outer loop
      vertex -15 23.118 -29.4021
      vertex -15 23.3135 -25.6729
      vertex -15 23.3135 -29.3271
    endloop
  endfacet
  facet normal -1 0 0
    outer loop
      vertex -15 23.118 -29.4021
      vertex -15 23.118 -25.5979
      vertex -15 23.3135 -25.6729
    endloop
  endfacet
  facet normal -1 0 0
    outer loop
      vertex -15 22.9158 -29.4563
      vertex -15 23.118 -25.5979
      vertex -15 23.118 -29.4021
    endloop
  endfacet
  facet normal -1 0 0
    outer loop
      vertex -15 22.9158 -29.4563
      vertex -15 22.9158 -25.5437
      vertex -15 23.118 -25.5979
    endloop
  endfacet
  facet normal -1 0 0
    outer loop
      vertex -15 22.7091 -29.489
      vertex -15 22.9158 -25.5437
      vertex -15 22.9158 -29.4563
    endloop
  endfacet
  facet normal -1 0 0
    outer loop
      vertex -15 22.7091 -29.489
      vertex -15 22.7091 -25.511
      vertex -15 22.9158 -25.5437
    endloop
  endfacet
  facet normal -1 0 0
    outer loop
      vertex -15 22.5 -29.5
      vertex -15 22.7091 -25.511
      vertex -15 22.7091 -29.489
    endloop
  endfacet
  facet normal -1 0 0
    outer loop
      vertex -15 22.5 -29.5
      vertex -15 22.5 -25.5
      vertex -15 22.7091 -25.511
    endloop
  endfacet
  facet normal -1 0 0
    outer loop
      vertex -15 22.2909 -29.489
      vertex -15 22.5 -25.5
      vertex -15 22.5 -29.5
    endloop
  endfacet
  facet normal -1 0 0
    outer loop
      vertex -15 22.2909 -29.489
      vertex -15 22.2909 -25.511
      vertex -15 22.5 -25.5
    endloop
  endfacet
  facet normal -1 0 0
    outer loop
      vertex -15 22.0842 -29.4563
      vertex -15 22.2909 -25.511
      vertex -15 22.2909 -29.489
    endloop
  endfacet
  facet normal -1 0 0
    outer loop
      vertex -15 22.0842 -29.4563
      vertex -15 22.0842 -25.5437
      vertex -15 22.2909 -25.511
    endloop
  endfacet
  facet normal -1 0 0
    outer loop
      vertex -15 21.882 -29.4021
      vertex -15 22.0842 -25.5437
      vertex -15 22.0842 -29.4563
    endloop
  endfacet
  facet normal -1 0 0
    outer loop
      vertex -15 21.882 -29.4021
      vertex -15 21.882 -25.5979
      vertex -15 22.0842 -25.5437
    endloop
  endfacet
  facet normal -1 0 0
    outer loop
      vertex -15 21.6865 -29.3271
      vertex -15 21.882 -25.5979
      vertex -15 21.882 -29.4021
    endloop
  endfacet
  facet normal -1 0 0
    outer loop
      vertex -15 21.6865 -29.3271
      vertex -15 21.6865 -25.6729
      vertex -15 21.882 -25.5979
    endloop
  endfacet
  facet normal -1 0 0
    outer loop
      vertex -15 21.5 -29.232
      vertex -15 21.6865 -25.6729
      vertex -15 21.6865 -29.3271
    endloop
  endfacet
  facet normal -1 0 0
    outer loop
      vertex -15 21.5 -29.232
      vertex -15 21.5 -25.7679
      vertex -15 21.6865 -25.6729
    endloop
  endfacet
  facet normal -1 0 0
    outer loop
      vertex -15 21.3244 -29.118
      vertex -15 21.5 -25.7679
      vertex -15 21.5 -29.232
    endloop
  endfacet
  facet normal -1 0 0
    outer loop
      vertex -15 21.3244 -29.118
      vertex -15 21.3244 -25.882
      vertex -15 21.5 -25.7679
    endloop
  endfacet
  facet normal -1 0 0
    outer loop
      vertex -15 21.1617 -28.9863
      vertex -15 21.3244 -25.882
      vertex -15 21.3244 -29.118
    endloop
  endfacet
  facet normal -1 0 0
    outer loop
      vertex -15 21.1617 -28.9863
      vertex -15 21.1617 -26.0137
      vertex -15 21.3244 -25.882
    endloop
  endfacet
  facet normal -1 0 0
    outer loop
      vertex -15 21.0137 -28.8383
      vertex -15 21.1617 -26.0137
      vertex -15 21.1617 -28.9863
    endloop
  endfacet
  facet normal -1 0 0
    outer loop
      vertex -15 21.0137 -28.8383
      vertex -15 21.0137 -26.1617
      vertex -15 21.1617 -26.0137
    endloop
  endfacet
  facet normal -1 0 0
    outer loop
      vertex -15 20.882 -28.6756
      vertex -15 21.0137 -26.1617
      vertex -15 21.0137 -28.8383
    endloop
  endfacet
  facet normal -1 0 0
    outer loop
      vertex -15 20.882 -28.6756
      vertex -15 20.882 -26.3244
      vertex -15 21.0137 -26.1617
    endloop
  endfacet
  facet normal -1 0 0
    outer loop
      vertex -15 20.7679 -28.5
      vertex -15 20.882 -26.3244
      vertex -15 20.882 -28.6756
    endloop
  endfacet
  facet normal -1 0 0
    outer loop
      vertex -15 20.7679 -28.5
      vertex -15 20.7679 -26.5
      vertex -15 20.882 -26.3244
    endloop
  endfacet
  facet normal -1 0 0
    outer loop
      vertex -15 20.6729 -28.3135
      vertex -15 20.7679 -26.5
      vertex -15 20.7679 -28.5
    endloop
  endfacet
  facet normal -1 0 0
    outer loop
      vertex -15 20.6729 -28.3135
      vertex -15 20.6729 -26.6865
      vertex -15 20.7679 -26.5
    endloop
  endfacet
  facet normal -1 0 0
    outer loop
      vertex -15 20.5979 -28.118
      vertex -15 20.6729 -26.6865
      vertex -15 20.6729 -28.3135
    endloop
  endfacet
  facet normal -1 0 0
    outer loop
      vertex -15 20.5979 -28.118
      vertex -15 20.5979 -26.882
      vertex -15 20.6729 -26.6865
    endloop
  endfacet
  facet normal -1 0 0
    outer loop
      vertex -15 20.5437 -27.9158
      vertex -15 20.5979 -26.882
      vertex -15 20.5979 -28.118
    endloop
  endfacet
  facet normal -1 0 0
    outer loop
      vertex -15 20.5437 -27.9158
      vertex -15 20.5437 -27.0842
      vertex -15 20.5979 -26.882
    endloop
  endfacet
  facet normal -1 0 0
    outer loop
      vertex -15 20.511 -27.7091
      vertex -15 20.5437 -27.0842
      vertex -15 20.5437 -27.9158
    endloop
  endfacet
  facet normal -1 0 0
    outer loop
      vertex -15 20.511 -27.7091
      vertex -15 20.511 -27.2909
      vertex -15 20.5437 -27.0842
    endloop
  endfacet
  facet normal -1 0 -0
    outer loop
      vertex -15 20.511 -27.2909
      vertex -15 20.511 -27.7091
      vertex -15 20.5 -27.5
    endloop
  endfacet
  facet normal 0 0.838749 -0.544518
    outer loop
      vertex 15 24.118 -28.6756
      vertex -15 24.232 -28.5
      vertex 15 24.232 -28.5
    endloop
  endfacet
  facet normal 0 0.838749 -0.544518
    outer loop
      vertex -15 24.232 -28.5
      vertex 15 24.118 -28.6756
      vertex -15 24.118 -28.6756
    endloop
  endfacet
  facet normal 0 -0.987716 -0.156257
    outer loop
      vertex -15 20.5437 -27.9158
      vertex 15 20.511 -27.7091
      vertex -15 20.511 -27.7091
    endloop
  endfacet
  facet normal 0 -0.987716 -0.156257
    outer loop
      vertex 15 20.511 -27.7091
      vertex -15 20.5437 -27.9158
      vertex 15 20.5437 -27.9158
    endloop
  endfacet
  facet normal 0 0.707107 0.707107
    outer loop
      vertex 15 23.9863 -26.1617
      vertex -15 23.8383 -26.0137
      vertex 15 23.8383 -26.0137
    endloop
  endfacet
  facet normal 0 0.707107 0.707107
    outer loop
      vertex -15 23.8383 -26.0137
      vertex 15 23.9863 -26.1617
      vertex -15 23.9863 -26.1617
    endloop
  endfacet
  facet normal 0 0.544518 -0.838749
    outer loop
      vertex -15 23.5 -29.232
      vertex 15 23.6756 -29.118
      vertex 15 23.5 -29.232
    endloop
  endfacet
  facet normal 0 0.544518 -0.838749
    outer loop
      vertex 15 23.6756 -29.118
      vertex -15 23.5 -29.232
      vertex -15 23.6756 -29.118
    endloop
  endfacet
  facet normal 0 -0.45389 0.891058
    outer loop
      vertex -15 21.6865 -25.6729
      vertex 15 21.5 -25.7679
      vertex 15 21.6865 -25.6729
    endloop
  endfacet
  facet normal 0 -0.45389 0.891058
    outer loop
      vertex 15 21.5 -25.7679
      vertex -15 21.6865 -25.6729
      vertex -15 21.5 -25.7679
    endloop
  endfacet
  facet normal -0 0.0525338 0.998619
    outer loop
      vertex -15 22.7091 -25.511
      vertex 15 22.5 -25.5
      vertex 15 22.7091 -25.511
    endloop
  endfacet
  facet normal 0 0.0525338 0.998619
    outer loop
      vertex 15 22.5 -25.5
      vertex -15 22.7091 -25.511
      vertex -15 22.5 -25.5
    endloop
  endfacet
  facet normal -0 0.544854 0.838531
    outer loop
      vertex -15 23.6756 -25.882
      vertex 15 23.5 -25.7679
      vertex 15 23.6756 -25.882
    endloop
  endfacet
  facet normal 0 0.544854 0.838531
    outer loop
      vertex 15 23.5 -25.7679
      vertex -15 23.6756 -25.882
      vertex -15 23.5 -25.7679
    endloop
  endfacet
  facet normal 0 -0.0525338 -0.998619
    outer loop
      vertex -15 22.2909 -29.489
      vertex 15 22.5 -29.5
      vertex 15 22.2909 -29.489
    endloop
  endfacet
  facet normal -0 -0.0525338 -0.998619
    outer loop
      vertex 15 22.5 -29.5
      vertex -15 22.2909 -29.489
      vertex -15 22.5 -29.5
    endloop
  endfacet
  facet normal 0 -0.965901 -0.258911
    outer loop
      vertex -15 20.5979 -28.118
      vertex 15 20.5437 -27.9158
      vertex -15 20.5437 -27.9158
    endloop
  endfacet
  facet normal 0 -0.965901 -0.258911
    outer loop
      vertex 15 20.5437 -27.9158
      vertex -15 20.5979 -28.118
      vertex 15 20.5979 -28.118
    endloop
  endfacet
  facet normal 0 -0.891058 0.45389
    outer loop
      vertex -15 20.6729 -26.6865
      vertex 15 20.7679 -26.5
      vertex -15 20.7679 -26.5
    endloop
  endfacet
  facet normal 0 -0.891058 0.45389
    outer loop
      vertex 15 20.7679 -26.5
      vertex -15 20.6729 -26.6865
      vertex 15 20.6729 -26.6865
    endloop
  endfacet
  facet normal 0 -0.358179 -0.933653
    outer loop
      vertex -15 21.6865 -29.3271
      vertex 15 21.882 -29.4021
      vertex 15 21.6865 -29.3271
    endloop
  endfacet
  facet normal -0 -0.358179 -0.933653
    outer loop
      vertex 15 21.882 -29.4021
      vertex -15 21.6865 -29.3271
      vertex -15 21.882 -29.4021
    endloop
  endfacet
  facet normal -0 0.258911 0.965901
    outer loop
      vertex -15 23.118 -25.5979
      vertex 15 22.9158 -25.5437
      vertex 15 23.118 -25.5979
    endloop
  endfacet
  facet normal 0 0.258911 0.965901
    outer loop
      vertex 15 22.9158 -25.5437
      vertex -15 23.118 -25.5979
      vertex -15 22.9158 -25.5437
    endloop
  endfacet
  facet normal -0 0.156257 0.987716
    outer loop
      vertex -15 22.9158 -25.5437
      vertex 15 22.7091 -25.511
      vertex 15 22.9158 -25.5437
    endloop
  endfacet
  facet normal 0 0.156257 0.987716
    outer loop
      vertex 15 22.7091 -25.511
      vertex -15 22.9158 -25.5437
      vertex -15 22.7091 -25.511
    endloop
  endfacet
  facet normal 0 0.454269 -0.890864
    outer loop
      vertex -15 23.3135 -29.3271
      vertex 15 23.5 -29.232
      vertex 15 23.3135 -29.3271
    endloop
  endfacet
  facet normal 0 0.454269 -0.890864
    outer loop
      vertex 15 23.5 -29.232
      vertex -15 23.3135 -29.3271
      vertex -15 23.5 -29.232
    endloop
  endfacet
  facet normal 0 0.629171 -0.777267
    outer loop
      vertex -15 23.6756 -29.118
      vertex 15 23.8383 -28.9863
      vertex 15 23.6756 -29.118
    endloop
  endfacet
  facet normal 0 0.629171 -0.777267
    outer loop
      vertex 15 23.8383 -28.9863
      vertex -15 23.6756 -29.118
      vertex -15 23.8383 -28.9863
    endloop
  endfacet
  facet normal -0 0.629171 0.777267
    outer loop
      vertex -15 23.8383 -26.0137
      vertex 15 23.6756 -25.882
      vertex 15 23.8383 -26.0137
    endloop
  endfacet
  facet normal 0 0.629171 0.777267
    outer loop
      vertex 15 23.6756 -25.882
      vertex -15 23.8383 -26.0137
      vertex -15 23.6756 -25.882
    endloop
  endfacet
  facet normal 0 -0.998619 -0.0525338
    outer loop
      vertex -15 20.511 -27.7091
      vertex 15 20.5 -27.5
      vertex -15 20.5 -27.5
    endloop
  endfacet
  facet normal 0 -0.998619 -0.0525338
    outer loop
      vertex 15 20.5 -27.5
      vertex -15 20.511 -27.7091
      vertex 15 20.511 -27.7091
    endloop
  endfacet
  facet normal 0 -0.707107 -0.707107
    outer loop
      vertex -15 21.1617 -28.9863
      vertex 15 21.0137 -28.8383
      vertex -15 21.0137 -28.8383
    endloop
  endfacet
  facet normal 0 -0.707107 -0.707107
    outer loop
      vertex 15 21.0137 -28.8383
      vertex -15 21.1617 -28.9863
      vertex 15 21.1617 -28.9863
    endloop
  endfacet
  facet normal 0 -0.777267 0.629171
    outer loop
      vertex -15 20.882 -26.3244
      vertex 15 21.0137 -26.1617
      vertex -15 21.0137 -26.1617
    endloop
  endfacet
  facet normal 0 -0.777267 0.629171
    outer loop
      vertex 15 21.0137 -26.1617
      vertex -15 20.882 -26.3244
      vertex 15 20.882 -26.3244
    endloop
  endfacet
  facet normal 0 -0.707107 0.707107
    outer loop
      vertex -15 21.0137 -26.1617
      vertex 15 21.1617 -26.0137
      vertex -15 21.1617 -26.0137
    endloop
  endfacet
  facet normal 0 -0.707107 0.707107
    outer loop
      vertex 15 21.1617 -26.0137
      vertex -15 21.0137 -26.1617
      vertex 15 21.0137 -26.1617
    endloop
  endfacet
  facet normal 0 -0.358179 0.933653
    outer loop
      vertex -15 21.882 -25.5979
      vertex 15 21.6865 -25.6729
      vertex 15 21.882 -25.5979
    endloop
  endfacet
  facet normal 0 -0.358179 0.933653
    outer loop
      vertex 15 21.6865 -25.6729
      vertex -15 21.882 -25.5979
      vertex -15 21.6865 -25.6729
    endloop
  endfacet
  facet normal 0 -0.933653 0.358179
    outer loop
      vertex -15 20.5979 -26.882
      vertex 15 20.6729 -26.6865
      vertex -15 20.6729 -26.6865
    endloop
  endfacet
  facet normal 0 -0.933653 0.358179
    outer loop
      vertex 15 20.6729 -26.6865
      vertex -15 20.5979 -26.882
      vertex 15 20.5979 -26.882
    endloop
  endfacet
  facet normal 0 0.965901 -0.258911
    outer loop
      vertex 15 24.4021 -28.118
      vertex -15 24.4563 -27.9158
      vertex 15 24.4563 -27.9158
    endloop
  endfacet
  facet normal 0 0.965901 -0.258911
    outer loop
      vertex -15 24.4563 -27.9158
      vertex 15 24.4021 -28.118
      vertex -15 24.4021 -28.118
    endloop
  endfacet
  facet normal 0 -0.891058 -0.45389
    outer loop
      vertex -15 20.7679 -28.5
      vertex 15 20.6729 -28.3135
      vertex -15 20.6729 -28.3135
    endloop
  endfacet
  facet normal 0 -0.891058 -0.45389
    outer loop
      vertex 15 20.6729 -28.3135
      vertex -15 20.7679 -28.5
      vertex 15 20.7679 -28.5
    endloop
  endfacet
  facet normal 0 -0.777267 -0.629171
    outer loop
      vertex -15 21.0137 -28.8383
      vertex 15 20.882 -28.6756
      vertex -15 20.882 -28.6756
    endloop
  endfacet
  facet normal 0 -0.777267 -0.629171
    outer loop
      vertex 15 20.882 -28.6756
      vertex -15 21.0137 -28.8383
      vertex 15 21.0137 -28.8383
    endloop
  endfacet
  facet normal 0 0.777267 0.629171
    outer loop
      vertex 15 24.118 -26.3244
      vertex -15 23.9863 -26.1617
      vertex 15 23.9863 -26.1617
    endloop
  endfacet
  facet normal 0 0.777267 0.629171
    outer loop
      vertex -15 23.9863 -26.1617
      vertex 15 24.118 -26.3244
      vertex -15 24.118 -26.3244
    endloop
  endfacet
  facet normal 1 0 0
    outer loop
      vertex 15 24.489 -27.2909
      vertex 15 24.489 -27.7091
      vertex 15 24.5 -27.5
    endloop
  endfacet
  facet normal 1 0 0
    outer loop
      vertex 15 24.4563 -27.0842
      vertex 15 24.489 -27.7091
      vertex 15 24.489 -27.2909
    endloop
  endfacet
  facet normal 1 0 0
    outer loop
      vertex 15 24.4563 -27.0842
      vertex 15 24.4563 -27.9158
      vertex 15 24.489 -27.7091
    endloop
  endfacet
  facet normal 1 0 0
    outer loop
      vertex 15 24.4021 -26.882
      vertex 15 24.4563 -27.9158
      vertex 15 24.4563 -27.0842
    endloop
  endfacet
  facet normal 1 0 0
    outer loop
      vertex 15 24.4021 -26.882
      vertex 15 24.4021 -28.118
      vertex 15 24.4563 -27.9158
    endloop
  endfacet
  facet normal 1 0 0
    outer loop
      vertex 15 24.3271 -26.6865
      vertex 15 24.4021 -28.118
      vertex 15 24.4021 -26.882
    endloop
  endfacet
  facet normal 1 0 0
    outer loop
      vertex 15 24.3271 -26.6865
      vertex 15 24.3271 -28.3135
      vertex 15 24.4021 -28.118
    endloop
  endfacet
  facet normal 1 0 0
    outer loop
      vertex 15 24.232 -26.5
      vertex 15 24.3271 -28.3135
      vertex 15 24.3271 -26.6865
    endloop
  endfacet
  facet normal 1 0 0
    outer loop
      vertex 15 24.232 -26.5
      vertex 15 24.232 -28.5
      vertex 15 24.3271 -28.3135
    endloop
  endfacet
  facet normal 1 0 0
    outer loop
      vertex 15 24.118 -26.3244
      vertex 15 24.232 -28.5
      vertex 15 24.232 -26.5
    endloop
  endfacet
  facet normal 1 0 0
    outer loop
      vertex 15 24.118 -26.3244
      vertex 15 24.118 -28.6756
      vertex 15 24.232 -28.5
    endloop
  endfacet
  facet normal 1 0 0
    outer loop
      vertex 15 23.9863 -26.1617
      vertex 15 24.118 -28.6756
      vertex 15 24.118 -26.3244
    endloop
  endfacet
  facet normal 1 0 0
    outer loop
      vertex 15 23.9863 -26.1617
      vertex 15 23.9863 -28.8383
      vertex 15 24.118 -28.6756
    endloop
  endfacet
  facet normal 1 0 0
    outer loop
      vertex 15 23.8383 -26.0137
      vertex 15 23.9863 -28.8383
      vertex 15 23.9863 -26.1617
    endloop
  endfacet
  facet normal 1 0 0
    outer loop
      vertex 15 23.8383 -26.0137
      vertex 15 23.8383 -28.9863
      vertex 15 23.9863 -28.8383
    endloop
  endfacet
  facet normal 1 0 0
    outer loop
      vertex 15 23.6756 -25.882
      vertex 15 23.8383 -28.9863
      vertex 15 23.8383 -26.0137
    endloop
  endfacet
  facet normal 1 0 0
    outer loop
      vertex 15 23.6756 -25.882
      vertex 15 23.6756 -29.118
      vertex 15 23.8383 -28.9863
    endloop
  endfacet
  facet normal 1 0 0
    outer loop
      vertex 15 23.5 -25.7679
      vertex 15 23.6756 -29.118
      vertex 15 23.6756 -25.882
    endloop
  endfacet
  facet normal 1 0 0
    outer loop
      vertex 15 23.5 -25.7679
      vertex 15 23.5 -29.232
      vertex 15 23.6756 -29.118
    endloop
  endfacet
  facet normal 1 0 0
    outer loop
      vertex 15 23.3135 -25.6729
      vertex 15 23.5 -29.232
      vertex 15 23.5 -25.7679
    endloop
  endfacet
  facet normal 1 0 0
    outer loop
      vertex 15 23.3135 -25.6729
      vertex 15 23.3135 -29.3271
      vertex 15 23.5 -29.232
    endloop
  endfacet
  facet normal 1 0 0
    outer loop
      vertex 15 23.118 -25.5979
      vertex 15 23.3135 -29.3271
      vertex 15 23.3135 -25.6729
    endloop
  endfacet
  facet normal 1 0 0
    outer loop
      vertex 15 23.118 -25.5979
      vertex 15 23.118 -29.4021
      vertex 15 23.3135 -29.3271
    endloop
  endfacet
  facet normal 1 0 0
    outer loop
      vertex 15 22.9158 -25.5437
      vertex 15 23.118 -29.4021
      vertex 15 23.118 -25.5979
    endloop
  endfacet
  facet normal 1 0 0
    outer loop
      vertex 15 22.9158 -25.5437
      vertex 15 22.9158 -29.4563
      vertex 15 23.118 -29.4021
    endloop
  endfacet
  facet normal 1 0 0
    outer loop
      vertex 15 22.7091 -25.511
      vertex 15 22.9158 -29.4563
      vertex 15 22.9158 -25.5437
    endloop
  endfacet
  facet normal 1 0 0
    outer loop
      vertex 15 22.7091 -25.511
      vertex 15 22.7091 -29.489
      vertex 15 22.9158 -29.4563
    endloop
  endfacet
  facet normal 1 0 0
    outer loop
      vertex 15 22.5 -25.5
      vertex 15 22.7091 -29.489
      vertex 15 22.7091 -25.511
    endloop
  endfacet
  facet normal 1 0 0
    outer loop
      vertex 15 22.5 -25.5
      vertex 15 22.5 -29.5
      vertex 15 22.7091 -29.489
    endloop
  endfacet
  facet normal 1 -0 0
    outer loop
      vertex 15 22.2909 -25.511
      vertex 15 22.5 -29.5
      vertex 15 22.5 -25.5
    endloop
  endfacet
  facet normal 1 0 0
    outer loop
      vertex 15 22.2909 -25.511
      vertex 15 22.2909 -29.489
      vertex 15 22.5 -29.5
    endloop
  endfacet
  facet normal 1 -0 0
    outer loop
      vertex 15 22.0842 -25.5437
      vertex 15 22.2909 -29.489
      vertex 15 22.2909 -25.511
    endloop
  endfacet
  facet normal 1 0 0
    outer loop
      vertex 15 22.0842 -25.5437
      vertex 15 22.0842 -29.4563
      vertex 15 22.2909 -29.489
    endloop
  endfacet
  facet normal 1 -0 0
    outer loop
      vertex 15 21.882 -25.5979
      vertex 15 22.0842 -29.4563
      vertex 15 22.0842 -25.5437
    endloop
  endfacet
  facet normal 1 0 0
    outer loop
      vertex 15 21.882 -25.5979
      vertex 15 21.882 -29.4021
      vertex 15 22.0842 -29.4563
    endloop
  endfacet
  facet normal 1 -0 0
    outer loop
      vertex 15 21.6865 -25.6729
      vertex 15 21.882 -29.4021
      vertex 15 21.882 -25.5979
    endloop
  endfacet
  facet normal 1 0 0
    outer loop
      vertex 15 21.6865 -25.6729
      vertex 15 21.6865 -29.3271
      vertex 15 21.882 -29.4021
    endloop
  endfacet
  facet normal 1 -0 0
    outer loop
      vertex 15 21.5 -25.7679
      vertex 15 21.6865 -29.3271
      vertex 15 21.6865 -25.6729
    endloop
  endfacet
  facet normal 1 0 0
    outer loop
      vertex 15 21.5 -25.7679
      vertex 15 21.5 -29.232
      vertex 15 21.6865 -29.3271
    endloop
  endfacet
  facet normal 1 -0 0
    outer loop
      vertex 15 21.3244 -25.882
      vertex 15 21.5 -29.232
      vertex 15 21.5 -25.7679
    endloop
  endfacet
  facet normal 1 0 0
    outer loop
      vertex 15 21.3244 -25.882
      vertex 15 21.3244 -29.118
      vertex 15 21.5 -29.232
    endloop
  endfacet
  facet normal 1 -0 0
    outer loop
      vertex 15 21.1617 -26.0137
      vertex 15 21.3244 -29.118
      vertex 15 21.3244 -25.882
    endloop
  endfacet
  facet normal 1 0 0
    outer loop
      vertex 15 21.1617 -26.0137
      vertex 15 21.1617 -28.9863
      vertex 15 21.3244 -29.118
    endloop
  endfacet
  facet normal 1 -0 0
    outer loop
      vertex 15 21.0137 -26.1617
      vertex 15 21.1617 -28.9863
      vertex 15 21.1617 -26.0137
    endloop
  endfacet
  facet normal 1 0 0
    outer loop
      vertex 15 21.0137 -26.1617
      vertex 15 21.0137 -28.8383
      vertex 15 21.1617 -28.9863
    endloop
  endfacet
  facet normal 1 -0 0
    outer loop
      vertex 15 20.882 -26.3244
      vertex 15 21.0137 -28.8383
      vertex 15 21.0137 -26.1617
    endloop
  endfacet
  facet normal 1 0 0
    outer loop
      vertex 15 20.882 -26.3244
      vertex 15 20.882 -28.6756
      vertex 15 21.0137 -28.8383
    endloop
  endfacet
  facet normal 1 -0 0
    outer loop
      vertex 15 20.7679 -26.5
      vertex 15 20.882 -28.6756
      vertex 15 20.882 -26.3244
    endloop
  endfacet
  facet normal 1 0 0
    outer loop
      vertex 15 20.7679 -26.5
      vertex 15 20.7679 -28.5
      vertex 15 20.882 -28.6756
    endloop
  endfacet
  facet normal 1 -0 0
    outer loop
      vertex 15 20.6729 -26.6865
      vertex 15 20.7679 -28.5
      vertex 15 20.7679 -26.5
    endloop
  endfacet
  facet normal 1 0 0
    outer loop
      vertex 15 20.6729 -26.6865
      vertex 15 20.6729 -28.3135
      vertex 15 20.7679 -28.5
    endloop
  endfacet
  facet normal 1 -0 0
    outer loop
      vertex 15 20.5979 -26.882
      vertex 15 20.6729 -28.3135
      vertex 15 20.6729 -26.6865
    endloop
  endfacet
  facet normal 1 0 0
    outer loop
      vertex 15 20.5979 -26.882
      vertex 15 20.5979 -28.118
      vertex 15 20.6729 -28.3135
    endloop
  endfacet
  facet normal 1 -0 0
    outer loop
      vertex 15 20.5437 -27.0842
      vertex 15 20.5979 -28.118
      vertex 15 20.5979 -26.882
    endloop
  endfacet
  facet normal 1 0 0
    outer loop
      vertex 15 20.5437 -27.0842
      vertex 15 20.5437 -27.9158
      vertex 15 20.5979 -28.118
    endloop
  endfacet
  facet normal 1 -0 0
    outer loop
      vertex 15 20.511 -27.2909
      vertex 15 20.5437 -27.9158
      vertex 15 20.5437 -27.0842
    endloop
  endfacet
  facet normal 1 0 0
    outer loop
      vertex 15 20.511 -27.2909
      vertex 15 20.511 -27.7091
      vertex 15 20.5437 -27.9158
    endloop
  endfacet
  facet normal 1 0 -0
    outer loop
      vertex 15 20.511 -27.7091
      vertex 15 20.511 -27.2909
      vertex 15 20.5 -27.5
    endloop
  endfacet
  facet normal 0 -0.965901 0.258911
    outer loop
      vertex -15 20.5437 -27.0842
      vertex 15 20.5979 -26.882
      vertex -15 20.5979 -26.882
    endloop
  endfacet
  facet normal 0 -0.965901 0.258911
    outer loop
      vertex 15 20.5979 -26.882
      vertex -15 20.5437 -27.0842
      vertex 15 20.5437 -27.0842
    endloop
  endfacet
  facet normal 0 -0.629171 -0.777267
    outer loop
      vertex -15 21.1617 -28.9863
      vertex 15 21.3244 -29.118
      vertex 15 21.1617 -28.9863
    endloop
  endfacet
  facet normal -0 -0.629171 -0.777267
    outer loop
      vertex 15 21.3244 -29.118
      vertex -15 21.1617 -28.9863
      vertex -15 21.3244 -29.118
    endloop
  endfacet
  facet normal -0.998619 0 0.0525338
    outer loop
      vertex 13 -45 -40
      vertex 13.011 45 -39.7909
      vertex 13 45 -40
    endloop
  endfacet
  facet normal -0.998619 0 0.0525338
    outer loop
      vertex 13.011 45 -39.7909
      vertex 13 -45 -40
      vertex 13.011 -45 -39.7909
    endloop
  endfacet
  facet normal 0.890864 0 -0.454269
    outer loop
      vertex 16.8271 -45 -40.8135
      vertex 16.732 45 -41
      vertex 16.8271 45 -40.8135
    endloop
  endfacet
  facet normal 0.890864 0 -0.454269
    outer loop
      vertex 16.732 45 -41
      vertex 16.8271 -45 -40.8135
      vertex 16.732 -45 -41
    endloop
  endfacet
  facet normal -0.358179 0 0.933653
    outer loop
      vertex 14.1865 45 -38.1729
      vertex 14.382 -45 -38.0979
      vertex 14.382 45 -38.0979
    endloop
  endfacet
  facet normal -0.358179 0 0.933653
    outer loop
      vertex 14.382 -45 -38.0979
      vertex 14.1865 45 -38.1729
      vertex 14.1865 -45 -38.1729
    endloop
  endfacet
  facet normal 0.998619 0 -0.0525338
    outer loop
      vertex 17 -45 -40
      vertex 16.989 45 -40.2091
      vertex 17 45 -40
    endloop
  endfacet
  facet normal 0.998619 0 -0.0525338
    outer loop
      vertex 16.989 45 -40.2091
      vertex 17 -45 -40
      vertex 16.989 -45 -40.2091
    endloop
  endfacet
  facet normal 0.933653 -0 0.358179
    outer loop
      vertex 16.8271 -45 -39.1865
      vertex 16.9021 45 -39.382
      vertex 16.8271 45 -39.1865
    endloop
  endfacet
  facet normal 0.933653 0 0.358179
    outer loop
      vertex 16.9021 45 -39.382
      vertex 16.8271 -45 -39.1865
      vertex 16.9021 -45 -39.382
    endloop
  endfacet
  facet normal -0.0525338 0 0.998619
    outer loop
      vertex 14.7909 45 -38.011
      vertex 15 -45 -38
      vertex 15 45 -38
    endloop
  endfacet
  facet normal -0.0525338 0 0.998619
    outer loop
      vertex 15 -45 -38
      vertex 14.7909 45 -38.011
      vertex 14.7909 -45 -38.011
    endloop
  endfacet
  facet normal -0.891058 0 -0.45389
    outer loop
      vertex 13.2679 -45 -41
      vertex 13.1729 45 -40.8135
      vertex 13.2679 45 -41
    endloop
  endfacet
  facet normal -0.891058 -0 -0.45389
    outer loop
      vertex 13.1729 45 -40.8135
      vertex 13.2679 -45 -41
      vertex 13.1729 -45 -40.8135
    endloop
  endfacet
  facet normal -0.156257 0 -0.987716
    outer loop
      vertex 14.5842 -45 -41.9563
      vertex 14.7909 45 -41.989
      vertex 14.7909 -45 -41.989
    endloop
  endfacet
  facet normal -0.156257 0 -0.987716
    outer loop
      vertex 14.7909 45 -41.989
      vertex 14.5842 -45 -41.9563
      vertex 14.5842 45 -41.9563
    endloop
  endfacet
  facet normal 0.987716 -0 0.156257
    outer loop
      vertex 16.9563 -45 -39.5842
      vertex 16.989 45 -39.7909
      vertex 16.9563 45 -39.5842
    endloop
  endfacet
  facet normal 0.987716 0 0.156257
    outer loop
      vertex 16.989 45 -39.7909
      vertex 16.9563 -45 -39.5842
      vertex 16.989 -45 -39.7909
    endloop
  endfacet
  facet normal 0.838749 -0 0.544518
    outer loop
      vertex 16.618 -45 -38.8244
      vertex 16.732 45 -39
      vertex 16.618 45 -38.8244
    endloop
  endfacet
  facet normal 0.838749 0 0.544518
    outer loop
      vertex 16.732 45 -39
      vertex 16.618 -45 -38.8244
      vertex 16.732 -45 -39
    endloop
  endfacet
  facet normal 0.0525338 0 -0.998619
    outer loop
      vertex 15 -45 -42
      vertex 15.2091 45 -41.989
      vertex 15.2091 -45 -41.989
    endloop
  endfacet
  facet normal 0.0525338 0 -0.998619
    outer loop
      vertex 15.2091 45 -41.989
      vertex 15 -45 -42
      vertex 15 45 -42
    endloop
  endfacet
  facet normal 0.258911 0 0.965901
    outer loop
      vertex 15.4158 45 -38.0437
      vertex 15.618 -45 -38.0979
      vertex 15.618 45 -38.0979
    endloop
  endfacet
  facet normal 0.258911 0 0.965901
    outer loop
      vertex 15.618 -45 -38.0979
      vertex 15.4158 45 -38.0437
      vertex 15.4158 -45 -38.0437
    endloop
  endfacet
  facet normal -0.965901 0 -0.258911
    outer loop
      vertex 13.0979 -45 -40.618
      vertex 13.0437 45 -40.4158
      vertex 13.0979 45 -40.618
    endloop
  endfacet
  facet normal -0.965901 -0 -0.258911
    outer loop
      vertex 13.0437 45 -40.4158
      vertex 13.0979 -45 -40.618
      vertex 13.0437 -45 -40.4158
    endloop
  endfacet
  facet normal 0.629171 0 0.777267
    outer loop
      vertex 16.1756 45 -38.382
      vertex 16.3383 -45 -38.5137
      vertex 16.3383 45 -38.5137
    endloop
  endfacet
  facet normal 0.629171 0 0.777267
    outer loop
      vertex 16.3383 -45 -38.5137
      vertex 16.1756 45 -38.382
      vertex 16.1756 -45 -38.382
    endloop
  endfacet
  facet normal 0.156257 0 0.987716
    outer loop
      vertex 15.2091 45 -38.011
      vertex 15.4158 -45 -38.0437
      vertex 15.4158 45 -38.0437
    endloop
  endfacet
  facet normal 0.156257 0 0.987716
    outer loop
      vertex 15.4158 -45 -38.0437
      vertex 15.2091 45 -38.011
      vertex 15.2091 -45 -38.011
    endloop
  endfacet
  facet normal 0.454269 0 -0.890864
    outer loop
      vertex 15.8135 -45 -41.8271
      vertex 16 45 -41.732
      vertex 16 -45 -41.732
    endloop
  endfacet
  facet normal 0.454269 0 -0.890864
    outer loop
      vertex 16 45 -41.732
      vertex 15.8135 -45 -41.8271
      vertex 15.8135 45 -41.8271
    endloop
  endfacet
  facet normal 0.965901 -0 0.258911
    outer loop
      vertex 16.9021 -45 -39.382
      vertex 16.9563 45 -39.5842
      vertex 16.9021 45 -39.382
    endloop
  endfacet
  facet normal 0.965901 0 0.258911
    outer loop
      vertex 16.9563 45 -39.5842
      vertex 16.9021 -45 -39.382
      vertex 16.9563 -45 -39.5842
    endloop
  endfacet
  facet normal -0.933653 0 0.358179
    outer loop
      vertex 13.0979 -45 -39.382
      vertex 13.1729 45 -39.1865
      vertex 13.0979 45 -39.382
    endloop
  endfacet
  facet normal -0.933653 0 0.358179
    outer loop
      vertex 13.1729 45 -39.1865
      vertex 13.0979 -45 -39.382
      vertex 13.1729 -45 -39.1865
    endloop
  endfacet
  facet normal -0.838531 0 0.544854
    outer loop
      vertex 13.2679 -45 -39
      vertex 13.382 45 -38.8244
      vertex 13.2679 45 -39
    endloop
  endfacet
  facet normal -0.838531 0 0.544854
    outer loop
      vertex 13.382 45 -38.8244
      vertex 13.2679 -45 -39
      vertex 13.382 -45 -38.8244
    endloop
  endfacet
  facet normal -0.258911 0 0.965901
    outer loop
      vertex 14.382 45 -38.0979
      vertex 14.5842 -45 -38.0437
      vertex 14.5842 45 -38.0437
    endloop
  endfacet
  facet normal -0.258911 0 0.965901
    outer loop
      vertex 14.5842 -45 -38.0437
      vertex 14.382 45 -38.0979
      vertex 14.382 -45 -38.0979
    endloop
  endfacet
  facet normal 0.998619 -0 0.0525338
    outer loop
      vertex 16.989 -45 -39.7909
      vertex 17 45 -40
      vertex 16.989 45 -39.7909
    endloop
  endfacet
  facet normal 0.998619 0 0.0525338
    outer loop
      vertex 17 45 -40
      vertex 16.989 -45 -39.7909
      vertex 17 -45 -40
    endloop
  endfacet
  facet normal 0.933653 0 -0.358179
    outer loop
      vertex 16.9021 -45 -40.618
      vertex 16.8271 45 -40.8135
      vertex 16.9021 45 -40.618
    endloop
  endfacet
  facet normal 0.933653 0 -0.358179
    outer loop
      vertex 16.8271 45 -40.8135
      vertex 16.9021 -45 -40.618
      vertex 16.8271 -45 -40.8135
    endloop
  endfacet
  facet normal 0.544854 0 0.838531
    outer loop
      vertex 16 45 -38.2679
      vertex 16.1756 -45 -38.382
      vertex 16.1756 45 -38.382
    endloop
  endfacet
  facet normal 0.544854 0 0.838531
    outer loop
      vertex 16.1756 -45 -38.382
      vertex 16 45 -38.2679
      vertex 16 -45 -38.2679
    endloop
  endfacet
  facet normal 0.358179 0 0.933653
    outer loop
      vertex 15.618 45 -38.0979
      vertex 15.8135 -45 -38.1729
      vertex 15.8135 45 -38.1729
    endloop
  endfacet
  facet normal 0.358179 0 0.933653
    outer loop
      vertex 15.8135 -45 -38.1729
      vertex 15.618 45 -38.0979
      vertex 15.618 -45 -38.0979
    endloop
  endfacet
  facet normal 0.156257 0 -0.987716
    outer loop
      vertex 15.2091 -45 -41.989
      vertex 15.4158 45 -41.9563
      vertex 15.4158 -45 -41.9563
    endloop
  endfacet
  facet normal 0.156257 0 -0.987716
    outer loop
      vertex 15.4158 45 -41.9563
      vertex 15.2091 -45 -41.989
      vertex 15.2091 45 -41.989
    endloop
  endfacet
  facet normal 0.707107 -0 0.707107
    outer loop
      vertex 16.3383 -45 -38.5137
      vertex 16.4863 45 -38.6617
      vertex 16.3383 45 -38.5137
    endloop
  endfacet
  facet normal 0.707107 0 0.707107
    outer loop
      vertex 16.4863 45 -38.6617
      vertex 16.3383 -45 -38.5137
      vertex 16.4863 -45 -38.6617
    endloop
  endfacet
  facet normal -0.838531 0 -0.544854
    outer loop
      vertex 13.382 -45 -41.1756
      vertex 13.2679 45 -41
      vertex 13.382 45 -41.1756
    endloop
  endfacet
  facet normal -0.838531 -0 -0.544854
    outer loop
      vertex 13.2679 45 -41
      vertex 13.382 -45 -41.1756
      vertex 13.2679 -45 -41
    endloop
  endfacet
  facet normal -0.987716 0 0.156257
    outer loop
      vertex 13.011 -45 -39.7909
      vertex 13.0437 45 -39.5842
      vertex 13.011 45 -39.7909
    endloop
  endfacet
  facet normal -0.987716 0 0.156257
    outer loop
      vertex 13.0437 45 -39.5842
      vertex 13.011 -45 -39.7909
      vertex 13.0437 -45 -39.5842
    endloop
  endfacet
  facet normal -0.777267 0 -0.629171
    outer loop
      vertex 13.5137 -45 -41.3383
      vertex 13.382 45 -41.1756
      vertex 13.5137 45 -41.3383
    endloop
  endfacet
  facet normal -0.777267 -0 -0.629171
    outer loop
      vertex 13.382 45 -41.1756
      vertex 13.5137 -45 -41.3383
      vertex 13.382 -45 -41.1756
    endloop
  endfacet
  facet normal -0.987716 0 -0.156257
    outer loop
      vertex 13.0437 -45 -40.4158
      vertex 13.011 45 -40.2091
      vertex 13.0437 45 -40.4158
    endloop
  endfacet
  facet normal -0.987716 -0 -0.156257
    outer loop
      vertex 13.011 45 -40.2091
      vertex 13.0437 -45 -40.4158
      vertex 13.011 -45 -40.2091
    endloop
  endfacet
  facet normal -0.707107 0 -0.707107
    outer loop
      vertex 13.6617 -45 -41.4863
      vertex 13.5137 45 -41.3383
      vertex 13.6617 45 -41.4863
    endloop
  endfacet
  facet normal -0.707107 -0 -0.707107
    outer loop
      vertex 13.5137 45 -41.3383
      vertex 13.6617 -45 -41.4863
      vertex 13.5137 -45 -41.3383
    endloop
  endfacet
  facet normal -0.629171 0 0.777267
    outer loop
      vertex 13.6617 45 -38.5137
      vertex 13.8244 -45 -38.382
      vertex 13.8244 45 -38.382
    endloop
  endfacet
  facet normal -0.629171 0 0.777267
    outer loop
      vertex 13.8244 -45 -38.382
      vertex 13.6617 45 -38.5137
      vertex 13.6617 -45 -38.5137
    endloop
  endfacet
  facet normal 0.838749 0 -0.544518
    outer loop
      vertex 16.732 -45 -41
      vertex 16.618 45 -41.1756
      vertex 16.732 45 -41
    endloop
  endfacet
  facet normal 0.838749 0 -0.544518
    outer loop
      vertex 16.618 45 -41.1756
      vertex 16.732 -45 -41
      vertex 16.618 -45 -41.1756
    endloop
  endfacet
  facet normal -0.998619 0 -0.0525338
    outer loop
      vertex 13.011 -45 -40.2091
      vertex 13 45 -40
      vertex 13.011 45 -40.2091
    endloop
  endfacet
  facet normal -0.998619 -0 -0.0525338
    outer loop
      vertex 13 45 -40
      vertex 13.011 -45 -40.2091
      vertex 13 -45 -40
    endloop
  endfacet
  facet normal 0.890864 -0 0.454269
    outer loop
      vertex 16.732 -45 -39
      vertex 16.8271 45 -39.1865
      vertex 16.732 45 -39
    endloop
  endfacet
  facet normal 0.890864 0 0.454269
    outer loop
      vertex 16.8271 45 -39.1865
      vertex 16.732 -45 -39
      vertex 16.8271 -45 -39.1865
    endloop
  endfacet
  facet normal -0.358179 0 -0.933653
    outer loop
      vertex 14.1865 -45 -41.8271
      vertex 14.382 45 -41.9021
      vertex 14.382 -45 -41.9021
    endloop
  endfacet
  facet normal -0.358179 0 -0.933653
    outer loop
      vertex 14.382 45 -41.9021
      vertex 14.1865 -45 -41.8271
      vertex 14.1865 45 -41.8271
    endloop
  endfacet
  facet normal 0.987716 0 -0.156257
    outer loop
      vertex 16.989 -45 -40.2091
      vertex 16.9563 45 -40.4158
      vertex 16.989 45 -40.2091
    endloop
  endfacet
  facet normal 0.987716 0 -0.156257
    outer loop
      vertex 16.9563 45 -40.4158
      vertex 16.989 -45 -40.2091
      vertex 16.9563 -45 -40.4158
    endloop
  endfacet
  facet normal -0.0525338 0 -0.998619
    outer loop
      vertex 14.7909 -45 -41.989
      vertex 15 45 -42
      vertex 15 -45 -42
    endloop
  endfacet
  facet normal -0.0525338 0 -0.998619
    outer loop
      vertex 15 45 -42
      vertex 14.7909 -45 -41.989
      vertex 14.7909 45 -41.989
    endloop
  endfacet
  facet normal -0.544518 0 -0.838749
    outer loop
      vertex 13.8244 -45 -41.618
      vertex 14 45 -41.732
      vertex 14 -45 -41.732
    endloop
  endfacet
  facet normal -0.544518 0 -0.838749
    outer loop
      vertex 14 45 -41.732
      vertex 13.8244 -45 -41.618
      vertex 13.8244 45 -41.618
    endloop
  endfacet
  facet normal 0.777267 -0 0.629171
    outer loop
      vertex 16.4863 -45 -38.6617
      vertex 16.618 45 -38.8244
      vertex 16.4863 45 -38.6617
    endloop
  endfacet
  facet normal 0.777267 0 0.629171
    outer loop
      vertex 16.618 45 -38.8244
      vertex 16.4863 -45 -38.6617
      vertex 16.618 -45 -38.8244
    endloop
  endfacet
  facet normal -0.45389 0 0.891058
    outer loop
      vertex 14 45 -38.2679
      vertex 14.1865 -45 -38.1729
      vertex 14.1865 45 -38.1729
    endloop
  endfacet
  facet normal -0.45389 0 0.891058
    outer loop
      vertex 14.1865 -45 -38.1729
      vertex 14 45 -38.2679
      vertex 14 -45 -38.2679
    endloop
  endfacet
  facet normal 0.258911 0 -0.965901
    outer loop
      vertex 15.4158 -45 -41.9563
      vertex 15.618 45 -41.9021
      vertex 15.618 -45 -41.9021
    endloop
  endfacet
  facet normal 0.258911 0 -0.965901
    outer loop
      vertex 15.618 45 -41.9021
      vertex 15.4158 -45 -41.9563
      vertex 15.4158 45 -41.9563
    endloop
  endfacet
  facet normal -0.777267 0 0.629171
    outer loop
      vertex 13.382 -45 -38.8244
      vertex 13.5137 45 -38.6617
      vertex 13.382 45 -38.8244
    endloop
  endfacet
  facet normal -0.777267 0 0.629171
    outer loop
      vertex 13.5137 45 -38.6617
      vertex 13.382 -45 -38.8244
      vertex 13.5137 -45 -38.6617
    endloop
  endfacet
  facet normal -0.707107 0 0.707107
    outer loop
      vertex 13.5137 -45 -38.6617
      vertex 13.6617 45 -38.5137
      vertex 13.5137 45 -38.6617
    endloop
  endfacet
  facet normal -0.707107 0 0.707107
    outer loop
      vertex 13.6617 45 -38.5137
      vertex 13.5137 -45 -38.6617
      vertex 13.6617 -45 -38.5137
    endloop
  endfacet
  facet normal 0.45389 0 0.891058
    outer loop
      vertex 15.8135 45 -38.1729
      vertex 16 -45 -38.2679
      vertex 16 45 -38.2679
    endloop
  endfacet
  facet normal 0.45389 0 0.891058
    outer loop
      vertex 16 -45 -38.2679
      vertex 15.8135 45 -38.1729
      vertex 15.8135 -45 -38.1729
    endloop
  endfacet
  facet normal 0.965901 0 -0.258911
    outer loop
      vertex 16.9563 -45 -40.4158
      vertex 16.9021 45 -40.618
      vertex 16.9563 45 -40.4158
    endloop
  endfacet
  facet normal 0.965901 0 -0.258911
    outer loop
      vertex 16.9021 45 -40.618
      vertex 16.9563 -45 -40.4158
      vertex 16.9021 -45 -40.618
    endloop
  endfacet
  facet normal -0.156257 0 0.987716
    outer loop
      vertex 14.5842 45 -38.0437
      vertex 14.7909 -45 -38.011
      vertex 14.7909 45 -38.011
    endloop
  endfacet
  facet normal -0.156257 0 0.987716
    outer loop
      vertex 14.7909 -45 -38.011
      vertex 14.5842 45 -38.0437
      vertex 14.5842 -45 -38.0437
    endloop
  endfacet
  facet normal -0.933653 0 -0.358179
    outer loop
      vertex 13.1729 -45 -40.8135
      vertex 13.0979 45 -40.618
      vertex 13.1729 45 -40.8135
    endloop
  endfacet
  facet normal -0.933653 -0 -0.358179
    outer loop
      vertex 13.0979 45 -40.618
      vertex 13.1729 -45 -40.8135
      vertex 13.0979 -45 -40.618
    endloop
  endfacet
  facet normal -0.891058 0 0.45389
    outer loop
      vertex 13.1729 -45 -39.1865
      vertex 13.2679 45 -39
      vertex 13.1729 45 -39.1865
    endloop
  endfacet
  facet normal -0.891058 0 0.45389
    outer loop
      vertex 13.2679 45 -39
      vertex 13.1729 -45 -39.1865
      vertex 13.2679 -45 -39
    endloop
  endfacet
  facet normal -0.454269 0 -0.890864
    outer loop
      vertex 14 -45 -41.732
      vertex 14.1865 45 -41.8271
      vertex 14.1865 -45 -41.8271
    endloop
  endfacet
  facet normal -0.454269 0 -0.890864
    outer loop
      vertex 14.1865 45 -41.8271
      vertex 14 -45 -41.732
      vertex 14 45 -41.732
    endloop
  endfacet
  facet normal -0.258911 0 -0.965901
    outer loop
      vertex 14.382 -45 -41.9021
      vertex 14.5842 45 -41.9563
      vertex 14.5842 -45 -41.9563
    endloop
  endfacet
  facet normal -0.258911 0 -0.965901
    outer loop
      vertex 14.5842 45 -41.9563
      vertex 14.382 -45 -41.9021
      vertex 14.382 45 -41.9021
    endloop
  endfacet
  facet normal 0.777267 0 -0.629171
    outer loop
      vertex 16.618 -45 -41.1756
      vertex 16.4863 45 -41.3383
      vertex 16.618 45 -41.1756
    endloop
  endfacet
  facet normal 0.777267 0 -0.629171
    outer loop
      vertex 16.4863 45 -41.3383
      vertex 16.618 -45 -41.1756
      vertex 16.4863 -45 -41.3383
    endloop
  endfacet
  facet normal 0.629171 0 -0.777267
    outer loop
      vertex 16.1756 -45 -41.618
      vertex 16.3383 45 -41.4863
      vertex 16.3383 -45 -41.4863
    endloop
  endfacet
  facet normal 0.629171 0 -0.777267
    outer loop
      vertex 16.3383 45 -41.4863
      vertex 16.1756 -45 -41.618
      vertex 16.1756 45 -41.618
    endloop
  endfacet
  facet normal -0.965901 0 0.258911
    outer loop
      vertex 13.0437 -45 -39.5842
      vertex 13.0979 45 -39.382
      vertex 13.0437 45 -39.5842
    endloop
  endfacet
  facet normal -0.965901 0 0.258911
    outer loop
      vertex 13.0979 45 -39.382
      vertex 13.0437 -45 -39.5842
      vertex 13.0979 -45 -39.382
    endloop
  endfacet
  facet normal 0.358179 0 -0.933653
    outer loop
      vertex 15.618 -45 -41.9021
      vertex 15.8135 45 -41.8271
      vertex 15.8135 -45 -41.8271
    endloop
  endfacet
  facet normal 0.358179 0 -0.933653
    outer loop
      vertex 15.8135 45 -41.8271
      vertex 15.618 -45 -41.9021
      vertex 15.618 45 -41.9021
    endloop
  endfacet
  facet normal -0.544854 0 0.838531
    outer loop
      vertex 13.8244 45 -38.382
      vertex 14 -45 -38.2679
      vertex 14 45 -38.2679
    endloop
  endfacet
  facet normal -0.544854 0 0.838531
    outer loop
      vertex 14 -45 -38.2679
      vertex 13.8244 45 -38.382
      vertex 13.8244 -45 -38.382
    endloop
  endfacet
  facet normal 0.0525338 0 0.998619
    outer loop
      vertex 15 45 -38
      vertex 15.2091 -45 -38.011
      vertex 15.2091 45 -38.011
    endloop
  endfacet
  facet normal 0.0525338 0 0.998619
    outer loop
      vertex 15.2091 -45 -38.011
      vertex 15 45 -38
      vertex 15 -45 -38
    endloop
  endfacet
  facet normal 0 -1 0
    outer loop
      vertex 14.7909 -45 -38.011
      vertex 15.2091 -45 -38.011
      vertex 15 -45 -38
    endloop
  endfacet
  facet normal 0 -1 0
    outer loop
      vertex 14.5842 -45 -38.0437
      vertex 15.2091 -45 -38.011
      vertex 14.7909 -45 -38.011
    endloop
  endfacet
  facet normal 0 -1 0
    outer loop
      vertex 14.5842 -45 -38.0437
      vertex 15.4158 -45 -38.0437
      vertex 15.2091 -45 -38.011
    endloop
  endfacet
  facet normal 0 -1 0
    outer loop
      vertex 14.382 -45 -38.0979
      vertex 15.4158 -45 -38.0437
      vertex 14.5842 -45 -38.0437
    endloop
  endfacet
  facet normal 0 -1 0
    outer loop
      vertex 14.382 -45 -38.0979
      vertex 15.618 -45 -38.0979
      vertex 15.4158 -45 -38.0437
    endloop
  endfacet
  facet normal 0 -1 0
    outer loop
      vertex 14.1865 -45 -38.1729
      vertex 15.618 -45 -38.0979
      vertex 14.382 -45 -38.0979
    endloop
  endfacet
  facet normal 0 -1 0
    outer loop
      vertex 14.1865 -45 -38.1729
      vertex 15.8135 -45 -38.1729
      vertex 15.618 -45 -38.0979
    endloop
  endfacet
  facet normal 0 -1 0
    outer loop
      vertex 14 -45 -38.2679
      vertex 15.8135 -45 -38.1729
      vertex 14.1865 -45 -38.1729
    endloop
  endfacet
  facet normal 0 -1 0
    outer loop
      vertex 14 -45 -38.2679
      vertex 16 -45 -38.2679
      vertex 15.8135 -45 -38.1729
    endloop
  endfacet
  facet normal 0 -1 0
    outer loop
      vertex 13.8244 -45 -38.382
      vertex 16 -45 -38.2679
      vertex 14 -45 -38.2679
    endloop
  endfacet
  facet normal 0 -1 0
    outer loop
      vertex 13.8244 -45 -38.382
      vertex 16.1756 -45 -38.382
      vertex 16 -45 -38.2679
    endloop
  endfacet
  facet normal 0 -1 0
    outer loop
      vertex 13.6617 -45 -38.5137
      vertex 16.1756 -45 -38.382
      vertex 13.8244 -45 -38.382
    endloop
  endfacet
  facet normal 0 -1 0
    outer loop
      vertex 13.6617 -45 -38.5137
      vertex 16.3383 -45 -38.5137
      vertex 16.1756 -45 -38.382
    endloop
  endfacet
  facet normal 0 -1 0
    outer loop
      vertex 13.5137 -45 -38.6617
      vertex 16.3383 -45 -38.5137
      vertex 13.6617 -45 -38.5137
    endloop
  endfacet
  facet normal 0 -1 0
    outer loop
      vertex 13.5137 -45 -38.6617
      vertex 16.4863 -45 -38.6617
      vertex 16.3383 -45 -38.5137
    endloop
  endfacet
  facet normal 0 -1 0
    outer loop
      vertex 13.382 -45 -38.8244
      vertex 16.4863 -45 -38.6617
      vertex 13.5137 -45 -38.6617
    endloop
  endfacet
  facet normal 0 -1 0
    outer loop
      vertex 13.382 -45 -38.8244
      vertex 16.618 -45 -38.8244
      vertex 16.4863 -45 -38.6617
    endloop
  endfacet
  facet normal 0 -1 0
    outer loop
      vertex 13.2679 -45 -39
      vertex 16.618 -45 -38.8244
      vertex 13.382 -45 -38.8244
    endloop
  endfacet
  facet normal 0 -1 0
    outer loop
      vertex 13.2679 -45 -39
      vertex 16.732 -45 -39
      vertex 16.618 -45 -38.8244
    endloop
  endfacet
  facet normal 0 -1 0
    outer loop
      vertex 13.1729 -45 -39.1865
      vertex 16.732 -45 -39
      vertex 13.2679 -45 -39
    endloop
  endfacet
  facet normal 0 -1 0
    outer loop
      vertex 13.1729 -45 -39.1865
      vertex 16.8271 -45 -39.1865
      vertex 16.732 -45 -39
    endloop
  endfacet
  facet normal 0 -1 0
    outer loop
      vertex 13.0979 -45 -39.382
      vertex 16.8271 -45 -39.1865
      vertex 13.1729 -45 -39.1865
    endloop
  endfacet
  facet normal 0 -1 0
    outer loop
      vertex 13.0979 -45 -39.382
      vertex 16.9021 -45 -39.382
      vertex 16.8271 -45 -39.1865
    endloop
  endfacet
  facet normal 0 -1 0
    outer loop
      vertex 13.0437 -45 -39.5842
      vertex 16.9021 -45 -39.382
      vertex 13.0979 -45 -39.382
    endloop
  endfacet
  facet normal 0 -1 0
    outer loop
      vertex 13.0437 -45 -39.5842
      vertex 16.9563 -45 -39.5842
      vertex 16.9021 -45 -39.382
    endloop
  endfacet
  facet normal 0 -1 0
    outer loop
      vertex 13.011 -45 -39.7909
      vertex 16.9563 -45 -39.5842
      vertex 13.0437 -45 -39.5842
    endloop
  endfacet
  facet normal 0 -1 0
    outer loop
      vertex 13.011 -45 -39.7909
      vertex 16.989 -45 -39.7909
      vertex 16.9563 -45 -39.5842
    endloop
  endfacet
  facet normal 0 -1 0
    outer loop
      vertex 13 -45 -40
      vertex 16.989 -45 -39.7909
      vertex 13.011 -45 -39.7909
    endloop
  endfacet
  facet normal 0 -1 0
    outer loop
      vertex 13 -45 -40
      vertex 17 -45 -40
      vertex 16.989 -45 -39.7909
    endloop
  endfacet
  facet normal 0 -1 0
    outer loop
      vertex 13.011 -45 -40.2091
      vertex 17 -45 -40
      vertex 13 -45 -40
    endloop
  endfacet
  facet normal 0 -1 0
    outer loop
      vertex 13.011 -45 -40.2091
      vertex 16.989 -45 -40.2091
      vertex 17 -45 -40
    endloop
  endfacet
  facet normal 0 -1 0
    outer loop
      vertex 13.0437 -45 -40.4158
      vertex 16.989 -45 -40.2091
      vertex 13.011 -45 -40.2091
    endloop
  endfacet
  facet normal 0 -1 0
    outer loop
      vertex 13.0437 -45 -40.4158
      vertex 16.9563 -45 -40.4158
      vertex 16.989 -45 -40.2091
    endloop
  endfacet
  facet normal 0 -1 0
    outer loop
      vertex 13.0979 -45 -40.618
      vertex 16.9563 -45 -40.4158
      vertex 13.0437 -45 -40.4158
    endloop
  endfacet
  facet normal 0 -1 0
    outer loop
      vertex 13.0979 -45 -40.618
      vertex 16.9021 -45 -40.618
      vertex 16.9563 -45 -40.4158
    endloop
  endfacet
  facet normal 0 -1 0
    outer loop
      vertex 13.1729 -45 -40.8135
      vertex 16.9021 -45 -40.618
      vertex 13.0979 -45 -40.618
    endloop
  endfacet
  facet normal 0 -1 0
    outer loop
      vertex 13.1729 -45 -40.8135
      vertex 16.8271 -45 -40.8135
      vertex 16.9021 -45 -40.618
    endloop
  endfacet
  facet normal 0 -1 0
    outer loop
      vertex 13.2679 -45 -41
      vertex 16.8271 -45 -40.8135
      vertex 13.1729 -45 -40.8135
    endloop
  endfacet
  facet normal 0 -1 0
    outer loop
      vertex 13.2679 -45 -41
      vertex 16.732 -45 -41
      vertex 16.8271 -45 -40.8135
    endloop
  endfacet
  facet normal 0 -1 0
    outer loop
      vertex 13.382 -45 -41.1756
      vertex 16.732 -45 -41
      vertex 13.2679 -45 -41
    endloop
  endfacet
  facet normal 0 -1 0
    outer loop
      vertex 13.382 -45 -41.1756
      vertex 16.618 -45 -41.1756
      vertex 16.732 -45 -41
    endloop
  endfacet
  facet normal 0 -1 0
    outer loop
      vertex 13.5137 -45 -41.3383
      vertex 16.618 -45 -41.1756
      vertex 13.382 -45 -41.1756
    endloop
  endfacet
  facet normal 0 -1 0
    outer loop
      vertex 13.5137 -45 -41.3383
      vertex 16.4863 -45 -41.3383
      vertex 16.618 -45 -41.1756
    endloop
  endfacet
  facet normal 0 -1 0
    outer loop
      vertex 13.6617 -45 -41.4863
      vertex 16.4863 -45 -41.3383
      vertex 13.5137 -45 -41.3383
    endloop
  endfacet
  facet normal 0 -1 0
    outer loop
      vertex 13.6617 -45 -41.4863
      vertex 16.3383 -45 -41.4863
      vertex 16.4863 -45 -41.3383
    endloop
  endfacet
  facet normal 0 -1 0
    outer loop
      vertex 13.8244 -45 -41.618
      vertex 16.3383 -45 -41.4863
      vertex 13.6617 -45 -41.4863
    endloop
  endfacet
  facet normal 0 -1 0
    outer loop
      vertex 13.8244 -45 -41.618
      vertex 16.1756 -45 -41.618
      vertex 16.3383 -45 -41.4863
    endloop
  endfacet
  facet normal 0 -1 0
    outer loop
      vertex 14 -45 -41.732
      vertex 16.1756 -45 -41.618
      vertex 13.8244 -45 -41.618
    endloop
  endfacet
  facet normal 0 -1 0
    outer loop
      vertex 14 -45 -41.732
      vertex 16 -45 -41.732
      vertex 16.1756 -45 -41.618
    endloop
  endfacet
  facet normal 0 -1 0
    outer loop
      vertex 14.1865 -45 -41.8271
      vertex 16 -45 -41.732
      vertex 14 -45 -41.732
    endloop
  endfacet
  facet normal 0 -1 0
    outer loop
      vertex 14.1865 -45 -41.8271
      vertex 15.8135 -45 -41.8271
      vertex 16 -45 -41.732
    endloop
  endfacet
  facet normal 0 -1 0
    outer loop
      vertex 14.382 -45 -41.9021
      vertex 15.8135 -45 -41.8271
      vertex 14.1865 -45 -41.8271
    endloop
  endfacet
  facet normal 0 -1 0
    outer loop
      vertex 14.382 -45 -41.9021
      vertex 15.618 -45 -41.9021
      vertex 15.8135 -45 -41.8271
    endloop
  endfacet
  facet normal 0 -1 0
    outer loop
      vertex 14.5842 -45 -41.9563
      vertex 15.618 -45 -41.9021
      vertex 14.382 -45 -41.9021
    endloop
  endfacet
  facet normal 0 -1 0
    outer loop
      vertex 14.5842 -45 -41.9563
      vertex 15.4158 -45 -41.9563
      vertex 15.618 -45 -41.9021
    endloop
  endfacet
  facet normal 0 -1 0
    outer loop
      vertex 14.7909 -45 -41.989
      vertex 15.4158 -45 -41.9563
      vertex 14.5842 -45 -41.9563
    endloop
  endfacet
  facet normal 0 -1 0
    outer loop
      vertex 14.7909 -45 -41.989
      vertex 15.2091 -45 -41.989
      vertex 15.4158 -45 -41.9563
    endloop
  endfacet
  facet normal -0 -1 0
    outer loop
      vertex 15.2091 -45 -41.989
      vertex 14.7909 -45 -41.989
      vertex 15 -45 -42
    endloop
  endfacet
  facet normal 0.707107 0 -0.707107
    outer loop
      vertex 16.4863 -45 -41.3383
      vertex 16.3383 45 -41.4863
      vertex 16.4863 45 -41.3383
    endloop
  endfacet
  facet normal 0.707107 0 -0.707107
    outer loop
      vertex 16.3383 45 -41.4863
      vertex 16.4863 -45 -41.3383
      vertex 16.3383 -45 -41.4863
    endloop
  endfacet
  facet normal -0.629171 0 -0.777267
    outer loop
      vertex 13.6617 -45 -41.4863
      vertex 13.8244 45 -41.618
      vertex 13.8244 -45 -41.618
    endloop
  endfacet
  facet normal -0.629171 0 -0.777267
    outer loop
      vertex 13.8244 45 -41.618
      vertex 13.6617 -45 -41.4863
      vertex 13.6617 45 -41.4863
    endloop
  endfacet
  facet normal 0.544518 0 -0.838749
    outer loop
      vertex 16 -45 -41.732
      vertex 16.1756 45 -41.618
      vertex 16.1756 -45 -41.618
    endloop
  endfacet
  facet normal 0.544518 0 -0.838749
    outer loop
      vertex 16.1756 45 -41.618
      vertex 16 -45 -41.732
      vertex 16 45 -41.732
    endloop
  endfacet
  facet normal 0 1 0
    outer loop
      vertex 15.2091 45 -38.011
      vertex 14.7909 45 -38.011
      vertex 15 45 -38
    endloop
  endfacet
  facet normal 0 1 0
    outer loop
      vertex 15.4158 45 -38.0437
      vertex 14.7909 45 -38.011
      vertex 15.2091 45 -38.011
    endloop
  endfacet
  facet normal 0 1 0
    outer loop
      vertex 15.4158 45 -38.0437
      vertex 14.5842 45 -38.0437
      vertex 14.7909 45 -38.011
    endloop
  endfacet
  facet normal 0 1 0
    outer loop
      vertex 15.618 45 -38.0979
      vertex 14.5842 45 -38.0437
      vertex 15.4158 45 -38.0437
    endloop
  endfacet
  facet normal 0 1 0
    outer loop
      vertex 15.618 45 -38.0979
      vertex 14.382 45 -38.0979
      vertex 14.5842 45 -38.0437
    endloop
  endfacet
  facet normal 0 1 0
    outer loop
      vertex 15.8135 45 -38.1729
      vertex 14.382 45 -38.0979
      vertex 15.618 45 -38.0979
    endloop
  endfacet
  facet normal 0 1 0
    outer loop
      vertex 15.8135 45 -38.1729
      vertex 14.1865 45 -38.1729
      vertex 14.382 45 -38.0979
    endloop
  endfacet
  facet normal 0 1 0
    outer loop
      vertex 16 45 -38.2679
      vertex 14.1865 45 -38.1729
      vertex 15.8135 45 -38.1729
    endloop
  endfacet
  facet normal 0 1 0
    outer loop
      vertex 16 45 -38.2679
      vertex 14 45 -38.2679
      vertex 14.1865 45 -38.1729
    endloop
  endfacet
  facet normal 0 1 0
    outer loop
      vertex 16.1756 45 -38.382
      vertex 14 45 -38.2679
      vertex 16 45 -38.2679
    endloop
  endfacet
  facet normal 0 1 0
    outer loop
      vertex 16.1756 45 -38.382
      vertex 13.8244 45 -38.382
      vertex 14 45 -38.2679
    endloop
  endfacet
  facet normal 0 1 0
    outer loop
      vertex 16.3383 45 -38.5137
      vertex 13.8244 45 -38.382
      vertex 16.1756 45 -38.382
    endloop
  endfacet
  facet normal 0 1 0
    outer loop
      vertex 16.3383 45 -38.5137
      vertex 13.6617 45 -38.5137
      vertex 13.8244 45 -38.382
    endloop
  endfacet
  facet normal 0 1 0
    outer loop
      vertex 16.4863 45 -38.6617
      vertex 13.6617 45 -38.5137
      vertex 16.3383 45 -38.5137
    endloop
  endfacet
  facet normal 0 1 0
    outer loop
      vertex 16.4863 45 -38.6617
      vertex 13.5137 45 -38.6617
      vertex 13.6617 45 -38.5137
    endloop
  endfacet
  facet normal 0 1 0
    outer loop
      vertex 16.618 45 -38.8244
      vertex 13.5137 45 -38.6617
      vertex 16.4863 45 -38.6617
    endloop
  endfacet
  facet normal 0 1 0
    outer loop
      vertex 16.618 45 -38.8244
      vertex 13.382 45 -38.8244
      vertex 13.5137 45 -38.6617
    endloop
  endfacet
  facet normal 0 1 0
    outer loop
      vertex 16.732 45 -39
      vertex 13.382 45 -38.8244
      vertex 16.618 45 -38.8244
    endloop
  endfacet
  facet normal 0 1 0
    outer loop
      vertex 16.732 45 -39
      vertex 13.2679 45 -39
      vertex 13.382 45 -38.8244
    endloop
  endfacet
  facet normal 0 1 0
    outer loop
      vertex 16.8271 45 -39.1865
      vertex 13.2679 45 -39
      vertex 16.732 45 -39
    endloop
  endfacet
  facet normal 0 1 0
    outer loop
      vertex 16.8271 45 -39.1865
      vertex 13.1729 45 -39.1865
      vertex 13.2679 45 -39
    endloop
  endfacet
  facet normal 0 1 0
    outer loop
      vertex 16.9021 45 -39.382
      vertex 13.1729 45 -39.1865
      vertex 16.8271 45 -39.1865
    endloop
  endfacet
  facet normal 0 1 0
    outer loop
      vertex 16.9021 45 -39.382
      vertex 13.0979 45 -39.382
      vertex 13.1729 45 -39.1865
    endloop
  endfacet
  facet normal 0 1 0
    outer loop
      vertex 16.9563 45 -39.5842
      vertex 13.0979 45 -39.382
      vertex 16.9021 45 -39.382
    endloop
  endfacet
  facet normal 0 1 0
    outer loop
      vertex 16.9563 45 -39.5842
      vertex 13.0437 45 -39.5842
      vertex 13.0979 45 -39.382
    endloop
  endfacet
  facet normal 0 1 0
    outer loop
      vertex 16.989 45 -39.7909
      vertex 13.0437 45 -39.5842
      vertex 16.9563 45 -39.5842
    endloop
  endfacet
  facet normal 0 1 0
    outer loop
      vertex 16.989 45 -39.7909
      vertex 13.011 45 -39.7909
      vertex 13.0437 45 -39.5842
    endloop
  endfacet
  facet normal 0 1 0
    outer loop
      vertex 17 45 -40
      vertex 13.011 45 -39.7909
      vertex 16.989 45 -39.7909
    endloop
  endfacet
  facet normal 0 1 0
    outer loop
      vertex 17 45 -40
      vertex 13 45 -40
      vertex 13.011 45 -39.7909
    endloop
  endfacet
  facet normal 0 1 -0
    outer loop
      vertex 16.989 45 -40.2091
      vertex 13 45 -40
      vertex 17 45 -40
    endloop
  endfacet
  facet normal 0 1 0
    outer loop
      vertex 16.989 45 -40.2091
      vertex 13.011 45 -40.2091
      vertex 13 45 -40
    endloop
  endfacet
  facet normal 0 1 -0
    outer loop
      vertex 16.9563 45 -40.4158
      vertex 13.011 45 -40.2091
      vertex 16.989 45 -40.2091
    endloop
  endfacet
  facet normal 0 1 0
    outer loop
      vertex 16.9563 45 -40.4158
      vertex 13.0437 45 -40.4158
      vertex 13.011 45 -40.2091
    endloop
  endfacet
  facet normal 0 1 -0
    outer loop
      vertex 16.9021 45 -40.618
      vertex 13.0437 45 -40.4158
      vertex 16.9563 45 -40.4158
    endloop
  endfacet
  facet normal 0 1 0
    outer loop
      vertex 16.9021 45 -40.618
      vertex 13.0979 45 -40.618
      vertex 13.0437 45 -40.4158
    endloop
  endfacet
  facet normal 0 1 -0
    outer loop
      vertex 16.8271 45 -40.8135
      vertex 13.0979 45 -40.618
      vertex 16.9021 45 -40.618
    endloop
  endfacet
  facet normal 0 1 0
    outer loop
      vertex 16.8271 45 -40.8135
      vertex 13.1729 45 -40.8135
      vertex 13.0979 45 -40.618
    endloop
  endfacet
  facet normal 0 1 -0
    outer loop
      vertex 16.732 45 -41
      vertex 13.1729 45 -40.8135
      vertex 16.8271 45 -40.8135
    endloop
  endfacet
  facet normal 0 1 0
    outer loop
      vertex 16.732 45 -41
      vertex 13.2679 45 -41
      vertex 13.1729 45 -40.8135
    endloop
  endfacet
  facet normal 0 1 -0
    outer loop
      vertex 16.618 45 -41.1756
      vertex 13.2679 45 -41
      vertex 16.732 45 -41
    endloop
  endfacet
  facet normal 0 1 0
    outer loop
      vertex 16.618 45 -41.1756
      vertex 13.382 45 -41.1756
      vertex 13.2679 45 -41
    endloop
  endfacet
  facet normal 0 1 -0
    outer loop
      vertex 16.4863 45 -41.3383
      vertex 13.382 45 -41.1756
      vertex 16.618 45 -41.1756
    endloop
  endfacet
  facet normal 0 1 0
    outer loop
      vertex 16.4863 45 -41.3383
      vertex 13.5137 45 -41.3383
      vertex 13.382 45 -41.1756
    endloop
  endfacet
  facet normal 0 1 -0
    outer loop
      vertex 16.3383 45 -41.4863
      vertex 13.5137 45 -41.3383
      vertex 16.4863 45 -41.3383
    endloop
  endfacet
  facet normal 0 1 0
    outer loop
      vertex 16.3383 45 -41.4863
      vertex 13.6617 45 -41.4863
      vertex 13.5137 45 -41.3383
    endloop
  endfacet
  facet normal 0 1 -0
    outer loop
      vertex 16.1756 45 -41.618
      vertex 13.6617 45 -41.4863
      vertex 16.3383 45 -41.4863
    endloop
  endfacet
  facet normal 0 1 0
    outer loop
      vertex 16.1756 45 -41.618
      vertex 13.8244 45 -41.618
      vertex 13.6617 45 -41.4863
    endloop
  endfacet
  facet normal 0 1 -0
    outer loop
      vertex 16 45 -41.732
      vertex 13.8244 45 -41.618
      vertex 16.1756 45 -41.618
    endloop
  endfacet
  facet normal 0 1 0
    outer loop
      vertex 16 45 -41.732
      vertex 14 45 -41.732
      vertex 13.8244 45 -41.618
    endloop
  endfacet
  facet normal 0 1 -0
    outer loop
      vertex 15.8135 45 -41.8271
      vertex 14 45 -41.732
      vertex 16 45 -41.732
    endloop
  endfacet
  facet normal 0 1 0
    outer loop
      vertex 15.8135 45 -41.8271
      vertex 14.1865 45 -41.8271
      vertex 14 45 -41.732
    endloop
  endfacet
  facet normal 0 1 -0
    outer loop
      vertex 15.618 45 -41.9021
      vertex 14.1865 45 -41.8271
      vertex 15.8135 45 -41.8271
    endloop
  endfacet
  facet normal 0 1 0
    outer loop
      vertex 15.618 45 -41.9021
      vertex 14.382 45 -41.9021
      vertex 14.1865 45 -41.8271
    endloop
  endfacet
  facet normal 0 1 -0
    outer loop
      vertex 15.4158 45 -41.9563
      vertex 14.382 45 -41.9021
      vertex 15.618 45 -41.9021
    endloop
  endfacet
  facet normal 0 1 0
    outer loop
      vertex 15.4158 45 -41.9563
      vertex 14.5842 45 -41.9563
      vertex 14.382 45 -41.9021
    endloop
  endfacet
  facet normal 0 1 -0
    outer loop
      vertex 15.2091 45 -41.989
      vertex 14.5842 45 -41.9563
      vertex 15.4158 45 -41.9563
    endloop
  endfacet
  facet normal 0 1 0
    outer loop
      vertex 15.2091 45 -41.989
      vertex 14.7909 45 -41.989
      vertex 14.5842 45 -41.9563
    endloop
  endfacet
  facet normal -0 1 0
    outer loop
      vertex 14.7909 45 -41.989
      vertex 15.2091 45 -41.989
      vertex 15 45 -42
    endloop
  endfacet
  facet normal 0.629171 0 0.777267
    outer loop
      vertex -13.8244 45 -38.382
      vertex -13.6617 -45 -38.5137
      vertex -13.6617 45 -38.5137
    endloop
  endfacet
  facet normal 0.629171 0 0.777267
    outer loop
      vertex -13.6617 -45 -38.5137
      vertex -13.8244 45 -38.382
      vertex -13.8244 -45 -38.382
    endloop
  endfacet
  facet normal -0.777267 0 0.629171
    outer loop
      vertex -16.618 -45 -38.8244
      vertex -16.4863 45 -38.6617
      vertex -16.618 45 -38.8244
    endloop
  endfacet
  facet normal -0.777267 0 0.629171
    outer loop
      vertex -16.4863 45 -38.6617
      vertex -16.618 -45 -38.8244
      vertex -16.4863 -45 -38.6617
    endloop
  endfacet
  facet normal 0.987716 -0 0.156257
    outer loop
      vertex -13.0437 -45 -39.5842
      vertex -13.011 45 -39.7909
      vertex -13.0437 45 -39.5842
    endloop
  endfacet
  facet normal 0.987716 0 0.156257
    outer loop
      vertex -13.011 45 -39.7909
      vertex -13.0437 -45 -39.5842
      vertex -13.011 -45 -39.7909
    endloop
  endfacet
  facet normal 0.998619 -0 0.0525338
    outer loop
      vertex -13.011 -45 -39.7909
      vertex -13 45 -40
      vertex -13.011 45 -39.7909
    endloop
  endfacet
  facet normal 0.998619 0 0.0525338
    outer loop
      vertex -13 45 -40
      vertex -13.011 -45 -39.7909
      vertex -13 -45 -40
    endloop
  endfacet
  facet normal 0.258911 0 0.965901
    outer loop
      vertex -14.5842 45 -38.0437
      vertex -14.382 -45 -38.0979
      vertex -14.382 45 -38.0979
    endloop
  endfacet
  facet normal 0.258911 0 0.965901
    outer loop
      vertex -14.382 -45 -38.0979
      vertex -14.5842 45 -38.0437
      vertex -14.5842 -45 -38.0437
    endloop
  endfacet
  facet normal 0.358179 0 0.933653
    outer loop
      vertex -14.382 45 -38.0979
      vertex -14.1865 -45 -38.1729
      vertex -14.1865 45 -38.1729
    endloop
  endfacet
  facet normal 0.358179 0 0.933653
    outer loop
      vertex -14.1865 -45 -38.1729
      vertex -14.382 45 -38.0979
      vertex -14.382 -45 -38.0979
    endloop
  endfacet
  facet normal -0.258911 0 0.965901
    outer loop
      vertex -15.618 45 -38.0979
      vertex -15.4158 -45 -38.0437
      vertex -15.4158 45 -38.0437
    endloop
  endfacet
  facet normal -0.258911 0 0.965901
    outer loop
      vertex -15.4158 -45 -38.0437
      vertex -15.618 45 -38.0979
      vertex -15.618 -45 -38.0979
    endloop
  endfacet
  facet normal -0.544854 0 0.838531
    outer loop
      vertex -16.1756 45 -38.382
      vertex -16 -45 -38.2679
      vertex -16 45 -38.2679
    endloop
  endfacet
  facet normal -0.544854 0 0.838531
    outer loop
      vertex -16 -45 -38.2679
      vertex -16.1756 45 -38.382
      vertex -16.1756 -45 -38.382
    endloop
  endfacet
  facet normal -0.987716 0 0.156257
    outer loop
      vertex -16.989 -45 -39.7909
      vertex -16.9563 45 -39.5842
      vertex -16.989 45 -39.7909
    endloop
  endfacet
  facet normal -0.987716 0 0.156257
    outer loop
      vertex -16.9563 45 -39.5842
      vertex -16.989 -45 -39.7909
      vertex -16.9563 -45 -39.5842
    endloop
  endfacet
  facet normal -0.965901 0 -0.258911
    outer loop
      vertex -16.9021 -45 -40.618
      vertex -16.9563 45 -40.4158
      vertex -16.9021 45 -40.618
    endloop
  endfacet
  facet normal -0.965901 -0 -0.258911
    outer loop
      vertex -16.9563 45 -40.4158
      vertex -16.9021 -45 -40.618
      vertex -16.9563 -45 -40.4158
    endloop
  endfacet
  facet normal -0.838749 0 -0.544518
    outer loop
      vertex -16.618 -45 -41.1756
      vertex -16.732 45 -41
      vertex -16.618 45 -41.1756
    endloop
  endfacet
  facet normal -0.838749 -0 -0.544518
    outer loop
      vertex -16.732 45 -41
      vertex -16.618 -45 -41.1756
      vertex -16.732 -45 -41
    endloop
  endfacet
  facet normal 0.0525338 0 -0.998619
    outer loop
      vertex -15 -45 -42
      vertex -14.7909 45 -41.989
      vertex -14.7909 -45 -41.989
    endloop
  endfacet
  facet normal 0.0525338 0 -0.998619
    outer loop
      vertex -14.7909 45 -41.989
      vertex -15 -45 -42
      vertex -15 45 -42
    endloop
  endfacet
  facet normal 0.965901 -0 0.258911
    outer loop
      vertex -13.0979 -45 -39.382
      vertex -13.0437 45 -39.5842
      vertex -13.0979 45 -39.382
    endloop
  endfacet
  facet normal 0.965901 0 0.258911
    outer loop
      vertex -13.0437 45 -39.5842
      vertex -13.0979 -45 -39.382
      vertex -13.0437 -45 -39.5842
    endloop
  endfacet
  facet normal -0.707107 0 0.707107
    outer loop
      vertex -16.4863 -45 -38.6617
      vertex -16.3383 45 -38.5137
      vertex -16.4863 45 -38.6617
    endloop
  endfacet
  facet normal -0.707107 0 0.707107
    outer loop
      vertex -16.3383 45 -38.5137
      vertex -16.4863 -45 -38.6617
      vertex -16.3383 -45 -38.5137
    endloop
  endfacet
  facet normal -0.629171 0 -0.777267
    outer loop
      vertex -16.3383 -45 -41.4863
      vertex -16.1756 45 -41.618
      vertex -16.1756 -45 -41.618
    endloop
  endfacet
  facet normal -0.629171 0 -0.777267
    outer loop
      vertex -16.1756 45 -41.618
      vertex -16.3383 -45 -41.4863
      vertex -16.3383 45 -41.4863
    endloop
  endfacet
  facet normal -0.358179 0 0.933653
    outer loop
      vertex -15.8135 45 -38.1729
      vertex -15.618 -45 -38.0979
      vertex -15.618 45 -38.0979
    endloop
  endfacet
  facet normal -0.358179 0 0.933653
    outer loop
      vertex -15.618 -45 -38.0979
      vertex -15.8135 45 -38.1729
      vertex -15.8135 -45 -38.1729
    endloop
  endfacet
  facet normal -0.544518 0 -0.838749
    outer loop
      vertex -16.1756 -45 -41.618
      vertex -16 45 -41.732
      vertex -16 -45 -41.732
    endloop
  endfacet
  facet normal -0.544518 0 -0.838749
    outer loop
      vertex -16 45 -41.732
      vertex -16.1756 -45 -41.618
      vertex -16.1756 45 -41.618
    endloop
  endfacet
  facet normal 0.0525338 0 0.998619
    outer loop
      vertex -15 45 -38
      vertex -14.7909 -45 -38.011
      vertex -14.7909 45 -38.011
    endloop
  endfacet
  facet normal 0.0525338 0 0.998619
    outer loop
      vertex -14.7909 -45 -38.011
      vertex -15 45 -38
      vertex -15 -45 -38
    endloop
  endfacet
  facet normal 0.891058 0 -0.45389
    outer loop
      vertex -13.1729 -45 -40.8135
      vertex -13.2679 45 -41
      vertex -13.1729 45 -40.8135
    endloop
  endfacet
  facet normal 0.891058 0 -0.45389
    outer loop
      vertex -13.2679 45 -41
      vertex -13.1729 -45 -40.8135
      vertex -13.2679 -45 -41
    endloop
  endfacet
  facet normal 0.891058 -0 0.45389
    outer loop
      vertex -13.2679 -45 -39
      vertex -13.1729 45 -39.1865
      vertex -13.2679 45 -39
    endloop
  endfacet
  facet normal 0.891058 0 0.45389
    outer loop
      vertex -13.1729 45 -39.1865
      vertex -13.2679 -45 -39
      vertex -13.1729 -45 -39.1865
    endloop
  endfacet
  facet normal 0.45389 0 0.891058
    outer loop
      vertex -14.1865 45 -38.1729
      vertex -14 -45 -38.2679
      vertex -14 45 -38.2679
    endloop
  endfacet
  facet normal 0.45389 0 0.891058
    outer loop
      vertex -14 -45 -38.2679
      vertex -14.1865 45 -38.1729
      vertex -14.1865 -45 -38.1729
    endloop
  endfacet
  facet normal 0.156257 0 -0.987716
    outer loop
      vertex -14.7909 -45 -41.989
      vertex -14.5842 45 -41.9563
      vertex -14.5842 -45 -41.9563
    endloop
  endfacet
  facet normal 0.156257 0 -0.987716
    outer loop
      vertex -14.5842 45 -41.9563
      vertex -14.7909 -45 -41.989
      vertex -14.7909 45 -41.989
    endloop
  endfacet
  facet normal -0.0525338 0 -0.998619
    outer loop
      vertex -15.2091 -45 -41.989
      vertex -15 45 -42
      vertex -15 -45 -42
    endloop
  endfacet
  facet normal -0.0525338 0 -0.998619
    outer loop
      vertex -15 45 -42
      vertex -15.2091 -45 -41.989
      vertex -15.2091 45 -41.989
    endloop
  endfacet
  facet normal 0.777267 -0 0.629171
    outer loop
      vertex -13.5137 -45 -38.6617
      vertex -13.382 45 -38.8244
      vertex -13.5137 45 -38.6617
    endloop
  endfacet
  facet normal 0.777267 0 0.629171
    outer loop
      vertex -13.382 45 -38.8244
      vertex -13.5137 -45 -38.6617
      vertex -13.382 -45 -38.8244
    endloop
  endfacet
  facet normal -0.933653 0 0.358179
    outer loop
      vertex -16.9021 -45 -39.382
      vertex -16.8271 45 -39.1865
      vertex -16.9021 45 -39.382
    endloop
  endfacet
  facet normal -0.933653 0 0.358179
    outer loop
      vertex -16.8271 45 -39.1865
      vertex -16.9021 -45 -39.382
      vertex -16.8271 -45 -39.1865
    endloop
  endfacet
  facet normal -0.965901 0 0.258911
    outer loop
      vertex -16.9563 -45 -39.5842
      vertex -16.9021 45 -39.382
      vertex -16.9563 45 -39.5842
    endloop
  endfacet
  facet normal -0.965901 0 0.258911
    outer loop
      vertex -16.9021 45 -39.382
      vertex -16.9563 -45 -39.5842
      vertex -16.9021 -45 -39.382
    endloop
  endfacet
  facet normal -0.629171 0 0.777267
    outer loop
      vertex -16.3383 45 -38.5137
      vertex -16.1756 -45 -38.382
      vertex -16.1756 45 -38.382
    endloop
  endfacet
  facet normal -0.629171 0 0.777267
    outer loop
      vertex -16.1756 -45 -38.382
      vertex -16.3383 45 -38.5137
      vertex -16.3383 -45 -38.5137
    endloop
  endfacet
  facet normal -0.454269 0 -0.890864
    outer loop
      vertex -16 -45 -41.732
      vertex -15.8135 45 -41.8271
      vertex -15.8135 -45 -41.8271
    endloop
  endfacet
  facet normal -0.454269 0 -0.890864
    outer loop
      vertex -15.8135 45 -41.8271
      vertex -16 -45 -41.732
      vertex -16 45 -41.732
    endloop
  endfacet
  facet normal 0.358179 0 -0.933653
    outer loop
      vertex -14.382 -45 -41.9021
      vertex -14.1865 45 -41.8271
      vertex -14.1865 -45 -41.8271
    endloop
  endfacet
  facet normal 0.358179 0 -0.933653
    outer loop
      vertex -14.1865 45 -41.8271
      vertex -14.382 -45 -41.9021
      vertex -14.382 45 -41.9021
    endloop
  endfacet
  facet normal 0 -1 0
    outer loop
      vertex -15.2091 -45 -38.011
      vertex -14.7909 -45 -38.011
      vertex -15 -45 -38
    endloop
  endfacet
  facet normal 0 -1 0
    outer loop
      vertex -15.4158 -45 -38.0437
      vertex -14.7909 -45 -38.011
      vertex -15.2091 -45 -38.011
    endloop
  endfacet
  facet normal 0 -1 0
    outer loop
      vertex -15.4158 -45 -38.0437
      vertex -14.5842 -45 -38.0437
      vertex -14.7909 -45 -38.011
    endloop
  endfacet
  facet normal 0 -1 0
    outer loop
      vertex -15.618 -45 -38.0979
      vertex -14.5842 -45 -38.0437
      vertex -15.4158 -45 -38.0437
    endloop
  endfacet
  facet normal 0 -1 0
    outer loop
      vertex -15.618 -45 -38.0979
      vertex -14.382 -45 -38.0979
      vertex -14.5842 -45 -38.0437
    endloop
  endfacet
  facet normal 0 -1 0
    outer loop
      vertex -15.8135 -45 -38.1729
      vertex -14.382 -45 -38.0979
      vertex -15.618 -45 -38.0979
    endloop
  endfacet
  facet normal 0 -1 0
    outer loop
      vertex -15.8135 -45 -38.1729
      vertex -14.1865 -45 -38.1729
      vertex -14.382 -45 -38.0979
    endloop
  endfacet
  facet normal 0 -1 0
    outer loop
      vertex -16 -45 -38.2679
      vertex -14.1865 -45 -38.1729
      vertex -15.8135 -45 -38.1729
    endloop
  endfacet
  facet normal 0 -1 0
    outer loop
      vertex -16 -45 -38.2679
      vertex -14 -45 -38.2679
      vertex -14.1865 -45 -38.1729
    endloop
  endfacet
  facet normal 0 -1 0
    outer loop
      vertex -16.1756 -45 -38.382
      vertex -14 -45 -38.2679
      vertex -16 -45 -38.2679
    endloop
  endfacet
  facet normal 0 -1 0
    outer loop
      vertex -16.1756 -45 -38.382
      vertex -13.8244 -45 -38.382
      vertex -14 -45 -38.2679
    endloop
  endfacet
  facet normal 0 -1 0
    outer loop
      vertex -16.3383 -45 -38.5137
      vertex -13.8244 -45 -38.382
      vertex -16.1756 -45 -38.382
    endloop
  endfacet
  facet normal 0 -1 0
    outer loop
      vertex -16.3383 -45 -38.5137
      vertex -13.6617 -45 -38.5137
      vertex -13.8244 -45 -38.382
    endloop
  endfacet
  facet normal 0 -1 0
    outer loop
      vertex -16.4863 -45 -38.6617
      vertex -13.6617 -45 -38.5137
      vertex -16.3383 -45 -38.5137
    endloop
  endfacet
  facet normal 0 -1 0
    outer loop
      vertex -16.4863 -45 -38.6617
      vertex -13.5137 -45 -38.6617
      vertex -13.6617 -45 -38.5137
    endloop
  endfacet
  facet normal 0 -1 0
    outer loop
      vertex -16.618 -45 -38.8244
      vertex -13.5137 -45 -38.6617
      vertex -16.4863 -45 -38.6617
    endloop
  endfacet
  facet normal 0 -1 0
    outer loop
      vertex -16.618 -45 -38.8244
      vertex -13.382 -45 -38.8244
      vertex -13.5137 -45 -38.6617
    endloop
  endfacet
  facet normal 0 -1 0
    outer loop
      vertex -16.732 -45 -39
      vertex -13.382 -45 -38.8244
      vertex -16.618 -45 -38.8244
    endloop
  endfacet
  facet normal 0 -1 0
    outer loop
      vertex -16.732 -45 -39
      vertex -13.2679 -45 -39
      vertex -13.382 -45 -38.8244
    endloop
  endfacet
  facet normal 0 -1 0
    outer loop
      vertex -16.8271 -45 -39.1865
      vertex -13.2679 -45 -39
      vertex -16.732 -45 -39
    endloop
  endfacet
  facet normal 0 -1 0
    outer loop
      vertex -16.8271 -45 -39.1865
      vertex -13.1729 -45 -39.1865
      vertex -13.2679 -45 -39
    endloop
  endfacet
  facet normal 0 -1 0
    outer loop
      vertex -16.9021 -45 -39.382
      vertex -13.1729 -45 -39.1865
      vertex -16.8271 -45 -39.1865
    endloop
  endfacet
  facet normal 0 -1 0
    outer loop
      vertex -16.9021 -45 -39.382
      vertex -13.0979 -45 -39.382
      vertex -13.1729 -45 -39.1865
    endloop
  endfacet
  facet normal 0 -1 0
    outer loop
      vertex -16.9563 -45 -39.5842
      vertex -13.0979 -45 -39.382
      vertex -16.9021 -45 -39.382
    endloop
  endfacet
  facet normal 0 -1 0
    outer loop
      vertex -16.9563 -45 -39.5842
      vertex -13.0437 -45 -39.5842
      vertex -13.0979 -45 -39.382
    endloop
  endfacet
  facet normal 0 -1 0
    outer loop
      vertex -16.989 -45 -39.7909
      vertex -13.0437 -45 -39.5842
      vertex -16.9563 -45 -39.5842
    endloop
  endfacet
  facet normal 0 -1 0
    outer loop
      vertex -16.989 -45 -39.7909
      vertex -13.011 -45 -39.7909
      vertex -13.0437 -45 -39.5842
    endloop
  endfacet
  facet normal 0 -1 0
    outer loop
      vertex -17 -45 -40
      vertex -13.011 -45 -39.7909
      vertex -16.989 -45 -39.7909
    endloop
  endfacet
  facet normal 0 -1 0
    outer loop
      vertex -17 -45 -40
      vertex -13 -45 -40
      vertex -13.011 -45 -39.7909
    endloop
  endfacet
  facet normal 0 -1 0
    outer loop
      vertex -16.989 -45 -40.2091
      vertex -13 -45 -40
      vertex -17 -45 -40
    endloop
  endfacet
  facet normal 0 -1 0
    outer loop
      vertex -16.989 -45 -40.2091
      vertex -13.011 -45 -40.2091
      vertex -13 -45 -40
    endloop
  endfacet
  facet normal 0 -1 0
    outer loop
      vertex -16.9563 -45 -40.4158
      vertex -13.011 -45 -40.2091
      vertex -16.989 -45 -40.2091
    endloop
  endfacet
  facet normal 0 -1 0
    outer loop
      vertex -16.9563 -45 -40.4158
      vertex -13.0437 -45 -40.4158
      vertex -13.011 -45 -40.2091
    endloop
  endfacet
  facet normal 0 -1 0
    outer loop
      vertex -16.9021 -45 -40.618
      vertex -13.0437 -45 -40.4158
      vertex -16.9563 -45 -40.4158
    endloop
  endfacet
  facet normal 0 -1 0
    outer loop
      vertex -16.9021 -45 -40.618
      vertex -13.0979 -45 -40.618
      vertex -13.0437 -45 -40.4158
    endloop
  endfacet
  facet normal 0 -1 0
    outer loop
      vertex -16.8271 -45 -40.8135
      vertex -13.0979 -45 -40.618
      vertex -16.9021 -45 -40.618
    endloop
  endfacet
  facet normal 0 -1 0
    outer loop
      vertex -16.8271 -45 -40.8135
      vertex -13.1729 -45 -40.8135
      vertex -13.0979 -45 -40.618
    endloop
  endfacet
  facet normal 0 -1 0
    outer loop
      vertex -16.732 -45 -41
      vertex -13.1729 -45 -40.8135
      vertex -16.8271 -45 -40.8135
    endloop
  endfacet
  facet normal 0 -1 0
    outer loop
      vertex -16.732 -45 -41
      vertex -13.2679 -45 -41
      vertex -13.1729 -45 -40.8135
    endloop
  endfacet
  facet normal 0 -1 0
    outer loop
      vertex -16.618 -45 -41.1756
      vertex -13.2679 -45 -41
      vertex -16.732 -45 -41
    endloop
  endfacet
  facet normal 0 -1 0
    outer loop
      vertex -16.618 -45 -41.1756
      vertex -13.382 -45 -41.1756
      vertex -13.2679 -45 -41
    endloop
  endfacet
  facet normal 0 -1 0
    outer loop
      vertex -16.4863 -45 -41.3383
      vertex -13.382 -45 -41.1756
      vertex -16.618 -45 -41.1756
    endloop
  endfacet
  facet normal 0 -1 0
    outer loop
      vertex -16.4863 -45 -41.3383
      vertex -13.5137 -45 -41.3383
      vertex -13.382 -45 -41.1756
    endloop
  endfacet
  facet normal 0 -1 0
    outer loop
      vertex -16.3383 -45 -41.4863
      vertex -13.5137 -45 -41.3383
      vertex -16.4863 -45 -41.3383
    endloop
  endfacet
  facet normal 0 -1 0
    outer loop
      vertex -16.3383 -45 -41.4863
      vertex -13.6617 -45 -41.4863
      vertex -13.5137 -45 -41.3383
    endloop
  endfacet
  facet normal 0 -1 0
    outer loop
      vertex -16.1756 -45 -41.618
      vertex -13.6617 -45 -41.4863
      vertex -16.3383 -45 -41.4863
    endloop
  endfacet
  facet normal 0 -1 0
    outer loop
      vertex -16.1756 -45 -41.618
      vertex -13.8244 -45 -41.618
      vertex -13.6617 -45 -41.4863
    endloop
  endfacet
  facet normal 0 -1 0
    outer loop
      vertex -16 -45 -41.732
      vertex -13.8244 -45 -41.618
      vertex -16.1756 -45 -41.618
    endloop
  endfacet
  facet normal 0 -1 0
    outer loop
      vertex -16 -45 -41.732
      vertex -14 -45 -41.732
      vertex -13.8244 -45 -41.618
    endloop
  endfacet
  facet normal 0 -1 0
    outer loop
      vertex -15.8135 -45 -41.8271
      vertex -14 -45 -41.732
      vertex -16 -45 -41.732
    endloop
  endfacet
  facet normal 0 -1 0
    outer loop
      vertex -15.8135 -45 -41.8271
      vertex -14.1865 -45 -41.8271
      vertex -14 -45 -41.732
    endloop
  endfacet
  facet normal 0 -1 0
    outer loop
      vertex -15.618 -45 -41.9021
      vertex -14.1865 -45 -41.8271
      vertex -15.8135 -45 -41.8271
    endloop
  endfacet
  facet normal 0 -1 0
    outer loop
      vertex -15.618 -45 -41.9021
      vertex -14.382 -45 -41.9021
      vertex -14.1865 -45 -41.8271
    endloop
  endfacet
  facet normal 0 -1 0
    outer loop
      vertex -15.4158 -45 -41.9563
      vertex -14.382 -45 -41.9021
      vertex -15.618 -45 -41.9021
    endloop
  endfacet
  facet normal 0 -1 0
    outer loop
      vertex -15.4158 -45 -41.9563
      vertex -14.5842 -45 -41.9563
      vertex -14.382 -45 -41.9021
    endloop
  endfacet
  facet normal 0 -1 0
    outer loop
      vertex -15.2091 -45 -41.989
      vertex -14.5842 -45 -41.9563
      vertex -15.4158 -45 -41.9563
    endloop
  endfacet
  facet normal 0 -1 0
    outer loop
      vertex -15.2091 -45 -41.989
      vertex -14.7909 -45 -41.989
      vertex -14.5842 -45 -41.9563
    endloop
  endfacet
  facet normal -0 -1 0
    outer loop
      vertex -14.7909 -45 -41.989
      vertex -15.2091 -45 -41.989
      vertex -15 -45 -42
    endloop
  endfacet
  facet normal 0.998619 0 -0.0525338
    outer loop
      vertex -13 -45 -40
      vertex -13.011 45 -40.2091
      vertex -13 45 -40
    endloop
  endfacet
  facet normal 0.998619 0 -0.0525338
    outer loop
      vertex -13.011 45 -40.2091
      vertex -13 -45 -40
      vertex -13.011 -45 -40.2091
    endloop
  endfacet
  facet normal 0.987716 0 -0.156257
    outer loop
      vertex -13.011 -45 -40.2091
      vertex -13.0437 45 -40.4158
      vertex -13.011 45 -40.2091
    endloop
  endfacet
  facet normal 0.987716 0 -0.156257
    outer loop
      vertex -13.0437 45 -40.4158
      vertex -13.011 -45 -40.2091
      vertex -13.0437 -45 -40.4158
    endloop
  endfacet
  facet normal -0.45389 0 0.891058
    outer loop
      vertex -16 45 -38.2679
      vertex -15.8135 -45 -38.1729
      vertex -15.8135 45 -38.1729
    endloop
  endfacet
  facet normal -0.45389 0 0.891058
    outer loop
      vertex -15.8135 -45 -38.1729
      vertex -16 45 -38.2679
      vertex -16 -45 -38.2679
    endloop
  endfacet
  facet normal -0.258911 0 -0.965901
    outer loop
      vertex -15.618 -45 -41.9021
      vertex -15.4158 45 -41.9563
      vertex -15.4158 -45 -41.9563
    endloop
  endfacet
  facet normal -0.258911 0 -0.965901
    outer loop
      vertex -15.4158 45 -41.9563
      vertex -15.618 -45 -41.9021
      vertex -15.618 45 -41.9021
    endloop
  endfacet
  facet normal 0 1 0
    outer loop
      vertex -14.7909 45 -38.011
      vertex -15.2091 45 -38.011
      vertex -15 45 -38
    endloop
  endfacet
  facet normal 0 1 0
    outer loop
      vertex -14.5842 45 -38.0437
      vertex -15.2091 45 -38.011
      vertex -14.7909 45 -38.011
    endloop
  endfacet
  facet normal 0 1 0
    outer loop
      vertex -14.5842 45 -38.0437
      vertex -15.4158 45 -38.0437
      vertex -15.2091 45 -38.011
    endloop
  endfacet
  facet normal 0 1 0
    outer loop
      vertex -14.382 45 -38.0979
      vertex -15.4158 45 -38.0437
      vertex -14.5842 45 -38.0437
    endloop
  endfacet
  facet normal 0 1 0
    outer loop
      vertex -14.382 45 -38.0979
      vertex -15.618 45 -38.0979
      vertex -15.4158 45 -38.0437
    endloop
  endfacet
  facet normal 0 1 0
    outer loop
      vertex -14.1865 45 -38.1729
      vertex -15.618 45 -38.0979
      vertex -14.382 45 -38.0979
    endloop
  endfacet
  facet normal 0 1 0
    outer loop
      vertex -14.1865 45 -38.1729
      vertex -15.8135 45 -38.1729
      vertex -15.618 45 -38.0979
    endloop
  endfacet
  facet normal 0 1 0
    outer loop
      vertex -14 45 -38.2679
      vertex -15.8135 45 -38.1729
      vertex -14.1865 45 -38.1729
    endloop
  endfacet
  facet normal 0 1 0
    outer loop
      vertex -14 45 -38.2679
      vertex -16 45 -38.2679
      vertex -15.8135 45 -38.1729
    endloop
  endfacet
  facet normal 0 1 0
    outer loop
      vertex -13.8244 45 -38.382
      vertex -16 45 -38.2679
      vertex -14 45 -38.2679
    endloop
  endfacet
  facet normal 0 1 0
    outer loop
      vertex -13.8244 45 -38.382
      vertex -16.1756 45 -38.382
      vertex -16 45 -38.2679
    endloop
  endfacet
  facet normal 0 1 0
    outer loop
      vertex -13.6617 45 -38.5137
      vertex -16.1756 45 -38.382
      vertex -13.8244 45 -38.382
    endloop
  endfacet
  facet normal 0 1 0
    outer loop
      vertex -13.6617 45 -38.5137
      vertex -16.3383 45 -38.5137
      vertex -16.1756 45 -38.382
    endloop
  endfacet
  facet normal 0 1 0
    outer loop
      vertex -13.5137 45 -38.6617
      vertex -16.3383 45 -38.5137
      vertex -13.6617 45 -38.5137
    endloop
  endfacet
  facet normal 0 1 0
    outer loop
      vertex -13.5137 45 -38.6617
      vertex -16.4863 45 -38.6617
      vertex -16.3383 45 -38.5137
    endloop
  endfacet
  facet normal 0 1 0
    outer loop
      vertex -13.382 45 -38.8244
      vertex -16.4863 45 -38.6617
      vertex -13.5137 45 -38.6617
    endloop
  endfacet
  facet normal 0 1 0
    outer loop
      vertex -13.382 45 -38.8244
      vertex -16.618 45 -38.8244
      vertex -16.4863 45 -38.6617
    endloop
  endfacet
  facet normal 0 1 0
    outer loop
      vertex -13.2679 45 -39
      vertex -16.618 45 -38.8244
      vertex -13.382 45 -38.8244
    endloop
  endfacet
  facet normal 0 1 0
    outer loop
      vertex -13.2679 45 -39
      vertex -16.732 45 -39
      vertex -16.618 45 -38.8244
    endloop
  endfacet
  facet normal 0 1 0
    outer loop
      vertex -13.1729 45 -39.1865
      vertex -16.732 45 -39
      vertex -13.2679 45 -39
    endloop
  endfacet
  facet normal 0 1 0
    outer loop
      vertex -13.1729 45 -39.1865
      vertex -16.8271 45 -39.1865
      vertex -16.732 45 -39
    endloop
  endfacet
  facet normal 0 1 0
    outer loop
      vertex -13.0979 45 -39.382
      vertex -16.8271 45 -39.1865
      vertex -13.1729 45 -39.1865
    endloop
  endfacet
  facet normal 0 1 0
    outer loop
      vertex -13.0979 45 -39.382
      vertex -16.9021 45 -39.382
      vertex -16.8271 45 -39.1865
    endloop
  endfacet
  facet normal 0 1 0
    outer loop
      vertex -13.0437 45 -39.5842
      vertex -16.9021 45 -39.382
      vertex -13.0979 45 -39.382
    endloop
  endfacet
  facet normal 0 1 0
    outer loop
      vertex -13.0437 45 -39.5842
      vertex -16.9563 45 -39.5842
      vertex -16.9021 45 -39.382
    endloop
  endfacet
  facet normal 0 1 0
    outer loop
      vertex -13.011 45 -39.7909
      vertex -16.9563 45 -39.5842
      vertex -13.0437 45 -39.5842
    endloop
  endfacet
  facet normal 0 1 0
    outer loop
      vertex -13.011 45 -39.7909
      vertex -16.989 45 -39.7909
      vertex -16.9563 45 -39.5842
    endloop
  endfacet
  facet normal 0 1 0
    outer loop
      vertex -13 45 -40
      vertex -16.989 45 -39.7909
      vertex -13.011 45 -39.7909
    endloop
  endfacet
  facet normal 0 1 0
    outer loop
      vertex -13 45 -40
      vertex -17 45 -40
      vertex -16.989 45 -39.7909
    endloop
  endfacet
  facet normal 0 1 -0
    outer loop
      vertex -13.011 45 -40.2091
      vertex -17 45 -40
      vertex -13 45 -40
    endloop
  endfacet
  facet normal 0 1 0
    outer loop
      vertex -13.011 45 -40.2091
      vertex -16.989 45 -40.2091
      vertex -17 45 -40
    endloop
  endfacet
  facet normal 0 1 -0
    outer loop
      vertex -13.0437 45 -40.4158
      vertex -16.989 45 -40.2091
      vertex -13.011 45 -40.2091
    endloop
  endfacet
  facet normal 0 1 0
    outer loop
      vertex -13.0437 45 -40.4158
      vertex -16.9563 45 -40.4158
      vertex -16.989 45 -40.2091
    endloop
  endfacet
  facet normal 0 1 -0
    outer loop
      vertex -13.0979 45 -40.618
      vertex -16.9563 45 -40.4158
      vertex -13.0437 45 -40.4158
    endloop
  endfacet
  facet normal 0 1 0
    outer loop
      vertex -13.0979 45 -40.618
      vertex -16.9021 45 -40.618
      vertex -16.9563 45 -40.4158
    endloop
  endfacet
  facet normal 0 1 -0
    outer loop
      vertex -13.1729 45 -40.8135
      vertex -16.9021 45 -40.618
      vertex -13.0979 45 -40.618
    endloop
  endfacet
  facet normal 0 1 0
    outer loop
      vertex -13.1729 45 -40.8135
      vertex -16.8271 45 -40.8135
      vertex -16.9021 45 -40.618
    endloop
  endfacet
  facet normal 0 1 -0
    outer loop
      vertex -13.2679 45 -41
      vertex -16.8271 45 -40.8135
      vertex -13.1729 45 -40.8135
    endloop
  endfacet
  facet normal 0 1 0
    outer loop
      vertex -13.2679 45 -41
      vertex -16.732 45 -41
      vertex -16.8271 45 -40.8135
    endloop
  endfacet
  facet normal 0 1 -0
    outer loop
      vertex -13.382 45 -41.1756
      vertex -16.732 45 -41
      vertex -13.2679 45 -41
    endloop
  endfacet
  facet normal 0 1 0
    outer loop
      vertex -13.382 45 -41.1756
      vertex -16.618 45 -41.1756
      vertex -16.732 45 -41
    endloop
  endfacet
  facet normal 0 1 -0
    outer loop
      vertex -13.5137 45 -41.3383
      vertex -16.618 45 -41.1756
      vertex -13.382 45 -41.1756
    endloop
  endfacet
  facet normal 0 1 0
    outer loop
      vertex -13.5137 45 -41.3383
      vertex -16.4863 45 -41.3383
      vertex -16.618 45 -41.1756
    endloop
  endfacet
  facet normal 0 1 -0
    outer loop
      vertex -13.6617 45 -41.4863
      vertex -16.4863 45 -41.3383
      vertex -13.5137 45 -41.3383
    endloop
  endfacet
  facet normal 0 1 0
    outer loop
      vertex -13.6617 45 -41.4863
      vertex -16.3383 45 -41.4863
      vertex -16.4863 45 -41.3383
    endloop
  endfacet
  facet normal 0 1 -0
    outer loop
      vertex -13.8244 45 -41.618
      vertex -16.3383 45 -41.4863
      vertex -13.6617 45 -41.4863
    endloop
  endfacet
  facet normal 0 1 0
    outer loop
      vertex -13.8244 45 -41.618
      vertex -16.1756 45 -41.618
      vertex -16.3383 45 -41.4863
    endloop
  endfacet
  facet normal 0 1 -0
    outer loop
      vertex -14 45 -41.732
      vertex -16.1756 45 -41.618
      vertex -13.8244 45 -41.618
    endloop
  endfacet
  facet normal 0 1 0
    outer loop
      vertex -14 45 -41.732
      vertex -16 45 -41.732
      vertex -16.1756 45 -41.618
    endloop
  endfacet
  facet normal 0 1 -0
    outer loop
      vertex -14.1865 45 -41.8271
      vertex -16 45 -41.732
      vertex -14 45 -41.732
    endloop
  endfacet
  facet normal 0 1 0
    outer loop
      vertex -14.1865 45 -41.8271
      vertex -15.8135 45 -41.8271
      vertex -16 45 -41.732
    endloop
  endfacet
  facet normal 0 1 -0
    outer loop
      vertex -14.382 45 -41.9021
      vertex -15.8135 45 -41.8271
      vertex -14.1865 45 -41.8271
    endloop
  endfacet
  facet normal 0 1 0
    outer loop
      vertex -14.382 45 -41.9021
      vertex -15.618 45 -41.9021
      vertex -15.8135 45 -41.8271
    endloop
  endfacet
  facet normal 0 1 -0
    outer loop
      vertex -14.5842 45 -41.9563
      vertex -15.618 45 -41.9021
      vertex -14.382 45 -41.9021
    endloop
  endfacet
  facet normal 0 1 0
    outer loop
      vertex -14.5842 45 -41.9563
      vertex -15.4158 45 -41.9563
      vertex -15.618 45 -41.9021
    endloop
  endfacet
  facet normal 0 1 -0
    outer loop
      vertex -14.7909 45 -41.989
      vertex -15.4158 45 -41.9563
      vertex -14.5842 45 -41.9563
    endloop
  endfacet
  facet normal 0 1 0
    outer loop
      vertex -14.7909 45 -41.989
      vertex -15.2091 45 -41.989
      vertex -15.4158 45 -41.9563
    endloop
  endfacet
  facet normal -0 1 0
    outer loop
      vertex -15.2091 45 -41.989
      vertex -14.7909 45 -41.989
      vertex -15 45 -42
    endloop
  endfacet
  facet normal 0.838531 -0 0.544854
    outer loop
      vertex -13.382 -45 -38.8244
      vertex -13.2679 45 -39
      vertex -13.382 45 -38.8244
    endloop
  endfacet
  facet normal 0.838531 0 0.544854
    outer loop
      vertex -13.2679 45 -39
      vertex -13.382 -45 -38.8244
      vertex -13.2679 -45 -39
    endloop
  endfacet
  facet normal -0.838749 0 0.544518
    outer loop
      vertex -16.732 -45 -39
      vertex -16.618 45 -38.8244
      vertex -16.732 45 -39
    endloop
  endfacet
  facet normal -0.838749 0 0.544518
    outer loop
      vertex -16.618 45 -38.8244
      vertex -16.732 -45 -39
      vertex -16.618 -45 -38.8244
    endloop
  endfacet
  facet normal 0.933653 -0 0.358179
    outer loop
      vertex -13.1729 -45 -39.1865
      vertex -13.0979 45 -39.382
      vertex -13.1729 45 -39.1865
    endloop
  endfacet
  facet normal 0.933653 0 0.358179
    outer loop
      vertex -13.0979 45 -39.382
      vertex -13.1729 -45 -39.1865
      vertex -13.0979 -45 -39.382
    endloop
  endfacet
  facet normal 0.258911 0 -0.965901
    outer loop
      vertex -14.5842 -45 -41.9563
      vertex -14.382 45 -41.9021
      vertex -14.382 -45 -41.9021
    endloop
  endfacet
  facet normal 0.258911 0 -0.965901
    outer loop
      vertex -14.382 45 -41.9021
      vertex -14.5842 -45 -41.9563
      vertex -14.5842 45 -41.9563
    endloop
  endfacet
  facet normal 0.454269 0 -0.890864
    outer loop
      vertex -14.1865 -45 -41.8271
      vertex -14 45 -41.732
      vertex -14 -45 -41.732
    endloop
  endfacet
  facet normal 0.454269 0 -0.890864
    outer loop
      vertex -14 45 -41.732
      vertex -14.1865 -45 -41.8271
      vertex -14.1865 45 -41.8271
    endloop
  endfacet
  facet normal 0.544518 0 -0.838749
    outer loop
      vertex -14 -45 -41.732
      vertex -13.8244 45 -41.618
      vertex -13.8244 -45 -41.618
    endloop
  endfacet
  facet normal 0.544518 0 -0.838749
    outer loop
      vertex -13.8244 45 -41.618
      vertex -14 -45 -41.732
      vertex -14 45 -41.732
    endloop
  endfacet
  facet normal 0.933653 0 -0.358179
    outer loop
      vertex -13.0979 -45 -40.618
      vertex -13.1729 45 -40.8135
      vertex -13.0979 45 -40.618
    endloop
  endfacet
  facet normal 0.933653 0 -0.358179
    outer loop
      vertex -13.1729 45 -40.8135
      vertex -13.0979 -45 -40.618
      vertex -13.1729 -45 -40.8135
    endloop
  endfacet
  facet normal 0.838531 0 -0.544854
    outer loop
      vertex -13.2679 -45 -41
      vertex -13.382 45 -41.1756
      vertex -13.2679 45 -41
    endloop
  endfacet
  facet normal 0.838531 0 -0.544854
    outer loop
      vertex -13.382 45 -41.1756
      vertex -13.2679 -45 -41
      vertex -13.382 -45 -41.1756
    endloop
  endfacet
  facet normal -0.998619 0 -0.0525338
    outer loop
      vertex -16.989 -45 -40.2091
      vertex -17 45 -40
      vertex -16.989 45 -40.2091
    endloop
  endfacet
  facet normal -0.998619 -0 -0.0525338
    outer loop
      vertex -17 45 -40
      vertex -16.989 -45 -40.2091
      vertex -17 -45 -40
    endloop
  endfacet
  facet normal 0.965901 0 -0.258911
    outer loop
      vertex -13.0437 -45 -40.4158
      vertex -13.0979 45 -40.618
      vertex -13.0437 45 -40.4158
    endloop
  endfacet
  facet normal 0.965901 0 -0.258911
    outer loop
      vertex -13.0979 45 -40.618
      vertex -13.0437 -45 -40.4158
      vertex -13.0979 -45 -40.618
    endloop
  endfacet
  facet normal 0.777267 0 -0.629171
    outer loop
      vertex -13.382 -45 -41.1756
      vertex -13.5137 45 -41.3383
      vertex -13.382 45 -41.1756
    endloop
  endfacet
  facet normal 0.777267 0 -0.629171
    outer loop
      vertex -13.5137 45 -41.3383
      vertex -13.382 -45 -41.1756
      vertex -13.5137 -45 -41.3383
    endloop
  endfacet
  facet normal 0.544854 0 0.838531
    outer loop
      vertex -14 45 -38.2679
      vertex -13.8244 -45 -38.382
      vertex -13.8244 45 -38.382
    endloop
  endfacet
  facet normal 0.544854 0 0.838531
    outer loop
      vertex -13.8244 -45 -38.382
      vertex -14 45 -38.2679
      vertex -14 -45 -38.2679
    endloop
  endfacet
  facet normal -0.0525338 0 0.998619
    outer loop
      vertex -15.2091 45 -38.011
      vertex -15 -45 -38
      vertex -15 45 -38
    endloop
  endfacet
  facet normal -0.0525338 0 0.998619
    outer loop
      vertex -15 -45 -38
      vertex -15.2091 45 -38.011
      vertex -15.2091 -45 -38.011
    endloop
  endfacet
  facet normal -0.156257 0 0.987716
    outer loop
      vertex -15.4158 45 -38.0437
      vertex -15.2091 -45 -38.011
      vertex -15.2091 45 -38.011
    endloop
  endfacet
  facet normal -0.156257 0 0.987716
    outer loop
      vertex -15.2091 -45 -38.011
      vertex -15.4158 45 -38.0437
      vertex -15.4158 -45 -38.0437
    endloop
  endfacet
  facet normal 0.629171 0 -0.777267
    outer loop
      vertex -13.8244 -45 -41.618
      vertex -13.6617 45 -41.4863
      vertex -13.6617 -45 -41.4863
    endloop
  endfacet
  facet normal 0.629171 0 -0.777267
    outer loop
      vertex -13.6617 45 -41.4863
      vertex -13.8244 -45 -41.618
      vertex -13.8244 45 -41.618
    endloop
  endfacet
  facet normal -0.987716 0 -0.156257
    outer loop
      vertex -16.9563 -45 -40.4158
      vertex -16.989 45 -40.2091
      vertex -16.9563 45 -40.4158
    endloop
  endfacet
  facet normal -0.987716 -0 -0.156257
    outer loop
      vertex -16.989 45 -40.2091
      vertex -16.9563 -45 -40.4158
      vertex -16.989 -45 -40.2091
    endloop
  endfacet
  facet normal 0.156257 0 0.987716
    outer loop
      vertex -14.7909 45 -38.011
      vertex -14.5842 -45 -38.0437
      vertex -14.5842 45 -38.0437
    endloop
  endfacet
  facet normal 0.156257 0 0.987716
    outer loop
      vertex -14.5842 -45 -38.0437
      vertex -14.7909 45 -38.011
      vertex -14.7909 -45 -38.011
    endloop
  endfacet
  facet normal -0.777267 0 -0.629171
    outer loop
      vertex -16.4863 -45 -41.3383
      vertex -16.618 45 -41.1756
      vertex -16.4863 45 -41.3383
    endloop
  endfacet
  facet normal -0.777267 -0 -0.629171
    outer loop
      vertex -16.618 45 -41.1756
      vertex -16.4863 -45 -41.3383
      vertex -16.618 -45 -41.1756
    endloop
  endfacet
  facet normal -0.933653 0 -0.358179
    outer loop
      vertex -16.8271 -45 -40.8135
      vertex -16.9021 45 -40.618
      vertex -16.8271 45 -40.8135
    endloop
  endfacet
  facet normal -0.933653 -0 -0.358179
    outer loop
      vertex -16.9021 45 -40.618
      vertex -16.8271 -45 -40.8135
      vertex -16.9021 -45 -40.618
    endloop
  endfacet
  facet normal 0.707107 -0 0.707107
    outer loop
      vertex -13.6617 -45 -38.5137
      vertex -13.5137 45 -38.6617
      vertex -13.6617 45 -38.5137
    endloop
  endfacet
  facet normal 0.707107 0 0.707107
    outer loop
      vertex -13.5137 45 -38.6617
      vertex -13.6617 -45 -38.5137
      vertex -13.5137 -45 -38.6617
    endloop
  endfacet
  facet normal -0.707107 0 -0.707107
    outer loop
      vertex -16.3383 -45 -41.4863
      vertex -16.4863 45 -41.3383
      vertex -16.3383 45 -41.4863
    endloop
  endfacet
  facet normal -0.707107 -0 -0.707107
    outer loop
      vertex -16.4863 45 -41.3383
      vertex -16.3383 -45 -41.4863
      vertex -16.4863 -45 -41.3383
    endloop
  endfacet
  facet normal -0.890864 0 0.454269
    outer loop
      vertex -16.8271 -45 -39.1865
      vertex -16.732 45 -39
      vertex -16.8271 45 -39.1865
    endloop
  endfacet
  facet normal -0.890864 0 0.454269
    outer loop
      vertex -16.732 45 -39
      vertex -16.8271 -45 -39.1865
      vertex -16.732 -45 -39
    endloop
  endfacet
  facet normal -0.358179 0 -0.933653
    outer loop
      vertex -15.8135 -45 -41.8271
      vertex -15.618 45 -41.9021
      vertex -15.618 -45 -41.9021
    endloop
  endfacet
  facet normal -0.358179 0 -0.933653
    outer loop
      vertex -15.618 45 -41.9021
      vertex -15.8135 -45 -41.8271
      vertex -15.8135 45 -41.8271
    endloop
  endfacet
  facet normal -0.998619 0 0.0525338
    outer loop
      vertex -17 -45 -40
      vertex -16.989 45 -39.7909
      vertex -17 45 -40
    endloop
  endfacet
  facet normal -0.998619 0 0.0525338
    outer loop
      vertex -16.989 45 -39.7909
      vertex -17 -45 -40
      vertex -16.989 -45 -39.7909
    endloop
  endfacet
  facet normal -0.890864 0 -0.454269
    outer loop
      vertex -16.732 -45 -41
      vertex -16.8271 45 -40.8135
      vertex -16.732 45 -41
    endloop
  endfacet
  facet normal -0.890864 -0 -0.454269
    outer loop
      vertex -16.8271 45 -40.8135
      vertex -16.732 -45 -41
      vertex -16.8271 -45 -40.8135
    endloop
  endfacet
  facet normal -0.156257 0 -0.987716
    outer loop
      vertex -15.4158 -45 -41.9563
      vertex -15.2091 45 -41.989
      vertex -15.2091 -45 -41.989
    endloop
  endfacet
  facet normal -0.156257 0 -0.987716
    outer loop
      vertex -15.2091 45 -41.989
      vertex -15.4158 -45 -41.9563
      vertex -15.4158 45 -41.9563
    endloop
  endfacet
  facet normal 0.707107 0 -0.707107
    outer loop
      vertex -13.5137 -45 -41.3383
      vertex -13.6617 45 -41.4863
      vertex -13.5137 45 -41.3383
    endloop
  endfacet
  facet normal 0.707107 0 -0.707107
    outer loop
      vertex -13.6617 45 -41.4863
      vertex -13.5137 -45 -41.3383
      vertex -13.6617 -45 -41.4863
    endloop
  endfacet
  facet normal -0 0.25882 0.965926
    outer loop
      vertex -94 1.8541 14.7063
      vertex -37.4315 1.30661 14.853
      vertex -37.3448 1.8541 14.7063
    endloop
  endfacet
  facet normal 8.43995e-06 0.259633 0.965707
    outer loop
      vertex -94 1.8541 14.7063
      vertex -37.4346 1.24747 14.8689
      vertex -37.4315 1.30661 14.853
    endloop
  endfacet
  facet normal 0 0.258899 0.965904
    outer loop
      vertex -37.4346 1.24747 14.8689
      vertex -94 1.8541 14.7063
      vertex -94 1.24747 14.8689
    endloop
  endfacet
  facet normal 0 0.358372 -0.933579
    outer loop
      vertex -94 1.8541 3.29366
      vertex -34 2.44042 3.51873
      vertex -34 1.8541 3.29366
    endloop
  endfacet
  facet normal 0 0.358372 -0.933579
    outer loop
      vertex -34 2.44042 3.51873
      vertex -94 1.8541 3.29366
      vertex -94 2.44042 3.51873
    endloop
  endfacet
  facet normal 0 0.45399 -0.891007
    outer loop
      vertex -94 2.44042 3.51873
      vertex -34 3 3.80385
      vertex -34 2.44042 3.51873
    endloop
  endfacet
  facet normal 0 0.45399 -0.891007
    outer loop
      vertex -34 3 3.80385
      vertex -94 2.44042 3.51873
      vertex -94 3 3.80385
    endloop
  endfacet
  facet normal 0 0.933579 -0.358372
    outer loop
      vertex -34 5.48127 6.55958
      vertex -94 5.70634 7.1459
      vertex -34 5.70634 7.1459
    endloop
  endfacet
  facet normal 0 0.933579 -0.358372
    outer loop
      vertex -94 5.70634 7.1459
      vertex -34 5.48127 6.55958
      vertex -94 5.48127 6.55958
    endloop
  endfacet
  facet normal 0 -0.933575 0.358383
    outer loop
      vertex -94 -5.70634 10.8541
      vertex -34 -5.48127 11.4404
      vertex -94 -5.48127 11.4404
    endloop
  endfacet
  facet normal 0 -0.933575 0.358383
    outer loop
      vertex -34 -5.48127 11.4404
      vertex -94 -5.70634 10.8541
      vertex -34 -5.70634 10.8541
    endloop
  endfacet
  facet normal 0 0.998629 -0.0523382
    outer loop
      vertex -34 5.96713 8.37283
      vertex -94 6 9
      vertex -34 6 9
    endloop
  endfacet
  facet normal 0 0.998629 -0.0523382
    outer loop
      vertex -94 6 9
      vertex -34 5.96713 8.37283
      vertex -94 5.96713 8.37283
    endloop
  endfacet
  facet normal -0 0.0523858 0.998627
    outer loop
      vertex -94 0.627171 14.9671
      vertex -37.5 0 15
      vertex -37.4671 0.627171 14.9671
    endloop
  endfacet
  facet normal 0 0.0523858 0.998627
    outer loop
      vertex -37.5 0 15
      vertex -94 0.627171 14.9671
      vertex -94 0 15
    endloop
  endfacet
  facet normal 0 0.98769 -0.156425
    outer loop
      vertex -34 5.86889 7.75253
      vertex -94 5.96713 8.37283
      vertex -34 5.96713 8.37283
    endloop
  endfacet
  facet normal 0 0.98769 -0.156425
    outer loop
      vertex -94 5.96713 8.37283
      vertex -34 5.86889 7.75253
      vertex -94 5.86889 7.75253
    endloop
  endfacet
  facet normal 0.000884124 0.357173 0.934038
    outer loop
      vertex -36.9574 2.44042 14.4813
      vertex -37.2883 2.21085 14.5694
      vertex -36.9714 2.42058 14.4889
    endloop
  endfacet
  facet normal -0 0.358284 0.933613
    outer loop
      vertex -94 2.44042 14.4813
      vertex -37.2883 2.21085 14.5694
      vertex -36.9574 2.44042 14.4813
    endloop
  endfacet
  facet normal -7.11113e-08 0.358269 0.933618
    outer loop
      vertex -94 2.44042 14.4813
      vertex -37.3448 1.8541 14.7063
      vertex -37.2883 2.21085 14.5694
    endloop
  endfacet
  facet normal 0 0.358275 0.933616
    outer loop
      vertex -37.3448 1.8541 14.7063
      vertex -94 2.44042 14.4813
      vertex -94 1.8541 14.7063
    endloop
  endfacet
  facet normal 0.000243602 -0.544446 0.838796
    outer loop
      vertex -36.2829 -3 14.1962
      vertex -35.5166 -3.52671 13.8541
      vertex -35.7618 -3.29634 14.0037
    endloop
  endfacet
  facet normal 0 -0.544696 0.838634
    outer loop
      vertex -94 -3.52671 13.8541
      vertex -36.2829 -3 14.1962
      vertex -94 -3 14.1962
    endloop
  endfacet
  facet normal 0 -0.544696 0.838634
    outer loop
      vertex -36.2829 -3 14.1962
      vertex -94 -3.52671 13.8541
      vertex -35.5166 -3.52671 13.8541
    endloop
  endfacet
  facet normal -0 0.629295 0.777166
    outer loop
      vertex -94 4.01478 13.4589
      vertex -34.9965 3.8672 13.5784
      vertex -34.7711 4.01478 13.4589
    endloop
  endfacet
  facet normal -2.88643e-08 0.629288 0.777172
    outer loop
      vertex -94 4.01478 13.4589
      vertex -35.5166 3.52671 13.8541
      vertex -34.9965 3.8672 13.5784
    endloop
  endfacet
  facet normal 0 0.62929 0.77717
    outer loop
      vertex -35.5166 3.52671 13.8541
      vertex -94 4.01478 13.4589
      vertex -94 3.52671 13.8541
    endloop
  endfacet
  facet normal 0 -0.933579 -0.358372
    outer loop
      vertex -94 -5.48127 6.55958
      vertex -34 -5.70634 7.1459
      vertex -94 -5.70634 7.1459
    endloop
  endfacet
  facet normal 0 -0.933579 -0.358372
    outer loop
      vertex -34 -5.70634 7.1459
      vertex -94 -5.48127 6.55958
      vertex -34 -5.48127 6.55958
    endloop
  endfacet
  facet normal 0 0.998629 0.0523382
    outer loop
      vertex -34 6 9
      vertex -94 5.96713 9.62717
      vertex -34 5.96713 9.62717
    endloop
  endfacet
  facet normal 0 0.998629 0.0523382
    outer loop
      vertex -94 5.96713 9.62717
      vertex -34 6 9
      vertex -94 6 9
    endloop
  endfacet
  facet normal 0 0.933575 0.358383
    outer loop
      vertex -34 5.70634 10.8541
      vertex -94 5.48127 11.4404
      vertex -34 5.48127 11.4404
    endloop
  endfacet
  facet normal 0 0.933575 0.358383
    outer loop
      vertex -94 5.48127 11.4404
      vertex -34 5.70634 10.8541
      vertex -94 5.70634 10.8541
    endloop
  endfacet
  facet normal 0 -0.998629 -0.0523382
    outer loop
      vertex -94 -5.96713 8.37283
      vertex -34 -6 9
      vertex -94 -6 9
    endloop
  endfacet
  facet normal 0 -0.998629 -0.0523382
    outer loop
      vertex -34 -6 9
      vertex -94 -5.96713 8.37283
      vertex -34 -5.96713 8.37283
    endloop
  endfacet
  facet normal 0 -0.891007 -0.45399
    outer loop
      vertex -94 -5.19615 6
      vertex -34 -5.48127 6.55958
      vertex -94 -5.48127 6.55958
    endloop
  endfacet
  facet normal 0 -0.891007 -0.45399
    outer loop
      vertex -34 -5.48127 6.55958
      vertex -94 -5.19615 6
      vertex -34 -5.19615 6
    endloop
  endfacet
  facet normal 0 -0.965921 0.258837
    outer loop
      vertex -94 -5.86889 10.2475
      vertex -34 -5.70634 10.8541
      vertex -94 -5.70634 10.8541
    endloop
  endfacet
  facet normal 0 -0.965921 0.258837
    outer loop
      vertex -34 -5.70634 10.8541
      vertex -94 -5.86889 10.2475
      vertex -34 -5.86889 10.2475
    endloop
  endfacet
  facet normal 0 0.891013 0.453977
    outer loop
      vertex -34 5.48127 11.4404
      vertex -94 5.19615 12
      vertex -34 5.19615 12
    endloop
  endfacet
  facet normal 0 0.891013 0.453977
    outer loop
      vertex -94 5.19615 12
      vertex -34 5.48127 11.4404
      vertex -94 5.48127 11.4404
    endloop
  endfacet
  facet normal 0 -0.258825 -0.965924
    outer loop
      vertex -94 -1.8541 3.29366
      vertex -34 -1.24747 3.13111
      vertex -34 -1.8541 3.29366
    endloop
  endfacet
  facet normal -0 -0.258825 -0.965924
    outer loop
      vertex -34 -1.24747 3.13111
      vertex -94 -1.8541 3.29366
      vertex -94 -1.24747 3.13111
    endloop
  endfacet
  facet normal 0 0.987691 0.156418
    outer loop
      vertex -34 5.96713 9.62717
      vertex -94 5.86889 10.2475
      vertex -34 5.86889 10.2475
    endloop
  endfacet
  facet normal 0 0.987691 0.156418
    outer loop
      vertex -94 5.86889 10.2475
      vertex -34 5.96713 9.62717
      vertex -94 5.96713 9.62717
    endloop
  endfacet
  facet normal 0.000342621 0.706864 0.707349
    outer loop
      vertex -34.4031 4.23095 13.2427
      vertex -34.7711 4.01478 13.4589
      vertex -34.5764 4.10855 13.3651
    endloop
  endfacet
  facet normal 0.000559401 0.706679 0.707534
    outer loop
      vertex -34.0804 4.45887 13.0148
      vertex -34.7711 4.01478 13.4589
      vertex -34.4031 4.23095 13.2427
    endloop
  endfacet
  facet normal 0 0.707115 0.707099
    outer loop
      vertex -34.7711 4.01478 13.4589
      vertex -34.0804 4.45887 13.0148
      vertex -94 4.45887 13.0148
    endloop
  endfacet
  facet normal 0 0.707115 0.707099
    outer loop
      vertex -34.7711 4.01478 13.4589
      vertex -94 4.45887 13.0148
      vertex -94 4.01478 13.4589
    endloop
  endfacet
  facet normal 0 -0.453965 0.89102
    outer loop
      vertex -94 -3 14.1962
      vertex -36.9574 -2.44042 14.4813
      vertex -94 -2.44042 14.4813
    endloop
  endfacet
  facet normal 1.47284e-06 -0.454084 0.890959
    outer loop
      vertex -36.9574 -2.44042 14.4813
      vertex -94 -3 14.1962
      vertex -36.5213 -2.80223 14.2969
    endloop
  endfacet
  facet normal 0 -0.453744 0.891132
    outer loop
      vertex -36.5213 -2.80223 14.2969
      vertex -94 -3 14.1962
      vertex -36.2829 -3 14.1962
    endloop
  endfacet
  facet normal -0 0.453744 0.891132
    outer loop
      vertex -94 3 14.1962
      vertex -36.5213 2.80223 14.2969
      vertex -36.2829 3 14.1962
    endloop
  endfacet
  facet normal 1.47284e-06 0.454084 0.890959
    outer loop
      vertex -94 3 14.1962
      vertex -36.9574 2.44042 14.4813
      vertex -36.5213 2.80223 14.2969
    endloop
  endfacet
  facet normal 0 0.453965 0.89102
    outer loop
      vertex -36.9574 2.44042 14.4813
      vertex -94 3 14.1962
      vertex -94 2.44042 14.4813
    endloop
  endfacet
  facet normal 0 -0.0523858 0.998627
    outer loop
      vertex -94 -0.627171 14.9671
      vertex -37.5 0 15
      vertex -94 0 15
    endloop
  endfacet
  facet normal 0 -0.0523858 0.998627
    outer loop
      vertex -37.5 0 15
      vertex -94 -0.627171 14.9671
      vertex -37.4671 -0.627171 14.9671
    endloop
  endfacet
  facet normal 0 -0.777147 -0.629319
    outer loop
      vertex -94 -4.45887 4.98522
      vertex -34 -4.8541 5.47329
      vertex -94 -4.8541 5.47329
    endloop
  endfacet
  facet normal 0 -0.777147 -0.629319
    outer loop
      vertex -34 -4.8541 5.47329
      vertex -94 -4.45887 4.98522
      vertex -34 -4.45887 4.98522
    endloop
  endfacet
  facet normal 0 0.891007 -0.45399
    outer loop
      vertex -34 5.19615 6
      vertex -94 5.48127 6.55958
      vertex -34 5.48127 6.55958
    endloop
  endfacet
  facet normal 0 0.891007 -0.45399
    outer loop
      vertex -94 5.48127 6.55958
      vertex -34 5.19615 6
      vertex -94 5.19615 6
    endloop
  endfacet
  facet normal 0 0.838665 0.544647
    outer loop
      vertex -34 5.19615 12
      vertex -94 4.8541 12.5267
      vertex -34 4.8541 12.5267
    endloop
  endfacet
  facet normal 0 0.838665 0.544647
    outer loop
      vertex -94 4.8541 12.5267
      vertex -34 5.19615 12
      vertex -94 5.19615 12
    endloop
  endfacet
  facet normal 0 0.707107 -0.707107
    outer loop
      vertex -34 4.01478 4.54113
      vertex -94 4.45887 4.98522
      vertex -34 4.45887 4.98522
    endloop
  endfacet
  facet normal 0 0.707107 -0.707107
    outer loop
      vertex -94 4.45887 4.98522
      vertex -34 4.01478 4.54113
      vertex -94 4.01478 4.54113
    endloop
  endfacet
  facet normal -0 0.156363 0.9877
    outer loop
      vertex -94 1.24747 14.8689
      vertex -37.4671 0.627171 14.9671
      vertex -37.4346 1.24747 14.8689
    endloop
  endfacet
  facet normal 0 0.156363 0.9877
    outer loop
      vertex -37.4671 0.627171 14.9671
      vertex -94 1.24747 14.8689
      vertex -94 0.627171 14.9671
    endloop
  endfacet
  facet normal 0 -0.629319 -0.777147
    outer loop
      vertex -94 -4.01478 4.54113
      vertex -34 -3.52671 4.1459
      vertex -34 -4.01478 4.54113
    endloop
  endfacet
  facet normal -0 -0.629319 -0.777147
    outer loop
      vertex -34 -3.52671 4.1459
      vertex -94 -4.01478 4.54113
      vertex -94 -3.52671 4.1459
    endloop
  endfacet
  facet normal 0 -0.891013 0.453977
    outer loop
      vertex -94 -5.48127 11.4404
      vertex -34 -5.19615 12
      vertex -94 -5.19615 12
    endloop
  endfacet
  facet normal 0 -0.891013 0.453977
    outer loop
      vertex -34 -5.19615 12
      vertex -94 -5.48127 11.4404
      vertex -34 -5.48127 11.4404
    endloop
  endfacet
  facet normal -0.000126798 0.777176 0.629283
    outer loop
      vertex -34 4.8541 12.5267
      vertex -34.0804 4.45887 13.0148
      vertex -34 4.50034 12.9636
    endloop
  endfacet
  facet normal -0 0.777166 0.629296
    outer loop
      vertex -94 4.8541 12.5267
      vertex -34.0804 4.45887 13.0148
      vertex -34 4.8541 12.5267
    endloop
  endfacet
  facet normal 0 0.777166 0.629296
    outer loop
      vertex -34.0804 4.45887 13.0148
      vertex -94 4.8541 12.5267
      vertex -94 4.45887 13.0148
    endloop
  endfacet
  facet normal 0 0.965924 -0.258825
    outer loop
      vertex -34 5.70634 7.1459
      vertex -94 5.86889 7.75253
      vertex -34 5.86889 7.75253
    endloop
  endfacet
  facet normal 0 0.965924 -0.258825
    outer loop
      vertex -94 5.86889 7.75253
      vertex -34 5.70634 7.1459
      vertex -94 5.70634 7.1459
    endloop
  endfacet
  facet normal 0 0.777147 -0.629319
    outer loop
      vertex -34 4.45887 4.98522
      vertex -94 4.8541 5.47329
      vertex -34 4.8541 5.47329
    endloop
  endfacet
  facet normal 0 0.777147 -0.629319
    outer loop
      vertex -94 4.8541 5.47329
      vertex -34 4.45887 4.98522
      vertex -94 4.45887 4.98522
    endloop
  endfacet
  facet normal 1 0 0
    outer loop
      vertex -34 2.12934 13.5595
      vertex -34 6 9
      vertex -34 5.96713 9.62717
    endloop
  endfacet
  facet normal 1 0 0
    outer loop
      vertex -34 2.12934 13.5595
      vertex -34 5.96713 9.62717
      vertex -34 5.86889 10.2475
    endloop
  endfacet
  facet normal 1 0 0
    outer loop
      vertex -34 6 9
      vertex -34 2.12934 13.5595
      vertex -34 5.96713 8.37283
    endloop
  endfacet
  facet normal 1 0 0
    outer loop
      vertex -34 2.67137 13.4729
      vertex -34 5.86889 10.2475
      vertex -34 5.70634 10.8541
    endloop
  endfacet
  facet normal 1 0 0
    outer loop
      vertex -34 1.94952 13.5882
      vertex -34 5.96713 8.37283
      vertex -34 2.12934 13.5595
    endloop
  endfacet
  facet normal 1 0 0
    outer loop
      vertex -34 2.67137 13.4729
      vertex -34 5.70634 10.8541
      vertex -34 5.48127 11.4404
    endloop
  endfacet
  facet normal 1 0 0
    outer loop
      vertex -34 1.71845 13.6149
      vertex -34 5.96713 8.37283
      vertex -34 1.94952 13.5882
    endloop
  endfacet
  facet normal 1 0 0
    outer loop
      vertex -34 3.4641 13.2968
      vertex -34 5.48127 11.4404
      vertex -34 5.19615 12
    endloop
  endfacet
  facet normal 1 0 0
    outer loop
      vertex -34 5.86889 10.2475
      vertex -34 2.67137 13.4729
      vertex -34 2.12934 13.5595
    endloop
  endfacet
  facet normal 1 0 0
    outer loop
      vertex -34 3.60608 13.2521
      vertex -34 5.19615 12
      vertex -34 4.8541 12.5267
    endloop
  endfacet
  facet normal 1 0 0
    outer loop
      vertex -34 5.48127 11.4404
      vertex -34 3.20378 13.3651
      vertex -34 2.67137 13.4729
    endloop
  endfacet
  facet normal 1 0 0
    outer loop
      vertex -34 4.35925 13.0149
      vertex -34 4.8541 12.5267
      vertex -34 4.50034 12.9636
    endloop
  endfacet
  facet normal 1 0 0
    outer loop
      vertex -34 3.60608 13.2521
      vertex -34 4.8541 12.5267
      vertex -34 4.35925 13.0149
    endloop
  endfacet
  facet normal 1 0 0
    outer loop
      vertex -34 5.19615 12
      vertex -34 3.60608 13.2521
      vertex -34 3.4641 13.2968
    endloop
  endfacet
  facet normal 1 0 0
    outer loop
      vertex -34 5.48127 11.4404
      vertex -34 3.4641 13.2968
      vertex -34 3.20378 13.3651
    endloop
  endfacet
  facet normal 1 0 0
    outer loop
      vertex -34 5.96713 8.37283
      vertex -34 1.71845 13.6149
      vertex -34 5.86889 7.75253
    endloop
  endfacet
  facet normal 1 0 0
    outer loop
      vertex -34 5.86889 7.75253
      vertex -34 1.71845 13.6149
      vertex -34 5.70634 7.1459
    endloop
  endfacet
  facet normal 1 0 0
    outer loop
      vertex -34 5.70634 7.1459
      vertex -34 1.71845 13.6149
      vertex -34 5.48127 6.55958
    endloop
  endfacet
  facet normal 1 0 0
    outer loop
      vertex -34 1.27534 13.666
      vertex -34 5.48127 6.55958
      vertex -34 1.71845 13.6149
    endloop
  endfacet
  facet normal 1 0 0
    outer loop
      vertex -34 5.48127 6.55958
      vertex -34 1.27534 13.666
      vertex -34 5.19615 6
    endloop
  endfacet
  facet normal 1 0 0
    outer loop
      vertex -34 0.98656 13.6861
      vertex -34 5.19615 6
      vertex -34 1.27534 13.666
    endloop
  endfacet
  facet normal 1 0 0
    outer loop
      vertex -34 5.19615 6
      vertex -34 0.98656 13.6861
      vertex -34 4.8541 5.47329
    endloop
  endfacet
  facet normal 1 0 0
    outer loop
      vertex -34 4.8541 5.47329
      vertex -34 0.98656 13.6861
      vertex -34 4.45887 4.98522
    endloop
  endfacet
  facet normal 1 0 0
    outer loop
      vertex -34 4.45887 4.98522
      vertex -34 0.98656 13.6861
      vertex -34 4.01478 4.54113
    endloop
  endfacet
  facet normal 1 0 0
    outer loop
      vertex -34 4.01478 4.54113
      vertex -34 0.98656 13.6861
      vertex -34 3.52671 4.1459
    endloop
  endfacet
  facet normal 1 0 0
    outer loop
      vertex -34 0.630625 13.711
      vertex -34 3.52671 4.1459
      vertex -34 0.98656 13.6861
    endloop
  endfacet
  facet normal 1 0 0
    outer loop
      vertex -34 3.52671 4.1459
      vertex -34 0.630625 13.711
      vertex -34 3 3.80385
    endloop
  endfacet
  facet normal 1 0 0
    outer loop
      vertex -34 3 3.80385
      vertex -34 0.630625 13.711
      vertex -34 2.44042 3.51873
    endloop
  endfacet
  facet normal 1 0 0
    outer loop
      vertex -34 0.310875 13.7184
      vertex -34 2.44042 3.51873
      vertex -34 0.630625 13.711
    endloop
  endfacet
  facet normal 1 0 0
    outer loop
      vertex -34 2.44042 3.51873
      vertex -34 0.310875 13.7184
      vertex -34 1.8541 3.29366
    endloop
  endfacet
  facet normal 1 0 0
    outer loop
      vertex -34 1.8541 3.29366
      vertex -34 0.310875 13.7184
      vertex -34 1.24747 3.13111
    endloop
  endfacet
  facet normal 1 0 0
    outer loop
      vertex -34 1.24747 3.13111
      vertex -34 0.310875 13.7184
      vertex -34 0.627171 3.03287
    endloop
  endfacet
  facet normal 1 0 0
    outer loop
      vertex -34 0 13.7257
      vertex -34 0.627171 3.03287
      vertex -34 0.310875 13.7184
    endloop
  endfacet
  facet normal 1 0 0
    outer loop
      vertex -34 0 13.7257
      vertex -34 0 3
      vertex -34 0.627171 3.03287
    endloop
  endfacet
  facet normal 1 -0 0
    outer loop
      vertex -34 -0.310875 13.7184
      vertex -34 0 3
      vertex -34 0 13.7257
    endloop
  endfacet
  facet normal 1 0 0
    outer loop
      vertex -34 -0.310875 13.7184
      vertex -34 -0.627171 3.03287
      vertex -34 0 3
    endloop
  endfacet
  facet normal 1 0 0
    outer loop
      vertex -34 -2.44042 3.51873
      vertex -34 -0.310875 13.7184
      vertex -34 -0.630625 13.711
    endloop
  endfacet
  facet normal 1 0 0
    outer loop
      vertex -34 -3.52671 4.1459
      vertex -34 -0.630625 13.711
      vertex -34 -0.98656 13.6861
    endloop
  endfacet
  facet normal 1 0 0
    outer loop
      vertex -34 -0.310875 13.7184
      vertex -34 -1.24747 3.13111
      vertex -34 -0.627171 3.03287
    endloop
  endfacet
  facet normal 1 0 0
    outer loop
      vertex -34 -5.19615 6
      vertex -34 -0.98656 13.6861
      vertex -34 -1.27534 13.666
    endloop
  endfacet
  facet normal 1 0 0
    outer loop
      vertex -34 -5.48127 6.55958
      vertex -34 -1.27534 13.666
      vertex -34 -1.71845 13.6149
    endloop
  endfacet
  facet normal 1 0 0
    outer loop
      vertex -34 -0.310875 13.7184
      vertex -34 -1.8541 3.29366
      vertex -34 -1.24747 3.13111
    endloop
  endfacet
  facet normal 1 0 0
    outer loop
      vertex -34 -5.96713 8.37283
      vertex -34 -1.71845 13.6149
      vertex -34 -1.94952 13.5882
    endloop
  endfacet
  facet normal 1 0 0
    outer loop
      vertex -34 -5.96713 8.37283
      vertex -34 -1.94952 13.5882
      vertex -34 -2.12934 13.5595
    endloop
  endfacet
  facet normal 1 0 0
    outer loop
      vertex -34 -0.310875 13.7184
      vertex -34 -2.44042 3.51873
      vertex -34 -1.8541 3.29366
    endloop
  endfacet
  facet normal 1 0 0
    outer loop
      vertex -34 -5.86889 10.2475
      vertex -34 -2.12934 13.5595
      vertex -34 -2.67137 13.4729
    endloop
  endfacet
  facet normal 1 0 0
    outer loop
      vertex -34 -0.630625 13.711
      vertex -34 -3 3.80385
      vertex -34 -2.44042 3.51873
    endloop
  endfacet
  facet normal 1 0 0
    outer loop
      vertex -34 -5.70634 10.8541
      vertex -34 -2.67137 13.4729
      vertex -34 -3.20378 13.3651
    endloop
  endfacet
  facet normal 1 0 0
    outer loop
      vertex -34 -5.48127 11.4404
      vertex -34 -3.20378 13.3651
      vertex -34 -3.4641 13.2968
    endloop
  endfacet
  facet normal 1 0 0
    outer loop
      vertex -34 -0.630625 13.711
      vertex -34 -3.52671 4.1459
      vertex -34 -3 3.80385
    endloop
  endfacet
  facet normal 1 0 0
    outer loop
      vertex -34 -5.48127 11.4404
      vertex -34 -3.4641 13.2968
      vertex -34 -3.60608 13.2521
    endloop
  endfacet
  facet normal 1 0 0
    outer loop
      vertex -34 -0.98656 13.6861
      vertex -34 -4.01478 4.54113
      vertex -34 -3.52671 4.1459
    endloop
  endfacet
  facet normal 1 0 0
    outer loop
      vertex -34 -4.8541 12.5267
      vertex -34 -3.60608 13.2521
      vertex -34 -4.35925 13.0149
    endloop
  endfacet
  facet normal 1 0 0
    outer loop
      vertex -34 -0.98656 13.6861
      vertex -34 -4.45887 4.98522
      vertex -34 -4.01478 4.54113
    endloop
  endfacet
  facet normal 1 0 0
    outer loop
      vertex -34 -4.8541 12.5267
      vertex -34 -4.35925 13.0149
      vertex -34 -4.50034 12.9636
    endloop
  endfacet
  facet normal 1 0 0
    outer loop
      vertex -34 -3.60608 13.2521
      vertex -34 -4.8541 12.5267
      vertex -34 -5.19615 12
    endloop
  endfacet
  facet normal 1 0 0
    outer loop
      vertex -34 -0.98656 13.6861
      vertex -34 -4.8541 5.47329
      vertex -34 -4.45887 4.98522
    endloop
  endfacet
  facet normal 1 0 0
    outer loop
      vertex -34 -3.60608 13.2521
      vertex -34 -5.19615 12
      vertex -34 -5.48127 11.4404
    endloop
  endfacet
  facet normal 1 0 0
    outer loop
      vertex -34 -0.98656 13.6861
      vertex -34 -5.19615 6
      vertex -34 -4.8541 5.47329
    endloop
  endfacet
  facet normal 1 0 0
    outer loop
      vertex -34 -3.20378 13.3651
      vertex -34 -5.48127 11.4404
      vertex -34 -5.70634 10.8541
    endloop
  endfacet
  facet normal 1 0 0
    outer loop
      vertex -34 -1.27534 13.666
      vertex -34 -5.48127 6.55958
      vertex -34 -5.19615 6
    endloop
  endfacet
  facet normal 1 0 0
    outer loop
      vertex -34 -2.67137 13.4729
      vertex -34 -5.70634 10.8541
      vertex -34 -5.86889 10.2475
    endloop
  endfacet
  facet normal 1 0 0
    outer loop
      vertex -34 -1.71845 13.6149
      vertex -34 -5.70634 7.1459
      vertex -34 -5.48127 6.55958
    endloop
  endfacet
  facet normal 1 0 0
    outer loop
      vertex -34 -2.12934 13.5595
      vertex -34 -5.86889 10.2475
      vertex -34 -5.96713 9.62717
    endloop
  endfacet
  facet normal 1 0 0
    outer loop
      vertex -34 -1.71845 13.6149
      vertex -34 -5.86889 7.75253
      vertex -34 -5.70634 7.1459
    endloop
  endfacet
  facet normal 1 0 0
    outer loop
      vertex -34 -2.12934 13.5595
      vertex -34 -5.96713 9.62717
      vertex -34 -6 9
    endloop
  endfacet
  facet normal 1 0 0
    outer loop
      vertex -34 -1.71845 13.6149
      vertex -34 -5.96713 8.37283
      vertex -34 -5.86889 7.75253
    endloop
  endfacet
  facet normal 1 0 0
    outer loop
      vertex -34 -2.12934 13.5595
      vertex -34 -6 9
      vertex -34 -5.96713 8.37283
    endloop
  endfacet
  facet normal 0 0.54464 -0.83867
    outer loop
      vertex -94 3 3.80385
      vertex -34 3.52671 4.1459
      vertex -34 3 3.80385
    endloop
  endfacet
  facet normal 0 0.54464 -0.83867
    outer loop
      vertex -34 3.52671 4.1459
      vertex -94 3 3.80385
      vertex -94 3.52671 4.1459
    endloop
  endfacet
  facet normal 0.000884124 -0.357173 0.934038
    outer loop
      vertex -37.2883 -2.21085 14.5694
      vertex -36.9574 -2.44042 14.4813
      vertex -36.9714 -2.42058 14.4889
    endloop
  endfacet
  facet normal 0 -0.358275 0.933616
    outer loop
      vertex -94 -2.44042 14.4813
      vertex -37.3448 -1.8541 14.7063
      vertex -94 -1.8541 14.7063
    endloop
  endfacet
  facet normal -7.11113e-08 -0.358269 0.933618
    outer loop
      vertex -37.3448 -1.8541 14.7063
      vertex -94 -2.44042 14.4813
      vertex -37.2883 -2.21085 14.5694
    endloop
  endfacet
  facet normal 0 -0.358284 0.933613
    outer loop
      vertex -37.2883 -2.21085 14.5694
      vertex -94 -2.44042 14.4813
      vertex -36.9574 -2.44042 14.4813
    endloop
  endfacet
  facet normal 0 -0.54464 -0.83867
    outer loop
      vertex -94 -3.52671 4.1459
      vertex -34 -3 3.80385
      vertex -34 -3.52671 4.1459
    endloop
  endfacet
  facet normal -0 -0.54464 -0.83867
    outer loop
      vertex -34 -3 3.80385
      vertex -94 -3.52671 4.1459
      vertex -94 -3 3.80385
    endloop
  endfacet
  facet normal 0 -0.987691 0.156418
    outer loop
      vertex -94 -5.96713 9.62717
      vertex -34 -5.86889 10.2475
      vertex -94 -5.86889 10.2475
    endloop
  endfacet
  facet normal 0 -0.987691 0.156418
    outer loop
      vertex -34 -5.86889 10.2475
      vertex -94 -5.96713 9.62717
      vertex -34 -5.96713 9.62717
    endloop
  endfacet
  facet normal 0 -0.358372 -0.933579
    outer loop
      vertex -94 -2.44042 3.51873
      vertex -34 -1.8541 3.29366
      vertex -34 -2.44042 3.51873
    endloop
  endfacet
  facet normal -0 -0.358372 -0.933579
    outer loop
      vertex -34 -1.8541 3.29366
      vertex -94 -2.44042 3.51873
      vertex -94 -1.8541 3.29366
    endloop
  endfacet
  facet normal 0 -0.156426 -0.98769
    outer loop
      vertex -94 -1.24747 3.13111
      vertex -34 -0.627171 3.03287
      vertex -34 -1.24747 3.13111
    endloop
  endfacet
  facet normal -0 -0.156426 -0.98769
    outer loop
      vertex -34 -0.627171 3.03287
      vertex -94 -1.24747 3.13111
      vertex -94 -0.627171 3.03287
    endloop
  endfacet
  facet normal 0.000243602 0.544446 0.838796
    outer loop
      vertex -35.5166 3.52671 13.8541
      vertex -36.2829 3 14.1962
      vertex -35.7618 3.29634 14.0037
    endloop
  endfacet
  facet normal -0 0.544696 0.838634
    outer loop
      vertex -94 3.52671 13.8541
      vertex -36.2829 3 14.1962
      vertex -35.5166 3.52671 13.8541
    endloop
  endfacet
  facet normal 0 0.544696 0.838634
    outer loop
      vertex -36.2829 3 14.1962
      vertex -94 3.52671 13.8541
      vertex -94 3 14.1962
    endloop
  endfacet
  facet normal 0 0.83867 -0.54464
    outer loop
      vertex -34 4.8541 5.47329
      vertex -94 5.19615 6
      vertex -34 5.19615 6
    endloop
  endfacet
  facet normal 0 0.83867 -0.54464
    outer loop
      vertex -94 5.19615 6
      vertex -34 4.8541 5.47329
      vertex -94 4.8541 5.47329
    endloop
  endfacet
  facet normal 0 -0.707107 -0.707107
    outer loop
      vertex -94 -4.01478 4.54113
      vertex -34 -4.45887 4.98522
      vertex -94 -4.45887 4.98522
    endloop
  endfacet
  facet normal 0 -0.707107 -0.707107
    outer loop
      vertex -34 -4.45887 4.98522
      vertex -94 -4.01478 4.54113
      vertex -34 -4.01478 4.54113
    endloop
  endfacet
  facet normal 0 -0.998629 0.0523382
    outer loop
      vertex -94 -6 9
      vertex -34 -5.96713 9.62717
      vertex -94 -5.96713 9.62717
    endloop
  endfacet
  facet normal 0 -0.998629 0.0523382
    outer loop
      vertex -34 -5.96713 9.62717
      vertex -94 -6 9
      vertex -34 -6 9
    endloop
  endfacet
  facet normal 0 -0.965924 -0.258825
    outer loop
      vertex -94 -5.70634 7.1459
      vertex -34 -5.86889 7.75253
      vertex -94 -5.86889 7.75253
    endloop
  endfacet
  facet normal 0 -0.965924 -0.258825
    outer loop
      vertex -34 -5.86889 7.75253
      vertex -94 -5.70634 7.1459
      vertex -34 -5.70634 7.1459
    endloop
  endfacet
  facet normal 0 -0.0523381 -0.998629
    outer loop
      vertex -94 -0.627171 3.03287
      vertex -34 0 3
      vertex -34 -0.627171 3.03287
    endloop
  endfacet
  facet normal -0 -0.0523381 -0.998629
    outer loop
      vertex -34 0 3
      vertex -94 -0.627171 3.03287
      vertex -94 0 3
    endloop
  endfacet
  facet normal 0 0.629319 -0.777147
    outer loop
      vertex -94 3.52671 4.1459
      vertex -34 4.01478 4.54113
      vertex -34 3.52671 4.1459
    endloop
  endfacet
  facet normal 0 0.629319 -0.777147
    outer loop
      vertex -34 4.01478 4.54113
      vertex -94 3.52671 4.1459
      vertex -94 4.01478 4.54113
    endloop
  endfacet
  facet normal 0 -0.838665 0.544647
    outer loop
      vertex -94 -5.19615 12
      vertex -34 -4.8541 12.5267
      vertex -94 -4.8541 12.5267
    endloop
  endfacet
  facet normal 0 -0.838665 0.544647
    outer loop
      vertex -34 -4.8541 12.5267
      vertex -94 -5.19615 12
      vertex -34 -5.19615 12
    endloop
  endfacet
  facet normal 0 0.258825 -0.965924
    outer loop
      vertex -94 1.24747 3.13111
      vertex -34 1.8541 3.29366
      vertex -34 1.24747 3.13111
    endloop
  endfacet
  facet normal 0 0.258825 -0.965924
    outer loop
      vertex -34 1.8541 3.29366
      vertex -94 1.24747 3.13111
      vertex -94 1.8541 3.29366
    endloop
  endfacet
  facet normal 0 0.156426 -0.98769
    outer loop
      vertex -94 0.627171 3.03287
      vertex -34 1.24747 3.13111
      vertex -34 0.627171 3.03287
    endloop
  endfacet
  facet normal 0 0.156426 -0.98769
    outer loop
      vertex -34 1.24747 3.13111
      vertex -94 0.627171 3.03287
      vertex -94 1.24747 3.13111
    endloop
  endfacet
  facet normal 0 -0.777166 0.629296
    outer loop
      vertex -94 -4.8541 12.5267
      vertex -34.0804 -4.45887 13.0148
      vertex -94 -4.45887 13.0148
    endloop
  endfacet
  facet normal 0 -0.777166 0.629296
    outer loop
      vertex -34 -4.8541 12.5267
      vertex -34.0804 -4.45887 13.0148
      vertex -94 -4.8541 12.5267
    endloop
  endfacet
  facet normal -0.000126798 -0.777176 0.629283
    outer loop
      vertex -34.0804 -4.45887 13.0148
      vertex -34 -4.8541 12.5267
      vertex -34 -4.50034 12.9636
    endloop
  endfacet
  facet normal 0 -0.258899 0.965904
    outer loop
      vertex -94 -1.8541 14.7063
      vertex -37.4346 -1.24747 14.8689
      vertex -94 -1.24747 14.8689
    endloop
  endfacet
  facet normal 8.43995e-06 -0.259633 0.965707
    outer loop
      vertex -37.4346 -1.24747 14.8689
      vertex -94 -1.8541 14.7063
      vertex -37.4315 -1.30661 14.853
    endloop
  endfacet
  facet normal 0 -0.25882 0.965926
    outer loop
      vertex -37.4315 -1.30661 14.853
      vertex -94 -1.8541 14.7063
      vertex -37.3448 -1.8541 14.7063
    endloop
  endfacet
  facet normal 0 -0.83867 -0.54464
    outer loop
      vertex -94 -4.8541 5.47329
      vertex -34 -5.19615 6
      vertex -94 -5.19615 6
    endloop
  endfacet
  facet normal 0 -0.83867 -0.54464
    outer loop
      vertex -34 -5.19615 6
      vertex -94 -4.8541 5.47329
      vertex -34 -4.8541 5.47329
    endloop
  endfacet
  facet normal -1 0 0
    outer loop
      vertex -94 1.37032 9.8899
      vertex -94 6 9
      vertex -94 5.96713 8.37283
    endloop
  endfacet
  facet normal -1 0 0
    outer loop
      vertex -94 1.29904 9.75
      vertex -94 5.96713 8.37283
      vertex -94 5.86889 7.75253
    endloop
  endfacet
  facet normal -1 0 -0
    outer loop
      vertex -94 1.42658 10.0365
      vertex -94 6 9
      vertex -94 1.37032 9.8899
    endloop
  endfacet
  facet normal -1 0 0
    outer loop
      vertex -94 1.21352 9.61832
      vertex -94 5.86889 7.75253
      vertex -94 5.70634 7.1459
    endloop
  endfacet
  facet normal -1 0 0
    outer loop
      vertex -94 6 9
      vertex -94 1.42658 10.0365
      vertex -94 5.96713 9.62717
    endloop
  endfacet
  facet normal -1 0 0
    outer loop
      vertex -94 1.11472 9.4963
      vertex -94 5.70634 7.1459
      vertex -94 5.48127 6.55958
    endloop
  endfacet
  facet normal -1 0 -0
    outer loop
      vertex -94 1.46722 10.1881
      vertex -94 5.96713 9.62717
      vertex -94 1.42658 10.0365
    endloop
  endfacet
  facet normal -1 0 0
    outer loop
      vertex -94 1.0037 9.38528
      vertex -94 5.48127 6.55958
      vertex -94 5.19615 6
    endloop
  endfacet
  facet normal -1 0 0
    outer loop
      vertex -94 5.96713 9.62717
      vertex -94 1.46722 10.1881
      vertex -94 5.86889 10.2475
    endloop
  endfacet
  facet normal -1 0 0
    outer loop
      vertex -94 1.0037 9.38528
      vertex -94 5.19615 6
      vertex -94 4.8541 5.47329
    endloop
  endfacet
  facet normal -1 0 0
    outer loop
      vertex -94 5.86889 10.2475
      vertex -94 1.49178 10.3432
      vertex -94 5.70634 10.8541
    endloop
  endfacet
  facet normal -1 0 0
    outer loop
      vertex -94 0.881678 9.28648
      vertex -94 4.8541 5.47329
      vertex -94 4.45887 4.98522
    endloop
  endfacet
  facet normal -1 0 -0
    outer loop
      vertex -94 1.5 10.5
      vertex -94 5.70634 10.8541
      vertex -94 1.49178 10.3432
    endloop
  endfacet
  facet normal -1 0 0
    outer loop
      vertex -94 0.75 9.20096
      vertex -94 4.45887 4.98522
      vertex -94 4.01478 4.54113
    endloop
  endfacet
  facet normal -1 -0 0
    outer loop
      vertex -94 5.70634 10.8541
      vertex -94 1.5 10.5
      vertex -94 5.48127 11.4404
    endloop
  endfacet
  facet normal -1 0 0
    outer loop
      vertex -94 0.610105 9.12968
      vertex -94 4.01478 4.54113
      vertex -94 3.52671 4.1459
    endloop
  endfacet
  facet normal -1 -0 0
    outer loop
      vertex -94 5.48127 11.4404
      vertex -94 1.49178 10.6568
      vertex -94 5.19615 12
    endloop
  endfacet
  facet normal -1 0 0
    outer loop
      vertex -94 0.610105 9.12968
      vertex -94 3.52671 4.1459
      vertex -94 3 3.80385
    endloop
  endfacet
  facet normal -1 0 0
    outer loop
      vertex -94 1.46722 10.8119
      vertex -94 5.19615 12
      vertex -94 1.49178 10.6568
    endloop
  endfacet
  facet normal -1 0 0
    outer loop
      vertex -94 0.463525 9.07342
      vertex -94 3 3.80385
      vertex -94 2.44042 3.51873
    endloop
  endfacet
  facet normal -1 -0 0
    outer loop
      vertex -94 5.19615 12
      vertex -94 1.46722 10.8119
      vertex -94 4.8541 12.5267
    endloop
  endfacet
  facet normal -1 0 0
    outer loop
      vertex -94 0.311867 9.03278
      vertex -94 2.44042 3.51873
      vertex -94 1.8541 3.29366
    endloop
  endfacet
  facet normal -1 -0 0
    outer loop
      vertex -94 4.8541 12.5267
      vertex -94 1.42658 10.9635
      vertex -94 4.45887 13.0148
    endloop
  endfacet
  facet normal -1 -0 0
    outer loop
      vertex -94 4.45887 13.0148
      vertex -94 1.37032 11.1101
      vertex -94 4.01478 13.4589
    endloop
  endfacet
  facet normal -1 0 0
    outer loop
      vertex -94 1.37032 11.1101
      vertex -94 4.45887 13.0148
      vertex -94 1.42658 10.9635
    endloop
  endfacet
  facet normal -1 0 0
    outer loop
      vertex -94 1.42658 10.9635
      vertex -94 4.8541 12.5267
      vertex -94 1.46722 10.8119
    endloop
  endfacet
  facet normal -1 0 0
    outer loop
      vertex -94 1.49178 10.6568
      vertex -94 5.48127 11.4404
      vertex -94 1.5 10.5
    endloop
  endfacet
  facet normal -1 0 -0
    outer loop
      vertex -94 1.49178 10.3432
      vertex -94 5.86889 10.2475
      vertex -94 1.46722 10.1881
    endloop
  endfacet
  facet normal -1 0 0
    outer loop
      vertex -94 5.96713 8.37283
      vertex -94 1.29904 9.75
      vertex -94 1.37032 9.8899
    endloop
  endfacet
  facet normal -1 0 0
    outer loop
      vertex -94 0.311867 9.03278
      vertex -94 1.8541 3.29366
      vertex -94 1.24747 3.13111
    endloop
  endfacet
  facet normal -1 0 0
    outer loop
      vertex -94 5.86889 7.75253
      vertex -94 1.21352 9.61832
      vertex -94 1.29904 9.75
    endloop
  endfacet
  facet normal -1 0 0
    outer loop
      vertex -94 5.70634 7.1459
      vertex -94 1.11472 9.4963
      vertex -94 1.21352 9.61832
    endloop
  endfacet
  facet normal -1 0 0
    outer loop
      vertex -94 5.48127 6.55958
      vertex -94 1.0037 9.38528
      vertex -94 1.11472 9.4963
    endloop
  endfacet
  facet normal -1 0 0
    outer loop
      vertex -94 4.8541 5.47329
      vertex -94 0.881678 9.28648
      vertex -94 1.0037 9.38528
    endloop
  endfacet
  facet normal -1 0 0
    outer loop
      vertex -94 4.45887 4.98522
      vertex -94 0.75 9.20096
      vertex -94 0.881678 9.28648
    endloop
  endfacet
  facet normal -1 0 0
    outer loop
      vertex -94 0.156793 9.00822
      vertex -94 1.24747 3.13111
      vertex -94 0.627171 3.03287
    endloop
  endfacet
  facet normal -1 0 0
    outer loop
      vertex -94 4.01478 4.54113
      vertex -94 0.610105 9.12968
      vertex -94 0.75 9.20096
    endloop
  endfacet
  facet normal -1 0 0
    outer loop
      vertex -94 3 3.80385
      vertex -94 0.463525 9.07342
      vertex -94 0.610105 9.12968
    endloop
  endfacet
  facet normal -1 0 0
    outer loop
      vertex -94 2.44042 3.51873
      vertex -94 0.311867 9.03278
      vertex -94 0.463525 9.07342
    endloop
  endfacet
  facet normal -1 0 0
    outer loop
      vertex -94 1.24747 3.13111
      vertex -94 0.156793 9.00822
      vertex -94 0.311867 9.03278
    endloop
  endfacet
  facet normal -1 0 0
    outer loop
      vertex -94 0 9
      vertex -94 0.627171 3.03287
      vertex -94 0 3
    endloop
  endfacet
  facet normal -1 0 0
    outer loop
      vertex -94 0.627171 3.03287
      vertex -94 0 9
      vertex -94 0.156793 9.00822
    endloop
  endfacet
  facet normal -1 0 0
    outer loop
      vertex -94 -0.627171 3.03287
      vertex -94 0 9
      vertex -94 0 3
    endloop
  endfacet
  facet normal -1 -0 0
    outer loop
      vertex -94 0 9
      vertex -94 -0.627171 3.03287
      vertex -94 -0.156793 9.00822
    endloop
  endfacet
  facet normal -1 0 0
    outer loop
      vertex -94 -1.24747 3.13111
      vertex -94 -0.156793 9.00822
      vertex -94 -0.627171 3.03287
    endloop
  endfacet
  facet normal -1 -0 0
    outer loop
      vertex -94 -0.156793 9.00822
      vertex -94 -1.24747 3.13111
      vertex -94 -0.311867 9.03278
    endloop
  endfacet
  facet normal -1 0 0
    outer loop
      vertex -94 -1.8541 3.29366
      vertex -94 -0.311867 9.03278
      vertex -94 -1.24747 3.13111
    endloop
  endfacet
  facet normal -1 0 0
    outer loop
      vertex -94 -2.44042 3.51873
      vertex -94 -0.311867 9.03278
      vertex -94 -1.8541 3.29366
    endloop
  endfacet
  facet normal -1 -0 0
    outer loop
      vertex -94 -0.311867 9.03278
      vertex -94 -2.44042 3.51873
      vertex -94 -0.463525 9.07342
    endloop
  endfacet
  facet normal -1 0 0
    outer loop
      vertex -94 -3 3.80385
      vertex -94 -0.463525 9.07342
      vertex -94 -2.44042 3.51873
    endloop
  endfacet
  facet normal -1 -0 0
    outer loop
      vertex -94 -0.463525 9.07342
      vertex -94 -3 3.80385
      vertex -94 -0.610105 9.12968
    endloop
  endfacet
  facet normal -1 0 0
    outer loop
      vertex -94 -3.52671 4.1459
      vertex -94 -0.610105 9.12968
      vertex -94 -3 3.80385
    endloop
  endfacet
  facet normal -1 0 0
    outer loop
      vertex -94 -4.01478 4.54113
      vertex -94 -0.610105 9.12968
      vertex -94 -3.52671 4.1459
    endloop
  endfacet
  facet normal -1 -0 0
    outer loop
      vertex -94 -0.610105 9.12968
      vertex -94 -4.01478 4.54113
      vertex -94 -0.75 9.20096
    endloop
  endfacet
  facet normal -1 0 0
    outer loop
      vertex -94 -4.45887 4.98522
      vertex -94 -0.75 9.20096
      vertex -94 -4.01478 4.54113
    endloop
  endfacet
  facet normal -1 -0 0
    outer loop
      vertex -94 -0.75 9.20096
      vertex -94 -4.45887 4.98522
      vertex -94 -0.881678 9.28648
    endloop
  endfacet
  facet normal -1 0 0
    outer loop
      vertex -94 -4.8541 5.47329
      vertex -94 -0.881678 9.28648
      vertex -94 -4.45887 4.98522
    endloop
  endfacet
  facet normal -1 -0 0
    outer loop
      vertex -94 -0.881678 9.28648
      vertex -94 -4.8541 5.47329
      vertex -94 -1.0037 9.38528
    endloop
  endfacet
  facet normal -1 0 0
    outer loop
      vertex -94 -5.19615 6
      vertex -94 -1.0037 9.38528
      vertex -94 -4.8541 5.47329
    endloop
  endfacet
  facet normal -1 0 0
    outer loop
      vertex -94 -5.48127 6.55958
      vertex -94 -1.0037 9.38528
      vertex -94 -5.19615 6
    endloop
  endfacet
  facet normal -1 0 0
    outer loop
      vertex -94 1.29904 11.25
      vertex -94 4.01478 13.4589
      vertex -94 1.37032 11.1101
    endloop
  endfacet
  facet normal -1 0 0
    outer loop
      vertex -94 1.21352 11.3817
      vertex -94 4.01478 13.4589
      vertex -94 1.29904 11.25
    endloop
  endfacet
  facet normal -1 -0 0
    outer loop
      vertex -94 4.01478 13.4589
      vertex -94 1.21352 11.3817
      vertex -94 3.52671 13.8541
    endloop
  endfacet
  facet normal -1 0 0
    outer loop
      vertex -94 1.11472 11.5037
      vertex -94 3.52671 13.8541
      vertex -94 1.21352 11.3817
    endloop
  endfacet
  facet normal -1 -0 0
    outer loop
      vertex -94 3.52671 13.8541
      vertex -94 1.11472 11.5037
      vertex -94 3 14.1962
    endloop
  endfacet
  facet normal -1 0 0
    outer loop
      vertex -94 1.0037 11.6147
      vertex -94 3 14.1962
      vertex -94 1.11472 11.5037
    endloop
  endfacet
  facet normal -1 -0 0
    outer loop
      vertex -94 3 14.1962
      vertex -94 1.0037 11.6147
      vertex -94 2.44042 14.4813
    endloop
  endfacet
  facet normal -1 0 0
    outer loop
      vertex -94 0.881678 11.7135
      vertex -94 2.44042 14.4813
      vertex -94 1.0037 11.6147
    endloop
  endfacet
  facet normal -1 0 0
    outer loop
      vertex -94 0.75 11.799
      vertex -94 2.44042 14.4813
      vertex -94 0.881678 11.7135
    endloop
  endfacet
  facet normal -1 -0 0
    outer loop
      vertex -94 2.44042 14.4813
      vertex -94 0.75 11.799
      vertex -94 1.8541 14.7063
    endloop
  endfacet
  facet normal -1 0 0
    outer loop
      vertex -94 0.610105 11.8703
      vertex -94 1.8541 14.7063
      vertex -94 0.75 11.799
    endloop
  endfacet
  facet normal -1 -0 0
    outer loop
      vertex -94 1.8541 14.7063
      vertex -94 0.610105 11.8703
      vertex -94 1.24747 14.8689
    endloop
  endfacet
  facet normal -1 0 0
    outer loop
      vertex -94 0.463525 11.9266
      vertex -94 1.24747 14.8689
      vertex -94 0.610105 11.8703
    endloop
  endfacet
  facet normal -1 0 0
    outer loop
      vertex -94 0.311867 11.9672
      vertex -94 1.24747 14.8689
      vertex -94 0.463525 11.9266
    endloop
  endfacet
  facet normal -1 -0 0
    outer loop
      vertex -94 1.24747 14.8689
      vertex -94 0.311867 11.9672
      vertex -94 0.627171 14.9671
    endloop
  endfacet
  facet normal -1 0 0
    outer loop
      vertex -94 0.156793 11.9918
      vertex -94 0.627171 14.9671
      vertex -94 0.311867 11.9672
    endloop
  endfacet
  facet normal -1 0 0
    outer loop
      vertex -94 0 15
      vertex -94 0.156793 11.9918
      vertex -94 0 12
    endloop
  endfacet
  facet normal -1 0 0
    outer loop
      vertex -94 0.156793 11.9918
      vertex -94 0 15
      vertex -94 0.627171 14.9671
    endloop
  endfacet
  facet normal -1 0 0
    outer loop
      vertex -94 -0.156793 11.9918
      vertex -94 0 15
      vertex -94 0 12
    endloop
  endfacet
  facet normal -1 0 0
    outer loop
      vertex -94 -0.627171 14.9671
      vertex -94 -0.156793 11.9918
      vertex -94 -0.311867 11.9672
    endloop
  endfacet
  facet normal -1 0 0
    outer loop
      vertex -94 -1.24747 14.8689
      vertex -94 -0.311867 11.9672
      vertex -94 -0.463525 11.9266
    endloop
  endfacet
  facet normal -1 0 0
    outer loop
      vertex -94 -1.24747 14.8689
      vertex -94 -0.463525 11.9266
      vertex -94 -0.610105 11.8703
    endloop
  endfacet
  facet normal -1 0 0
    outer loop
      vertex -94 -0.156793 11.9918
      vertex -94 -0.627171 14.9671
      vertex -94 0 15
    endloop
  endfacet
  facet normal -1 0 0
    outer loop
      vertex -94 -1.8541 14.7063
      vertex -94 -0.610105 11.8703
      vertex -94 -0.75 11.799
    endloop
  endfacet
  facet normal -1 0 0
    outer loop
      vertex -94 -2.44042 14.4813
      vertex -94 -0.75 11.799
      vertex -94 -0.881678 11.7135
    endloop
  endfacet
  facet normal -1 0 0
    outer loop
      vertex -94 -2.44042 14.4813
      vertex -94 -0.881678 11.7135
      vertex -94 -1.0037 11.6147
    endloop
  endfacet
  facet normal -1 0 0
    outer loop
      vertex -94 -3 14.1962
      vertex -94 -1.0037 11.6147
      vertex -94 -1.11472 11.5037
    endloop
  endfacet
  facet normal -1 0 0
    outer loop
      vertex -94 -3.52671 13.8541
      vertex -94 -1.11472 11.5037
      vertex -94 -1.21352 11.3817
    endloop
  endfacet
  facet normal -1 0 0
    outer loop
      vertex -94 -0.311867 11.9672
      vertex -94 -1.24747 14.8689
      vertex -94 -0.627171 14.9671
    endloop
  endfacet
  facet normal -1 0 0
    outer loop
      vertex -94 -4.01478 13.4589
      vertex -94 -1.21352 11.3817
      vertex -94 -1.29904 11.25
    endloop
  endfacet
  facet normal -1 0 0
    outer loop
      vertex -94 -4.01478 13.4589
      vertex -94 -1.29904 11.25
      vertex -94 -1.37032 11.1101
    endloop
  endfacet
  facet normal -1 0 0
    outer loop
      vertex -94 -4.45887 13.0148
      vertex -94 -1.37032 11.1101
      vertex -94 -1.42658 10.9635
    endloop
  endfacet
  facet normal -1 0 0
    outer loop
      vertex -94 -4.8541 12.5267
      vertex -94 -1.42658 10.9635
      vertex -94 -1.46722 10.8119
    endloop
  endfacet
  facet normal -1 0 0
    outer loop
      vertex -94 -5.19615 12
      vertex -94 -1.46722 10.8119
      vertex -94 -1.49178 10.6568
    endloop
  endfacet
  facet normal -1 0 0
    outer loop
      vertex -94 -0.610105 11.8703
      vertex -94 -1.8541 14.7063
      vertex -94 -1.24747 14.8689
    endloop
  endfacet
  facet normal -1 0 0
    outer loop
      vertex -94 -5.48127 11.4404
      vertex -94 -1.49178 10.6568
      vertex -94 -1.5 10.5
    endloop
  endfacet
  facet normal -1 -0 0
    outer loop
      vertex -94 -1.0037 9.38528
      vertex -94 -5.48127 6.55958
      vertex -94 -1.11472 9.4963
    endloop
  endfacet
  facet normal -1 0 0
    outer loop
      vertex -94 -5.70634 7.1459
      vertex -94 -1.11472 9.4963
      vertex -94 -5.48127 6.55958
    endloop
  endfacet
  facet normal -1 0 0
    outer loop
      vertex -94 -0.75 11.799
      vertex -94 -2.44042 14.4813
      vertex -94 -1.8541 14.7063
    endloop
  endfacet
  facet normal -1 -0 0
    outer loop
      vertex -94 -1.11472 9.4963
      vertex -94 -5.70634 7.1459
      vertex -94 -1.21352 9.61832
    endloop
  endfacet
  facet normal -1 0 0
    outer loop
      vertex -94 -1.0037 11.6147
      vertex -94 -3 14.1962
      vertex -94 -2.44042 14.4813
    endloop
  endfacet
  facet normal -1 0 0
    outer loop
      vertex -94 -5.86889 7.75253
      vertex -94 -1.21352 9.61832
      vertex -94 -5.70634 7.1459
    endloop
  endfacet
  facet normal -1 0 0
    outer loop
      vertex -94 -1.11472 11.5037
      vertex -94 -3.52671 13.8541
      vertex -94 -3 14.1962
    endloop
  endfacet
  facet normal -1 -0 0
    outer loop
      vertex -94 -1.21352 9.61832
      vertex -94 -5.86889 7.75253
      vertex -94 -1.29904 9.75
    endloop
  endfacet
  facet normal -1 0 0
    outer loop
      vertex -94 -1.21352 11.3817
      vertex -94 -4.01478 13.4589
      vertex -94 -3.52671 13.8541
    endloop
  endfacet
  facet normal -1 0 0
    outer loop
      vertex -94 -5.96713 8.37283
      vertex -94 -1.29904 9.75
      vertex -94 -5.86889 7.75253
    endloop
  endfacet
  facet normal -1 0 0
    outer loop
      vertex -94 -1.37032 11.1101
      vertex -94 -4.45887 13.0148
      vertex -94 -4.01478 13.4589
    endloop
  endfacet
  facet normal -1 -0 0
    outer loop
      vertex -94 -1.29904 9.75
      vertex -94 -5.96713 8.37283
      vertex -94 -1.37032 9.8899
    endloop
  endfacet
  facet normal -1 0 0
    outer loop
      vertex -94 -1.42658 10.9635
      vertex -94 -4.8541 12.5267
      vertex -94 -4.45887 13.0148
    endloop
  endfacet
  facet normal -1 0 0
    outer loop
      vertex -94 -6 9
      vertex -94 -1.37032 9.8899
      vertex -94 -5.96713 8.37283
    endloop
  endfacet
  facet normal -1 0 0
    outer loop
      vertex -94 -1.46722 10.8119
      vertex -94 -5.19615 12
      vertex -94 -4.8541 12.5267
    endloop
  endfacet
  facet normal -1 -0 0
    outer loop
      vertex -94 -1.37032 9.8899
      vertex -94 -6 9
      vertex -94 -1.42658 10.0365
    endloop
  endfacet
  facet normal -1 0 0
    outer loop
      vertex -94 -1.49178 10.6568
      vertex -94 -5.48127 11.4404
      vertex -94 -5.19615 12
    endloop
  endfacet
  facet normal -1 0 -0
    outer loop
      vertex -94 -5.96713 9.62717
      vertex -94 -1.42658 10.0365
      vertex -94 -6 9
    endloop
  endfacet
  facet normal -1 0 0
    outer loop
      vertex -94 -1.5 10.5
      vertex -94 -5.70634 10.8541
      vertex -94 -5.48127 11.4404
    endloop
  endfacet
  facet normal -1 -0 0
    outer loop
      vertex -94 -1.42658 10.0365
      vertex -94 -5.96713 9.62717
      vertex -94 -1.46722 10.1881
    endloop
  endfacet
  facet normal -1 0 0
    outer loop
      vertex -94 -1.49178 10.3432
      vertex -94 -5.70634 10.8541
      vertex -94 -1.5 10.5
    endloop
  endfacet
  facet normal -1 0 -0
    outer loop
      vertex -94 -5.86889 10.2475
      vertex -94 -1.46722 10.1881
      vertex -94 -5.96713 9.62717
    endloop
  endfacet
  facet normal -1 0 -0
    outer loop
      vertex -94 -5.70634 10.8541
      vertex -94 -1.49178 10.3432
      vertex -94 -5.86889 10.2475
    endloop
  endfacet
  facet normal -1 0 0
    outer loop
      vertex -94 -1.46722 10.1881
      vertex -94 -5.86889 10.2475
      vertex -94 -1.49178 10.3432
    endloop
  endfacet
  facet normal 0 -0.156363 0.9877
    outer loop
      vertex -94 -1.24747 14.8689
      vertex -37.4671 -0.627171 14.9671
      vertex -94 -0.627171 14.9671
    endloop
  endfacet
  facet normal 0 -0.156363 0.9877
    outer loop
      vertex -37.4671 -0.627171 14.9671
      vertex -94 -1.24747 14.8689
      vertex -37.4346 -1.24747 14.8689
    endloop
  endfacet
  facet normal 0 -0.707115 0.707099
    outer loop
      vertex -94 -4.45887 13.0148
      vertex -34.7711 -4.01478 13.4589
      vertex -94 -4.01478 13.4589
    endloop
  endfacet
  facet normal 0 -0.707115 0.707099
    outer loop
      vertex -34.0804 -4.45887 13.0148
      vertex -34.7711 -4.01478 13.4589
      vertex -94 -4.45887 13.0148
    endloop
  endfacet
  facet normal 0.000342621 -0.706864 0.707349
    outer loop
      vertex -34.7711 -4.01478 13.4589
      vertex -34.4031 -4.23095 13.2427
      vertex -34.5764 -4.10855 13.3651
    endloop
  endfacet
  facet normal 0.000559401 -0.706679 0.707534
    outer loop
      vertex -34.7711 -4.01478 13.4589
      vertex -34.0804 -4.45887 13.0148
      vertex -34.4031 -4.23095 13.2427
    endloop
  endfacet
  facet normal 0 -0.62929 0.77717
    outer loop
      vertex -94 -4.01478 13.4589
      vertex -35.5166 -3.52671 13.8541
      vertex -94 -3.52671 13.8541
    endloop
  endfacet
  facet normal -2.88643e-08 -0.629288 0.777172
    outer loop
      vertex -35.5166 -3.52671 13.8541
      vertex -94 -4.01478 13.4589
      vertex -34.9965 -3.8672 13.5784
    endloop
  endfacet
  facet normal 0 -0.629295 0.777166
    outer loop
      vertex -34.9965 -3.8672 13.5784
      vertex -94 -4.01478 13.4589
      vertex -34.7711 -4.01478 13.4589
    endloop
  endfacet
  facet normal 0 0.0523381 -0.998629
    outer loop
      vertex -94 0 3
      vertex -34 0.627171 3.03287
      vertex -34 0 3
    endloop
  endfacet
  facet normal 0 0.0523381 -0.998629
    outer loop
      vertex -34 0.627171 3.03287
      vertex -94 0 3
      vertex -94 0.627171 3.03287
    endloop
  endfacet
  facet normal 0 -0.45399 -0.891007
    outer loop
      vertex -94 -3 3.80385
      vertex -34 -2.44042 3.51873
      vertex -34 -3 3.80385
    endloop
  endfacet
  facet normal -0 -0.45399 -0.891007
    outer loop
      vertex -34 -2.44042 3.51873
      vertex -94 -3 3.80385
      vertex -94 -2.44042 3.51873
    endloop
  endfacet
  facet normal 0 0.965921 0.258837
    outer loop
      vertex -34 5.86889 10.2475
      vertex -94 5.70634 10.8541
      vertex -34 5.70634 10.8541
    endloop
  endfacet
  facet normal 0 0.965921 0.258837
    outer loop
      vertex -94 5.70634 10.8541
      vertex -34 5.86889 10.2475
      vertex -94 5.86889 10.2475
    endloop
  endfacet
  facet normal 0 -0.98769 -0.156425
    outer loop
      vertex -94 -5.86889 7.75253
      vertex -34 -5.96713 8.37283
      vertex -94 -5.96713 8.37283
    endloop
  endfacet
  facet normal 0 -0.98769 -0.156425
    outer loop
      vertex -34 -5.96713 8.37283
      vertex -94 -5.86889 7.75253
      vertex -34 -5.86889 7.75253
    endloop
  endfacet
endsolid OpenSCAD_Model
